test_index,image_id,source_path,source_record_index,true_class,predicted_class,confidence,top1_correct,top5_correct,saved_image,error_type
35,cifar10_test_00035,/home/tariq/Desktop/Awais-Tariq/base-KD/data/cifar-10-batches-py/test_batch,35,bird,automobile,0.7273434996604919,False,True,/home/tariq/Desktop/Awais-Tariq/base-KD/reports/cifar10_full_audit/mamba_kd_from_scratch_vit/failure_images/00035_true-bird_pred-automobile.png,false_negative_for_bird;false_positive_for_automobile
36,cifar10_test_00036,/home/tariq/Desktop/Awais-Tariq/base-KD/data/cifar-10-batches-py/test_batch,36,deer,horse,0.9308708906173706,False,True,/home/tariq/Desktop/Awais-Tariq/base-KD/reports/cifar10_full_audit/mamba_kd_from_scratch_vit/failure_images/00036_true-deer_pred-horse.png,false_negative_for_deer;false_positive_for_horse
52,cifar10_test_00052,/home/tariq/Desktop/Awais-Tariq/base-KD/data/cifar-10-batches-py/test_batch,52,airplane,dog,0.9307965040206909,False,True,/home/tariq/Desktop/Awais-Tariq/base-KD/reports/cifar10_full_audit/mamba_kd_from_scratch_vit/failure_images/00052_true-airplane_pred-dog.png,false_negative_for_airplane;false_positive_for_dog
53,cifar10_test_00053,/home/tariq/Desktop/Awais-Tariq/base-KD/data/cifar-10-batches-py/test_batch,53,cat,dog,0.8049301505088806,False,True,/home/tariq/Desktop/Awais-Tariq/base-KD/reports/cifar10_full_audit/mamba_kd_from_scratch_vit/failure_images/00053_true-cat_pred-dog.png,false_negative_for_cat;false_positive_for_dog
57,cifar10_test_00057,/home/tariq/Desktop/Awais-Tariq/base-KD/data/cifar-10-batches-py/test_batch,57,horse,dog,0.7726250290870667,False,False,/home/tariq/Desktop/Awais-Tariq/base-KD/reports/cifar10_full_audit/mamba_kd_from_scratch_vit/failure_images/00057_true-horse_pred-dog.png,false_negative_for_horse;false_positive_for_dog
58,cifar10_test_00058,/home/tariq/Desktop/Awais-Tariq/base-KD/data/cifar-10-batches-py/test_batch,58,deer,cat,0.8784341812133789,False,True,/home/tariq/Desktop/Awais-Tariq/base-KD/reports/cifar10_full_audit/mamba_kd_from_scratch_vit/failure_images/00058_true-deer_pred-cat.png,false_negative_for_deer;false_positive_for_cat
61,cifar10_test_00061,/home/tariq/Desktop/Awais-Tariq/base-KD/data/cifar-10-batches-py/test_batch,61,cat,dog,0.9034970998764038,False,True,/home/tariq/Desktop/Awais-Tariq/base-KD/reports/cifar10_full_audit/mamba_kd_from_scratch_vit/failure_images/00061_true-cat_pred-dog.png,false_negative_for_cat;false_positive_for_dog
68,cifar10_test_00068,/home/tariq/Desktop/Awais-Tariq/base-KD/data/cifar-10-batches-py/test_batch,68,cat,deer,0.4757547080516815,False,True,/home/tariq/Desktop/Awais-Tariq/base-KD/reports/cifar10_full_audit/mamba_kd_from_scratch_vit/failure_images/00068_true-cat_pred-deer.png,false_negative_for_cat;false_positive_for_deer
71,cifar10_test_00071,/home/tariq/Desktop/Awais-Tariq/base-KD/data/cifar-10-batches-py/test_batch,71,frog,cat,0.945152997970581,False,True,/home/tariq/Desktop/Awais-Tariq/base-KD/reports/cifar10_full_audit/mamba_kd_from_scratch_vit/failure_images/00071_true-frog_pred-cat.png,false_negative_for_frog;false_positive_for_cat
85,cifar10_test_00085,/home/tariq/Desktop/Awais-Tariq/base-KD/data/cifar-10-batches-py/test_batch,85,dog,horse,0.9815016388893127,False,True,/home/tariq/Desktop/Awais-Tariq/base-KD/reports/cifar10_full_audit/mamba_kd_from_scratch_vit/failure_images/00085_true-dog_pred-horse.png,false_negative_for_dog;false_positive_for_horse
101,cifar10_test_00101,/home/tariq/Desktop/Awais-Tariq/base-KD/data/cifar-10-batches-py/test_batch,101,dog,deer,0.5730703473091125,False,True,/home/tariq/Desktop/Awais-Tariq/base-KD/reports/cifar10_full_audit/mamba_kd_from_scratch_vit/failure_images/00101_true-dog_pred-deer.png,false_negative_for_dog;false_positive_for_deer
115,cifar10_test_00115,/home/tariq/Desktop/Awais-Tariq/base-KD/data/cifar-10-batches-py/test_batch,115,cat,dog,0.6987674832344055,False,True,/home/tariq/Desktop/Awais-Tariq/base-KD/reports/cifar10_full_audit/mamba_kd_from_scratch_vit/failure_images/00115_true-cat_pred-dog.png,false_negative_for_cat;false_positive_for_dog
118,cifar10_test_00118,/home/tariq/Desktop/Awais-Tariq/base-KD/data/cifar-10-batches-py/test_batch,118,bird,cat,0.9971332550048828,False,True,/home/tariq/Desktop/Awais-Tariq/base-KD/reports/cifar10_full_audit/mamba_kd_from_scratch_vit/failure_images/00118_true-bird_pred-cat.png,false_negative_for_bird;false_positive_for_cat
125,cifar10_test_00125,/home/tariq/Desktop/Awais-Tariq/base-KD/data/cifar-10-batches-py/test_batch,125,airplane,truck,0.5698850750923157,False,True,/home/tariq/Desktop/Awais-Tariq/base-KD/reports/cifar10_full_audit/mamba_kd_from_scratch_vit/failure_images/00125_true-airplane_pred-truck.png,false_negative_for_airplane;false_positive_for_truck
129,cifar10_test_00129,/home/tariq/Desktop/Awais-Tariq/base-KD/data/cifar-10-batches-py/test_batch,129,bird,airplane,0.9939800500869751,False,True,/home/tariq/Desktop/Awais-Tariq/base-KD/reports/cifar10_full_audit/mamba_kd_from_scratch_vit/failure_images/00129_true-bird_pred-airplane.png,false_negative_for_bird;false_positive_for_airplane
139,cifar10_test_00139,/home/tariq/Desktop/Awais-Tariq/base-KD/data/cifar-10-batches-py/test_batch,139,truck,ship,0.9990631937980652,False,True,/home/tariq/Desktop/Awais-Tariq/base-KD/reports/cifar10_full_audit/mamba_kd_from_scratch_vit/failure_images/00139_true-truck_pred-ship.png,false_negative_for_truck;false_positive_for_ship
145,cifar10_test_00145,/home/tariq/Desktop/Awais-Tariq/base-KD/data/cifar-10-batches-py/test_batch,145,horse,dog,0.4641970992088318,False,True,/home/tariq/Desktop/Awais-Tariq/base-KD/reports/cifar10_full_audit/mamba_kd_from_scratch_vit/failure_images/00145_true-horse_pred-dog.png,false_negative_for_horse;false_positive_for_dog
147,cifar10_test_00147,/home/tariq/Desktop/Awais-Tariq/base-KD/data/cifar-10-batches-py/test_batch,147,bird,dog,0.8881279230117798,False,False,/home/tariq/Desktop/Awais-Tariq/base-KD/reports/cifar10_full_audit/mamba_kd_from_scratch_vit/failure_images/00147_true-bird_pred-dog.png,false_negative_for_bird;false_positive_for_dog
156,cifar10_test_00156,/home/tariq/Desktop/Awais-Tariq/base-KD/data/cifar-10-batches-py/test_batch,156,bird,cat,0.9342539310455322,False,True,/home/tariq/Desktop/Awais-Tariq/base-KD/reports/cifar10_full_audit/mamba_kd_from_scratch_vit/failure_images/00156_true-bird_pred-cat.png,false_negative_for_bird;false_positive_for_cat
162,cifar10_test_00162,/home/tariq/Desktop/Awais-Tariq/base-KD/data/cifar-10-batches-py/test_batch,162,frog,cat,0.5811842679977417,False,True,/home/tariq/Desktop/Awais-Tariq/base-KD/reports/cifar10_full_audit/mamba_kd_from_scratch_vit/failure_images/00162_true-frog_pred-cat.png,false_negative_for_frog;false_positive_for_cat
164,cifar10_test_00164,/home/tariq/Desktop/Awais-Tariq/base-KD/data/cifar-10-batches-py/test_batch,164,ship,airplane,0.6034673452377319,False,True,/home/tariq/Desktop/Awais-Tariq/base-KD/reports/cifar10_full_audit/mamba_kd_from_scratch_vit/failure_images/00164_true-ship_pred-airplane.png,false_negative_for_ship;false_positive_for_airplane
165,cifar10_test_00165,/home/tariq/Desktop/Awais-Tariq/base-KD/data/cifar-10-batches-py/test_batch,165,deer,bird,0.5485126376152039,False,True,/home/tariq/Desktop/Awais-Tariq/base-KD/reports/cifar10_full_audit/mamba_kd_from_scratch_vit/failure_images/00165_true-deer_pred-bird.png,false_negative_for_deer;false_positive_for_bird
169,cifar10_test_00169,/home/tariq/Desktop/Awais-Tariq/base-KD/data/cifar-10-batches-py/test_batch,169,airplane,deer,0.6139165163040161,False,True,/home/tariq/Desktop/Awais-Tariq/base-KD/reports/cifar10_full_audit/mamba_kd_from_scratch_vit/failure_images/00169_true-airplane_pred-deer.png,false_negative_for_airplane;false_positive_for_deer
178,cifar10_test_00178,/home/tariq/Desktop/Awais-Tariq/base-KD/data/cifar-10-batches-py/test_batch,178,dog,cat,0.7980678081512451,False,True,/home/tariq/Desktop/Awais-Tariq/base-KD/reports/cifar10_full_audit/mamba_kd_from_scratch_vit/failure_images/00178_true-dog_pred-cat.png,false_negative_for_dog;false_positive_for_cat
188,cifar10_test_00188,/home/tariq/Desktop/Awais-Tariq/base-KD/data/cifar-10-batches-py/test_batch,188,deer,cat,0.5372999310493469,False,True,/home/tariq/Desktop/Awais-Tariq/base-KD/reports/cifar10_full_audit/mamba_kd_from_scratch_vit/failure_images/00188_true-deer_pred-cat.png,false_negative_for_deer;false_positive_for_cat
195,cifar10_test_00195,/home/tariq/Desktop/Awais-Tariq/base-KD/data/cifar-10-batches-py/test_batch,195,bird,cat,0.405586838722229,False,True,/home/tariq/Desktop/Awais-Tariq/base-KD/reports/cifar10_full_audit/mamba_kd_from_scratch_vit/failure_images/00195_true-bird_pred-cat.png,false_negative_for_bird;false_positive_for_cat
201,cifar10_test_00201,/home/tariq/Desktop/Awais-Tariq/base-KD/data/cifar-10-batches-py/test_batch,201,automobile,airplane,0.5232364535331726,False,True,/home/tariq/Desktop/Awais-Tariq/base-KD/reports/cifar10_full_audit/mamba_kd_from_scratch_vit/failure_images/00201_true-automobile_pred-airplane.png,false_negative_for_automobile;false_positive_for_airplane
218,cifar10_test_00218,/home/tariq/Desktop/Awais-Tariq/base-KD/data/cifar-10-batches-py/test_batch,218,ship,airplane,0.8588749766349792,False,True,/home/tariq/Desktop/Awais-Tariq/base-KD/reports/cifar10_full_audit/mamba_kd_from_scratch_vit/failure_images/00218_true-ship_pred-airplane.png,false_negative_for_ship;false_positive_for_airplane
228,cifar10_test_00228,/home/tariq/Desktop/Awais-Tariq/base-KD/data/cifar-10-batches-py/test_batch,228,horse,cat,0.6412085294723511,False,True,/home/tariq/Desktop/Awais-Tariq/base-KD/reports/cifar10_full_audit/mamba_kd_from_scratch_vit/failure_images/00228_true-horse_pred-cat.png,false_negative_for_horse;false_positive_for_cat
247,cifar10_test_00247,/home/tariq/Desktop/Awais-Tariq/base-KD/data/cifar-10-batches-py/test_batch,247,truck,ship,0.6608273983001709,False,True,/home/tariq/Desktop/Awais-Tariq/base-KD/reports/cifar10_full_audit/mamba_kd_from_scratch_vit/failure_images/00247_true-truck_pred-ship.png,false_negative_for_truck;false_positive_for_ship
249,cifar10_test_00249,/home/tariq/Desktop/Awais-Tariq/base-KD/data/cifar-10-batches-py/test_batch,249,bird,airplane,0.6426184177398682,False,True,/home/tariq/Desktop/Awais-Tariq/base-KD/reports/cifar10_full_audit/mamba_kd_from_scratch_vit/failure_images/00249_true-bird_pred-airplane.png,false_negative_for_bird;false_positive_for_airplane
258,cifar10_test_00258,/home/tariq/Desktop/Awais-Tariq/base-KD/data/cifar-10-batches-py/test_batch,258,airplane,ship,0.9677067995071411,False,True,/home/tariq/Desktop/Awais-Tariq/base-KD/reports/cifar10_full_audit/mamba_kd_from_scratch_vit/failure_images/00258_true-airplane_pred-ship.png,false_negative_for_airplane;false_positive_for_ship
262,cifar10_test_00262,/home/tariq/Desktop/Awais-Tariq/base-KD/data/cifar-10-batches-py/test_batch,262,dog,automobile,0.8592276573181152,False,True,/home/tariq/Desktop/Awais-Tariq/base-KD/reports/cifar10_full_audit/mamba_kd_from_scratch_vit/failure_images/00262_true-dog_pred-automobile.png,false_negative_for_dog;false_positive_for_automobile
263,cifar10_test_00263,/home/tariq/Desktop/Awais-Tariq/base-KD/data/cifar-10-batches-py/test_batch,263,horse,cat,0.504989504814148,False,True,/home/tariq/Desktop/Awais-Tariq/base-KD/reports/cifar10_full_audit/mamba_kd_from_scratch_vit/failure_images/00263_true-horse_pred-cat.png,false_negative_for_horse;false_positive_for_cat
271,cifar10_test_00271,/home/tariq/Desktop/Awais-Tariq/base-KD/data/cifar-10-batches-py/test_batch,271,cat,deer,0.4333139955997467,False,True,/home/tariq/Desktop/Awais-Tariq/base-KD/reports/cifar10_full_audit/mamba_kd_from_scratch_vit/failure_images/00271_true-cat_pred-deer.png,false_negative_for_cat;false_positive_for_deer
287,cifar10_test_00287,/home/tariq/Desktop/Awais-Tariq/base-KD/data/cifar-10-batches-py/test_batch,287,airplane,ship,0.9989547729492188,False,True,/home/tariq/Desktop/Awais-Tariq/base-KD/reports/cifar10_full_audit/mamba_kd_from_scratch_vit/failure_images/00287_true-airplane_pred-ship.png,false_negative_for_airplane;false_positive_for_ship
302,cifar10_test_00302,/home/tariq/Desktop/Awais-Tariq/base-KD/data/cifar-10-batches-py/test_batch,302,cat,dog,0.8505253195762634,False,True,/home/tariq/Desktop/Awais-Tariq/base-KD/reports/cifar10_full_audit/mamba_kd_from_scratch_vit/failure_images/00302_true-cat_pred-dog.png,false_negative_for_cat;false_positive_for_dog
303,cifar10_test_00303,/home/tariq/Desktop/Awais-Tariq/base-KD/data/cifar-10-batches-py/test_batch,303,bird,airplane,0.5252873301506042,False,True,/home/tariq/Desktop/Awais-Tariq/base-KD/reports/cifar10_full_audit/mamba_kd_from_scratch_vit/failure_images/00303_true-bird_pred-airplane.png,false_negative_for_bird;false_positive_for_airplane
306,cifar10_test_00306,/home/tariq/Desktop/Awais-Tariq/base-KD/data/cifar-10-batches-py/test_batch,306,ship,automobile,0.46925845742225647,False,True,/home/tariq/Desktop/Awais-Tariq/base-KD/reports/cifar10_full_audit/mamba_kd_from_scratch_vit/failure_images/00306_true-ship_pred-automobile.png,false_negative_for_ship;false_positive_for_automobile
308,cifar10_test_00308,/home/tariq/Desktop/Awais-Tariq/base-KD/data/cifar-10-batches-py/test_batch,308,automobile,truck,0.9940353631973267,False,True,/home/tariq/Desktop/Awais-Tariq/base-KD/reports/cifar10_full_audit/mamba_kd_from_scratch_vit/failure_images/00308_true-automobile_pred-truck.png,false_negative_for_automobile;false_positive_for_truck
309,cifar10_test_00309,/home/tariq/Desktop/Awais-Tariq/base-KD/data/cifar-10-batches-py/test_batch,309,frog,deer,0.5116719007492065,False,True,/home/tariq/Desktop/Awais-Tariq/base-KD/reports/cifar10_full_audit/mamba_kd_from_scratch_vit/failure_images/00309_true-frog_pred-deer.png,false_negative_for_frog;false_positive_for_deer
312,cifar10_test_00312,/home/tariq/Desktop/Awais-Tariq/base-KD/data/cifar-10-batches-py/test_batch,312,ship,airplane,0.5826469659805298,False,True,/home/tariq/Desktop/Awais-Tariq/base-KD/reports/cifar10_full_audit/mamba_kd_from_scratch_vit/failure_images/00312_true-ship_pred-airplane.png,false_negative_for_ship;false_positive_for_airplane
324,cifar10_test_00324,/home/tariq/Desktop/Awais-Tariq/base-KD/data/cifar-10-batches-py/test_batch,324,deer,horse,0.8924001455307007,False,True,/home/tariq/Desktop/Awais-Tariq/base-KD/reports/cifar10_full_audit/mamba_kd_from_scratch_vit/failure_images/00324_true-deer_pred-horse.png,false_negative_for_deer;false_positive_for_horse
340,cifar10_test_00340,/home/tariq/Desktop/Awais-Tariq/base-KD/data/cifar-10-batches-py/test_batch,340,bird,deer,0.7227139472961426,False,True,/home/tariq/Desktop/Awais-Tariq/base-KD/reports/cifar10_full_audit/mamba_kd_from_scratch_vit/failure_images/00340_true-bird_pred-deer.png,false_negative_for_bird;false_positive_for_deer
355,cifar10_test_00355,/home/tariq/Desktop/Awais-Tariq/base-KD/data/cifar-10-batches-py/test_batch,355,horse,deer,0.8728252053260803,False,True,/home/tariq/Desktop/Awais-Tariq/base-KD/reports/cifar10_full_audit/mamba_kd_from_scratch_vit/failure_images/00355_true-horse_pred-deer.png,false_negative_for_horse;false_positive_for_deer
356,cifar10_test_00356,/home/tariq/Desktop/Awais-Tariq/base-KD/data/cifar-10-batches-py/test_batch,356,cat,dog,0.9894405007362366,False,True,/home/tariq/Desktop/Awais-Tariq/base-KD/reports/cifar10_full_audit/mamba_kd_from_scratch_vit/failure_images/00356_true-cat_pred-dog.png,false_negative_for_cat;false_positive_for_dog
363,cifar10_test_00363,/home/tariq/Desktop/Awais-Tariq/base-KD/data/cifar-10-batches-py/test_batch,363,automobile,airplane,0.9974053502082825,False,True,/home/tariq/Desktop/Awais-Tariq/base-KD/reports/cifar10_full_audit/mamba_kd_from_scratch_vit/failure_images/00363_true-automobile_pred-airplane.png,false_negative_for_automobile;false_positive_for_airplane
367,cifar10_test_00367,/home/tariq/Desktop/Awais-Tariq/base-KD/data/cifar-10-batches-py/test_batch,367,cat,dog,0.45851248502731323,False,True,/home/tariq/Desktop/Awais-Tariq/base-KD/reports/cifar10_full_audit/mamba_kd_from_scratch_vit/failure_images/00367_true-cat_pred-dog.png,false_negative_for_cat;false_positive_for_dog
387,cifar10_test_00387,/home/tariq/Desktop/Awais-Tariq/base-KD/data/cifar-10-batches-py/test_batch,387,bird,horse,0.917402982711792,False,True,/home/tariq/Desktop/Awais-Tariq/base-KD/reports/cifar10_full_audit/mamba_kd_from_scratch_vit/failure_images/00387_true-bird_pred-horse.png,false_negative_for_bird;false_positive_for_horse
388,cifar10_test_00388,/home/tariq/Desktop/Awais-Tariq/base-KD/data/cifar-10-batches-py/test_batch,388,bird,dog,0.5362126231193542,False,True,/home/tariq/Desktop/Awais-Tariq/base-KD/reports/cifar10_full_audit/mamba_kd_from_scratch_vit/failure_images/00388_true-bird_pred-dog.png,false_negative_for_bird;false_positive_for_dog
394,cifar10_test_00394,/home/tariq/Desktop/Awais-Tariq/base-KD/data/cifar-10-batches-py/test_batch,394,truck,automobile,0.6143354177474976,False,True,/home/tariq/Desktop/Awais-Tariq/base-KD/reports/cifar10_full_audit/mamba_kd_from_scratch_vit/failure_images/00394_true-truck_pred-automobile.png,false_negative_for_truck;false_positive_for_automobile
405,cifar10_test_00405,/home/tariq/Desktop/Awais-Tariq/base-KD/data/cifar-10-batches-py/test_batch,405,deer,frog,0.9309961795806885,False,True,/home/tariq/Desktop/Awais-Tariq/base-KD/reports/cifar10_full_audit/mamba_kd_from_scratch_vit/failure_images/00405_true-deer_pred-frog.png,false_negative_for_deer;false_positive_for_frog
433,cifar10_test_00433,/home/tariq/Desktop/Awais-Tariq/base-KD/data/cifar-10-batches-py/test_batch,433,horse,deer,0.9512912631034851,False,True,/home/tariq/Desktop/Awais-Tariq/base-KD/reports/cifar10_full_audit/mamba_kd_from_scratch_vit/failure_images/00433_true-horse_pred-deer.png,false_negative_for_horse;false_positive_for_deer
444,cifar10_test_00444,/home/tariq/Desktop/Awais-Tariq/base-KD/data/cifar-10-batches-py/test_batch,444,dog,cat,0.4997115731239319,False,True,/home/tariq/Desktop/Awais-Tariq/base-KD/reports/cifar10_full_audit/mamba_kd_from_scratch_vit/failure_images/00444_true-dog_pred-cat.png,false_negative_for_dog;false_positive_for_cat
456,cifar10_test_00456,/home/tariq/Desktop/Awais-Tariq/base-KD/data/cifar-10-batches-py/test_batch,456,cat,frog,0.9269698262214661,False,True,/home/tariq/Desktop/Awais-Tariq/base-KD/reports/cifar10_full_audit/mamba_kd_from_scratch_vit/failure_images/00456_true-cat_pred-frog.png,false_negative_for_cat;false_positive_for_frog
458,cifar10_test_00458,/home/tariq/Desktop/Awais-Tariq/base-KD/data/cifar-10-batches-py/test_batch,458,deer,cat,0.5499981641769409,False,True,/home/tariq/Desktop/Awais-Tariq/base-KD/reports/cifar10_full_audit/mamba_kd_from_scratch_vit/failure_images/00458_true-deer_pred-cat.png,false_negative_for_deer;false_positive_for_cat
463,cifar10_test_00463,/home/tariq/Desktop/Awais-Tariq/base-KD/data/cifar-10-batches-py/test_batch,463,deer,dog,0.9874854683876038,False,True,/home/tariq/Desktop/Awais-Tariq/base-KD/reports/cifar10_full_audit/mamba_kd_from_scratch_vit/failure_images/00463_true-deer_pred-dog.png,false_negative_for_deer;false_positive_for_dog
470,cifar10_test_00470,/home/tariq/Desktop/Awais-Tariq/base-KD/data/cifar-10-batches-py/test_batch,470,cat,deer,0.8639516830444336,False,True,/home/tariq/Desktop/Awais-Tariq/base-KD/reports/cifar10_full_audit/mamba_kd_from_scratch_vit/failure_images/00470_true-cat_pred-deer.png,false_negative_for_cat;false_positive_for_deer
474,cifar10_test_00474,/home/tariq/Desktop/Awais-Tariq/base-KD/data/cifar-10-batches-py/test_batch,474,dog,cat,0.5971786379814148,False,True,/home/tariq/Desktop/Awais-Tariq/base-KD/reports/cifar10_full_audit/mamba_kd_from_scratch_vit/failure_images/00474_true-dog_pred-cat.png,false_negative_for_dog;false_positive_for_cat
485,cifar10_test_00485,/home/tariq/Desktop/Awais-Tariq/base-KD/data/cifar-10-batches-py/test_batch,485,truck,automobile,0.727986216545105,False,True,/home/tariq/Desktop/Awais-Tariq/base-KD/reports/cifar10_full_audit/mamba_kd_from_scratch_vit/failure_images/00485_true-truck_pred-automobile.png,false_negative_for_truck;false_positive_for_automobile
508,cifar10_test_00508,/home/tariq/Desktop/Awais-Tariq/base-KD/data/cifar-10-batches-py/test_batch,508,truck,cat,0.368245393037796,False,True,/home/tariq/Desktop/Awais-Tariq/base-KD/reports/cifar10_full_audit/mamba_kd_from_scratch_vit/failure_images/00508_true-truck_pred-cat.png,false_negative_for_truck;false_positive_for_cat
515,cifar10_test_00515,/home/tariq/Desktop/Awais-Tariq/base-KD/data/cifar-10-batches-py/test_batch,515,cat,dog,0.5457197427749634,False,True,/home/tariq/Desktop/Awais-Tariq/base-KD/reports/cifar10_full_audit/mamba_kd_from_scratch_vit/failure_images/00515_true-cat_pred-dog.png,false_negative_for_cat;false_positive_for_dog
518,cifar10_test_00518,/home/tariq/Desktop/Awais-Tariq/base-KD/data/cifar-10-batches-py/test_batch,518,dog,horse,0.7598439455032349,False,True,/home/tariq/Desktop/Awais-Tariq/base-KD/reports/cifar10_full_audit/mamba_kd_from_scratch_vit/failure_images/00518_true-dog_pred-horse.png,false_negative_for_dog;false_positive_for_horse
526,cifar10_test_00526,/home/tariq/Desktop/Awais-Tariq/base-KD/data/cifar-10-batches-py/test_batch,526,airplane,deer,0.9855456948280334,False,True,/home/tariq/Desktop/Awais-Tariq/base-KD/reports/cifar10_full_audit/mamba_kd_from_scratch_vit/failure_images/00526_true-airplane_pred-deer.png,false_negative_for_airplane;false_positive_for_deer
531,cifar10_test_00531,/home/tariq/Desktop/Awais-Tariq/base-KD/data/cifar-10-batches-py/test_batch,531,airplane,cat,0.33413735032081604,False,True,/home/tariq/Desktop/Awais-Tariq/base-KD/reports/cifar10_full_audit/mamba_kd_from_scratch_vit/failure_images/00531_true-airplane_pred-cat.png,false_negative_for_airplane;false_positive_for_cat
539,cifar10_test_00539,/home/tariq/Desktop/Awais-Tariq/base-KD/data/cifar-10-batches-py/test_batch,539,airplane,truck,0.4829571843147278,False,True,/home/tariq/Desktop/Awais-Tariq/base-KD/reports/cifar10_full_audit/mamba_kd_from_scratch_vit/failure_images/00539_true-airplane_pred-truck.png,false_negative_for_airplane;false_positive_for_truck
548,cifar10_test_00548,/home/tariq/Desktop/Awais-Tariq/base-KD/data/cifar-10-batches-py/test_batch,548,bird,frog,0.9292492270469666,False,True,/home/tariq/Desktop/Awais-Tariq/base-KD/reports/cifar10_full_audit/mamba_kd_from_scratch_vit/failure_images/00548_true-bird_pred-frog.png,false_negative_for_bird;false_positive_for_frog
551,cifar10_test_00551,/home/tariq/Desktop/Awais-Tariq/base-KD/data/cifar-10-batches-py/test_batch,551,dog,cat,0.9963002800941467,False,True,/home/tariq/Desktop/Awais-Tariq/base-KD/reports/cifar10_full_audit/mamba_kd_from_scratch_vit/failure_images/00551_true-dog_pred-cat.png,false_negative_for_dog;false_positive_for_cat
565,cifar10_test_00565,/home/tariq/Desktop/Awais-Tariq/base-KD/data/cifar-10-batches-py/test_batch,565,cat,dog,0.9928165674209595,False,True,/home/tariq/Desktop/Awais-Tariq/base-KD/reports/cifar10_full_audit/mamba_kd_from_scratch_vit/failure_images/00565_true-cat_pred-dog.png,false_negative_for_cat;false_positive_for_dog
577,cifar10_test_00577,/home/tariq/Desktop/Awais-Tariq/base-KD/data/cifar-10-batches-py/test_batch,577,truck,ship,0.9906264543533325,False,True,/home/tariq/Desktop/Awais-Tariq/base-KD/reports/cifar10_full_audit/mamba_kd_from_scratch_vit/failure_images/00577_true-truck_pred-ship.png,false_negative_for_truck;false_positive_for_ship
581,cifar10_test_00581,/home/tariq/Desktop/Awais-Tariq/base-KD/data/cifar-10-batches-py/test_batch,581,airplane,ship,0.8422644138336182,False,True,/home/tariq/Desktop/Awais-Tariq/base-KD/reports/cifar10_full_audit/mamba_kd_from_scratch_vit/failure_images/00581_true-airplane_pred-ship.png,false_negative_for_airplane;false_positive_for_ship
607,cifar10_test_00607,/home/tariq/Desktop/Awais-Tariq/base-KD/data/cifar-10-batches-py/test_batch,607,cat,dog,0.9790553450584412,False,True,/home/tariq/Desktop/Awais-Tariq/base-KD/reports/cifar10_full_audit/mamba_kd_from_scratch_vit/failure_images/00607_true-cat_pred-dog.png,false_negative_for_cat;false_positive_for_dog
615,cifar10_test_00615,/home/tariq/Desktop/Awais-Tariq/base-KD/data/cifar-10-batches-py/test_batch,615,ship,truck,0.9682543277740479,False,True,/home/tariq/Desktop/Awais-Tariq/base-KD/reports/cifar10_full_audit/mamba_kd_from_scratch_vit/failure_images/00615_true-ship_pred-truck.png,false_negative_for_ship;false_positive_for_truck
628,cifar10_test_00628,/home/tariq/Desktop/Awais-Tariq/base-KD/data/cifar-10-batches-py/test_batch,628,deer,horse,0.9525795578956604,False,True,/home/tariq/Desktop/Awais-Tariq/base-KD/reports/cifar10_full_audit/mamba_kd_from_scratch_vit/failure_images/00628_true-deer_pred-horse.png,false_negative_for_deer;false_positive_for_horse
633,cifar10_test_00633,/home/tariq/Desktop/Awais-Tariq/base-KD/data/cifar-10-batches-py/test_batch,633,ship,cat,0.8802745342254639,False,True,/home/tariq/Desktop/Awais-Tariq/base-KD/reports/cifar10_full_audit/mamba_kd_from_scratch_vit/failure_images/00633_true-ship_pred-cat.png,false_negative_for_ship;false_positive_for_cat
637,cifar10_test_00637,/home/tariq/Desktop/Awais-Tariq/base-KD/data/cifar-10-batches-py/test_batch,637,cat,airplane,0.807826578617096,False,True,/home/tariq/Desktop/Awais-Tariq/base-KD/reports/cifar10_full_audit/mamba_kd_from_scratch_vit/failure_images/00637_true-cat_pred-airplane.png,false_negative_for_cat;false_positive_for_airplane
646,cifar10_test_00646,/home/tariq/Desktop/Awais-Tariq/base-KD/data/cifar-10-batches-py/test_batch,646,cat,deer,0.5992141366004944,False,True,/home/tariq/Desktop/Awais-Tariq/base-KD/reports/cifar10_full_audit/mamba_kd_from_scratch_vit/failure_images/00646_true-cat_pred-deer.png,false_negative_for_cat;false_positive_for_deer
672,cifar10_test_00672,/home/tariq/Desktop/Awais-Tariq/base-KD/data/cifar-10-batches-py/test_batch,672,frog,automobile,0.707756757736206,False,True,/home/tariq/Desktop/Awais-Tariq/base-KD/reports/cifar10_full_audit/mamba_kd_from_scratch_vit/failure_images/00672_true-frog_pred-automobile.png,false_negative_for_frog;false_positive_for_automobile
675,cifar10_test_00675,/home/tariq/Desktop/Awais-Tariq/base-KD/data/cifar-10-batches-py/test_batch,675,airplane,deer,0.6317481398582458,False,True,/home/tariq/Desktop/Awais-Tariq/base-KD/reports/cifar10_full_audit/mamba_kd_from_scratch_vit/failure_images/00675_true-airplane_pred-deer.png,false_negative_for_airplane;false_positive_for_deer
677,cifar10_test_00677,/home/tariq/Desktop/Awais-Tariq/base-KD/data/cifar-10-batches-py/test_batch,677,automobile,truck,0.9932906627655029,False,True,/home/tariq/Desktop/Awais-Tariq/base-KD/reports/cifar10_full_audit/mamba_kd_from_scratch_vit/failure_images/00677_true-automobile_pred-truck.png,false_negative_for_automobile;false_positive_for_truck
682,cifar10_test_00682,/home/tariq/Desktop/Awais-Tariq/base-KD/data/cifar-10-batches-py/test_batch,682,deer,horse,0.5917707085609436,False,True,/home/tariq/Desktop/Awais-Tariq/base-KD/reports/cifar10_full_audit/mamba_kd_from_scratch_vit/failure_images/00682_true-deer_pred-horse.png,false_negative_for_deer;false_positive_for_horse
683,cifar10_test_00683,/home/tariq/Desktop/Awais-Tariq/base-KD/data/cifar-10-batches-py/test_batch,683,ship,airplane,0.9949818253517151,False,True,/home/tariq/Desktop/Awais-Tariq/base-KD/reports/cifar10_full_audit/mamba_kd_from_scratch_vit/failure_images/00683_true-ship_pred-airplane.png,false_negative_for_ship;false_positive_for_airplane
685,cifar10_test_00685,/home/tariq/Desktop/Awais-Tariq/base-KD/data/cifar-10-batches-py/test_batch,685,frog,bird,0.892240047454834,False,True,/home/tariq/Desktop/Awais-Tariq/base-KD/reports/cifar10_full_audit/mamba_kd_from_scratch_vit/failure_images/00685_true-frog_pred-bird.png,false_negative_for_frog;false_positive_for_bird
687,cifar10_test_00687,/home/tariq/Desktop/Awais-Tariq/base-KD/data/cifar-10-batches-py/test_batch,687,frog,horse,0.6068055629730225,False,True,/home/tariq/Desktop/Awais-Tariq/base-KD/reports/cifar10_full_audit/mamba_kd_from_scratch_vit/failure_images/00687_true-frog_pred-horse.png,false_negative_for_frog;false_positive_for_horse
689,cifar10_test_00689,/home/tariq/Desktop/Awais-Tariq/base-KD/data/cifar-10-batches-py/test_batch,689,airplane,frog,0.8911256790161133,False,True,/home/tariq/Desktop/Awais-Tariq/base-KD/reports/cifar10_full_audit/mamba_kd_from_scratch_vit/failure_images/00689_true-airplane_pred-frog.png,false_negative_for_airplane;false_positive_for_frog
692,cifar10_test_00692,/home/tariq/Desktop/Awais-Tariq/base-KD/data/cifar-10-batches-py/test_batch,692,bird,airplane,0.8850376605987549,False,True,/home/tariq/Desktop/Awais-Tariq/base-KD/reports/cifar10_full_audit/mamba_kd_from_scratch_vit/failure_images/00692_true-bird_pred-airplane.png,false_negative_for_bird;false_positive_for_airplane
734,cifar10_test_00734,/home/tariq/Desktop/Awais-Tariq/base-KD/data/cifar-10-batches-py/test_batch,734,truck,automobile,0.953967809677124,False,True,/home/tariq/Desktop/Awais-Tariq/base-KD/reports/cifar10_full_audit/mamba_kd_from_scratch_vit/failure_images/00734_true-truck_pred-automobile.png,false_negative_for_truck;false_positive_for_automobile
735,cifar10_test_00735,/home/tariq/Desktop/Awais-Tariq/base-KD/data/cifar-10-batches-py/test_batch,735,deer,bird,0.9987277388572693,False,True,/home/tariq/Desktop/Awais-Tariq/base-KD/reports/cifar10_full_audit/mamba_kd_from_scratch_vit/failure_images/00735_true-deer_pred-bird.png,false_negative_for_deer;false_positive_for_bird
740,cifar10_test_00740,/home/tariq/Desktop/Awais-Tariq/base-KD/data/cifar-10-batches-py/test_batch,740,bird,dog,0.932828426361084,False,True,/home/tariq/Desktop/Awais-Tariq/base-KD/reports/cifar10_full_audit/mamba_kd_from_scratch_vit/failure_images/00740_true-bird_pred-dog.png,false_negative_for_bird;false_positive_for_dog
744,cifar10_test_00744,/home/tariq/Desktop/Awais-Tariq/base-KD/data/cifar-10-batches-py/test_batch,744,truck,bird,0.944342315196991,False,True,/home/tariq/Desktop/Awais-Tariq/base-KD/reports/cifar10_full_audit/mamba_kd_from_scratch_vit/failure_images/00744_true-truck_pred-bird.png,false_negative_for_truck;false_positive_for_bird
749,cifar10_test_00749,/home/tariq/Desktop/Awais-Tariq/base-KD/data/cifar-10-batches-py/test_batch,749,dog,cat,0.6739766001701355,False,True,/home/tariq/Desktop/Awais-Tariq/base-KD/reports/cifar10_full_audit/mamba_kd_from_scratch_vit/failure_images/00749_true-dog_pred-cat.png,false_negative_for_dog;false_positive_for_cat
751,cifar10_test_00751,/home/tariq/Desktop/Awais-Tariq/base-KD/data/cifar-10-batches-py/test_batch,751,bird,airplane,0.9561575055122375,False,True,/home/tariq/Desktop/Awais-Tariq/base-KD/reports/cifar10_full_audit/mamba_kd_from_scratch_vit/failure_images/00751_true-bird_pred-airplane.png,false_negative_for_bird;false_positive_for_airplane
767,cifar10_test_00767,/home/tariq/Desktop/Awais-Tariq/base-KD/data/cifar-10-batches-py/test_batch,767,airplane,truck,0.7496041059494019,False,True,/home/tariq/Desktop/Awais-Tariq/base-KD/reports/cifar10_full_audit/mamba_kd_from_scratch_vit/failure_images/00767_true-airplane_pred-truck.png,false_negative_for_airplane;false_positive_for_truck
773,cifar10_test_00773,/home/tariq/Desktop/Awais-Tariq/base-KD/data/cifar-10-batches-py/test_batch,773,deer,frog,0.9154969453811646,False,True,/home/tariq/Desktop/Awais-Tariq/base-KD/reports/cifar10_full_audit/mamba_kd_from_scratch_vit/failure_images/00773_true-deer_pred-frog.png,false_negative_for_deer;false_positive_for_frog
776,cifar10_test_00776,/home/tariq/Desktop/Awais-Tariq/base-KD/data/cifar-10-batches-py/test_batch,776,bird,dog,0.9244236946105957,False,True,/home/tariq/Desktop/Awais-Tariq/base-KD/reports/cifar10_full_audit/mamba_kd_from_scratch_vit/failure_images/00776_true-bird_pred-dog.png,false_negative_for_bird;false_positive_for_dog
790,cifar10_test_00790,/home/tariq/Desktop/Awais-Tariq/base-KD/data/cifar-10-batches-py/test_batch,790,cat,airplane,0.5398715138435364,False,True,/home/tariq/Desktop/Awais-Tariq/base-KD/reports/cifar10_full_audit/mamba_kd_from_scratch_vit/failure_images/00790_true-cat_pred-airplane.png,false_negative_for_cat;false_positive_for_airplane
792,cifar10_test_00792,/home/tariq/Desktop/Awais-Tariq/base-KD/data/cifar-10-batches-py/test_batch,792,cat,horse,0.9211651682853699,False,True,/home/tariq/Desktop/Awais-Tariq/base-KD/reports/cifar10_full_audit/mamba_kd_from_scratch_vit/failure_images/00792_true-cat_pred-horse.png,false_negative_for_cat;false_positive_for_horse
796,cifar10_test_00796,/home/tariq/Desktop/Awais-Tariq/base-KD/data/cifar-10-batches-py/test_batch,796,automobile,truck,0.5375365018844604,False,True,/home/tariq/Desktop/Awais-Tariq/base-KD/reports/cifar10_full_audit/mamba_kd_from_scratch_vit/failure_images/00796_true-automobile_pred-truck.png,false_negative_for_automobile;false_positive_for_truck
798,cifar10_test_00798,/home/tariq/Desktop/Awais-Tariq/base-KD/data/cifar-10-batches-py/test_batch,798,horse,frog,0.5225630402565002,False,True,/home/tariq/Desktop/Awais-Tariq/base-KD/reports/cifar10_full_audit/mamba_kd_from_scratch_vit/failure_images/00798_true-horse_pred-frog.png,false_negative_for_horse;false_positive_for_frog
809,cifar10_test_00809,/home/tariq/Desktop/Awais-Tariq/base-KD/data/cifar-10-batches-py/test_batch,809,horse,ship,0.5621572732925415,False,True,/home/tariq/Desktop/Awais-Tariq/base-KD/reports/cifar10_full_audit/mamba_kd_from_scratch_vit/failure_images/00809_true-horse_pred-ship.png,false_negative_for_horse;false_positive_for_ship
810,cifar10_test_00810,/home/tariq/Desktop/Awais-Tariq/base-KD/data/cifar-10-batches-py/test_batch,810,dog,cat,0.9735114574432373,False,True,/home/tariq/Desktop/Awais-Tariq/base-KD/reports/cifar10_full_audit/mamba_kd_from_scratch_vit/failure_images/00810_true-dog_pred-cat.png,false_negative_for_dog;false_positive_for_cat
845,cifar10_test_00845,/home/tariq/Desktop/Awais-Tariq/base-KD/data/cifar-10-batches-py/test_batch,845,cat,bird,0.8521541357040405,False,True,/home/tariq/Desktop/Awais-Tariq/base-KD/reports/cifar10_full_audit/mamba_kd_from_scratch_vit/failure_images/00845_true-cat_pred-bird.png,false_negative_for_cat;false_positive_for_bird
850,cifar10_test_00850,/home/tariq/Desktop/Awais-Tariq/base-KD/data/cifar-10-batches-py/test_batch,850,horse,dog,0.8348438739776611,False,True,/home/tariq/Desktop/Awais-Tariq/base-KD/reports/cifar10_full_audit/mamba_kd_from_scratch_vit/failure_images/00850_true-horse_pred-dog.png,false_negative_for_horse;false_positive_for_dog
862,cifar10_test_00862,/home/tariq/Desktop/Awais-Tariq/base-KD/data/cifar-10-batches-py/test_batch,862,cat,frog,0.9903613328933716,False,True,/home/tariq/Desktop/Awais-Tariq/base-KD/reports/cifar10_full_audit/mamba_kd_from_scratch_vit/failure_images/00862_true-cat_pred-frog.png,false_negative_for_cat;false_positive_for_frog
887,cifar10_test_00887,/home/tariq/Desktop/Awais-Tariq/base-KD/data/cifar-10-batches-py/test_batch,887,automobile,frog,0.7697554230690002,False,True,/home/tariq/Desktop/Awais-Tariq/base-KD/reports/cifar10_full_audit/mamba_kd_from_scratch_vit/failure_images/00887_true-automobile_pred-frog.png,false_negative_for_automobile;false_positive_for_frog
888,cifar10_test_00888,/home/tariq/Desktop/Awais-Tariq/base-KD/data/cifar-10-batches-py/test_batch,888,airplane,ship,0.9599402546882629,False,True,/home/tariq/Desktop/Awais-Tariq/base-KD/reports/cifar10_full_audit/mamba_kd_from_scratch_vit/failure_images/00888_true-airplane_pred-ship.png,false_negative_for_airplane;false_positive_for_ship
893,cifar10_test_00893,/home/tariq/Desktop/Awais-Tariq/base-KD/data/cifar-10-batches-py/test_batch,893,frog,cat,0.5476769804954529,False,True,/home/tariq/Desktop/Awais-Tariq/base-KD/reports/cifar10_full_audit/mamba_kd_from_scratch_vit/failure_images/00893_true-frog_pred-cat.png,false_negative_for_frog;false_positive_for_cat
898,cifar10_test_00898,/home/tariq/Desktop/Awais-Tariq/base-KD/data/cifar-10-batches-py/test_batch,898,cat,horse,0.7142959833145142,False,True,/home/tariq/Desktop/Awais-Tariq/base-KD/reports/cifar10_full_audit/mamba_kd_from_scratch_vit/failure_images/00898_true-cat_pred-horse.png,false_negative_for_cat;false_positive_for_horse
912,cifar10_test_00912,/home/tariq/Desktop/Awais-Tariq/base-KD/data/cifar-10-batches-py/test_batch,912,airplane,bird,0.951258659362793,False,True,/home/tariq/Desktop/Awais-Tariq/base-KD/reports/cifar10_full_audit/mamba_kd_from_scratch_vit/failure_images/00912_true-airplane_pred-bird.png,false_negative_for_airplane;false_positive_for_bird
916,cifar10_test_00916,/home/tariq/Desktop/Awais-Tariq/base-KD/data/cifar-10-batches-py/test_batch,916,cat,dog,0.4210900366306305,False,True,/home/tariq/Desktop/Awais-Tariq/base-KD/reports/cifar10_full_audit/mamba_kd_from_scratch_vit/failure_images/00916_true-cat_pred-dog.png,false_negative_for_cat;false_positive_for_dog
924,cifar10_test_00924,/home/tariq/Desktop/Awais-Tariq/base-KD/data/cifar-10-batches-py/test_batch,924,dog,horse,0.8434133529663086,False,True,/home/tariq/Desktop/Awais-Tariq/base-KD/reports/cifar10_full_audit/mamba_kd_from_scratch_vit/failure_images/00924_true-dog_pred-horse.png,false_negative_for_dog;false_positive_for_horse
925,cifar10_test_00925,/home/tariq/Desktop/Awais-Tariq/base-KD/data/cifar-10-batches-py/test_batch,925,dog,cat,0.5931685566902161,False,True,/home/tariq/Desktop/Awais-Tariq/base-KD/reports/cifar10_full_audit/mamba_kd_from_scratch_vit/failure_images/00925_true-dog_pred-cat.png,false_negative_for_dog;false_positive_for_cat
933,cifar10_test_00933,/home/tariq/Desktop/Awais-Tariq/base-KD/data/cifar-10-batches-py/test_batch,933,bird,dog,0.48415666818618774,False,True,/home/tariq/Desktop/Awais-Tariq/base-KD/reports/cifar10_full_audit/mamba_kd_from_scratch_vit/failure_images/00933_true-bird_pred-dog.png,false_negative_for_bird;false_positive_for_dog
948,cifar10_test_00948,/home/tariq/Desktop/Awais-Tariq/base-KD/data/cifar-10-batches-py/test_batch,948,cat,dog,0.569948136806488,False,True,/home/tariq/Desktop/Awais-Tariq/base-KD/reports/cifar10_full_audit/mamba_kd_from_scratch_vit/failure_images/00948_true-cat_pred-dog.png,false_negative_for_cat;false_positive_for_dog
972,cifar10_test_00972,/home/tariq/Desktop/Awais-Tariq/base-KD/data/cifar-10-batches-py/test_batch,972,bird,dog,0.5370778441429138,False,True,/home/tariq/Desktop/Awais-Tariq/base-KD/reports/cifar10_full_audit/mamba_kd_from_scratch_vit/failure_images/00972_true-bird_pred-dog.png,false_negative_for_bird;false_positive_for_dog
974,cifar10_test_00974,/home/tariq/Desktop/Awais-Tariq/base-KD/data/cifar-10-batches-py/test_batch,974,horse,airplane,0.6749616861343384,False,True,/home/tariq/Desktop/Awais-Tariq/base-KD/reports/cifar10_full_audit/mamba_kd_from_scratch_vit/failure_images/00974_true-horse_pred-airplane.png,false_negative_for_horse;false_positive_for_airplane
982,cifar10_test_00982,/home/tariq/Desktop/Awais-Tariq/base-KD/data/cifar-10-batches-py/test_batch,982,airplane,bird,0.9187147617340088,False,False,/home/tariq/Desktop/Awais-Tariq/base-KD/reports/cifar10_full_audit/mamba_kd_from_scratch_vit/failure_images/00982_true-airplane_pred-bird.png,false_negative_for_airplane;false_positive_for_bird
991,cifar10_test_00991,/home/tariq/Desktop/Awais-Tariq/base-KD/data/cifar-10-batches-py/test_batch,991,dog,horse,0.6760340929031372,False,True,/home/tariq/Desktop/Awais-Tariq/base-KD/reports/cifar10_full_audit/mamba_kd_from_scratch_vit/failure_images/00991_true-dog_pred-horse.png,false_negative_for_dog;false_positive_for_horse
1001,cifar10_test_01001,/home/tariq/Desktop/Awais-Tariq/base-KD/data/cifar-10-batches-py/test_batch,1001,airplane,ship,0.691453754901886,False,True,/home/tariq/Desktop/Awais-Tariq/base-KD/reports/cifar10_full_audit/mamba_kd_from_scratch_vit/failure_images/01001_true-airplane_pred-ship.png,false_negative_for_airplane;false_positive_for_ship
1024,cifar10_test_01024,/home/tariq/Desktop/Awais-Tariq/base-KD/data/cifar-10-batches-py/test_batch,1024,cat,dog,0.884458601474762,False,True,/home/tariq/Desktop/Awais-Tariq/base-KD/reports/cifar10_full_audit/mamba_kd_from_scratch_vit/failure_images/01024_true-cat_pred-dog.png,false_negative_for_cat;false_positive_for_dog
1032,cifar10_test_01032,/home/tariq/Desktop/Awais-Tariq/base-KD/data/cifar-10-batches-py/test_batch,1032,frog,bird,0.7937362790107727,False,True,/home/tariq/Desktop/Awais-Tariq/base-KD/reports/cifar10_full_audit/mamba_kd_from_scratch_vit/failure_images/01032_true-frog_pred-bird.png,false_negative_for_frog;false_positive_for_bird
1035,cifar10_test_01035,/home/tariq/Desktop/Awais-Tariq/base-KD/data/cifar-10-batches-py/test_batch,1035,frog,cat,0.7962051630020142,False,True,/home/tariq/Desktop/Awais-Tariq/base-KD/reports/cifar10_full_audit/mamba_kd_from_scratch_vit/failure_images/01035_true-frog_pred-cat.png,false_negative_for_frog;false_positive_for_cat
1042,cifar10_test_01042,/home/tariq/Desktop/Awais-Tariq/base-KD/data/cifar-10-batches-py/test_batch,1042,dog,bird,0.49699053168296814,False,True,/home/tariq/Desktop/Awais-Tariq/base-KD/reports/cifar10_full_audit/mamba_kd_from_scratch_vit/failure_images/01042_true-dog_pred-bird.png,false_negative_for_dog;false_positive_for_bird
1050,cifar10_test_01050,/home/tariq/Desktop/Awais-Tariq/base-KD/data/cifar-10-batches-py/test_batch,1050,cat,horse,0.9278895854949951,False,True,/home/tariq/Desktop/Awais-Tariq/base-KD/reports/cifar10_full_audit/mamba_kd_from_scratch_vit/failure_images/01050_true-cat_pred-horse.png,false_negative_for_cat;false_positive_for_horse
1080,cifar10_test_01080,/home/tariq/Desktop/Awais-Tariq/base-KD/data/cifar-10-batches-py/test_batch,1080,frog,automobile,0.6097056865692139,False,True,/home/tariq/Desktop/Awais-Tariq/base-KD/reports/cifar10_full_audit/mamba_kd_from_scratch_vit/failure_images/01080_true-frog_pred-automobile.png,false_negative_for_frog;false_positive_for_automobile
1086,cifar10_test_01086,/home/tariq/Desktop/Awais-Tariq/base-KD/data/cifar-10-batches-py/test_batch,1086,deer,horse,0.7425817847251892,False,True,/home/tariq/Desktop/Awais-Tariq/base-KD/reports/cifar10_full_audit/mamba_kd_from_scratch_vit/failure_images/01086_true-deer_pred-horse.png,false_negative_for_deer;false_positive_for_horse
1088,cifar10_test_01088,/home/tariq/Desktop/Awais-Tariq/base-KD/data/cifar-10-batches-py/test_batch,1088,cat,dog,0.9920809864997864,False,True,/home/tariq/Desktop/Awais-Tariq/base-KD/reports/cifar10_full_audit/mamba_kd_from_scratch_vit/failure_images/01088_true-cat_pred-dog.png,false_negative_for_cat;false_positive_for_dog
1094,cifar10_test_01094,/home/tariq/Desktop/Awais-Tariq/base-KD/data/cifar-10-batches-py/test_batch,1094,frog,cat,0.7349961400032043,False,True,/home/tariq/Desktop/Awais-Tariq/base-KD/reports/cifar10_full_audit/mamba_kd_from_scratch_vit/failure_images/01094_true-frog_pred-cat.png,false_negative_for_frog;false_positive_for_cat
1124,cifar10_test_01124,/home/tariq/Desktop/Awais-Tariq/base-KD/data/cifar-10-batches-py/test_batch,1124,cat,bird,0.9996762275695801,False,True,/home/tariq/Desktop/Awais-Tariq/base-KD/reports/cifar10_full_audit/mamba_kd_from_scratch_vit/failure_images/01124_true-cat_pred-bird.png,false_negative_for_cat;false_positive_for_bird
1126,cifar10_test_01126,/home/tariq/Desktop/Awais-Tariq/base-KD/data/cifar-10-batches-py/test_batch,1126,bird,airplane,0.661552906036377,False,True,/home/tariq/Desktop/Awais-Tariq/base-KD/reports/cifar10_full_audit/mamba_kd_from_scratch_vit/failure_images/01126_true-bird_pred-airplane.png,false_negative_for_bird;false_positive_for_airplane
1130,cifar10_test_01130,/home/tariq/Desktop/Awais-Tariq/base-KD/data/cifar-10-batches-py/test_batch,1130,horse,deer,0.4227340519428253,False,True,/home/tariq/Desktop/Awais-Tariq/base-KD/reports/cifar10_full_audit/mamba_kd_from_scratch_vit/failure_images/01130_true-horse_pred-deer.png,false_negative_for_horse;false_positive_for_deer
1131,cifar10_test_01131,/home/tariq/Desktop/Awais-Tariq/base-KD/data/cifar-10-batches-py/test_batch,1131,automobile,truck,0.6726235747337341,False,True,/home/tariq/Desktop/Awais-Tariq/base-KD/reports/cifar10_full_audit/mamba_kd_from_scratch_vit/failure_images/01131_true-automobile_pred-truck.png,false_negative_for_automobile;false_positive_for_truck
1132,cifar10_test_01132,/home/tariq/Desktop/Awais-Tariq/base-KD/data/cifar-10-batches-py/test_batch,1132,bird,horse,0.970373272895813,False,True,/home/tariq/Desktop/Awais-Tariq/base-KD/reports/cifar10_full_audit/mamba_kd_from_scratch_vit/failure_images/01132_true-bird_pred-horse.png,false_negative_for_bird;false_positive_for_horse
1137,cifar10_test_01137,/home/tariq/Desktop/Awais-Tariq/base-KD/data/cifar-10-batches-py/test_batch,1137,airplane,truck,0.9855539202690125,False,True,/home/tariq/Desktop/Awais-Tariq/base-KD/reports/cifar10_full_audit/mamba_kd_from_scratch_vit/failure_images/01137_true-airplane_pred-truck.png,false_negative_for_airplane;false_positive_for_truck
1150,cifar10_test_01150,/home/tariq/Desktop/Awais-Tariq/base-KD/data/cifar-10-batches-py/test_batch,1150,bird,cat,0.674428403377533,False,False,/home/tariq/Desktop/Awais-Tariq/base-KD/reports/cifar10_full_audit/mamba_kd_from_scratch_vit/failure_images/01150_true-bird_pred-cat.png,false_negative_for_bird;false_positive_for_cat
1163,cifar10_test_01163,/home/tariq/Desktop/Awais-Tariq/base-KD/data/cifar-10-batches-py/test_batch,1163,cat,horse,0.7459844946861267,False,True,/home/tariq/Desktop/Awais-Tariq/base-KD/reports/cifar10_full_audit/mamba_kd_from_scratch_vit/failure_images/01163_true-cat_pred-horse.png,false_negative_for_cat;false_positive_for_horse
1180,cifar10_test_01180,/home/tariq/Desktop/Awais-Tariq/base-KD/data/cifar-10-batches-py/test_batch,1180,cat,dog,0.778850793838501,False,True,/home/tariq/Desktop/Awais-Tariq/base-KD/reports/cifar10_full_audit/mamba_kd_from_scratch_vit/failure_images/01180_true-cat_pred-dog.png,false_negative_for_cat;false_positive_for_dog
1181,cifar10_test_01181,/home/tariq/Desktop/Awais-Tariq/base-KD/data/cifar-10-batches-py/test_batch,1181,cat,frog,0.8233177065849304,False,True,/home/tariq/Desktop/Awais-Tariq/base-KD/reports/cifar10_full_audit/mamba_kd_from_scratch_vit/failure_images/01181_true-cat_pred-frog.png,false_negative_for_cat;false_positive_for_frog
1208,cifar10_test_01208,/home/tariq/Desktop/Awais-Tariq/base-KD/data/cifar-10-batches-py/test_batch,1208,cat,truck,0.9079697132110596,False,True,/home/tariq/Desktop/Awais-Tariq/base-KD/reports/cifar10_full_audit/mamba_kd_from_scratch_vit/failure_images/01208_true-cat_pred-truck.png,false_negative_for_cat;false_positive_for_truck
1222,cifar10_test_01222,/home/tariq/Desktop/Awais-Tariq/base-KD/data/cifar-10-batches-py/test_batch,1222,truck,automobile,0.8362254500389099,False,True,/home/tariq/Desktop/Awais-Tariq/base-KD/reports/cifar10_full_audit/mamba_kd_from_scratch_vit/failure_images/01222_true-truck_pred-automobile.png,false_negative_for_truck;false_positive_for_automobile
1223,cifar10_test_01223,/home/tariq/Desktop/Awais-Tariq/base-KD/data/cifar-10-batches-py/test_batch,1223,ship,airplane,0.5606261491775513,False,True,/home/tariq/Desktop/Awais-Tariq/base-KD/reports/cifar10_full_audit/mamba_kd_from_scratch_vit/failure_images/01223_true-ship_pred-airplane.png,false_negative_for_ship;false_positive_for_airplane
1226,cifar10_test_01226,/home/tariq/Desktop/Awais-Tariq/base-KD/data/cifar-10-batches-py/test_batch,1226,frog,bird,0.9975374937057495,False,True,/home/tariq/Desktop/Awais-Tariq/base-KD/reports/cifar10_full_audit/mamba_kd_from_scratch_vit/failure_images/01226_true-frog_pred-bird.png,false_negative_for_frog;false_positive_for_bird
1227,cifar10_test_01227,/home/tariq/Desktop/Awais-Tariq/base-KD/data/cifar-10-batches-py/test_batch,1227,cat,dog,0.8176248669624329,False,True,/home/tariq/Desktop/Awais-Tariq/base-KD/reports/cifar10_full_audit/mamba_kd_from_scratch_vit/failure_images/01227_true-cat_pred-dog.png,false_negative_for_cat;false_positive_for_dog
1230,cifar10_test_01230,/home/tariq/Desktop/Awais-Tariq/base-KD/data/cifar-10-batches-py/test_batch,1230,dog,cat,0.9787293672561646,False,True,/home/tariq/Desktop/Awais-Tariq/base-KD/reports/cifar10_full_audit/mamba_kd_from_scratch_vit/failure_images/01230_true-dog_pred-cat.png,false_negative_for_dog;false_positive_for_cat
1236,cifar10_test_01236,/home/tariq/Desktop/Awais-Tariq/base-KD/data/cifar-10-batches-py/test_batch,1236,horse,cat,0.8734919428825378,False,True,/home/tariq/Desktop/Awais-Tariq/base-KD/reports/cifar10_full_audit/mamba_kd_from_scratch_vit/failure_images/01236_true-horse_pred-cat.png,false_negative_for_horse;false_positive_for_cat
1247,cifar10_test_01247,/home/tariq/Desktop/Awais-Tariq/base-KD/data/cifar-10-batches-py/test_batch,1247,cat,dog,0.6626840829849243,False,True,/home/tariq/Desktop/Awais-Tariq/base-KD/reports/cifar10_full_audit/mamba_kd_from_scratch_vit/failure_images/01247_true-cat_pred-dog.png,false_negative_for_cat;false_positive_for_dog
1248,cifar10_test_01248,/home/tariq/Desktop/Awais-Tariq/base-KD/data/cifar-10-batches-py/test_batch,1248,bird,cat,0.3864551782608032,False,True,/home/tariq/Desktop/Awais-Tariq/base-KD/reports/cifar10_full_audit/mamba_kd_from_scratch_vit/failure_images/01248_true-bird_pred-cat.png,false_negative_for_bird;false_positive_for_cat
1249,cifar10_test_01249,/home/tariq/Desktop/Awais-Tariq/base-KD/data/cifar-10-batches-py/test_batch,1249,deer,frog,0.8078661561012268,False,True,/home/tariq/Desktop/Awais-Tariq/base-KD/reports/cifar10_full_audit/mamba_kd_from_scratch_vit/failure_images/01249_true-deer_pred-frog.png,false_negative_for_deer;false_positive_for_frog
1297,cifar10_test_01297,/home/tariq/Desktop/Awais-Tariq/base-KD/data/cifar-10-batches-py/test_batch,1297,bird,airplane,0.6946223378181458,False,True,/home/tariq/Desktop/Awais-Tariq/base-KD/reports/cifar10_full_audit/mamba_kd_from_scratch_vit/failure_images/01297_true-bird_pred-airplane.png,false_negative_for_bird;false_positive_for_airplane
1303,cifar10_test_01303,/home/tariq/Desktop/Awais-Tariq/base-KD/data/cifar-10-batches-py/test_batch,1303,deer,frog,0.513348400592804,False,True,/home/tariq/Desktop/Awais-Tariq/base-KD/reports/cifar10_full_audit/mamba_kd_from_scratch_vit/failure_images/01303_true-deer_pred-frog.png,false_negative_for_deer;false_positive_for_frog
1321,cifar10_test_01321,/home/tariq/Desktop/Awais-Tariq/base-KD/data/cifar-10-batches-py/test_batch,1321,bird,frog,0.4405207335948944,False,True,/home/tariq/Desktop/Awais-Tariq/base-KD/reports/cifar10_full_audit/mamba_kd_from_scratch_vit/failure_images/01321_true-bird_pred-frog.png,false_negative_for_bird;false_positive_for_frog
1325,cifar10_test_01325,/home/tariq/Desktop/Awais-Tariq/base-KD/data/cifar-10-batches-py/test_batch,1325,bird,deer,0.9692628979682922,False,True,/home/tariq/Desktop/Awais-Tariq/base-KD/reports/cifar10_full_audit/mamba_kd_from_scratch_vit/failure_images/01325_true-bird_pred-deer.png,false_negative_for_bird;false_positive_for_deer
1339,cifar10_test_01339,/home/tariq/Desktop/Awais-Tariq/base-KD/data/cifar-10-batches-py/test_batch,1339,dog,horse,0.852885901927948,False,True,/home/tariq/Desktop/Awais-Tariq/base-KD/reports/cifar10_full_audit/mamba_kd_from_scratch_vit/failure_images/01339_true-dog_pred-horse.png,false_negative_for_dog;false_positive_for_horse
1353,cifar10_test_01353,/home/tariq/Desktop/Awais-Tariq/base-KD/data/cifar-10-batches-py/test_batch,1353,cat,deer,0.988666296005249,False,True,/home/tariq/Desktop/Awais-Tariq/base-KD/reports/cifar10_full_audit/mamba_kd_from_scratch_vit/failure_images/01353_true-cat_pred-deer.png,false_negative_for_cat;false_positive_for_deer
1355,cifar10_test_01355,/home/tariq/Desktop/Awais-Tariq/base-KD/data/cifar-10-batches-py/test_batch,1355,dog,horse,0.401518851518631,False,True,/home/tariq/Desktop/Awais-Tariq/base-KD/reports/cifar10_full_audit/mamba_kd_from_scratch_vit/failure_images/01355_true-dog_pred-horse.png,false_negative_for_dog;false_positive_for_horse
1399,cifar10_test_01399,/home/tariq/Desktop/Awais-Tariq/base-KD/data/cifar-10-batches-py/test_batch,1399,bird,airplane,0.7025389075279236,False,True,/home/tariq/Desktop/Awais-Tariq/base-KD/reports/cifar10_full_audit/mamba_kd_from_scratch_vit/failure_images/01399_true-bird_pred-airplane.png,false_negative_for_bird;false_positive_for_airplane
1403,cifar10_test_01403,/home/tariq/Desktop/Awais-Tariq/base-KD/data/cifar-10-batches-py/test_batch,1403,frog,deer,0.9002782106399536,False,True,/home/tariq/Desktop/Awais-Tariq/base-KD/reports/cifar10_full_audit/mamba_kd_from_scratch_vit/failure_images/01403_true-frog_pred-deer.png,false_negative_for_frog;false_positive_for_deer
1420,cifar10_test_01420,/home/tariq/Desktop/Awais-Tariq/base-KD/data/cifar-10-batches-py/test_batch,1420,deer,horse,0.9921870231628418,False,True,/home/tariq/Desktop/Awais-Tariq/base-KD/reports/cifar10_full_audit/mamba_kd_from_scratch_vit/failure_images/01420_true-deer_pred-horse.png,false_negative_for_deer;false_positive_for_horse
1422,cifar10_test_01422,/home/tariq/Desktop/Awais-Tariq/base-KD/data/cifar-10-batches-py/test_batch,1422,ship,airplane,0.9592244625091553,False,True,/home/tariq/Desktop/Awais-Tariq/base-KD/reports/cifar10_full_audit/mamba_kd_from_scratch_vit/failure_images/01422_true-ship_pred-airplane.png,false_negative_for_ship;false_positive_for_airplane
1439,cifar10_test_01439,/home/tariq/Desktop/Awais-Tariq/base-KD/data/cifar-10-batches-py/test_batch,1439,truck,automobile,0.9975886344909668,False,True,/home/tariq/Desktop/Awais-Tariq/base-KD/reports/cifar10_full_audit/mamba_kd_from_scratch_vit/failure_images/01439_true-truck_pred-automobile.png,false_negative_for_truck;false_positive_for_automobile
1442,cifar10_test_01442,/home/tariq/Desktop/Awais-Tariq/base-KD/data/cifar-10-batches-py/test_batch,1442,cat,dog,0.5774635672569275,False,True,/home/tariq/Desktop/Awais-Tariq/base-KD/reports/cifar10_full_audit/mamba_kd_from_scratch_vit/failure_images/01442_true-cat_pred-dog.png,false_negative_for_cat;false_positive_for_dog
1470,cifar10_test_01470,/home/tariq/Desktop/Awais-Tariq/base-KD/data/cifar-10-batches-py/test_batch,1470,horse,bird,0.7836423516273499,False,False,/home/tariq/Desktop/Awais-Tariq/base-KD/reports/cifar10_full_audit/mamba_kd_from_scratch_vit/failure_images/01470_true-horse_pred-bird.png,false_negative_for_horse;false_positive_for_bird
1474,cifar10_test_01474,/home/tariq/Desktop/Awais-Tariq/base-KD/data/cifar-10-batches-py/test_batch,1474,cat,horse,0.9995898604393005,False,False,/home/tariq/Desktop/Awais-Tariq/base-KD/reports/cifar10_full_audit/mamba_kd_from_scratch_vit/failure_images/01474_true-cat_pred-horse.png,false_negative_for_cat;false_positive_for_horse
1491,cifar10_test_01491,/home/tariq/Desktop/Awais-Tariq/base-KD/data/cifar-10-batches-py/test_batch,1491,deer,frog,0.9385331869125366,False,True,/home/tariq/Desktop/Awais-Tariq/base-KD/reports/cifar10_full_audit/mamba_kd_from_scratch_vit/failure_images/01491_true-deer_pred-frog.png,false_negative_for_deer;false_positive_for_frog
1495,cifar10_test_01495,/home/tariq/Desktop/Awais-Tariq/base-KD/data/cifar-10-batches-py/test_batch,1495,bird,airplane,0.9909197092056274,False,True,/home/tariq/Desktop/Awais-Tariq/base-KD/reports/cifar10_full_audit/mamba_kd_from_scratch_vit/failure_images/01495_true-bird_pred-airplane.png,false_negative_for_bird;false_positive_for_airplane
1498,cifar10_test_01498,/home/tariq/Desktop/Awais-Tariq/base-KD/data/cifar-10-batches-py/test_batch,1498,dog,cat,0.7551513910293579,False,True,/home/tariq/Desktop/Awais-Tariq/base-KD/reports/cifar10_full_audit/mamba_kd_from_scratch_vit/failure_images/01498_true-dog_pred-cat.png,false_negative_for_dog;false_positive_for_cat
1506,cifar10_test_01506,/home/tariq/Desktop/Awais-Tariq/base-KD/data/cifar-10-batches-py/test_batch,1506,dog,horse,0.9940391778945923,False,True,/home/tariq/Desktop/Awais-Tariq/base-KD/reports/cifar10_full_audit/mamba_kd_from_scratch_vit/failure_images/01506_true-dog_pred-horse.png,false_negative_for_dog;false_positive_for_horse
1525,cifar10_test_01525,/home/tariq/Desktop/Awais-Tariq/base-KD/data/cifar-10-batches-py/test_batch,1525,cat,dog,0.8923120498657227,False,True,/home/tariq/Desktop/Awais-Tariq/base-KD/reports/cifar10_full_audit/mamba_kd_from_scratch_vit/failure_images/01525_true-cat_pred-dog.png,false_negative_for_cat;false_positive_for_dog
1530,cifar10_test_01530,/home/tariq/Desktop/Awais-Tariq/base-KD/data/cifar-10-batches-py/test_batch,1530,cat,automobile,0.8303430676460266,False,True,/home/tariq/Desktop/Awais-Tariq/base-KD/reports/cifar10_full_audit/mamba_kd_from_scratch_vit/failure_images/01530_true-cat_pred-automobile.png,false_negative_for_cat;false_positive_for_automobile
1536,cifar10_test_01536,/home/tariq/Desktop/Awais-Tariq/base-KD/data/cifar-10-batches-py/test_batch,1536,dog,cat,0.994610071182251,False,True,/home/tariq/Desktop/Awais-Tariq/base-KD/reports/cifar10_full_audit/mamba_kd_from_scratch_vit/failure_images/01536_true-dog_pred-cat.png,false_negative_for_dog;false_positive_for_cat
1545,cifar10_test_01545,/home/tariq/Desktop/Awais-Tariq/base-KD/data/cifar-10-batches-py/test_batch,1545,automobile,truck,0.961572527885437,False,True,/home/tariq/Desktop/Awais-Tariq/base-KD/reports/cifar10_full_audit/mamba_kd_from_scratch_vit/failure_images/01545_true-automobile_pred-truck.png,false_negative_for_automobile;false_positive_for_truck
1548,cifar10_test_01548,/home/tariq/Desktop/Awais-Tariq/base-KD/data/cifar-10-batches-py/test_batch,1548,dog,ship,0.6232171654701233,False,True,/home/tariq/Desktop/Awais-Tariq/base-KD/reports/cifar10_full_audit/mamba_kd_from_scratch_vit/failure_images/01548_true-dog_pred-ship.png,false_negative_for_dog;false_positive_for_ship
1549,cifar10_test_01549,/home/tariq/Desktop/Awais-Tariq/base-KD/data/cifar-10-batches-py/test_batch,1549,automobile,truck,0.8555497527122498,False,True,/home/tariq/Desktop/Awais-Tariq/base-KD/reports/cifar10_full_audit/mamba_kd_from_scratch_vit/failure_images/01549_true-automobile_pred-truck.png,false_negative_for_automobile;false_positive_for_truck
1572,cifar10_test_01572,/home/tariq/Desktop/Awais-Tariq/base-KD/data/cifar-10-batches-py/test_batch,1572,frog,cat,0.5665156841278076,False,True,/home/tariq/Desktop/Awais-Tariq/base-KD/reports/cifar10_full_audit/mamba_kd_from_scratch_vit/failure_images/01572_true-frog_pred-cat.png,false_negative_for_frog;false_positive_for_cat
1576,cifar10_test_01576,/home/tariq/Desktop/Awais-Tariq/base-KD/data/cifar-10-batches-py/test_batch,1576,horse,deer,0.9318217635154724,False,True,/home/tariq/Desktop/Awais-Tariq/base-KD/reports/cifar10_full_audit/mamba_kd_from_scratch_vit/failure_images/01576_true-horse_pred-deer.png,false_negative_for_horse;false_positive_for_deer
1577,cifar10_test_01577,/home/tariq/Desktop/Awais-Tariq/base-KD/data/cifar-10-batches-py/test_batch,1577,dog,frog,0.7834702134132385,False,True,/home/tariq/Desktop/Awais-Tariq/base-KD/reports/cifar10_full_audit/mamba_kd_from_scratch_vit/failure_images/01577_true-dog_pred-frog.png,false_negative_for_dog;false_positive_for_frog
1580,cifar10_test_01580,/home/tariq/Desktop/Awais-Tariq/base-KD/data/cifar-10-batches-py/test_batch,1580,frog,automobile,0.6910274028778076,False,True,/home/tariq/Desktop/Awais-Tariq/base-KD/reports/cifar10_full_audit/mamba_kd_from_scratch_vit/failure_images/01580_true-frog_pred-automobile.png,false_negative_for_frog;false_positive_for_automobile
1610,cifar10_test_01610,/home/tariq/Desktop/Awais-Tariq/base-KD/data/cifar-10-batches-py/test_batch,1610,bird,deer,0.374337762594223,False,True,/home/tariq/Desktop/Awais-Tariq/base-KD/reports/cifar10_full_audit/mamba_kd_from_scratch_vit/failure_images/01610_true-bird_pred-deer.png,false_negative_for_bird;false_positive_for_deer
1622,cifar10_test_01622,/home/tariq/Desktop/Awais-Tariq/base-KD/data/cifar-10-batches-py/test_batch,1622,deer,bird,0.8842021822929382,False,True,/home/tariq/Desktop/Awais-Tariq/base-KD/reports/cifar10_full_audit/mamba_kd_from_scratch_vit/failure_images/01622_true-deer_pred-bird.png,false_negative_for_deer;false_positive_for_bird
1638,cifar10_test_01638,/home/tariq/Desktop/Awais-Tariq/base-KD/data/cifar-10-batches-py/test_batch,1638,deer,frog,0.8710253238677979,False,True,/home/tariq/Desktop/Awais-Tariq/base-KD/reports/cifar10_full_audit/mamba_kd_from_scratch_vit/failure_images/01638_true-deer_pred-frog.png,false_negative_for_deer;false_positive_for_frog
1662,cifar10_test_01662,/home/tariq/Desktop/Awais-Tariq/base-KD/data/cifar-10-batches-py/test_batch,1662,cat,horse,0.5616836547851562,False,True,/home/tariq/Desktop/Awais-Tariq/base-KD/reports/cifar10_full_audit/mamba_kd_from_scratch_vit/failure_images/01662_true-cat_pred-horse.png,false_negative_for_cat;false_positive_for_horse
1681,cifar10_test_01681,/home/tariq/Desktop/Awais-Tariq/base-KD/data/cifar-10-batches-py/test_batch,1681,dog,horse,0.875024139881134,False,True,/home/tariq/Desktop/Awais-Tariq/base-KD/reports/cifar10_full_audit/mamba_kd_from_scratch_vit/failure_images/01681_true-dog_pred-horse.png,false_negative_for_dog;false_positive_for_horse
1684,cifar10_test_01684,/home/tariq/Desktop/Awais-Tariq/base-KD/data/cifar-10-batches-py/test_batch,1684,automobile,ship,0.9340487718582153,False,True,/home/tariq/Desktop/Awais-Tariq/base-KD/reports/cifar10_full_audit/mamba_kd_from_scratch_vit/failure_images/01684_true-automobile_pred-ship.png,false_negative_for_automobile;false_positive_for_ship
1685,cifar10_test_01685,/home/tariq/Desktop/Awais-Tariq/base-KD/data/cifar-10-batches-py/test_batch,1685,ship,truck,0.4871637523174286,False,False,/home/tariq/Desktop/Awais-Tariq/base-KD/reports/cifar10_full_audit/mamba_kd_from_scratch_vit/failure_images/01685_true-ship_pred-truck.png,false_negative_for_ship;false_positive_for_truck
1693,cifar10_test_01693,/home/tariq/Desktop/Awais-Tariq/base-KD/data/cifar-10-batches-py/test_batch,1693,deer,airplane,0.8073045611381531,False,True,/home/tariq/Desktop/Awais-Tariq/base-KD/reports/cifar10_full_audit/mamba_kd_from_scratch_vit/failure_images/01693_true-deer_pred-airplane.png,false_negative_for_deer;false_positive_for_airplane
1713,cifar10_test_01713,/home/tariq/Desktop/Awais-Tariq/base-KD/data/cifar-10-batches-py/test_batch,1713,ship,automobile,0.8498001098632812,False,True,/home/tariq/Desktop/Awais-Tariq/base-KD/reports/cifar10_full_audit/mamba_kd_from_scratch_vit/failure_images/01713_true-ship_pred-automobile.png,false_negative_for_ship;false_positive_for_automobile
1714,cifar10_test_01714,/home/tariq/Desktop/Awais-Tariq/base-KD/data/cifar-10-batches-py/test_batch,1714,airplane,bird,0.6450811624526978,False,True,/home/tariq/Desktop/Awais-Tariq/base-KD/reports/cifar10_full_audit/mamba_kd_from_scratch_vit/failure_images/01714_true-airplane_pred-bird.png,false_negative_for_airplane;false_positive_for_bird
1715,cifar10_test_01715,/home/tariq/Desktop/Awais-Tariq/base-KD/data/cifar-10-batches-py/test_batch,1715,cat,deer,0.6623765230178833,False,True,/home/tariq/Desktop/Awais-Tariq/base-KD/reports/cifar10_full_audit/mamba_kd_from_scratch_vit/failure_images/01715_true-cat_pred-deer.png,false_negative_for_cat;false_positive_for_deer
1718,cifar10_test_01718,/home/tariq/Desktop/Awais-Tariq/base-KD/data/cifar-10-batches-py/test_batch,1718,airplane,ship,0.754294753074646,False,True,/home/tariq/Desktop/Awais-Tariq/base-KD/reports/cifar10_full_audit/mamba_kd_from_scratch_vit/failure_images/01718_true-airplane_pred-ship.png,false_negative_for_airplane;false_positive_for_ship
1727,cifar10_test_01727,/home/tariq/Desktop/Awais-Tariq/base-KD/data/cifar-10-batches-py/test_batch,1727,truck,automobile,0.8599631786346436,False,True,/home/tariq/Desktop/Awais-Tariq/base-KD/reports/cifar10_full_audit/mamba_kd_from_scratch_vit/failure_images/01727_true-truck_pred-automobile.png,false_negative_for_truck;false_positive_for_automobile
1731,cifar10_test_01731,/home/tariq/Desktop/Awais-Tariq/base-KD/data/cifar-10-batches-py/test_batch,1731,dog,frog,0.9484442472457886,False,True,/home/tariq/Desktop/Awais-Tariq/base-KD/reports/cifar10_full_audit/mamba_kd_from_scratch_vit/failure_images/01731_true-dog_pred-frog.png,false_negative_for_dog;false_positive_for_frog
1732,cifar10_test_01732,/home/tariq/Desktop/Awais-Tariq/base-KD/data/cifar-10-batches-py/test_batch,1732,truck,automobile,0.9145628213882446,False,True,/home/tariq/Desktop/Awais-Tariq/base-KD/reports/cifar10_full_audit/mamba_kd_from_scratch_vit/failure_images/01732_true-truck_pred-automobile.png,false_negative_for_truck;false_positive_for_automobile
1737,cifar10_test_01737,/home/tariq/Desktop/Awais-Tariq/base-KD/data/cifar-10-batches-py/test_batch,1737,frog,horse,0.6917346715927124,False,True,/home/tariq/Desktop/Awais-Tariq/base-KD/reports/cifar10_full_audit/mamba_kd_from_scratch_vit/failure_images/01737_true-frog_pred-horse.png,false_negative_for_frog;false_positive_for_horse
1739,cifar10_test_01739,/home/tariq/Desktop/Awais-Tariq/base-KD/data/cifar-10-batches-py/test_batch,1739,airplane,truck,0.9126217365264893,False,True,/home/tariq/Desktop/Awais-Tariq/base-KD/reports/cifar10_full_audit/mamba_kd_from_scratch_vit/failure_images/01739_true-airplane_pred-truck.png,false_negative_for_airplane;false_positive_for_truck
1756,cifar10_test_01756,/home/tariq/Desktop/Awais-Tariq/base-KD/data/cifar-10-batches-py/test_batch,1756,bird,cat,0.5805281400680542,False,True,/home/tariq/Desktop/Awais-Tariq/base-KD/reports/cifar10_full_audit/mamba_kd_from_scratch_vit/failure_images/01756_true-bird_pred-cat.png,false_negative_for_bird;false_positive_for_cat
1779,cifar10_test_01779,/home/tariq/Desktop/Awais-Tariq/base-KD/data/cifar-10-batches-py/test_batch,1779,cat,dog,0.9666435122489929,False,True,/home/tariq/Desktop/Awais-Tariq/base-KD/reports/cifar10_full_audit/mamba_kd_from_scratch_vit/failure_images/01779_true-cat_pred-dog.png,false_negative_for_cat;false_positive_for_dog
1787,cifar10_test_01787,/home/tariq/Desktop/Awais-Tariq/base-KD/data/cifar-10-batches-py/test_batch,1787,cat,dog,0.9537020921707153,False,True,/home/tariq/Desktop/Awais-Tariq/base-KD/reports/cifar10_full_audit/mamba_kd_from_scratch_vit/failure_images/01787_true-cat_pred-dog.png,false_negative_for_cat;false_positive_for_dog
1788,cifar10_test_01788,/home/tariq/Desktop/Awais-Tariq/base-KD/data/cifar-10-batches-py/test_batch,1788,cat,frog,0.5130030512809753,False,True,/home/tariq/Desktop/Awais-Tariq/base-KD/reports/cifar10_full_audit/mamba_kd_from_scratch_vit/failure_images/01788_true-cat_pred-frog.png,false_negative_for_cat;false_positive_for_frog
1791,cifar10_test_01791,/home/tariq/Desktop/Awais-Tariq/base-KD/data/cifar-10-batches-py/test_batch,1791,deer,frog,0.9505075216293335,False,True,/home/tariq/Desktop/Awais-Tariq/base-KD/reports/cifar10_full_audit/mamba_kd_from_scratch_vit/failure_images/01791_true-deer_pred-frog.png,false_negative_for_deer;false_positive_for_frog
1823,cifar10_test_01823,/home/tariq/Desktop/Awais-Tariq/base-KD/data/cifar-10-batches-py/test_batch,1823,airplane,horse,0.7383320331573486,False,True,/home/tariq/Desktop/Awais-Tariq/base-KD/reports/cifar10_full_audit/mamba_kd_from_scratch_vit/failure_images/01823_true-airplane_pred-horse.png,false_negative_for_airplane;false_positive_for_horse
1835,cifar10_test_01835,/home/tariq/Desktop/Awais-Tariq/base-KD/data/cifar-10-batches-py/test_batch,1835,airplane,cat,0.7139407396316528,False,True,/home/tariq/Desktop/Awais-Tariq/base-KD/reports/cifar10_full_audit/mamba_kd_from_scratch_vit/failure_images/01835_true-airplane_pred-cat.png,false_negative_for_airplane;false_positive_for_cat
1841,cifar10_test_01841,/home/tariq/Desktop/Awais-Tariq/base-KD/data/cifar-10-batches-py/test_batch,1841,truck,automobile,0.6089980602264404,False,True,/home/tariq/Desktop/Awais-Tariq/base-KD/reports/cifar10_full_audit/mamba_kd_from_scratch_vit/failure_images/01841_true-truck_pred-automobile.png,false_negative_for_truck;false_positive_for_automobile
1850,cifar10_test_01850,/home/tariq/Desktop/Awais-Tariq/base-KD/data/cifar-10-batches-py/test_batch,1850,automobile,truck,0.5072906017303467,False,True,/home/tariq/Desktop/Awais-Tariq/base-KD/reports/cifar10_full_audit/mamba_kd_from_scratch_vit/failure_images/01850_true-automobile_pred-truck.png,false_negative_for_automobile;false_positive_for_truck
1852,cifar10_test_01852,/home/tariq/Desktop/Awais-Tariq/base-KD/data/cifar-10-batches-py/test_batch,1852,bird,truck,0.8676642775535583,False,True,/home/tariq/Desktop/Awais-Tariq/base-KD/reports/cifar10_full_audit/mamba_kd_from_scratch_vit/failure_images/01852_true-bird_pred-truck.png,false_negative_for_bird;false_positive_for_truck
1858,cifar10_test_01858,/home/tariq/Desktop/Awais-Tariq/base-KD/data/cifar-10-batches-py/test_batch,1858,deer,horse,0.6174886226654053,False,True,/home/tariq/Desktop/Awais-Tariq/base-KD/reports/cifar10_full_audit/mamba_kd_from_scratch_vit/failure_images/01858_true-deer_pred-horse.png,false_negative_for_deer;false_positive_for_horse
1862,cifar10_test_01862,/home/tariq/Desktop/Awais-Tariq/base-KD/data/cifar-10-batches-py/test_batch,1862,dog,deer,0.9482346177101135,False,True,/home/tariq/Desktop/Awais-Tariq/base-KD/reports/cifar10_full_audit/mamba_kd_from_scratch_vit/failure_images/01862_true-dog_pred-deer.png,false_negative_for_dog;false_positive_for_deer
1868,cifar10_test_01868,/home/tariq/Desktop/Awais-Tariq/base-KD/data/cifar-10-batches-py/test_batch,1868,bird,horse,0.7600634694099426,False,True,/home/tariq/Desktop/Awais-Tariq/base-KD/reports/cifar10_full_audit/mamba_kd_from_scratch_vit/failure_images/01868_true-bird_pred-horse.png,false_negative_for_bird;false_positive_for_horse
1884,cifar10_test_01884,/home/tariq/Desktop/Awais-Tariq/base-KD/data/cifar-10-batches-py/test_batch,1884,horse,dog,0.9191116690635681,False,True,/home/tariq/Desktop/Awais-Tariq/base-KD/reports/cifar10_full_audit/mamba_kd_from_scratch_vit/failure_images/01884_true-horse_pred-dog.png,false_negative_for_horse;false_positive_for_dog
1886,cifar10_test_01886,/home/tariq/Desktop/Awais-Tariq/base-KD/data/cifar-10-batches-py/test_batch,1886,ship,truck,0.5094114542007446,False,True,/home/tariq/Desktop/Awais-Tariq/base-KD/reports/cifar10_full_audit/mamba_kd_from_scratch_vit/failure_images/01886_true-ship_pred-truck.png,false_negative_for_ship;false_positive_for_truck
1895,cifar10_test_01895,/home/tariq/Desktop/Awais-Tariq/base-KD/data/cifar-10-batches-py/test_batch,1895,ship,bird,0.8022636771202087,False,True,/home/tariq/Desktop/Awais-Tariq/base-KD/reports/cifar10_full_audit/mamba_kd_from_scratch_vit/failure_images/01895_true-ship_pred-bird.png,false_negative_for_ship;false_positive_for_bird
1905,cifar10_test_01905,/home/tariq/Desktop/Awais-Tariq/base-KD/data/cifar-10-batches-py/test_batch,1905,cat,frog,0.7535023093223572,False,True,/home/tariq/Desktop/Awais-Tariq/base-KD/reports/cifar10_full_audit/mamba_kd_from_scratch_vit/failure_images/01905_true-cat_pred-frog.png,false_negative_for_cat;false_positive_for_frog
1906,cifar10_test_01906,/home/tariq/Desktop/Awais-Tariq/base-KD/data/cifar-10-batches-py/test_batch,1906,truck,dog,0.7826207876205444,False,True,/home/tariq/Desktop/Awais-Tariq/base-KD/reports/cifar10_full_audit/mamba_kd_from_scratch_vit/failure_images/01906_true-truck_pred-dog.png,false_negative_for_truck;false_positive_for_dog
1908,cifar10_test_01908,/home/tariq/Desktop/Awais-Tariq/base-KD/data/cifar-10-batches-py/test_batch,1908,dog,cat,0.707938015460968,False,True,/home/tariq/Desktop/Awais-Tariq/base-KD/reports/cifar10_full_audit/mamba_kd_from_scratch_vit/failure_images/01908_true-dog_pred-cat.png,false_negative_for_dog;false_positive_for_cat
1933,cifar10_test_01933,/home/tariq/Desktop/Awais-Tariq/base-KD/data/cifar-10-batches-py/test_batch,1933,cat,dog,0.6918010115623474,False,True,/home/tariq/Desktop/Awais-Tariq/base-KD/reports/cifar10_full_audit/mamba_kd_from_scratch_vit/failure_images/01933_true-cat_pred-dog.png,false_negative_for_cat;false_positive_for_dog
1934,cifar10_test_01934,/home/tariq/Desktop/Awais-Tariq/base-KD/data/cifar-10-batches-py/test_batch,1934,horse,bird,0.45315951108932495,False,True,/home/tariq/Desktop/Awais-Tariq/base-KD/reports/cifar10_full_audit/mamba_kd_from_scratch_vit/failure_images/01934_true-horse_pred-bird.png,false_negative_for_horse;false_positive_for_bird
1935,cifar10_test_01935,/home/tariq/Desktop/Awais-Tariq/base-KD/data/cifar-10-batches-py/test_batch,1935,frog,cat,0.5243449211120605,False,False,/home/tariq/Desktop/Awais-Tariq/base-KD/reports/cifar10_full_audit/mamba_kd_from_scratch_vit/failure_images/01935_true-frog_pred-cat.png,false_negative_for_frog;false_positive_for_cat
1937,cifar10_test_01937,/home/tariq/Desktop/Awais-Tariq/base-KD/data/cifar-10-batches-py/test_batch,1937,automobile,truck,0.9874123334884644,False,True,/home/tariq/Desktop/Awais-Tariq/base-KD/reports/cifar10_full_audit/mamba_kd_from_scratch_vit/failure_images/01937_true-automobile_pred-truck.png,false_negative_for_automobile;false_positive_for_truck
1938,cifar10_test_01938,/home/tariq/Desktop/Awais-Tariq/base-KD/data/cifar-10-batches-py/test_batch,1938,ship,airplane,0.8944408297538757,False,True,/home/tariq/Desktop/Awais-Tariq/base-KD/reports/cifar10_full_audit/mamba_kd_from_scratch_vit/failure_images/01938_true-ship_pred-airplane.png,false_negative_for_ship;false_positive_for_airplane
1939,cifar10_test_01939,/home/tariq/Desktop/Awais-Tariq/base-KD/data/cifar-10-batches-py/test_batch,1939,frog,dog,0.48821234703063965,False,True,/home/tariq/Desktop/Awais-Tariq/base-KD/reports/cifar10_full_audit/mamba_kd_from_scratch_vit/failure_images/01939_true-frog_pred-dog.png,false_negative_for_frog;false_positive_for_dog
1954,cifar10_test_01954,/home/tariq/Desktop/Awais-Tariq/base-KD/data/cifar-10-batches-py/test_batch,1954,bird,airplane,0.9817242622375488,False,True,/home/tariq/Desktop/Awais-Tariq/base-KD/reports/cifar10_full_audit/mamba_kd_from_scratch_vit/failure_images/01954_true-bird_pred-airplane.png,false_negative_for_bird;false_positive_for_airplane
1955,cifar10_test_01955,/home/tariq/Desktop/Awais-Tariq/base-KD/data/cifar-10-batches-py/test_batch,1955,bird,horse,0.9449359178543091,False,True,/home/tariq/Desktop/Awais-Tariq/base-KD/reports/cifar10_full_audit/mamba_kd_from_scratch_vit/failure_images/01955_true-bird_pred-horse.png,false_negative_for_bird;false_positive_for_horse
1957,cifar10_test_01957,/home/tariq/Desktop/Awais-Tariq/base-KD/data/cifar-10-batches-py/test_batch,1957,cat,dog,0.9573653936386108,False,True,/home/tariq/Desktop/Awais-Tariq/base-KD/reports/cifar10_full_audit/mamba_kd_from_scratch_vit/failure_images/01957_true-cat_pred-dog.png,false_negative_for_cat;false_positive_for_dog
1969,cifar10_test_01969,/home/tariq/Desktop/Awais-Tariq/base-KD/data/cifar-10-batches-py/test_batch,1969,automobile,truck,0.9336398243904114,False,True,/home/tariq/Desktop/Awais-Tariq/base-KD/reports/cifar10_full_audit/mamba_kd_from_scratch_vit/failure_images/01969_true-automobile_pred-truck.png,false_negative_for_automobile;false_positive_for_truck
1983,cifar10_test_01983,/home/tariq/Desktop/Awais-Tariq/base-KD/data/cifar-10-batches-py/test_batch,1983,ship,bird,0.9970859885215759,False,False,/home/tariq/Desktop/Awais-Tariq/base-KD/reports/cifar10_full_audit/mamba_kd_from_scratch_vit/failure_images/01983_true-ship_pred-bird.png,false_negative_for_ship;false_positive_for_bird
1990,cifar10_test_01990,/home/tariq/Desktop/Awais-Tariq/base-KD/data/cifar-10-batches-py/test_batch,1990,deer,horse,0.5330641269683838,False,True,/home/tariq/Desktop/Awais-Tariq/base-KD/reports/cifar10_full_audit/mamba_kd_from_scratch_vit/failure_images/01990_true-deer_pred-horse.png,false_negative_for_deer;false_positive_for_horse
1996,cifar10_test_01996,/home/tariq/Desktop/Awais-Tariq/base-KD/data/cifar-10-batches-py/test_batch,1996,cat,dog,0.9991519451141357,False,True,/home/tariq/Desktop/Awais-Tariq/base-KD/reports/cifar10_full_audit/mamba_kd_from_scratch_vit/failure_images/01996_true-cat_pred-dog.png,false_negative_for_cat;false_positive_for_dog
2002,cifar10_test_02002,/home/tariq/Desktop/Awais-Tariq/base-KD/data/cifar-10-batches-py/test_batch,2002,deer,cat,0.5768164992332458,False,True,/home/tariq/Desktop/Awais-Tariq/base-KD/reports/cifar10_full_audit/mamba_kd_from_scratch_vit/failure_images/02002_true-deer_pred-cat.png,false_negative_for_deer;false_positive_for_cat
2018,cifar10_test_02018,/home/tariq/Desktop/Awais-Tariq/base-KD/data/cifar-10-batches-py/test_batch,2018,cat,bird,0.6030989289283752,False,True,/home/tariq/Desktop/Awais-Tariq/base-KD/reports/cifar10_full_audit/mamba_kd_from_scratch_vit/failure_images/02018_true-cat_pred-bird.png,false_negative_for_cat;false_positive_for_bird
2021,cifar10_test_02021,/home/tariq/Desktop/Awais-Tariq/base-KD/data/cifar-10-batches-py/test_batch,2021,ship,airplane,0.5336012840270996,False,True,/home/tariq/Desktop/Awais-Tariq/base-KD/reports/cifar10_full_audit/mamba_kd_from_scratch_vit/failure_images/02021_true-ship_pred-airplane.png,false_negative_for_ship;false_positive_for_airplane
2029,cifar10_test_02029,/home/tariq/Desktop/Awais-Tariq/base-KD/data/cifar-10-batches-py/test_batch,2029,cat,frog,0.47672685980796814,False,True,/home/tariq/Desktop/Awais-Tariq/base-KD/reports/cifar10_full_audit/mamba_kd_from_scratch_vit/failure_images/02029_true-cat_pred-frog.png,false_negative_for_cat;false_positive_for_frog
2033,cifar10_test_02033,/home/tariq/Desktop/Awais-Tariq/base-KD/data/cifar-10-batches-py/test_batch,2033,bird,deer,0.9900920987129211,False,True,/home/tariq/Desktop/Awais-Tariq/base-KD/reports/cifar10_full_audit/mamba_kd_from_scratch_vit/failure_images/02033_true-bird_pred-deer.png,false_negative_for_bird;false_positive_for_deer
2034,cifar10_test_02034,/home/tariq/Desktop/Awais-Tariq/base-KD/data/cifar-10-batches-py/test_batch,2034,cat,deer,0.5891659259796143,False,True,/home/tariq/Desktop/Awais-Tariq/base-KD/reports/cifar10_full_audit/mamba_kd_from_scratch_vit/failure_images/02034_true-cat_pred-deer.png,false_negative_for_cat;false_positive_for_deer
2037,cifar10_test_02037,/home/tariq/Desktop/Awais-Tariq/base-KD/data/cifar-10-batches-py/test_batch,2037,dog,cat,0.6563127636909485,False,True,/home/tariq/Desktop/Awais-Tariq/base-KD/reports/cifar10_full_audit/mamba_kd_from_scratch_vit/failure_images/02037_true-dog_pred-cat.png,false_negative_for_dog;false_positive_for_cat
2038,cifar10_test_02038,/home/tariq/Desktop/Awais-Tariq/base-KD/data/cifar-10-batches-py/test_batch,2038,bird,airplane,0.3635109066963196,False,True,/home/tariq/Desktop/Awais-Tariq/base-KD/reports/cifar10_full_audit/mamba_kd_from_scratch_vit/failure_images/02038_true-bird_pred-airplane.png,false_negative_for_bird;false_positive_for_airplane
2059,cifar10_test_02059,/home/tariq/Desktop/Awais-Tariq/base-KD/data/cifar-10-batches-py/test_batch,2059,truck,airplane,0.477627158164978,False,True,/home/tariq/Desktop/Awais-Tariq/base-KD/reports/cifar10_full_audit/mamba_kd_from_scratch_vit/failure_images/02059_true-truck_pred-airplane.png,false_negative_for_truck;false_positive_for_airplane
2061,cifar10_test_02061,/home/tariq/Desktop/Awais-Tariq/base-KD/data/cifar-10-batches-py/test_batch,2061,dog,cat,0.7393245100975037,False,True,/home/tariq/Desktop/Awais-Tariq/base-KD/reports/cifar10_full_audit/mamba_kd_from_scratch_vit/failure_images/02061_true-dog_pred-cat.png,false_negative_for_dog;false_positive_for_cat
2065,cifar10_test_02065,/home/tariq/Desktop/Awais-Tariq/base-KD/data/cifar-10-batches-py/test_batch,2065,bird,deer,0.9076511263847351,False,True,/home/tariq/Desktop/Awais-Tariq/base-KD/reports/cifar10_full_audit/mamba_kd_from_scratch_vit/failure_images/02065_true-bird_pred-deer.png,false_negative_for_bird;false_positive_for_deer
2078,cifar10_test_02078,/home/tariq/Desktop/Awais-Tariq/base-KD/data/cifar-10-batches-py/test_batch,2078,bird,frog,0.9608381390571594,False,True,/home/tariq/Desktop/Awais-Tariq/base-KD/reports/cifar10_full_audit/mamba_kd_from_scratch_vit/failure_images/02078_true-bird_pred-frog.png,false_negative_for_bird;false_positive_for_frog
2081,cifar10_test_02081,/home/tariq/Desktop/Awais-Tariq/base-KD/data/cifar-10-batches-py/test_batch,2081,cat,frog,0.896761953830719,False,True,/home/tariq/Desktop/Awais-Tariq/base-KD/reports/cifar10_full_audit/mamba_kd_from_scratch_vit/failure_images/02081_true-cat_pred-frog.png,false_negative_for_cat;false_positive_for_frog
2083,cifar10_test_02083,/home/tariq/Desktop/Awais-Tariq/base-KD/data/cifar-10-batches-py/test_batch,2083,bird,cat,0.5316577553749084,False,True,/home/tariq/Desktop/Awais-Tariq/base-KD/reports/cifar10_full_audit/mamba_kd_from_scratch_vit/failure_images/02083_true-bird_pred-cat.png,false_negative_for_bird;false_positive_for_cat
2108,cifar10_test_02108,/home/tariq/Desktop/Awais-Tariq/base-KD/data/cifar-10-batches-py/test_batch,2108,deer,dog,0.8425769805908203,False,True,/home/tariq/Desktop/Awais-Tariq/base-KD/reports/cifar10_full_audit/mamba_kd_from_scratch_vit/failure_images/02108_true-deer_pred-dog.png,false_negative_for_deer;false_positive_for_dog
2120,cifar10_test_02120,/home/tariq/Desktop/Awais-Tariq/base-KD/data/cifar-10-batches-py/test_batch,2120,deer,ship,0.9822056889533997,False,True,/home/tariq/Desktop/Awais-Tariq/base-KD/reports/cifar10_full_audit/mamba_kd_from_scratch_vit/failure_images/02120_true-deer_pred-ship.png,false_negative_for_deer;false_positive_for_ship
2127,cifar10_test_02127,/home/tariq/Desktop/Awais-Tariq/base-KD/data/cifar-10-batches-py/test_batch,2127,bird,dog,0.961707592010498,False,False,/home/tariq/Desktop/Awais-Tariq/base-KD/reports/cifar10_full_audit/mamba_kd_from_scratch_vit/failure_images/02127_true-bird_pred-dog.png,false_negative_for_bird;false_positive_for_dog
2136,cifar10_test_02136,/home/tariq/Desktop/Awais-Tariq/base-KD/data/cifar-10-batches-py/test_batch,2136,airplane,truck,0.9245998859405518,False,True,/home/tariq/Desktop/Awais-Tariq/base-KD/reports/cifar10_full_audit/mamba_kd_from_scratch_vit/failure_images/02136_true-airplane_pred-truck.png,false_negative_for_airplane;false_positive_for_truck
2159,cifar10_test_02159,/home/tariq/Desktop/Awais-Tariq/base-KD/data/cifar-10-batches-py/test_batch,2159,ship,truck,0.9901173710823059,False,True,/home/tariq/Desktop/Awais-Tariq/base-KD/reports/cifar10_full_audit/mamba_kd_from_scratch_vit/failure_images/02159_true-ship_pred-truck.png,false_negative_for_ship;false_positive_for_truck
2166,cifar10_test_02166,/home/tariq/Desktop/Awais-Tariq/base-KD/data/cifar-10-batches-py/test_batch,2166,airplane,bird,0.8946571946144104,False,True,/home/tariq/Desktop/Awais-Tariq/base-KD/reports/cifar10_full_audit/mamba_kd_from_scratch_vit/failure_images/02166_true-airplane_pred-bird.png,false_negative_for_airplane;false_positive_for_bird
2172,cifar10_test_02172,/home/tariq/Desktop/Awais-Tariq/base-KD/data/cifar-10-batches-py/test_batch,2172,dog,horse,0.9627624750137329,False,True,/home/tariq/Desktop/Awais-Tariq/base-KD/reports/cifar10_full_audit/mamba_kd_from_scratch_vit/failure_images/02172_true-dog_pred-horse.png,false_negative_for_dog;false_positive_for_horse
2175,cifar10_test_02175,/home/tariq/Desktop/Awais-Tariq/base-KD/data/cifar-10-batches-py/test_batch,2175,cat,dog,0.6667270660400391,False,True,/home/tariq/Desktop/Awais-Tariq/base-KD/reports/cifar10_full_audit/mamba_kd_from_scratch_vit/failure_images/02175_true-cat_pred-dog.png,false_negative_for_cat;false_positive_for_dog
2187,cifar10_test_02187,/home/tariq/Desktop/Awais-Tariq/base-KD/data/cifar-10-batches-py/test_batch,2187,dog,cat,0.7373136878013611,False,True,/home/tariq/Desktop/Awais-Tariq/base-KD/reports/cifar10_full_audit/mamba_kd_from_scratch_vit/failure_images/02187_true-dog_pred-cat.png,false_negative_for_dog;false_positive_for_cat
2190,cifar10_test_02190,/home/tariq/Desktop/Awais-Tariq/base-KD/data/cifar-10-batches-py/test_batch,2190,truck,automobile,0.9063184261322021,False,True,/home/tariq/Desktop/Awais-Tariq/base-KD/reports/cifar10_full_audit/mamba_kd_from_scratch_vit/failure_images/02190_true-truck_pred-automobile.png,false_negative_for_truck;false_positive_for_automobile
2195,cifar10_test_02195,/home/tariq/Desktop/Awais-Tariq/base-KD/data/cifar-10-batches-py/test_batch,2195,deer,frog,0.620587944984436,False,True,/home/tariq/Desktop/Awais-Tariq/base-KD/reports/cifar10_full_audit/mamba_kd_from_scratch_vit/failure_images/02195_true-deer_pred-frog.png,false_negative_for_deer;false_positive_for_frog
2213,cifar10_test_02213,/home/tariq/Desktop/Awais-Tariq/base-KD/data/cifar-10-batches-py/test_batch,2213,deer,bird,0.9955428242683411,False,True,/home/tariq/Desktop/Awais-Tariq/base-KD/reports/cifar10_full_audit/mamba_kd_from_scratch_vit/failure_images/02213_true-deer_pred-bird.png,false_negative_for_deer;false_positive_for_bird
2226,cifar10_test_02226,/home/tariq/Desktop/Awais-Tariq/base-KD/data/cifar-10-batches-py/test_batch,2226,bird,frog,0.9985285997390747,False,True,/home/tariq/Desktop/Awais-Tariq/base-KD/reports/cifar10_full_audit/mamba_kd_from_scratch_vit/failure_images/02226_true-bird_pred-frog.png,false_negative_for_bird;false_positive_for_frog
2232,cifar10_test_02232,/home/tariq/Desktop/Awais-Tariq/base-KD/data/cifar-10-batches-py/test_batch,2232,airplane,dog,0.612358808517456,False,False,/home/tariq/Desktop/Awais-Tariq/base-KD/reports/cifar10_full_audit/mamba_kd_from_scratch_vit/failure_images/02232_true-airplane_pred-dog.png,false_negative_for_airplane;false_positive_for_dog
2242,cifar10_test_02242,/home/tariq/Desktop/Awais-Tariq/base-KD/data/cifar-10-batches-py/test_batch,2242,bird,frog,0.44887977838516235,False,True,/home/tariq/Desktop/Awais-Tariq/base-KD/reports/cifar10_full_audit/mamba_kd_from_scratch_vit/failure_images/02242_true-bird_pred-frog.png,false_negative_for_bird;false_positive_for_frog
2246,cifar10_test_02246,/home/tariq/Desktop/Awais-Tariq/base-KD/data/cifar-10-batches-py/test_batch,2246,truck,automobile,0.9433377981185913,False,True,/home/tariq/Desktop/Awais-Tariq/base-KD/reports/cifar10_full_audit/mamba_kd_from_scratch_vit/failure_images/02246_true-truck_pred-automobile.png,false_negative_for_truck;false_positive_for_automobile
2251,cifar10_test_02251,/home/tariq/Desktop/Awais-Tariq/base-KD/data/cifar-10-batches-py/test_batch,2251,frog,dog,0.4993817210197449,False,True,/home/tariq/Desktop/Awais-Tariq/base-KD/reports/cifar10_full_audit/mamba_kd_from_scratch_vit/failure_images/02251_true-frog_pred-dog.png,false_negative_for_frog;false_positive_for_dog
2253,cifar10_test_02253,/home/tariq/Desktop/Awais-Tariq/base-KD/data/cifar-10-batches-py/test_batch,2253,cat,dog,0.9461345672607422,False,True,/home/tariq/Desktop/Awais-Tariq/base-KD/reports/cifar10_full_audit/mamba_kd_from_scratch_vit/failure_images/02253_true-cat_pred-dog.png,false_negative_for_cat;false_positive_for_dog
2262,cifar10_test_02262,/home/tariq/Desktop/Awais-Tariq/base-KD/data/cifar-10-batches-py/test_batch,2262,bird,deer,0.9969803690910339,False,True,/home/tariq/Desktop/Awais-Tariq/base-KD/reports/cifar10_full_audit/mamba_kd_from_scratch_vit/failure_images/02262_true-bird_pred-deer.png,false_negative_for_bird;false_positive_for_deer
2270,cifar10_test_02270,/home/tariq/Desktop/Awais-Tariq/base-KD/data/cifar-10-batches-py/test_batch,2270,bird,deer,0.9369407892227173,False,True,/home/tariq/Desktop/Awais-Tariq/base-KD/reports/cifar10_full_audit/mamba_kd_from_scratch_vit/failure_images/02270_true-bird_pred-deer.png,false_negative_for_bird;false_positive_for_deer
2271,cifar10_test_02271,/home/tariq/Desktop/Awais-Tariq/base-KD/data/cifar-10-batches-py/test_batch,2271,truck,ship,0.8561590909957886,False,True,/home/tariq/Desktop/Awais-Tariq/base-KD/reports/cifar10_full_audit/mamba_kd_from_scratch_vit/failure_images/02271_true-truck_pred-ship.png,false_negative_for_truck;false_positive_for_ship
2293,cifar10_test_02293,/home/tariq/Desktop/Awais-Tariq/base-KD/data/cifar-10-batches-py/test_batch,2293,ship,frog,0.34251686930656433,False,True,/home/tariq/Desktop/Awais-Tariq/base-KD/reports/cifar10_full_audit/mamba_kd_from_scratch_vit/failure_images/02293_true-ship_pred-frog.png,false_negative_for_ship;false_positive_for_frog
2294,cifar10_test_02294,/home/tariq/Desktop/Awais-Tariq/base-KD/data/cifar-10-batches-py/test_batch,2294,automobile,truck,0.9982511401176453,False,True,/home/tariq/Desktop/Awais-Tariq/base-KD/reports/cifar10_full_audit/mamba_kd_from_scratch_vit/failure_images/02294_true-automobile_pred-truck.png,false_negative_for_automobile;false_positive_for_truck
2299,cifar10_test_02299,/home/tariq/Desktop/Awais-Tariq/base-KD/data/cifar-10-batches-py/test_batch,2299,frog,cat,0.6222240328788757,False,True,/home/tariq/Desktop/Awais-Tariq/base-KD/reports/cifar10_full_audit/mamba_kd_from_scratch_vit/failure_images/02299_true-frog_pred-cat.png,false_negative_for_frog;false_positive_for_cat
2300,cifar10_test_02300,/home/tariq/Desktop/Awais-Tariq/base-KD/data/cifar-10-batches-py/test_batch,2300,cat,ship,0.9542225003242493,False,True,/home/tariq/Desktop/Awais-Tariq/base-KD/reports/cifar10_full_audit/mamba_kd_from_scratch_vit/failure_images/02300_true-cat_pred-ship.png,false_negative_for_cat;false_positive_for_ship
2305,cifar10_test_02305,/home/tariq/Desktop/Awais-Tariq/base-KD/data/cifar-10-batches-py/test_batch,2305,truck,bird,0.9671033620834351,False,True,/home/tariq/Desktop/Awais-Tariq/base-KD/reports/cifar10_full_audit/mamba_kd_from_scratch_vit/failure_images/02305_true-truck_pred-bird.png,false_negative_for_truck;false_positive_for_bird
2325,cifar10_test_02325,/home/tariq/Desktop/Awais-Tariq/base-KD/data/cifar-10-batches-py/test_batch,2325,horse,bird,0.6468048691749573,False,True,/home/tariq/Desktop/Awais-Tariq/base-KD/reports/cifar10_full_audit/mamba_kd_from_scratch_vit/failure_images/02325_true-horse_pred-bird.png,false_negative_for_horse;false_positive_for_bird
2331,cifar10_test_02331,/home/tariq/Desktop/Awais-Tariq/base-KD/data/cifar-10-batches-py/test_batch,2331,bird,deer,0.9198622107505798,False,True,/home/tariq/Desktop/Awais-Tariq/base-KD/reports/cifar10_full_audit/mamba_kd_from_scratch_vit/failure_images/02331_true-bird_pred-deer.png,false_negative_for_bird;false_positive_for_deer
2350,cifar10_test_02350,/home/tariq/Desktop/Awais-Tariq/base-KD/data/cifar-10-batches-py/test_batch,2350,cat,dog,0.988174557685852,False,True,/home/tariq/Desktop/Awais-Tariq/base-KD/reports/cifar10_full_audit/mamba_kd_from_scratch_vit/failure_images/02350_true-cat_pred-dog.png,false_negative_for_cat;false_positive_for_dog
2351,cifar10_test_02351,/home/tariq/Desktop/Awais-Tariq/base-KD/data/cifar-10-batches-py/test_batch,2351,automobile,truck,0.9958391189575195,False,True,/home/tariq/Desktop/Awais-Tariq/base-KD/reports/cifar10_full_audit/mamba_kd_from_scratch_vit/failure_images/02351_true-automobile_pred-truck.png,false_negative_for_automobile;false_positive_for_truck
2379,cifar10_test_02379,/home/tariq/Desktop/Awais-Tariq/base-KD/data/cifar-10-batches-py/test_batch,2379,airplane,ship,0.9841736555099487,False,True,/home/tariq/Desktop/Awais-Tariq/base-KD/reports/cifar10_full_audit/mamba_kd_from_scratch_vit/failure_images/02379_true-airplane_pred-ship.png,false_negative_for_airplane;false_positive_for_ship
2385,cifar10_test_02385,/home/tariq/Desktop/Awais-Tariq/base-KD/data/cifar-10-batches-py/test_batch,2385,deer,horse,0.5041492581367493,False,True,/home/tariq/Desktop/Awais-Tariq/base-KD/reports/cifar10_full_audit/mamba_kd_from_scratch_vit/failure_images/02385_true-deer_pred-horse.png,false_negative_for_deer;false_positive_for_horse
2405,cifar10_test_02405,/home/tariq/Desktop/Awais-Tariq/base-KD/data/cifar-10-batches-py/test_batch,2405,cat,frog,0.9999780654907227,False,False,/home/tariq/Desktop/Awais-Tariq/base-KD/reports/cifar10_full_audit/mamba_kd_from_scratch_vit/failure_images/02405_true-cat_pred-frog.png,false_negative_for_cat;false_positive_for_frog
2413,cifar10_test_02413,/home/tariq/Desktop/Awais-Tariq/base-KD/data/cifar-10-batches-py/test_batch,2413,deer,frog,0.9990410208702087,False,True,/home/tariq/Desktop/Awais-Tariq/base-KD/reports/cifar10_full_audit/mamba_kd_from_scratch_vit/failure_images/02413_true-deer_pred-frog.png,false_negative_for_deer;false_positive_for_frog
2415,cifar10_test_02415,/home/tariq/Desktop/Awais-Tariq/base-KD/data/cifar-10-batches-py/test_batch,2415,frog,dog,0.5372329354286194,False,True,/home/tariq/Desktop/Awais-Tariq/base-KD/reports/cifar10_full_audit/mamba_kd_from_scratch_vit/failure_images/02415_true-frog_pred-dog.png,false_negative_for_frog;false_positive_for_dog
2422,cifar10_test_02422,/home/tariq/Desktop/Awais-Tariq/base-KD/data/cifar-10-batches-py/test_batch,2422,cat,dog,0.9230756759643555,False,True,/home/tariq/Desktop/Awais-Tariq/base-KD/reports/cifar10_full_audit/mamba_kd_from_scratch_vit/failure_images/02422_true-cat_pred-dog.png,false_negative_for_cat;false_positive_for_dog
2423,cifar10_test_02423,/home/tariq/Desktop/Awais-Tariq/base-KD/data/cifar-10-batches-py/test_batch,2423,bird,cat,0.5243122577667236,False,True,/home/tariq/Desktop/Awais-Tariq/base-KD/reports/cifar10_full_audit/mamba_kd_from_scratch_vit/failure_images/02423_true-bird_pred-cat.png,false_negative_for_bird;false_positive_for_cat
2434,cifar10_test_02434,/home/tariq/Desktop/Awais-Tariq/base-KD/data/cifar-10-batches-py/test_batch,2434,airplane,truck,0.5122928023338318,False,True,/home/tariq/Desktop/Awais-Tariq/base-KD/reports/cifar10_full_audit/mamba_kd_from_scratch_vit/failure_images/02434_true-airplane_pred-truck.png,false_negative_for_airplane;false_positive_for_truck
2435,cifar10_test_02435,/home/tariq/Desktop/Awais-Tariq/base-KD/data/cifar-10-batches-py/test_batch,2435,frog,deer,0.8998192548751831,False,True,/home/tariq/Desktop/Awais-Tariq/base-KD/reports/cifar10_full_audit/mamba_kd_from_scratch_vit/failure_images/02435_true-frog_pred-deer.png,false_negative_for_frog;false_positive_for_deer
2453,cifar10_test_02453,/home/tariq/Desktop/Awais-Tariq/base-KD/data/cifar-10-batches-py/test_batch,2453,cat,deer,0.9302543997764587,False,True,/home/tariq/Desktop/Awais-Tariq/base-KD/reports/cifar10_full_audit/mamba_kd_from_scratch_vit/failure_images/02453_true-cat_pred-deer.png,false_negative_for_cat;false_positive_for_deer
2464,cifar10_test_02464,/home/tariq/Desktop/Awais-Tariq/base-KD/data/cifar-10-batches-py/test_batch,2464,bird,frog,0.4501044452190399,False,True,/home/tariq/Desktop/Awais-Tariq/base-KD/reports/cifar10_full_audit/mamba_kd_from_scratch_vit/failure_images/02464_true-bird_pred-frog.png,false_negative_for_bird;false_positive_for_frog
2472,cifar10_test_02472,/home/tariq/Desktop/Awais-Tariq/base-KD/data/cifar-10-batches-py/test_batch,2472,dog,cat,0.7631096243858337,False,True,/home/tariq/Desktop/Awais-Tariq/base-KD/reports/cifar10_full_audit/mamba_kd_from_scratch_vit/failure_images/02472_true-dog_pred-cat.png,false_negative_for_dog;false_positive_for_cat
2486,cifar10_test_02486,/home/tariq/Desktop/Awais-Tariq/base-KD/data/cifar-10-batches-py/test_batch,2486,horse,deer,0.9983358979225159,False,True,/home/tariq/Desktop/Awais-Tariq/base-KD/reports/cifar10_full_audit/mamba_kd_from_scratch_vit/failure_images/02486_true-horse_pred-deer.png,false_negative_for_horse;false_positive_for_deer
2489,cifar10_test_02489,/home/tariq/Desktop/Awais-Tariq/base-KD/data/cifar-10-batches-py/test_batch,2489,cat,truck,0.5427672863006592,False,True,/home/tariq/Desktop/Awais-Tariq/base-KD/reports/cifar10_full_audit/mamba_kd_from_scratch_vit/failure_images/02489_true-cat_pred-truck.png,false_negative_for_cat;false_positive_for_truck
2494,cifar10_test_02494,/home/tariq/Desktop/Awais-Tariq/base-KD/data/cifar-10-batches-py/test_batch,2494,dog,bird,0.9521656632423401,False,True,/home/tariq/Desktop/Awais-Tariq/base-KD/reports/cifar10_full_audit/mamba_kd_from_scratch_vit/failure_images/02494_true-dog_pred-bird.png,false_negative_for_dog;false_positive_for_bird
2495,cifar10_test_02495,/home/tariq/Desktop/Awais-Tariq/base-KD/data/cifar-10-batches-py/test_batch,2495,truck,ship,0.7927759289741516,False,False,/home/tariq/Desktop/Awais-Tariq/base-KD/reports/cifar10_full_audit/mamba_kd_from_scratch_vit/failure_images/02495_true-truck_pred-ship.png,false_negative_for_truck;false_positive_for_ship
2500,cifar10_test_02500,/home/tariq/Desktop/Awais-Tariq/base-KD/data/cifar-10-batches-py/test_batch,2500,deer,frog,0.9166056513786316,False,True,/home/tariq/Desktop/Awais-Tariq/base-KD/reports/cifar10_full_audit/mamba_kd_from_scratch_vit/failure_images/02500_true-deer_pred-frog.png,false_negative_for_deer;false_positive_for_frog
2506,cifar10_test_02506,/home/tariq/Desktop/Awais-Tariq/base-KD/data/cifar-10-batches-py/test_batch,2506,cat,airplane,0.9169092178344727,False,True,/home/tariq/Desktop/Awais-Tariq/base-KD/reports/cifar10_full_audit/mamba_kd_from_scratch_vit/failure_images/02506_true-cat_pred-airplane.png,false_negative_for_cat;false_positive_for_airplane
2511,cifar10_test_02511,/home/tariq/Desktop/Awais-Tariq/base-KD/data/cifar-10-batches-py/test_batch,2511,ship,automobile,0.5053452849388123,False,True,/home/tariq/Desktop/Awais-Tariq/base-KD/reports/cifar10_full_audit/mamba_kd_from_scratch_vit/failure_images/02511_true-ship_pred-automobile.png,false_negative_for_ship;false_positive_for_automobile
2525,cifar10_test_02525,/home/tariq/Desktop/Awais-Tariq/base-KD/data/cifar-10-batches-py/test_batch,2525,dog,automobile,0.3344244956970215,False,False,/home/tariq/Desktop/Awais-Tariq/base-KD/reports/cifar10_full_audit/mamba_kd_from_scratch_vit/failure_images/02525_true-dog_pred-automobile.png,false_negative_for_dog;false_positive_for_automobile
2526,cifar10_test_02526,/home/tariq/Desktop/Awais-Tariq/base-KD/data/cifar-10-batches-py/test_batch,2526,cat,bird,0.9722924828529358,False,True,/home/tariq/Desktop/Awais-Tariq/base-KD/reports/cifar10_full_audit/mamba_kd_from_scratch_vit/failure_images/02526_true-cat_pred-bird.png,false_negative_for_cat;false_positive_for_bird
2532,cifar10_test_02532,/home/tariq/Desktop/Awais-Tariq/base-KD/data/cifar-10-batches-py/test_batch,2532,airplane,automobile,0.9986351132392883,False,True,/home/tariq/Desktop/Awais-Tariq/base-KD/reports/cifar10_full_audit/mamba_kd_from_scratch_vit/failure_images/02532_true-airplane_pred-automobile.png,false_negative_for_airplane;false_positive_for_automobile
2533,cifar10_test_02533,/home/tariq/Desktop/Awais-Tariq/base-KD/data/cifar-10-batches-py/test_batch,2533,ship,dog,0.606886088848114,False,False,/home/tariq/Desktop/Awais-Tariq/base-KD/reports/cifar10_full_audit/mamba_kd_from_scratch_vit/failure_images/02533_true-ship_pred-dog.png,false_negative_for_ship;false_positive_for_dog
2542,cifar10_test_02542,/home/tariq/Desktop/Awais-Tariq/base-KD/data/cifar-10-batches-py/test_batch,2542,bird,airplane,0.9443127512931824,False,True,/home/tariq/Desktop/Awais-Tariq/base-KD/reports/cifar10_full_audit/mamba_kd_from_scratch_vit/failure_images/02542_true-bird_pred-airplane.png,false_negative_for_bird;false_positive_for_airplane
2547,cifar10_test_02547,/home/tariq/Desktop/Awais-Tariq/base-KD/data/cifar-10-batches-py/test_batch,2547,deer,frog,0.9570125341415405,False,True,/home/tariq/Desktop/Awais-Tariq/base-KD/reports/cifar10_full_audit/mamba_kd_from_scratch_vit/failure_images/02547_true-deer_pred-frog.png,false_negative_for_deer;false_positive_for_frog
2551,cifar10_test_02551,/home/tariq/Desktop/Awais-Tariq/base-KD/data/cifar-10-batches-py/test_batch,2551,bird,frog,0.9022538065910339,False,True,/home/tariq/Desktop/Awais-Tariq/base-KD/reports/cifar10_full_audit/mamba_kd_from_scratch_vit/failure_images/02551_true-bird_pred-frog.png,false_negative_for_bird;false_positive_for_frog
2554,cifar10_test_02554,/home/tariq/Desktop/Awais-Tariq/base-KD/data/cifar-10-batches-py/test_batch,2554,deer,horse,0.9977880716323853,False,True,/home/tariq/Desktop/Awais-Tariq/base-KD/reports/cifar10_full_audit/mamba_kd_from_scratch_vit/failure_images/02554_true-deer_pred-horse.png,false_negative_for_deer;false_positive_for_horse
2562,cifar10_test_02562,/home/tariq/Desktop/Awais-Tariq/base-KD/data/cifar-10-batches-py/test_batch,2562,deer,cat,0.7515137791633606,False,True,/home/tariq/Desktop/Awais-Tariq/base-KD/reports/cifar10_full_audit/mamba_kd_from_scratch_vit/failure_images/02562_true-deer_pred-cat.png,false_negative_for_deer;false_positive_for_cat
2581,cifar10_test_02581,/home/tariq/Desktop/Awais-Tariq/base-KD/data/cifar-10-batches-py/test_batch,2581,deer,truck,0.7429403066635132,False,True,/home/tariq/Desktop/Awais-Tariq/base-KD/reports/cifar10_full_audit/mamba_kd_from_scratch_vit/failure_images/02581_true-deer_pred-truck.png,false_negative_for_deer;false_positive_for_truck
2585,cifar10_test_02585,/home/tariq/Desktop/Awais-Tariq/base-KD/data/cifar-10-batches-py/test_batch,2585,cat,dog,0.9806011915206909,False,True,/home/tariq/Desktop/Awais-Tariq/base-KD/reports/cifar10_full_audit/mamba_kd_from_scratch_vit/failure_images/02585_true-cat_pred-dog.png,false_negative_for_cat;false_positive_for_dog
2586,cifar10_test_02586,/home/tariq/Desktop/Awais-Tariq/base-KD/data/cifar-10-batches-py/test_batch,2586,horse,dog,0.7715822458267212,False,True,/home/tariq/Desktop/Awais-Tariq/base-KD/reports/cifar10_full_audit/mamba_kd_from_scratch_vit/failure_images/02586_true-horse_pred-dog.png,false_negative_for_horse;false_positive_for_dog
2590,cifar10_test_02590,/home/tariq/Desktop/Awais-Tariq/base-KD/data/cifar-10-batches-py/test_batch,2590,dog,cat,0.9568791389465332,False,True,/home/tariq/Desktop/Awais-Tariq/base-KD/reports/cifar10_full_audit/mamba_kd_from_scratch_vit/failure_images/02590_true-dog_pred-cat.png,false_negative_for_dog;false_positive_for_cat
2592,cifar10_test_02592,/home/tariq/Desktop/Awais-Tariq/base-KD/data/cifar-10-batches-py/test_batch,2592,bird,deer,0.9806446433067322,False,True,/home/tariq/Desktop/Awais-Tariq/base-KD/reports/cifar10_full_audit/mamba_kd_from_scratch_vit/failure_images/02592_true-bird_pred-deer.png,false_negative_for_bird;false_positive_for_deer
2596,cifar10_test_02596,/home/tariq/Desktop/Awais-Tariq/base-KD/data/cifar-10-batches-py/test_batch,2596,truck,airplane,0.5351808667182922,False,True,/home/tariq/Desktop/Awais-Tariq/base-KD/reports/cifar10_full_audit/mamba_kd_from_scratch_vit/failure_images/02596_true-truck_pred-airplane.png,false_negative_for_truck;false_positive_for_airplane
2599,cifar10_test_02599,/home/tariq/Desktop/Awais-Tariq/base-KD/data/cifar-10-batches-py/test_batch,2599,frog,cat,0.8950603008270264,False,True,/home/tariq/Desktop/Awais-Tariq/base-KD/reports/cifar10_full_audit/mamba_kd_from_scratch_vit/failure_images/02599_true-frog_pred-cat.png,false_negative_for_frog;false_positive_for_cat
2605,cifar10_test_02605,/home/tariq/Desktop/Awais-Tariq/base-KD/data/cifar-10-batches-py/test_batch,2605,deer,horse,0.8572193384170532,False,True,/home/tariq/Desktop/Awais-Tariq/base-KD/reports/cifar10_full_audit/mamba_kd_from_scratch_vit/failure_images/02605_true-deer_pred-horse.png,false_negative_for_deer;false_positive_for_horse
2628,cifar10_test_02628,/home/tariq/Desktop/Awais-Tariq/base-KD/data/cifar-10-batches-py/test_batch,2628,airplane,ship,0.9266705513000488,False,True,/home/tariq/Desktop/Awais-Tariq/base-KD/reports/cifar10_full_audit/mamba_kd_from_scratch_vit/failure_images/02628_true-airplane_pred-ship.png,false_negative_for_airplane;false_positive_for_ship
2650,cifar10_test_02650,/home/tariq/Desktop/Awais-Tariq/base-KD/data/cifar-10-batches-py/test_batch,2650,dog,horse,0.9173778891563416,False,False,/home/tariq/Desktop/Awais-Tariq/base-KD/reports/cifar10_full_audit/mamba_kd_from_scratch_vit/failure_images/02650_true-dog_pred-horse.png,false_negative_for_dog;false_positive_for_horse
2661,cifar10_test_02661,/home/tariq/Desktop/Awais-Tariq/base-KD/data/cifar-10-batches-py/test_batch,2661,cat,dog,0.7588176131248474,False,True,/home/tariq/Desktop/Awais-Tariq/base-KD/reports/cifar10_full_audit/mamba_kd_from_scratch_vit/failure_images/02661_true-cat_pred-dog.png,false_negative_for_cat;false_positive_for_dog
2676,cifar10_test_02676,/home/tariq/Desktop/Awais-Tariq/base-KD/data/cifar-10-batches-py/test_batch,2676,deer,frog,0.8491788506507874,False,True,/home/tariq/Desktop/Awais-Tariq/base-KD/reports/cifar10_full_audit/mamba_kd_from_scratch_vit/failure_images/02676_true-deer_pred-frog.png,false_negative_for_deer;false_positive_for_frog
2690,cifar10_test_02690,/home/tariq/Desktop/Awais-Tariq/base-KD/data/cifar-10-batches-py/test_batch,2690,bird,frog,0.6059631705284119,False,True,/home/tariq/Desktop/Awais-Tariq/base-KD/reports/cifar10_full_audit/mamba_kd_from_scratch_vit/failure_images/02690_true-bird_pred-frog.png,false_negative_for_bird;false_positive_for_frog
2692,cifar10_test_02692,/home/tariq/Desktop/Awais-Tariq/base-KD/data/cifar-10-batches-py/test_batch,2692,ship,automobile,0.5028488039970398,False,True,/home/tariq/Desktop/Awais-Tariq/base-KD/reports/cifar10_full_audit/mamba_kd_from_scratch_vit/failure_images/02692_true-ship_pred-automobile.png,false_negative_for_ship;false_positive_for_automobile
2699,cifar10_test_02699,/home/tariq/Desktop/Awais-Tariq/base-KD/data/cifar-10-batches-py/test_batch,2699,deer,horse,0.5696244239807129,False,True,/home/tariq/Desktop/Awais-Tariq/base-KD/reports/cifar10_full_audit/mamba_kd_from_scratch_vit/failure_images/02699_true-deer_pred-horse.png,false_negative_for_deer;false_positive_for_horse
2703,cifar10_test_02703,/home/tariq/Desktop/Awais-Tariq/base-KD/data/cifar-10-batches-py/test_batch,2703,truck,airplane,0.980418860912323,False,True,/home/tariq/Desktop/Awais-Tariq/base-KD/reports/cifar10_full_audit/mamba_kd_from_scratch_vit/failure_images/02703_true-truck_pred-airplane.png,false_negative_for_truck;false_positive_for_airplane
2708,cifar10_test_02708,/home/tariq/Desktop/Awais-Tariq/base-KD/data/cifar-10-batches-py/test_batch,2708,deer,cat,0.7953832149505615,False,True,/home/tariq/Desktop/Awais-Tariq/base-KD/reports/cifar10_full_audit/mamba_kd_from_scratch_vit/failure_images/02708_true-deer_pred-cat.png,false_negative_for_deer;false_positive_for_cat
2719,cifar10_test_02719,/home/tariq/Desktop/Awais-Tariq/base-KD/data/cifar-10-batches-py/test_batch,2719,deer,dog,0.7189367413520813,False,True,/home/tariq/Desktop/Awais-Tariq/base-KD/reports/cifar10_full_audit/mamba_kd_from_scratch_vit/failure_images/02719_true-deer_pred-dog.png,false_negative_for_deer;false_positive_for_dog
2729,cifar10_test_02729,/home/tariq/Desktop/Awais-Tariq/base-KD/data/cifar-10-batches-py/test_batch,2729,dog,cat,0.39874008297920227,False,True,/home/tariq/Desktop/Awais-Tariq/base-KD/reports/cifar10_full_audit/mamba_kd_from_scratch_vit/failure_images/02729_true-dog_pred-cat.png,false_negative_for_dog;false_positive_for_cat
2737,cifar10_test_02737,/home/tariq/Desktop/Awais-Tariq/base-KD/data/cifar-10-batches-py/test_batch,2737,ship,airplane,0.6109907031059265,False,True,/home/tariq/Desktop/Awais-Tariq/base-KD/reports/cifar10_full_audit/mamba_kd_from_scratch_vit/failure_images/02737_true-ship_pred-airplane.png,false_negative_for_ship;false_positive_for_airplane
2755,cifar10_test_02755,/home/tariq/Desktop/Awais-Tariq/base-KD/data/cifar-10-batches-py/test_batch,2755,dog,horse,0.8459129333496094,False,True,/home/tariq/Desktop/Awais-Tariq/base-KD/reports/cifar10_full_audit/mamba_kd_from_scratch_vit/failure_images/02755_true-dog_pred-horse.png,false_negative_for_dog;false_positive_for_horse
2767,cifar10_test_02767,/home/tariq/Desktop/Awais-Tariq/base-KD/data/cifar-10-batches-py/test_batch,2767,dog,cat,0.8329260945320129,False,True,/home/tariq/Desktop/Awais-Tariq/base-KD/reports/cifar10_full_audit/mamba_kd_from_scratch_vit/failure_images/02767_true-dog_pred-cat.png,false_negative_for_dog;false_positive_for_cat
2770,cifar10_test_02770,/home/tariq/Desktop/Awais-Tariq/base-KD/data/cifar-10-batches-py/test_batch,2770,horse,frog,0.8666279315948486,False,False,/home/tariq/Desktop/Awais-Tariq/base-KD/reports/cifar10_full_audit/mamba_kd_from_scratch_vit/failure_images/02770_true-horse_pred-frog.png,false_negative_for_horse;false_positive_for_frog
2779,cifar10_test_02779,/home/tariq/Desktop/Awais-Tariq/base-KD/data/cifar-10-batches-py/test_batch,2779,cat,dog,0.9950202703475952,False,True,/home/tariq/Desktop/Awais-Tariq/base-KD/reports/cifar10_full_audit/mamba_kd_from_scratch_vit/failure_images/02779_true-cat_pred-dog.png,false_negative_for_cat;false_positive_for_dog
2804,cifar10_test_02804,/home/tariq/Desktop/Awais-Tariq/base-KD/data/cifar-10-batches-py/test_batch,2804,cat,dog,0.9987152814865112,False,True,/home/tariq/Desktop/Awais-Tariq/base-KD/reports/cifar10_full_audit/mamba_kd_from_scratch_vit/failure_images/02804_true-cat_pred-dog.png,false_negative_for_cat;false_positive_for_dog
2822,cifar10_test_02822,/home/tariq/Desktop/Awais-Tariq/base-KD/data/cifar-10-batches-py/test_batch,2822,cat,dog,0.9392649531364441,False,True,/home/tariq/Desktop/Awais-Tariq/base-KD/reports/cifar10_full_audit/mamba_kd_from_scratch_vit/failure_images/02822_true-cat_pred-dog.png,false_negative_for_cat;false_positive_for_dog
2831,cifar10_test_02831,/home/tariq/Desktop/Awais-Tariq/base-KD/data/cifar-10-batches-py/test_batch,2831,cat,airplane,0.5882218480110168,False,True,/home/tariq/Desktop/Awais-Tariq/base-KD/reports/cifar10_full_audit/mamba_kd_from_scratch_vit/failure_images/02831_true-cat_pred-airplane.png,false_negative_for_cat;false_positive_for_airplane
2843,cifar10_test_02843,/home/tariq/Desktop/Awais-Tariq/base-KD/data/cifar-10-batches-py/test_batch,2843,automobile,airplane,0.3755055069923401,False,False,/home/tariq/Desktop/Awais-Tariq/base-KD/reports/cifar10_full_audit/mamba_kd_from_scratch_vit/failure_images/02843_true-automobile_pred-airplane.png,false_negative_for_automobile;false_positive_for_airplane
2844,cifar10_test_02844,/home/tariq/Desktop/Awais-Tariq/base-KD/data/cifar-10-batches-py/test_batch,2844,deer,horse,0.7479644417762756,False,True,/home/tariq/Desktop/Awais-Tariq/base-KD/reports/cifar10_full_audit/mamba_kd_from_scratch_vit/failure_images/02844_true-deer_pred-horse.png,false_negative_for_deer;false_positive_for_horse
2854,cifar10_test_02854,/home/tariq/Desktop/Awais-Tariq/base-KD/data/cifar-10-batches-py/test_batch,2854,truck,airplane,0.36287665367126465,False,True,/home/tariq/Desktop/Awais-Tariq/base-KD/reports/cifar10_full_audit/mamba_kd_from_scratch_vit/failure_images/02854_true-truck_pred-airplane.png,false_negative_for_truck;false_positive_for_airplane
2859,cifar10_test_02859,/home/tariq/Desktop/Awais-Tariq/base-KD/data/cifar-10-batches-py/test_batch,2859,automobile,truck,0.926868736743927,False,True,/home/tariq/Desktop/Awais-Tariq/base-KD/reports/cifar10_full_audit/mamba_kd_from_scratch_vit/failure_images/02859_true-automobile_pred-truck.png,false_negative_for_automobile;false_positive_for_truck
2868,cifar10_test_02868,/home/tariq/Desktop/Awais-Tariq/base-KD/data/cifar-10-batches-py/test_batch,2868,truck,deer,0.46970415115356445,False,True,/home/tariq/Desktop/Awais-Tariq/base-KD/reports/cifar10_full_audit/mamba_kd_from_scratch_vit/failure_images/02868_true-truck_pred-deer.png,false_negative_for_truck;false_positive_for_deer
2889,cifar10_test_02889,/home/tariq/Desktop/Awais-Tariq/base-KD/data/cifar-10-batches-py/test_batch,2889,horse,dog,0.6405439972877502,False,True,/home/tariq/Desktop/Awais-Tariq/base-KD/reports/cifar10_full_audit/mamba_kd_from_scratch_vit/failure_images/02889_true-horse_pred-dog.png,false_negative_for_horse;false_positive_for_dog
2895,cifar10_test_02895,/home/tariq/Desktop/Awais-Tariq/base-KD/data/cifar-10-batches-py/test_batch,2895,horse,dog,0.9053842425346375,False,True,/home/tariq/Desktop/Awais-Tariq/base-KD/reports/cifar10_full_audit/mamba_kd_from_scratch_vit/failure_images/02895_true-horse_pred-dog.png,false_negative_for_horse;false_positive_for_dog
2900,cifar10_test_02900,/home/tariq/Desktop/Awais-Tariq/base-KD/data/cifar-10-batches-py/test_batch,2900,cat,horse,0.5476766228675842,False,True,/home/tariq/Desktop/Awais-Tariq/base-KD/reports/cifar10_full_audit/mamba_kd_from_scratch_vit/failure_images/02900_true-cat_pred-horse.png,false_negative_for_cat;false_positive_for_horse
2912,cifar10_test_02912,/home/tariq/Desktop/Awais-Tariq/base-KD/data/cifar-10-batches-py/test_batch,2912,bird,deer,0.9994235038757324,False,True,/home/tariq/Desktop/Awais-Tariq/base-KD/reports/cifar10_full_audit/mamba_kd_from_scratch_vit/failure_images/02912_true-bird_pred-deer.png,false_negative_for_bird;false_positive_for_deer
2923,cifar10_test_02923,/home/tariq/Desktop/Awais-Tariq/base-KD/data/cifar-10-batches-py/test_batch,2923,cat,dog,0.8067176938056946,False,True,/home/tariq/Desktop/Awais-Tariq/base-KD/reports/cifar10_full_audit/mamba_kd_from_scratch_vit/failure_images/02923_true-cat_pred-dog.png,false_negative_for_cat;false_positive_for_dog
2940,cifar10_test_02940,/home/tariq/Desktop/Awais-Tariq/base-KD/data/cifar-10-batches-py/test_batch,2940,cat,airplane,0.9943066239356995,False,True,/home/tariq/Desktop/Awais-Tariq/base-KD/reports/cifar10_full_audit/mamba_kd_from_scratch_vit/failure_images/02940_true-cat_pred-airplane.png,false_negative_for_cat;false_positive_for_airplane
2948,cifar10_test_02948,/home/tariq/Desktop/Awais-Tariq/base-KD/data/cifar-10-batches-py/test_batch,2948,dog,deer,0.2694152891635895,False,False,/home/tariq/Desktop/Awais-Tariq/base-KD/reports/cifar10_full_audit/mamba_kd_from_scratch_vit/failure_images/02948_true-dog_pred-deer.png,false_negative_for_dog;false_positive_for_deer
2955,cifar10_test_02955,/home/tariq/Desktop/Awais-Tariq/base-KD/data/cifar-10-batches-py/test_batch,2955,bird,airplane,0.43001657724380493,False,True,/home/tariq/Desktop/Awais-Tariq/base-KD/reports/cifar10_full_audit/mamba_kd_from_scratch_vit/failure_images/02955_true-bird_pred-airplane.png,false_negative_for_bird;false_positive_for_airplane
2985,cifar10_test_02985,/home/tariq/Desktop/Awais-Tariq/base-KD/data/cifar-10-batches-py/test_batch,2985,bird,horse,0.4786849915981293,False,True,/home/tariq/Desktop/Awais-Tariq/base-KD/reports/cifar10_full_audit/mamba_kd_from_scratch_vit/failure_images/02985_true-bird_pred-horse.png,false_negative_for_bird;false_positive_for_horse
2986,cifar10_test_02986,/home/tariq/Desktop/Awais-Tariq/base-KD/data/cifar-10-batches-py/test_batch,2986,automobile,ship,0.9959418177604675,False,True,/home/tariq/Desktop/Awais-Tariq/base-KD/reports/cifar10_full_audit/mamba_kd_from_scratch_vit/failure_images/02986_true-automobile_pred-ship.png,false_negative_for_automobile;false_positive_for_ship
2987,cifar10_test_02987,/home/tariq/Desktop/Awais-Tariq/base-KD/data/cifar-10-batches-py/test_batch,2987,automobile,dog,0.4893852174282074,False,True,/home/tariq/Desktop/Awais-Tariq/base-KD/reports/cifar10_full_audit/mamba_kd_from_scratch_vit/failure_images/02987_true-automobile_pred-dog.png,false_negative_for_automobile;false_positive_for_dog
2997,cifar10_test_02997,/home/tariq/Desktop/Awais-Tariq/base-KD/data/cifar-10-batches-py/test_batch,2997,bird,dog,0.784956157207489,False,True,/home/tariq/Desktop/Awais-Tariq/base-KD/reports/cifar10_full_audit/mamba_kd_from_scratch_vit/failure_images/02997_true-bird_pred-dog.png,false_negative_for_bird;false_positive_for_dog
3005,cifar10_test_03005,/home/tariq/Desktop/Awais-Tariq/base-KD/data/cifar-10-batches-py/test_batch,3005,airplane,horse,0.7900979518890381,False,True,/home/tariq/Desktop/Awais-Tariq/base-KD/reports/cifar10_full_audit/mamba_kd_from_scratch_vit/failure_images/03005_true-airplane_pred-horse.png,false_negative_for_airplane;false_positive_for_horse
3016,cifar10_test_03016,/home/tariq/Desktop/Awais-Tariq/base-KD/data/cifar-10-batches-py/test_batch,3016,deer,bird,0.8296681046485901,False,True,/home/tariq/Desktop/Awais-Tariq/base-KD/reports/cifar10_full_audit/mamba_kd_from_scratch_vit/failure_images/03016_true-deer_pred-bird.png,false_negative_for_deer;false_positive_for_bird
3026,cifar10_test_03026,/home/tariq/Desktop/Awais-Tariq/base-KD/data/cifar-10-batches-py/test_batch,3026,dog,horse,0.8482845425605774,False,True,/home/tariq/Desktop/Awais-Tariq/base-KD/reports/cifar10_full_audit/mamba_kd_from_scratch_vit/failure_images/03026_true-dog_pred-horse.png,false_negative_for_dog;false_positive_for_horse
3052,cifar10_test_03052,/home/tariq/Desktop/Awais-Tariq/base-KD/data/cifar-10-batches-py/test_batch,3052,cat,bird,0.8686127662658691,False,True,/home/tariq/Desktop/Awais-Tariq/base-KD/reports/cifar10_full_audit/mamba_kd_from_scratch_vit/failure_images/03052_true-cat_pred-bird.png,false_negative_for_cat;false_positive_for_bird
3059,cifar10_test_03059,/home/tariq/Desktop/Awais-Tariq/base-KD/data/cifar-10-batches-py/test_batch,3059,dog,bird,0.959496796131134,False,False,/home/tariq/Desktop/Awais-Tariq/base-KD/reports/cifar10_full_audit/mamba_kd_from_scratch_vit/failure_images/03059_true-dog_pred-bird.png,false_negative_for_dog;false_positive_for_bird
3063,cifar10_test_03063,/home/tariq/Desktop/Awais-Tariq/base-KD/data/cifar-10-batches-py/test_batch,3063,airplane,bird,0.5224930047988892,False,True,/home/tariq/Desktop/Awais-Tariq/base-KD/reports/cifar10_full_audit/mamba_kd_from_scratch_vit/failure_images/03063_true-airplane_pred-bird.png,false_negative_for_airplane;false_positive_for_bird
3072,cifar10_test_03072,/home/tariq/Desktop/Awais-Tariq/base-KD/data/cifar-10-batches-py/test_batch,3072,ship,automobile,0.9802575707435608,False,True,/home/tariq/Desktop/Awais-Tariq/base-KD/reports/cifar10_full_audit/mamba_kd_from_scratch_vit/failure_images/03072_true-ship_pred-automobile.png,false_negative_for_ship;false_positive_for_automobile
3083,cifar10_test_03083,/home/tariq/Desktop/Awais-Tariq/base-KD/data/cifar-10-batches-py/test_batch,3083,dog,cat,0.580644428730011,False,True,/home/tariq/Desktop/Awais-Tariq/base-KD/reports/cifar10_full_audit/mamba_kd_from_scratch_vit/failure_images/03083_true-dog_pred-cat.png,false_negative_for_dog;false_positive_for_cat
3094,cifar10_test_03094,/home/tariq/Desktop/Awais-Tariq/base-KD/data/cifar-10-batches-py/test_batch,3094,bird,airplane,0.9876825213432312,False,True,/home/tariq/Desktop/Awais-Tariq/base-KD/reports/cifar10_full_audit/mamba_kd_from_scratch_vit/failure_images/03094_true-bird_pred-airplane.png,false_negative_for_bird;false_positive_for_airplane
3095,cifar10_test_03095,/home/tariq/Desktop/Awais-Tariq/base-KD/data/cifar-10-batches-py/test_batch,3095,deer,frog,0.7797476053237915,False,True,/home/tariq/Desktop/Awais-Tariq/base-KD/reports/cifar10_full_audit/mamba_kd_from_scratch_vit/failure_images/03095_true-deer_pred-frog.png,false_negative_for_deer;false_positive_for_frog
3097,cifar10_test_03097,/home/tariq/Desktop/Awais-Tariq/base-KD/data/cifar-10-batches-py/test_batch,3097,airplane,dog,0.5429522395133972,False,True,/home/tariq/Desktop/Awais-Tariq/base-KD/reports/cifar10_full_audit/mamba_kd_from_scratch_vit/failure_images/03097_true-airplane_pred-dog.png,false_negative_for_airplane;false_positive_for_dog
3110,cifar10_test_03110,/home/tariq/Desktop/Awais-Tariq/base-KD/data/cifar-10-batches-py/test_batch,3110,horse,bird,0.7537802457809448,False,True,/home/tariq/Desktop/Awais-Tariq/base-KD/reports/cifar10_full_audit/mamba_kd_from_scratch_vit/failure_images/03110_true-horse_pred-bird.png,false_negative_for_horse;false_positive_for_bird
3114,cifar10_test_03114,/home/tariq/Desktop/Awais-Tariq/base-KD/data/cifar-10-batches-py/test_batch,3114,bird,airplane,0.8359874486923218,False,True,/home/tariq/Desktop/Awais-Tariq/base-KD/reports/cifar10_full_audit/mamba_kd_from_scratch_vit/failure_images/03114_true-bird_pred-airplane.png,false_negative_for_bird;false_positive_for_airplane
3130,cifar10_test_03130,/home/tariq/Desktop/Awais-Tariq/base-KD/data/cifar-10-batches-py/test_batch,3130,cat,dog,0.730911374092102,False,True,/home/tariq/Desktop/Awais-Tariq/base-KD/reports/cifar10_full_audit/mamba_kd_from_scratch_vit/failure_images/03130_true-cat_pred-dog.png,false_negative_for_cat;false_positive_for_dog
3146,cifar10_test_03146,/home/tariq/Desktop/Awais-Tariq/base-KD/data/cifar-10-batches-py/test_batch,3146,bird,frog,0.8550190329551697,False,True,/home/tariq/Desktop/Awais-Tariq/base-KD/reports/cifar10_full_audit/mamba_kd_from_scratch_vit/failure_images/03146_true-bird_pred-frog.png,false_negative_for_bird;false_positive_for_frog
3150,cifar10_test_03150,/home/tariq/Desktop/Awais-Tariq/base-KD/data/cifar-10-batches-py/test_batch,3150,automobile,truck,0.5650588274002075,False,True,/home/tariq/Desktop/Awais-Tariq/base-KD/reports/cifar10_full_audit/mamba_kd_from_scratch_vit/failure_images/03150_true-automobile_pred-truck.png,false_negative_for_automobile;false_positive_for_truck
3160,cifar10_test_03160,/home/tariq/Desktop/Awais-Tariq/base-KD/data/cifar-10-batches-py/test_batch,3160,frog,bird,0.9538331627845764,False,True,/home/tariq/Desktop/Awais-Tariq/base-KD/reports/cifar10_full_audit/mamba_kd_from_scratch_vit/failure_images/03160_true-frog_pred-bird.png,false_negative_for_frog;false_positive_for_bird
3164,cifar10_test_03164,/home/tariq/Desktop/Awais-Tariq/base-KD/data/cifar-10-batches-py/test_batch,3164,airplane,bird,0.9494181871414185,False,True,/home/tariq/Desktop/Awais-Tariq/base-KD/reports/cifar10_full_audit/mamba_kd_from_scratch_vit/failure_images/03164_true-airplane_pred-bird.png,false_negative_for_airplane;false_positive_for_bird
3168,cifar10_test_03168,/home/tariq/Desktop/Awais-Tariq/base-KD/data/cifar-10-batches-py/test_batch,3168,truck,ship,0.6873558163642883,False,True,/home/tariq/Desktop/Awais-Tariq/base-KD/reports/cifar10_full_audit/mamba_kd_from_scratch_vit/failure_images/03168_true-truck_pred-ship.png,false_negative_for_truck;false_positive_for_ship
3171,cifar10_test_03171,/home/tariq/Desktop/Awais-Tariq/base-KD/data/cifar-10-batches-py/test_batch,3171,airplane,automobile,0.84876948595047,False,True,/home/tariq/Desktop/Awais-Tariq/base-KD/reports/cifar10_full_audit/mamba_kd_from_scratch_vit/failure_images/03171_true-airplane_pred-automobile.png,false_negative_for_airplane;false_positive_for_automobile
3180,cifar10_test_03180,/home/tariq/Desktop/Awais-Tariq/base-KD/data/cifar-10-batches-py/test_batch,3180,cat,frog,0.6833460330963135,False,True,/home/tariq/Desktop/Awais-Tariq/base-KD/reports/cifar10_full_audit/mamba_kd_from_scratch_vit/failure_images/03180_true-cat_pred-frog.png,false_negative_for_cat;false_positive_for_frog
3183,cifar10_test_03183,/home/tariq/Desktop/Awais-Tariq/base-KD/data/cifar-10-batches-py/test_batch,3183,cat,dog,0.6774642467498779,False,True,/home/tariq/Desktop/Awais-Tariq/base-KD/reports/cifar10_full_audit/mamba_kd_from_scratch_vit/failure_images/03183_true-cat_pred-dog.png,false_negative_for_cat;false_positive_for_dog
3185,cifar10_test_03185,/home/tariq/Desktop/Awais-Tariq/base-KD/data/cifar-10-batches-py/test_batch,3185,bird,frog,0.8137054443359375,False,True,/home/tariq/Desktop/Awais-Tariq/base-KD/reports/cifar10_full_audit/mamba_kd_from_scratch_vit/failure_images/03185_true-bird_pred-frog.png,false_negative_for_bird;false_positive_for_frog
3190,cifar10_test_03190,/home/tariq/Desktop/Awais-Tariq/base-KD/data/cifar-10-batches-py/test_batch,3190,cat,dog,0.7445068955421448,False,True,/home/tariq/Desktop/Awais-Tariq/base-KD/reports/cifar10_full_audit/mamba_kd_from_scratch_vit/failure_images/03190_true-cat_pred-dog.png,false_negative_for_cat;false_positive_for_dog
3191,cifar10_test_03191,/home/tariq/Desktop/Awais-Tariq/base-KD/data/cifar-10-batches-py/test_batch,3191,airplane,bird,0.6665557026863098,False,True,/home/tariq/Desktop/Awais-Tariq/base-KD/reports/cifar10_full_audit/mamba_kd_from_scratch_vit/failure_images/03191_true-airplane_pred-bird.png,false_negative_for_airplane;false_positive_for_bird
3192,cifar10_test_03192,/home/tariq/Desktop/Awais-Tariq/base-KD/data/cifar-10-batches-py/test_batch,3192,dog,deer,0.9995771050453186,False,False,/home/tariq/Desktop/Awais-Tariq/base-KD/reports/cifar10_full_audit/mamba_kd_from_scratch_vit/failure_images/03192_true-dog_pred-deer.png,false_negative_for_dog;false_positive_for_deer
3193,cifar10_test_03193,/home/tariq/Desktop/Awais-Tariq/base-KD/data/cifar-10-batches-py/test_batch,3193,bird,deer,0.5278509855270386,False,True,/home/tariq/Desktop/Awais-Tariq/base-KD/reports/cifar10_full_audit/mamba_kd_from_scratch_vit/failure_images/03193_true-bird_pred-deer.png,false_negative_for_bird;false_positive_for_deer
3202,cifar10_test_03202,/home/tariq/Desktop/Awais-Tariq/base-KD/data/cifar-10-batches-py/test_batch,3202,dog,cat,0.8783402442932129,False,True,/home/tariq/Desktop/Awais-Tariq/base-KD/reports/cifar10_full_audit/mamba_kd_from_scratch_vit/failure_images/03202_true-dog_pred-cat.png,false_negative_for_dog;false_positive_for_cat
3206,cifar10_test_03206,/home/tariq/Desktop/Awais-Tariq/base-KD/data/cifar-10-batches-py/test_batch,3206,ship,airplane,0.7915195226669312,False,True,/home/tariq/Desktop/Awais-Tariq/base-KD/reports/cifar10_full_audit/mamba_kd_from_scratch_vit/failure_images/03206_true-ship_pred-airplane.png,false_negative_for_ship;false_positive_for_airplane
3207,cifar10_test_03207,/home/tariq/Desktop/Awais-Tariq/base-KD/data/cifar-10-batches-py/test_batch,3207,airplane,cat,0.8976681232452393,False,True,/home/tariq/Desktop/Awais-Tariq/base-KD/reports/cifar10_full_audit/mamba_kd_from_scratch_vit/failure_images/03207_true-airplane_pred-cat.png,false_negative_for_airplane;false_positive_for_cat
3211,cifar10_test_03211,/home/tariq/Desktop/Awais-Tariq/base-KD/data/cifar-10-batches-py/test_batch,3211,airplane,truck,0.8559636473655701,False,True,/home/tariq/Desktop/Awais-Tariq/base-KD/reports/cifar10_full_audit/mamba_kd_from_scratch_vit/failure_images/03211_true-airplane_pred-truck.png,false_negative_for_airplane;false_positive_for_truck
3216,cifar10_test_03216,/home/tariq/Desktop/Awais-Tariq/base-KD/data/cifar-10-batches-py/test_batch,3216,deer,horse,0.4143209159374237,False,True,/home/tariq/Desktop/Awais-Tariq/base-KD/reports/cifar10_full_audit/mamba_kd_from_scratch_vit/failure_images/03216_true-deer_pred-horse.png,false_negative_for_deer;false_positive_for_horse
3220,cifar10_test_03220,/home/tariq/Desktop/Awais-Tariq/base-KD/data/cifar-10-batches-py/test_batch,3220,cat,truck,0.9594917297363281,False,True,/home/tariq/Desktop/Awais-Tariq/base-KD/reports/cifar10_full_audit/mamba_kd_from_scratch_vit/failure_images/03220_true-cat_pred-truck.png,false_negative_for_cat;false_positive_for_truck
3237,cifar10_test_03237,/home/tariq/Desktop/Awais-Tariq/base-KD/data/cifar-10-batches-py/test_batch,3237,truck,automobile,0.8350555896759033,False,True,/home/tariq/Desktop/Awais-Tariq/base-KD/reports/cifar10_full_audit/mamba_kd_from_scratch_vit/failure_images/03237_true-truck_pred-automobile.png,false_negative_for_truck;false_positive_for_automobile
3246,cifar10_test_03246,/home/tariq/Desktop/Awais-Tariq/base-KD/data/cifar-10-batches-py/test_batch,3246,automobile,airplane,0.29363515973091125,False,True,/home/tariq/Desktop/Awais-Tariq/base-KD/reports/cifar10_full_audit/mamba_kd_from_scratch_vit/failure_images/03246_true-automobile_pred-airplane.png,false_negative_for_automobile;false_positive_for_airplane
3247,cifar10_test_03247,/home/tariq/Desktop/Awais-Tariq/base-KD/data/cifar-10-batches-py/test_batch,3247,cat,dog,0.827913224697113,False,True,/home/tariq/Desktop/Awais-Tariq/base-KD/reports/cifar10_full_audit/mamba_kd_from_scratch_vit/failure_images/03247_true-cat_pred-dog.png,false_negative_for_cat;false_positive_for_dog
3258,cifar10_test_03258,/home/tariq/Desktop/Awais-Tariq/base-KD/data/cifar-10-batches-py/test_batch,3258,airplane,cat,0.7007458806037903,False,True,/home/tariq/Desktop/Awais-Tariq/base-KD/reports/cifar10_full_audit/mamba_kd_from_scratch_vit/failure_images/03258_true-airplane_pred-cat.png,false_negative_for_airplane;false_positive_for_cat
3297,cifar10_test_03297,/home/tariq/Desktop/Awais-Tariq/base-KD/data/cifar-10-batches-py/test_batch,3297,deer,dog,0.9283877611160278,False,True,/home/tariq/Desktop/Awais-Tariq/base-KD/reports/cifar10_full_audit/mamba_kd_from_scratch_vit/failure_images/03297_true-deer_pred-dog.png,false_negative_for_deer;false_positive_for_dog
3299,cifar10_test_03299,/home/tariq/Desktop/Awais-Tariq/base-KD/data/cifar-10-batches-py/test_batch,3299,airplane,deer,0.9983683228492737,False,True,/home/tariq/Desktop/Awais-Tariq/base-KD/reports/cifar10_full_audit/mamba_kd_from_scratch_vit/failure_images/03299_true-airplane_pred-deer.png,false_negative_for_airplane;false_positive_for_deer
3306,cifar10_test_03306,/home/tariq/Desktop/Awais-Tariq/base-KD/data/cifar-10-batches-py/test_batch,3306,dog,horse,0.9753226637840271,False,True,/home/tariq/Desktop/Awais-Tariq/base-KD/reports/cifar10_full_audit/mamba_kd_from_scratch_vit/failure_images/03306_true-dog_pred-horse.png,false_negative_for_dog;false_positive_for_horse
3309,cifar10_test_03309,/home/tariq/Desktop/Awais-Tariq/base-KD/data/cifar-10-batches-py/test_batch,3309,deer,horse,0.5085727572441101,False,True,/home/tariq/Desktop/Awais-Tariq/base-KD/reports/cifar10_full_audit/mamba_kd_from_scratch_vit/failure_images/03309_true-deer_pred-horse.png,false_negative_for_deer;false_positive_for_horse
3311,cifar10_test_03311,/home/tariq/Desktop/Awais-Tariq/base-KD/data/cifar-10-batches-py/test_batch,3311,horse,dog,0.4573119282722473,False,True,/home/tariq/Desktop/Awais-Tariq/base-KD/reports/cifar10_full_audit/mamba_kd_from_scratch_vit/failure_images/03311_true-horse_pred-dog.png,false_negative_for_horse;false_positive_for_dog
3314,cifar10_test_03314,/home/tariq/Desktop/Awais-Tariq/base-KD/data/cifar-10-batches-py/test_batch,3314,truck,automobile,0.7621633410453796,False,True,/home/tariq/Desktop/Awais-Tariq/base-KD/reports/cifar10_full_audit/mamba_kd_from_scratch_vit/failure_images/03314_true-truck_pred-automobile.png,false_negative_for_truck;false_positive_for_automobile
3336,cifar10_test_03336,/home/tariq/Desktop/Awais-Tariq/base-KD/data/cifar-10-batches-py/test_batch,3336,airplane,truck,0.912837028503418,False,True,/home/tariq/Desktop/Awais-Tariq/base-KD/reports/cifar10_full_audit/mamba_kd_from_scratch_vit/failure_images/03336_true-airplane_pred-truck.png,false_negative_for_airplane;false_positive_for_truck
3342,cifar10_test_03342,/home/tariq/Desktop/Awais-Tariq/base-KD/data/cifar-10-batches-py/test_batch,3342,airplane,ship,0.6601395010948181,False,True,/home/tariq/Desktop/Awais-Tariq/base-KD/reports/cifar10_full_audit/mamba_kd_from_scratch_vit/failure_images/03342_true-airplane_pred-ship.png,false_negative_for_airplane;false_positive_for_ship
3343,cifar10_test_03343,/home/tariq/Desktop/Awais-Tariq/base-KD/data/cifar-10-batches-py/test_batch,3343,cat,dog,0.5998051762580872,False,True,/home/tariq/Desktop/Awais-Tariq/base-KD/reports/cifar10_full_audit/mamba_kd_from_scratch_vit/failure_images/03343_true-cat_pred-dog.png,false_negative_for_cat;false_positive_for_dog
3354,cifar10_test_03354,/home/tariq/Desktop/Awais-Tariq/base-KD/data/cifar-10-batches-py/test_batch,3354,cat,airplane,0.4622579514980316,False,True,/home/tariq/Desktop/Awais-Tariq/base-KD/reports/cifar10_full_audit/mamba_kd_from_scratch_vit/failure_images/03354_true-cat_pred-airplane.png,false_negative_for_cat;false_positive_for_airplane
3355,cifar10_test_03355,/home/tariq/Desktop/Awais-Tariq/base-KD/data/cifar-10-batches-py/test_batch,3355,dog,frog,0.6221146583557129,False,True,/home/tariq/Desktop/Awais-Tariq/base-KD/reports/cifar10_full_audit/mamba_kd_from_scratch_vit/failure_images/03355_true-dog_pred-frog.png,false_negative_for_dog;false_positive_for_frog
3356,cifar10_test_03356,/home/tariq/Desktop/Awais-Tariq/base-KD/data/cifar-10-batches-py/test_batch,3356,deer,bird,0.6983200907707214,False,True,/home/tariq/Desktop/Awais-Tariq/base-KD/reports/cifar10_full_audit/mamba_kd_from_scratch_vit/failure_images/03356_true-deer_pred-bird.png,false_negative_for_deer;false_positive_for_bird
3357,cifar10_test_03357,/home/tariq/Desktop/Awais-Tariq/base-KD/data/cifar-10-batches-py/test_batch,3357,ship,bird,0.868667721748352,False,True,/home/tariq/Desktop/Awais-Tariq/base-KD/reports/cifar10_full_audit/mamba_kd_from_scratch_vit/failure_images/03357_true-ship_pred-bird.png,false_negative_for_ship;false_positive_for_bird
3359,cifar10_test_03359,/home/tariq/Desktop/Awais-Tariq/base-KD/data/cifar-10-batches-py/test_batch,3359,horse,deer,0.6937190890312195,False,True,/home/tariq/Desktop/Awais-Tariq/base-KD/reports/cifar10_full_audit/mamba_kd_from_scratch_vit/failure_images/03359_true-horse_pred-deer.png,false_negative_for_horse;false_positive_for_deer
3373,cifar10_test_03373,/home/tariq/Desktop/Awais-Tariq/base-KD/data/cifar-10-batches-py/test_batch,3373,frog,cat,0.491391658782959,False,True,/home/tariq/Desktop/Awais-Tariq/base-KD/reports/cifar10_full_audit/mamba_kd_from_scratch_vit/failure_images/03373_true-frog_pred-cat.png,false_negative_for_frog;false_positive_for_cat
3382,cifar10_test_03382,/home/tariq/Desktop/Awais-Tariq/base-KD/data/cifar-10-batches-py/test_batch,3382,bird,deer,0.9696313738822937,False,True,/home/tariq/Desktop/Awais-Tariq/base-KD/reports/cifar10_full_audit/mamba_kd_from_scratch_vit/failure_images/03382_true-bird_pred-deer.png,false_negative_for_bird;false_positive_for_deer
3416,cifar10_test_03416,/home/tariq/Desktop/Awais-Tariq/base-KD/data/cifar-10-batches-py/test_batch,3416,horse,ship,0.8892521262168884,False,True,/home/tariq/Desktop/Awais-Tariq/base-KD/reports/cifar10_full_audit/mamba_kd_from_scratch_vit/failure_images/03416_true-horse_pred-ship.png,false_negative_for_horse;false_positive_for_ship
3422,cifar10_test_03422,/home/tariq/Desktop/Awais-Tariq/base-KD/data/cifar-10-batches-py/test_batch,3422,bird,dog,0.5175409913063049,False,False,/home/tariq/Desktop/Awais-Tariq/base-KD/reports/cifar10_full_audit/mamba_kd_from_scratch_vit/failure_images/03422_true-bird_pred-dog.png,false_negative_for_bird;false_positive_for_dog
3429,cifar10_test_03429,/home/tariq/Desktop/Awais-Tariq/base-KD/data/cifar-10-batches-py/test_batch,3429,airplane,bird,0.5337135195732117,False,True,/home/tariq/Desktop/Awais-Tariq/base-KD/reports/cifar10_full_audit/mamba_kd_from_scratch_vit/failure_images/03429_true-airplane_pred-bird.png,false_negative_for_airplane;false_positive_for_bird
3439,cifar10_test_03439,/home/tariq/Desktop/Awais-Tariq/base-KD/data/cifar-10-batches-py/test_batch,3439,deer,frog,0.9207723140716553,False,True,/home/tariq/Desktop/Awais-Tariq/base-KD/reports/cifar10_full_audit/mamba_kd_from_scratch_vit/failure_images/03439_true-deer_pred-frog.png,false_negative_for_deer;false_positive_for_frog
3443,cifar10_test_03443,/home/tariq/Desktop/Awais-Tariq/base-KD/data/cifar-10-batches-py/test_batch,3443,deer,bird,0.9898309111595154,False,True,/home/tariq/Desktop/Awais-Tariq/base-KD/reports/cifar10_full_audit/mamba_kd_from_scratch_vit/failure_images/03443_true-deer_pred-bird.png,false_negative_for_deer;false_positive_for_bird
3444,cifar10_test_03444,/home/tariq/Desktop/Awais-Tariq/base-KD/data/cifar-10-batches-py/test_batch,3444,airplane,bird,0.6824632883071899,False,True,/home/tariq/Desktop/Awais-Tariq/base-KD/reports/cifar10_full_audit/mamba_kd_from_scratch_vit/failure_images/03444_true-airplane_pred-bird.png,false_negative_for_airplane;false_positive_for_bird
3446,cifar10_test_03446,/home/tariq/Desktop/Awais-Tariq/base-KD/data/cifar-10-batches-py/test_batch,3446,frog,cat,0.8696858882904053,False,True,/home/tariq/Desktop/Awais-Tariq/base-KD/reports/cifar10_full_audit/mamba_kd_from_scratch_vit/failure_images/03446_true-frog_pred-cat.png,false_negative_for_frog;false_positive_for_cat
3450,cifar10_test_03450,/home/tariq/Desktop/Awais-Tariq/base-KD/data/cifar-10-batches-py/test_batch,3450,truck,automobile,0.9526010751724243,False,True,/home/tariq/Desktop/Awais-Tariq/base-KD/reports/cifar10_full_audit/mamba_kd_from_scratch_vit/failure_images/03450_true-truck_pred-automobile.png,false_negative_for_truck;false_positive_for_automobile
3459,cifar10_test_03459,/home/tariq/Desktop/Awais-Tariq/base-KD/data/cifar-10-batches-py/test_batch,3459,truck,airplane,0.7988450527191162,False,True,/home/tariq/Desktop/Awais-Tariq/base-KD/reports/cifar10_full_audit/mamba_kd_from_scratch_vit/failure_images/03459_true-truck_pred-airplane.png,false_negative_for_truck;false_positive_for_airplane
3463,cifar10_test_03463,/home/tariq/Desktop/Awais-Tariq/base-KD/data/cifar-10-batches-py/test_batch,3463,cat,dog,0.7699167728424072,False,True,/home/tariq/Desktop/Awais-Tariq/base-KD/reports/cifar10_full_audit/mamba_kd_from_scratch_vit/failure_images/03463_true-cat_pred-dog.png,false_negative_for_cat;false_positive_for_dog
3490,cifar10_test_03490,/home/tariq/Desktop/Awais-Tariq/base-KD/data/cifar-10-batches-py/test_batch,3490,airplane,ship,0.9251779317855835,False,True,/home/tariq/Desktop/Awais-Tariq/base-KD/reports/cifar10_full_audit/mamba_kd_from_scratch_vit/failure_images/03490_true-airplane_pred-ship.png,false_negative_for_airplane;false_positive_for_ship
3494,cifar10_test_03494,/home/tariq/Desktop/Awais-Tariq/base-KD/data/cifar-10-batches-py/test_batch,3494,airplane,cat,0.6720062494277954,False,True,/home/tariq/Desktop/Awais-Tariq/base-KD/reports/cifar10_full_audit/mamba_kd_from_scratch_vit/failure_images/03494_true-airplane_pred-cat.png,false_negative_for_airplane;false_positive_for_cat
3497,cifar10_test_03497,/home/tariq/Desktop/Awais-Tariq/base-KD/data/cifar-10-batches-py/test_batch,3497,airplane,automobile,0.9818967580795288,False,True,/home/tariq/Desktop/Awais-Tariq/base-KD/reports/cifar10_full_audit/mamba_kd_from_scratch_vit/failure_images/03497_true-airplane_pred-automobile.png,false_negative_for_airplane;false_positive_for_automobile
3498,cifar10_test_03498,/home/tariq/Desktop/Awais-Tariq/base-KD/data/cifar-10-batches-py/test_batch,3498,deer,ship,0.6163589358329773,False,True,/home/tariq/Desktop/Awais-Tariq/base-KD/reports/cifar10_full_audit/mamba_kd_from_scratch_vit/failure_images/03498_true-deer_pred-ship.png,false_negative_for_deer;false_positive_for_ship
3501,cifar10_test_03501,/home/tariq/Desktop/Awais-Tariq/base-KD/data/cifar-10-batches-py/test_batch,3501,truck,automobile,0.9999135732650757,False,True,/home/tariq/Desktop/Awais-Tariq/base-KD/reports/cifar10_full_audit/mamba_kd_from_scratch_vit/failure_images/03501_true-truck_pred-automobile.png,false_negative_for_truck;false_positive_for_automobile
3509,cifar10_test_03509,/home/tariq/Desktop/Awais-Tariq/base-KD/data/cifar-10-batches-py/test_batch,3509,cat,dog,0.871920108795166,False,True,/home/tariq/Desktop/Awais-Tariq/base-KD/reports/cifar10_full_audit/mamba_kd_from_scratch_vit/failure_images/03509_true-cat_pred-dog.png,false_negative_for_cat;false_positive_for_dog
3517,cifar10_test_03517,/home/tariq/Desktop/Awais-Tariq/base-KD/data/cifar-10-batches-py/test_batch,3517,automobile,ship,0.6428126692771912,False,True,/home/tariq/Desktop/Awais-Tariq/base-KD/reports/cifar10_full_audit/mamba_kd_from_scratch_vit/failure_images/03517_true-automobile_pred-ship.png,false_negative_for_automobile;false_positive_for_ship
3525,cifar10_test_03525,/home/tariq/Desktop/Awais-Tariq/base-KD/data/cifar-10-batches-py/test_batch,3525,bird,frog,0.9561061859130859,False,True,/home/tariq/Desktop/Awais-Tariq/base-KD/reports/cifar10_full_audit/mamba_kd_from_scratch_vit/failure_images/03525_true-bird_pred-frog.png,false_negative_for_bird;false_positive_for_frog
3550,cifar10_test_03550,/home/tariq/Desktop/Awais-Tariq/base-KD/data/cifar-10-batches-py/test_batch,3550,airplane,deer,0.8728475570678711,False,True,/home/tariq/Desktop/Awais-Tariq/base-KD/reports/cifar10_full_audit/mamba_kd_from_scratch_vit/failure_images/03550_true-airplane_pred-deer.png,false_negative_for_airplane;false_positive_for_deer
3554,cifar10_test_03554,/home/tariq/Desktop/Awais-Tariq/base-KD/data/cifar-10-batches-py/test_batch,3554,automobile,truck,0.8608711957931519,False,True,/home/tariq/Desktop/Awais-Tariq/base-KD/reports/cifar10_full_audit/mamba_kd_from_scratch_vit/failure_images/03554_true-automobile_pred-truck.png,false_negative_for_automobile;false_positive_for_truck
3557,cifar10_test_03557,/home/tariq/Desktop/Awais-Tariq/base-KD/data/cifar-10-batches-py/test_batch,3557,truck,cat,0.6888835430145264,False,False,/home/tariq/Desktop/Awais-Tariq/base-KD/reports/cifar10_full_audit/mamba_kd_from_scratch_vit/failure_images/03557_true-truck_pred-cat.png,false_negative_for_truck;false_positive_for_cat
3560,cifar10_test_03560,/home/tariq/Desktop/Awais-Tariq/base-KD/data/cifar-10-batches-py/test_batch,3560,automobile,truck,0.991413950920105,False,True,/home/tariq/Desktop/Awais-Tariq/base-KD/reports/cifar10_full_audit/mamba_kd_from_scratch_vit/failure_images/03560_true-automobile_pred-truck.png,false_negative_for_automobile;false_positive_for_truck
3561,cifar10_test_03561,/home/tariq/Desktop/Awais-Tariq/base-KD/data/cifar-10-batches-py/test_batch,3561,horse,dog,0.853024423122406,False,True,/home/tariq/Desktop/Awais-Tariq/base-KD/reports/cifar10_full_audit/mamba_kd_from_scratch_vit/failure_images/03561_true-horse_pred-dog.png,false_negative_for_horse;false_positive_for_dog
3587,cifar10_test_03587,/home/tariq/Desktop/Awais-Tariq/base-KD/data/cifar-10-batches-py/test_batch,3587,airplane,automobile,0.6697499752044678,False,True,/home/tariq/Desktop/Awais-Tariq/base-KD/reports/cifar10_full_audit/mamba_kd_from_scratch_vit/failure_images/03587_true-airplane_pred-automobile.png,false_negative_for_airplane;false_positive_for_automobile
3596,cifar10_test_03596,/home/tariq/Desktop/Awais-Tariq/base-KD/data/cifar-10-batches-py/test_batch,3596,bird,deer,0.9281800389289856,False,True,/home/tariq/Desktop/Awais-Tariq/base-KD/reports/cifar10_full_audit/mamba_kd_from_scratch_vit/failure_images/03596_true-bird_pred-deer.png,false_negative_for_bird;false_positive_for_deer
3600,cifar10_test_03600,/home/tariq/Desktop/Awais-Tariq/base-KD/data/cifar-10-batches-py/test_batch,3600,deer,bird,0.6234559416770935,False,True,/home/tariq/Desktop/Awais-Tariq/base-KD/reports/cifar10_full_audit/mamba_kd_from_scratch_vit/failure_images/03600_true-deer_pred-bird.png,false_negative_for_deer;false_positive_for_bird
3605,cifar10_test_03605,/home/tariq/Desktop/Awais-Tariq/base-KD/data/cifar-10-batches-py/test_batch,3605,frog,deer,0.7671971917152405,False,True,/home/tariq/Desktop/Awais-Tariq/base-KD/reports/cifar10_full_audit/mamba_kd_from_scratch_vit/failure_images/03605_true-frog_pred-deer.png,false_negative_for_frog;false_positive_for_deer
3607,cifar10_test_03607,/home/tariq/Desktop/Awais-Tariq/base-KD/data/cifar-10-batches-py/test_batch,3607,cat,dog,0.5494598150253296,False,True,/home/tariq/Desktop/Awais-Tariq/base-KD/reports/cifar10_full_audit/mamba_kd_from_scratch_vit/failure_images/03607_true-cat_pred-dog.png,false_negative_for_cat;false_positive_for_dog
3615,cifar10_test_03615,/home/tariq/Desktop/Awais-Tariq/base-KD/data/cifar-10-batches-py/test_batch,3615,frog,airplane,0.5446692705154419,False,True,/home/tariq/Desktop/Awais-Tariq/base-KD/reports/cifar10_full_audit/mamba_kd_from_scratch_vit/failure_images/03615_true-frog_pred-airplane.png,false_negative_for_frog;false_positive_for_airplane
3618,cifar10_test_03618,/home/tariq/Desktop/Awais-Tariq/base-KD/data/cifar-10-batches-py/test_batch,3618,deer,bird,0.9988629817962646,False,True,/home/tariq/Desktop/Awais-Tariq/base-KD/reports/cifar10_full_audit/mamba_kd_from_scratch_vit/failure_images/03618_true-deer_pred-bird.png,false_negative_for_deer;false_positive_for_bird
3624,cifar10_test_03624,/home/tariq/Desktop/Awais-Tariq/base-KD/data/cifar-10-batches-py/test_batch,3624,bird,deer,0.9927191734313965,False,True,/home/tariq/Desktop/Awais-Tariq/base-KD/reports/cifar10_full_audit/mamba_kd_from_scratch_vit/failure_images/03624_true-bird_pred-deer.png,false_negative_for_bird;false_positive_for_deer
3629,cifar10_test_03629,/home/tariq/Desktop/Awais-Tariq/base-KD/data/cifar-10-batches-py/test_batch,3629,automobile,airplane,0.7759435772895813,False,True,/home/tariq/Desktop/Awais-Tariq/base-KD/reports/cifar10_full_audit/mamba_kd_from_scratch_vit/failure_images/03629_true-automobile_pred-airplane.png,false_negative_for_automobile;false_positive_for_airplane
3636,cifar10_test_03636,/home/tariq/Desktop/Awais-Tariq/base-KD/data/cifar-10-batches-py/test_batch,3636,deer,frog,0.9918648600578308,False,True,/home/tariq/Desktop/Awais-Tariq/base-KD/reports/cifar10_full_audit/mamba_kd_from_scratch_vit/failure_images/03636_true-deer_pred-frog.png,false_negative_for_deer;false_positive_for_frog
3645,cifar10_test_03645,/home/tariq/Desktop/Awais-Tariq/base-KD/data/cifar-10-batches-py/test_batch,3645,automobile,truck,0.9994449019432068,False,True,/home/tariq/Desktop/Awais-Tariq/base-KD/reports/cifar10_full_audit/mamba_kd_from_scratch_vit/failure_images/03645_true-automobile_pred-truck.png,false_negative_for_automobile;false_positive_for_truck
3646,cifar10_test_03646,/home/tariq/Desktop/Awais-Tariq/base-KD/data/cifar-10-batches-py/test_batch,3646,cat,bird,0.39938119053840637,False,True,/home/tariq/Desktop/Awais-Tariq/base-KD/reports/cifar10_full_audit/mamba_kd_from_scratch_vit/failure_images/03646_true-cat_pred-bird.png,false_negative_for_cat;false_positive_for_bird
3651,cifar10_test_03651,/home/tariq/Desktop/Awais-Tariq/base-KD/data/cifar-10-batches-py/test_batch,3651,airplane,truck,0.9653748273849487,False,True,/home/tariq/Desktop/Awais-Tariq/base-KD/reports/cifar10_full_audit/mamba_kd_from_scratch_vit/failure_images/03651_true-airplane_pred-truck.png,false_negative_for_airplane;false_positive_for_truck
3658,cifar10_test_03658,/home/tariq/Desktop/Awais-Tariq/base-KD/data/cifar-10-batches-py/test_batch,3658,bird,deer,0.8571493625640869,False,True,/home/tariq/Desktop/Awais-Tariq/base-KD/reports/cifar10_full_audit/mamba_kd_from_scratch_vit/failure_images/03658_true-bird_pred-deer.png,false_negative_for_bird;false_positive_for_deer
3673,cifar10_test_03673,/home/tariq/Desktop/Awais-Tariq/base-KD/data/cifar-10-batches-py/test_batch,3673,bird,airplane,0.9155488014221191,False,True,/home/tariq/Desktop/Awais-Tariq/base-KD/reports/cifar10_full_audit/mamba_kd_from_scratch_vit/failure_images/03673_true-bird_pred-airplane.png,false_negative_for_bird;false_positive_for_airplane
3696,cifar10_test_03696,/home/tariq/Desktop/Awais-Tariq/base-KD/data/cifar-10-batches-py/test_batch,3696,deer,bird,0.9421076774597168,False,True,/home/tariq/Desktop/Awais-Tariq/base-KD/reports/cifar10_full_audit/mamba_kd_from_scratch_vit/failure_images/03696_true-deer_pred-bird.png,false_negative_for_deer;false_positive_for_bird
3697,cifar10_test_03697,/home/tariq/Desktop/Awais-Tariq/base-KD/data/cifar-10-batches-py/test_batch,3697,deer,bird,0.5313345789909363,False,True,/home/tariq/Desktop/Awais-Tariq/base-KD/reports/cifar10_full_audit/mamba_kd_from_scratch_vit/failure_images/03697_true-deer_pred-bird.png,false_negative_for_deer;false_positive_for_bird
3704,cifar10_test_03704,/home/tariq/Desktop/Awais-Tariq/base-KD/data/cifar-10-batches-py/test_batch,3704,dog,cat,0.6421527862548828,False,True,/home/tariq/Desktop/Awais-Tariq/base-KD/reports/cifar10_full_audit/mamba_kd_from_scratch_vit/failure_images/03704_true-dog_pred-cat.png,false_negative_for_dog;false_positive_for_cat
3708,cifar10_test_03708,/home/tariq/Desktop/Awais-Tariq/base-KD/data/cifar-10-batches-py/test_batch,3708,deer,frog,0.611818790435791,False,True,/home/tariq/Desktop/Awais-Tariq/base-KD/reports/cifar10_full_audit/mamba_kd_from_scratch_vit/failure_images/03708_true-deer_pred-frog.png,false_negative_for_deer;false_positive_for_frog
3716,cifar10_test_03716,/home/tariq/Desktop/Awais-Tariq/base-KD/data/cifar-10-batches-py/test_batch,3716,cat,frog,0.994350254535675,False,True,/home/tariq/Desktop/Awais-Tariq/base-KD/reports/cifar10_full_audit/mamba_kd_from_scratch_vit/failure_images/03716_true-cat_pred-frog.png,false_negative_for_cat;false_positive_for_frog
3721,cifar10_test_03721,/home/tariq/Desktop/Awais-Tariq/base-KD/data/cifar-10-batches-py/test_batch,3721,bird,airplane,0.9793131947517395,False,True,/home/tariq/Desktop/Awais-Tariq/base-KD/reports/cifar10_full_audit/mamba_kd_from_scratch_vit/failure_images/03721_true-bird_pred-airplane.png,false_negative_for_bird;false_positive_for_airplane
3726,cifar10_test_03726,/home/tariq/Desktop/Awais-Tariq/base-KD/data/cifar-10-batches-py/test_batch,3726,dog,cat,0.8897979855537415,False,True,/home/tariq/Desktop/Awais-Tariq/base-KD/reports/cifar10_full_audit/mamba_kd_from_scratch_vit/failure_images/03726_true-dog_pred-cat.png,false_negative_for_dog;false_positive_for_cat
3728,cifar10_test_03728,/home/tariq/Desktop/Awais-Tariq/base-KD/data/cifar-10-batches-py/test_batch,3728,bird,cat,0.9871168732643127,False,True,/home/tariq/Desktop/Awais-Tariq/base-KD/reports/cifar10_full_audit/mamba_kd_from_scratch_vit/failure_images/03728_true-bird_pred-cat.png,false_negative_for_bird;false_positive_for_cat
3743,cifar10_test_03743,/home/tariq/Desktop/Awais-Tariq/base-KD/data/cifar-10-batches-py/test_batch,3743,cat,dog,0.7855011820793152,False,True,/home/tariq/Desktop/Awais-Tariq/base-KD/reports/cifar10_full_audit/mamba_kd_from_scratch_vit/failure_images/03743_true-cat_pred-dog.png,false_negative_for_cat;false_positive_for_dog
3744,cifar10_test_03744,/home/tariq/Desktop/Awais-Tariq/base-KD/data/cifar-10-batches-py/test_batch,3744,deer,horse,0.9139817953109741,False,True,/home/tariq/Desktop/Awais-Tariq/base-KD/reports/cifar10_full_audit/mamba_kd_from_scratch_vit/failure_images/03744_true-deer_pred-horse.png,false_negative_for_deer;false_positive_for_horse
3753,cifar10_test_03753,/home/tariq/Desktop/Awais-Tariq/base-KD/data/cifar-10-batches-py/test_batch,3753,deer,cat,0.8119865655899048,False,True,/home/tariq/Desktop/Awais-Tariq/base-KD/reports/cifar10_full_audit/mamba_kd_from_scratch_vit/failure_images/03753_true-deer_pred-cat.png,false_negative_for_deer;false_positive_for_cat
3771,cifar10_test_03771,/home/tariq/Desktop/Awais-Tariq/base-KD/data/cifar-10-batches-py/test_batch,3771,bird,airplane,0.6606783866882324,False,True,/home/tariq/Desktop/Awais-Tariq/base-KD/reports/cifar10_full_audit/mamba_kd_from_scratch_vit/failure_images/03771_true-bird_pred-airplane.png,false_negative_for_bird;false_positive_for_airplane
3773,cifar10_test_03773,/home/tariq/Desktop/Awais-Tariq/base-KD/data/cifar-10-batches-py/test_batch,3773,bird,dog,0.9990938901901245,False,True,/home/tariq/Desktop/Awais-Tariq/base-KD/reports/cifar10_full_audit/mamba_kd_from_scratch_vit/failure_images/03773_true-bird_pred-dog.png,false_negative_for_bird;false_positive_for_dog
3778,cifar10_test_03778,/home/tariq/Desktop/Awais-Tariq/base-KD/data/cifar-10-batches-py/test_batch,3778,horse,deer,0.5174539089202881,False,True,/home/tariq/Desktop/Awais-Tariq/base-KD/reports/cifar10_full_audit/mamba_kd_from_scratch_vit/failure_images/03778_true-horse_pred-deer.png,false_negative_for_horse;false_positive_for_deer
3787,cifar10_test_03787,/home/tariq/Desktop/Awais-Tariq/base-KD/data/cifar-10-batches-py/test_batch,3787,cat,deer,0.8880974650382996,False,True,/home/tariq/Desktop/Awais-Tariq/base-KD/reports/cifar10_full_audit/mamba_kd_from_scratch_vit/failure_images/03787_true-cat_pred-deer.png,false_negative_for_cat;false_positive_for_deer
3789,cifar10_test_03789,/home/tariq/Desktop/Awais-Tariq/base-KD/data/cifar-10-batches-py/test_batch,3789,truck,automobile,0.7990826368331909,False,True,/home/tariq/Desktop/Awais-Tariq/base-KD/reports/cifar10_full_audit/mamba_kd_from_scratch_vit/failure_images/03789_true-truck_pred-automobile.png,false_negative_for_truck;false_positive_for_automobile
3792,cifar10_test_03792,/home/tariq/Desktop/Awais-Tariq/base-KD/data/cifar-10-batches-py/test_batch,3792,airplane,truck,0.9234309196472168,False,True,/home/tariq/Desktop/Awais-Tariq/base-KD/reports/cifar10_full_audit/mamba_kd_from_scratch_vit/failure_images/03792_true-airplane_pred-truck.png,false_negative_for_airplane;false_positive_for_truck
3799,cifar10_test_03799,/home/tariq/Desktop/Awais-Tariq/base-KD/data/cifar-10-batches-py/test_batch,3799,cat,dog,0.5281957983970642,False,True,/home/tariq/Desktop/Awais-Tariq/base-KD/reports/cifar10_full_audit/mamba_kd_from_scratch_vit/failure_images/03799_true-cat_pred-dog.png,false_negative_for_cat;false_positive_for_dog
3801,cifar10_test_03801,/home/tariq/Desktop/Awais-Tariq/base-KD/data/cifar-10-batches-py/test_batch,3801,bird,airplane,0.6367307901382446,False,True,/home/tariq/Desktop/Awais-Tariq/base-KD/reports/cifar10_full_audit/mamba_kd_from_scratch_vit/failure_images/03801_true-bird_pred-airplane.png,false_negative_for_bird;false_positive_for_airplane
3806,cifar10_test_03806,/home/tariq/Desktop/Awais-Tariq/base-KD/data/cifar-10-batches-py/test_batch,3806,dog,bird,0.8431552648544312,False,True,/home/tariq/Desktop/Awais-Tariq/base-KD/reports/cifar10_full_audit/mamba_kd_from_scratch_vit/failure_images/03806_true-dog_pred-bird.png,false_negative_for_dog;false_positive_for_bird
3819,cifar10_test_03819,/home/tariq/Desktop/Awais-Tariq/base-KD/data/cifar-10-batches-py/test_batch,3819,cat,dog,0.713434100151062,False,True,/home/tariq/Desktop/Awais-Tariq/base-KD/reports/cifar10_full_audit/mamba_kd_from_scratch_vit/failure_images/03819_true-cat_pred-dog.png,false_negative_for_cat;false_positive_for_dog
3821,cifar10_test_03821,/home/tariq/Desktop/Awais-Tariq/base-KD/data/cifar-10-batches-py/test_batch,3821,ship,frog,0.9789161086082458,False,True,/home/tariq/Desktop/Awais-Tariq/base-KD/reports/cifar10_full_audit/mamba_kd_from_scratch_vit/failure_images/03821_true-ship_pred-frog.png,false_negative_for_ship;false_positive_for_frog
3828,cifar10_test_03828,/home/tariq/Desktop/Awais-Tariq/base-KD/data/cifar-10-batches-py/test_batch,3828,automobile,airplane,0.9993212223052979,False,True,/home/tariq/Desktop/Awais-Tariq/base-KD/reports/cifar10_full_audit/mamba_kd_from_scratch_vit/failure_images/03828_true-automobile_pred-airplane.png,false_negative_for_automobile;false_positive_for_airplane
3867,cifar10_test_03867,/home/tariq/Desktop/Awais-Tariq/base-KD/data/cifar-10-batches-py/test_batch,3867,cat,dog,0.9376692771911621,False,True,/home/tariq/Desktop/Awais-Tariq/base-KD/reports/cifar10_full_audit/mamba_kd_from_scratch_vit/failure_images/03867_true-cat_pred-dog.png,false_negative_for_cat;false_positive_for_dog
3887,cifar10_test_03887,/home/tariq/Desktop/Awais-Tariq/base-KD/data/cifar-10-batches-py/test_batch,3887,bird,deer,0.8509775400161743,False,True,/home/tariq/Desktop/Awais-Tariq/base-KD/reports/cifar10_full_audit/mamba_kd_from_scratch_vit/failure_images/03887_true-bird_pred-deer.png,false_negative_for_bird;false_positive_for_deer
3899,cifar10_test_03899,/home/tariq/Desktop/Awais-Tariq/base-KD/data/cifar-10-batches-py/test_batch,3899,frog,bird,0.9962211847305298,False,True,/home/tariq/Desktop/Awais-Tariq/base-KD/reports/cifar10_full_audit/mamba_kd_from_scratch_vit/failure_images/03899_true-frog_pred-bird.png,false_negative_for_frog;false_positive_for_bird
3901,cifar10_test_03901,/home/tariq/Desktop/Awais-Tariq/base-KD/data/cifar-10-batches-py/test_batch,3901,cat,dog,0.8941509127616882,False,True,/home/tariq/Desktop/Awais-Tariq/base-KD/reports/cifar10_full_audit/mamba_kd_from_scratch_vit/failure_images/03901_true-cat_pred-dog.png,false_negative_for_cat;false_positive_for_dog
3902,cifar10_test_03902,/home/tariq/Desktop/Awais-Tariq/base-KD/data/cifar-10-batches-py/test_batch,3902,truck,automobile,0.7112432718276978,False,True,/home/tariq/Desktop/Awais-Tariq/base-KD/reports/cifar10_full_audit/mamba_kd_from_scratch_vit/failure_images/03902_true-truck_pred-automobile.png,false_negative_for_truck;false_positive_for_automobile
3906,cifar10_test_03906,/home/tariq/Desktop/Awais-Tariq/base-KD/data/cifar-10-batches-py/test_batch,3906,cat,dog,0.987585186958313,False,True,/home/tariq/Desktop/Awais-Tariq/base-KD/reports/cifar10_full_audit/mamba_kd_from_scratch_vit/failure_images/03906_true-cat_pred-dog.png,false_negative_for_cat;false_positive_for_dog
3920,cifar10_test_03920,/home/tariq/Desktop/Awais-Tariq/base-KD/data/cifar-10-batches-py/test_batch,3920,horse,dog,0.5441794395446777,False,True,/home/tariq/Desktop/Awais-Tariq/base-KD/reports/cifar10_full_audit/mamba_kd_from_scratch_vit/failure_images/03920_true-horse_pred-dog.png,false_negative_for_horse;false_positive_for_dog
3921,cifar10_test_03921,/home/tariq/Desktop/Awais-Tariq/base-KD/data/cifar-10-batches-py/test_batch,3921,automobile,ship,0.704642117023468,False,True,/home/tariq/Desktop/Awais-Tariq/base-KD/reports/cifar10_full_audit/mamba_kd_from_scratch_vit/failure_images/03921_true-automobile_pred-ship.png,false_negative_for_automobile;false_positive_for_ship
3935,cifar10_test_03935,/home/tariq/Desktop/Awais-Tariq/base-KD/data/cifar-10-batches-py/test_batch,3935,deer,horse,0.9634350538253784,False,True,/home/tariq/Desktop/Awais-Tariq/base-KD/reports/cifar10_full_audit/mamba_kd_from_scratch_vit/failure_images/03935_true-deer_pred-horse.png,false_negative_for_deer;false_positive_for_horse
3942,cifar10_test_03942,/home/tariq/Desktop/Awais-Tariq/base-KD/data/cifar-10-batches-py/test_batch,3942,automobile,truck,0.6222001314163208,False,True,/home/tariq/Desktop/Awais-Tariq/base-KD/reports/cifar10_full_audit/mamba_kd_from_scratch_vit/failure_images/03942_true-automobile_pred-truck.png,false_negative_for_automobile;false_positive_for_truck
3953,cifar10_test_03953,/home/tariq/Desktop/Awais-Tariq/base-KD/data/cifar-10-batches-py/test_batch,3953,horse,bird,0.5781540274620056,False,True,/home/tariq/Desktop/Awais-Tariq/base-KD/reports/cifar10_full_audit/mamba_kd_from_scratch_vit/failure_images/03953_true-horse_pred-bird.png,false_negative_for_horse;false_positive_for_bird
3957,cifar10_test_03957,/home/tariq/Desktop/Awais-Tariq/base-KD/data/cifar-10-batches-py/test_batch,3957,truck,airplane,0.9900931715965271,False,True,/home/tariq/Desktop/Awais-Tariq/base-KD/reports/cifar10_full_audit/mamba_kd_from_scratch_vit/failure_images/03957_true-truck_pred-airplane.png,false_negative_for_truck;false_positive_for_airplane
3959,cifar10_test_03959,/home/tariq/Desktop/Awais-Tariq/base-KD/data/cifar-10-batches-py/test_batch,3959,dog,cat,0.6348994374275208,False,True,/home/tariq/Desktop/Awais-Tariq/base-KD/reports/cifar10_full_audit/mamba_kd_from_scratch_vit/failure_images/03959_true-dog_pred-cat.png,false_negative_for_dog;false_positive_for_cat
3962,cifar10_test_03962,/home/tariq/Desktop/Awais-Tariq/base-KD/data/cifar-10-batches-py/test_batch,3962,deer,horse,0.9725649356842041,False,True,/home/tariq/Desktop/Awais-Tariq/base-KD/reports/cifar10_full_audit/mamba_kd_from_scratch_vit/failure_images/03962_true-deer_pred-horse.png,false_negative_for_deer;false_positive_for_horse
3977,cifar10_test_03977,/home/tariq/Desktop/Awais-Tariq/base-KD/data/cifar-10-batches-py/test_batch,3977,cat,frog,0.999919056892395,False,True,/home/tariq/Desktop/Awais-Tariq/base-KD/reports/cifar10_full_audit/mamba_kd_from_scratch_vit/failure_images/03977_true-cat_pred-frog.png,false_negative_for_cat;false_positive_for_frog
3978,cifar10_test_03978,/home/tariq/Desktop/Awais-Tariq/base-KD/data/cifar-10-batches-py/test_batch,3978,bird,frog,0.7787331938743591,False,True,/home/tariq/Desktop/Awais-Tariq/base-KD/reports/cifar10_full_audit/mamba_kd_from_scratch_vit/failure_images/03978_true-bird_pred-frog.png,false_negative_for_bird;false_positive_for_frog
3980,cifar10_test_03980,/home/tariq/Desktop/Awais-Tariq/base-KD/data/cifar-10-batches-py/test_batch,3980,truck,bird,0.9030336141586304,False,True,/home/tariq/Desktop/Awais-Tariq/base-KD/reports/cifar10_full_audit/mamba_kd_from_scratch_vit/failure_images/03980_true-truck_pred-bird.png,false_negative_for_truck;false_positive_for_bird
3995,cifar10_test_03995,/home/tariq/Desktop/Awais-Tariq/base-KD/data/cifar-10-batches-py/test_batch,3995,horse,truck,0.8775550127029419,False,True,/home/tariq/Desktop/Awais-Tariq/base-KD/reports/cifar10_full_audit/mamba_kd_from_scratch_vit/failure_images/03995_true-horse_pred-truck.png,false_negative_for_horse;false_positive_for_truck
4000,cifar10_test_04000,/home/tariq/Desktop/Awais-Tariq/base-KD/data/cifar-10-batches-py/test_batch,4000,ship,airplane,0.9887824654579163,False,True,/home/tariq/Desktop/Awais-Tariq/base-KD/reports/cifar10_full_audit/mamba_kd_from_scratch_vit/failure_images/04000_true-ship_pred-airplane.png,false_negative_for_ship;false_positive_for_airplane
4003,cifar10_test_04003,/home/tariq/Desktop/Awais-Tariq/base-KD/data/cifar-10-batches-py/test_batch,4003,bird,airplane,0.9307309985160828,False,True,/home/tariq/Desktop/Awais-Tariq/base-KD/reports/cifar10_full_audit/mamba_kd_from_scratch_vit/failure_images/04003_true-bird_pred-airplane.png,false_negative_for_bird;false_positive_for_airplane
4012,cifar10_test_04012,/home/tariq/Desktop/Awais-Tariq/base-KD/data/cifar-10-batches-py/test_batch,4012,cat,dog,0.9408096671104431,False,False,/home/tariq/Desktop/Awais-Tariq/base-KD/reports/cifar10_full_audit/mamba_kd_from_scratch_vit/failure_images/04012_true-cat_pred-dog.png,false_negative_for_cat;false_positive_for_dog
4013,cifar10_test_04013,/home/tariq/Desktop/Awais-Tariq/base-KD/data/cifar-10-batches-py/test_batch,4013,automobile,cat,0.4707989990711212,False,True,/home/tariq/Desktop/Awais-Tariq/base-KD/reports/cifar10_full_audit/mamba_kd_from_scratch_vit/failure_images/04013_true-automobile_pred-cat.png,false_negative_for_automobile;false_positive_for_cat
4036,cifar10_test_04036,/home/tariq/Desktop/Awais-Tariq/base-KD/data/cifar-10-batches-py/test_batch,4036,horse,airplane,0.9992398023605347,False,True,/home/tariq/Desktop/Awais-Tariq/base-KD/reports/cifar10_full_audit/mamba_kd_from_scratch_vit/failure_images/04036_true-horse_pred-airplane.png,false_negative_for_horse;false_positive_for_airplane
4038,cifar10_test_04038,/home/tariq/Desktop/Awais-Tariq/base-KD/data/cifar-10-batches-py/test_batch,4038,airplane,automobile,0.9693669676780701,False,True,/home/tariq/Desktop/Awais-Tariq/base-KD/reports/cifar10_full_audit/mamba_kd_from_scratch_vit/failure_images/04038_true-airplane_pred-automobile.png,false_negative_for_airplane;false_positive_for_automobile
4054,cifar10_test_04054,/home/tariq/Desktop/Awais-Tariq/base-KD/data/cifar-10-batches-py/test_batch,4054,horse,truck,0.4478349983692169,False,True,/home/tariq/Desktop/Awais-Tariq/base-KD/reports/cifar10_full_audit/mamba_kd_from_scratch_vit/failure_images/04054_true-horse_pred-truck.png,false_negative_for_horse;false_positive_for_truck
4055,cifar10_test_04055,/home/tariq/Desktop/Awais-Tariq/base-KD/data/cifar-10-batches-py/test_batch,4055,automobile,airplane,0.7189157009124756,False,True,/home/tariq/Desktop/Awais-Tariq/base-KD/reports/cifar10_full_audit/mamba_kd_from_scratch_vit/failure_images/04055_true-automobile_pred-airplane.png,false_negative_for_automobile;false_positive_for_airplane
4071,cifar10_test_04071,/home/tariq/Desktop/Awais-Tariq/base-KD/data/cifar-10-batches-py/test_batch,4071,cat,airplane,0.6546375751495361,False,True,/home/tariq/Desktop/Awais-Tariq/base-KD/reports/cifar10_full_audit/mamba_kd_from_scratch_vit/failure_images/04071_true-cat_pred-airplane.png,false_negative_for_cat;false_positive_for_airplane
4077,cifar10_test_04077,/home/tariq/Desktop/Awais-Tariq/base-KD/data/cifar-10-batches-py/test_batch,4077,cat,dog,0.756615400314331,False,True,/home/tariq/Desktop/Awais-Tariq/base-KD/reports/cifar10_full_audit/mamba_kd_from_scratch_vit/failure_images/04077_true-cat_pred-dog.png,false_negative_for_cat;false_positive_for_dog
4081,cifar10_test_04081,/home/tariq/Desktop/Awais-Tariq/base-KD/data/cifar-10-batches-py/test_batch,4081,airplane,truck,0.7289475202560425,False,True,/home/tariq/Desktop/Awais-Tariq/base-KD/reports/cifar10_full_audit/mamba_kd_from_scratch_vit/failure_images/04081_true-airplane_pred-truck.png,false_negative_for_airplane;false_positive_for_truck
4085,cifar10_test_04085,/home/tariq/Desktop/Awais-Tariq/base-KD/data/cifar-10-batches-py/test_batch,4085,ship,deer,0.5640228390693665,False,True,/home/tariq/Desktop/Awais-Tariq/base-KD/reports/cifar10_full_audit/mamba_kd_from_scratch_vit/failure_images/04085_true-ship_pred-deer.png,false_negative_for_ship;false_positive_for_deer
4094,cifar10_test_04094,/home/tariq/Desktop/Awais-Tariq/base-KD/data/cifar-10-batches-py/test_batch,4094,cat,horse,0.6473543047904968,False,True,/home/tariq/Desktop/Awais-Tariq/base-KD/reports/cifar10_full_audit/mamba_kd_from_scratch_vit/failure_images/04094_true-cat_pred-horse.png,false_negative_for_cat;false_positive_for_horse
4097,cifar10_test_04097,/home/tariq/Desktop/Awais-Tariq/base-KD/data/cifar-10-batches-py/test_batch,4097,cat,frog,0.9930597543716431,False,True,/home/tariq/Desktop/Awais-Tariq/base-KD/reports/cifar10_full_audit/mamba_kd_from_scratch_vit/failure_images/04097_true-cat_pred-frog.png,false_negative_for_cat;false_positive_for_frog
4107,cifar10_test_04107,/home/tariq/Desktop/Awais-Tariq/base-KD/data/cifar-10-batches-py/test_batch,4107,cat,horse,0.6241664886474609,False,True,/home/tariq/Desktop/Awais-Tariq/base-KD/reports/cifar10_full_audit/mamba_kd_from_scratch_vit/failure_images/04107_true-cat_pred-horse.png,false_negative_for_cat;false_positive_for_horse
4121,cifar10_test_04121,/home/tariq/Desktop/Awais-Tariq/base-KD/data/cifar-10-batches-py/test_batch,4121,dog,cat,0.5072261095046997,False,True,/home/tariq/Desktop/Awais-Tariq/base-KD/reports/cifar10_full_audit/mamba_kd_from_scratch_vit/failure_images/04121_true-dog_pred-cat.png,false_negative_for_dog;false_positive_for_cat
4137,cifar10_test_04137,/home/tariq/Desktop/Awais-Tariq/base-KD/data/cifar-10-batches-py/test_batch,4137,deer,dog,0.4887583255767822,False,True,/home/tariq/Desktop/Awais-Tariq/base-KD/reports/cifar10_full_audit/mamba_kd_from_scratch_vit/failure_images/04137_true-deer_pred-dog.png,false_negative_for_deer;false_positive_for_dog
4139,cifar10_test_04139,/home/tariq/Desktop/Awais-Tariq/base-KD/data/cifar-10-batches-py/test_batch,4139,dog,horse,0.3536275327205658,False,True,/home/tariq/Desktop/Awais-Tariq/base-KD/reports/cifar10_full_audit/mamba_kd_from_scratch_vit/failure_images/04139_true-dog_pred-horse.png,false_negative_for_dog;false_positive_for_horse
4152,cifar10_test_04152,/home/tariq/Desktop/Awais-Tariq/base-KD/data/cifar-10-batches-py/test_batch,4152,dog,automobile,0.9246916174888611,False,True,/home/tariq/Desktop/Awais-Tariq/base-KD/reports/cifar10_full_audit/mamba_kd_from_scratch_vit/failure_images/04152_true-dog_pred-automobile.png,false_negative_for_dog;false_positive_for_automobile
4163,cifar10_test_04163,/home/tariq/Desktop/Awais-Tariq/base-KD/data/cifar-10-batches-py/test_batch,4163,bird,frog,0.8467214107513428,False,True,/home/tariq/Desktop/Awais-Tariq/base-KD/reports/cifar10_full_audit/mamba_kd_from_scratch_vit/failure_images/04163_true-bird_pred-frog.png,false_negative_for_bird;false_positive_for_frog
4169,cifar10_test_04169,/home/tariq/Desktop/Awais-Tariq/base-KD/data/cifar-10-batches-py/test_batch,4169,cat,dog,0.8681114912033081,False,True,/home/tariq/Desktop/Awais-Tariq/base-KD/reports/cifar10_full_audit/mamba_kd_from_scratch_vit/failure_images/04169_true-cat_pred-dog.png,false_negative_for_cat;false_positive_for_dog
4172,cifar10_test_04172,/home/tariq/Desktop/Awais-Tariq/base-KD/data/cifar-10-batches-py/test_batch,4172,dog,cat,0.7155464291572571,False,True,/home/tariq/Desktop/Awais-Tariq/base-KD/reports/cifar10_full_audit/mamba_kd_from_scratch_vit/failure_images/04172_true-dog_pred-cat.png,false_negative_for_dog;false_positive_for_cat
4190,cifar10_test_04190,/home/tariq/Desktop/Awais-Tariq/base-KD/data/cifar-10-batches-py/test_batch,4190,cat,horse,0.9807660579681396,False,True,/home/tariq/Desktop/Awais-Tariq/base-KD/reports/cifar10_full_audit/mamba_kd_from_scratch_vit/failure_images/04190_true-cat_pred-horse.png,false_negative_for_cat;false_positive_for_horse
4198,cifar10_test_04198,/home/tariq/Desktop/Awais-Tariq/base-KD/data/cifar-10-batches-py/test_batch,4198,ship,airplane,0.9916000366210938,False,True,/home/tariq/Desktop/Awais-Tariq/base-KD/reports/cifar10_full_audit/mamba_kd_from_scratch_vit/failure_images/04198_true-ship_pred-airplane.png,false_negative_for_ship;false_positive_for_airplane
4210,cifar10_test_04210,/home/tariq/Desktop/Awais-Tariq/base-KD/data/cifar-10-batches-py/test_batch,4210,cat,truck,0.8617122173309326,False,True,/home/tariq/Desktop/Awais-Tariq/base-KD/reports/cifar10_full_audit/mamba_kd_from_scratch_vit/failure_images/04210_true-cat_pred-truck.png,false_negative_for_cat;false_positive_for_truck
4220,cifar10_test_04220,/home/tariq/Desktop/Awais-Tariq/base-KD/data/cifar-10-batches-py/test_batch,4220,deer,airplane,0.8485998511314392,False,True,/home/tariq/Desktop/Awais-Tariq/base-KD/reports/cifar10_full_audit/mamba_kd_from_scratch_vit/failure_images/04220_true-deer_pred-airplane.png,false_negative_for_deer;false_positive_for_airplane
4238,cifar10_test_04238,/home/tariq/Desktop/Awais-Tariq/base-KD/data/cifar-10-batches-py/test_batch,4238,dog,cat,0.6602489948272705,False,True,/home/tariq/Desktop/Awais-Tariq/base-KD/reports/cifar10_full_audit/mamba_kd_from_scratch_vit/failure_images/04238_true-dog_pred-cat.png,false_negative_for_dog;false_positive_for_cat
4244,cifar10_test_04244,/home/tariq/Desktop/Awais-Tariq/base-KD/data/cifar-10-batches-py/test_batch,4244,bird,horse,0.7392473816871643,False,True,/home/tariq/Desktop/Awais-Tariq/base-KD/reports/cifar10_full_audit/mamba_kd_from_scratch_vit/failure_images/04244_true-bird_pred-horse.png,false_negative_for_bird;false_positive_for_horse
4248,cifar10_test_04248,/home/tariq/Desktop/Awais-Tariq/base-KD/data/cifar-10-batches-py/test_batch,4248,cat,dog,0.5926846861839294,False,True,/home/tariq/Desktop/Awais-Tariq/base-KD/reports/cifar10_full_audit/mamba_kd_from_scratch_vit/failure_images/04248_true-cat_pred-dog.png,false_negative_for_cat;false_positive_for_dog
4251,cifar10_test_04251,/home/tariq/Desktop/Awais-Tariq/base-KD/data/cifar-10-batches-py/test_batch,4251,ship,automobile,0.7313759326934814,False,True,/home/tariq/Desktop/Awais-Tariq/base-KD/reports/cifar10_full_audit/mamba_kd_from_scratch_vit/failure_images/04251_true-ship_pred-automobile.png,false_negative_for_ship;false_positive_for_automobile
4255,cifar10_test_04255,/home/tariq/Desktop/Awais-Tariq/base-KD/data/cifar-10-batches-py/test_batch,4255,truck,horse,0.9349938631057739,False,True,/home/tariq/Desktop/Awais-Tariq/base-KD/reports/cifar10_full_audit/mamba_kd_from_scratch_vit/failure_images/04255_true-truck_pred-horse.png,false_negative_for_truck;false_positive_for_horse
4269,cifar10_test_04269,/home/tariq/Desktop/Awais-Tariq/base-KD/data/cifar-10-batches-py/test_batch,4269,airplane,bird,0.7345781326293945,False,True,/home/tariq/Desktop/Awais-Tariq/base-KD/reports/cifar10_full_audit/mamba_kd_from_scratch_vit/failure_images/04269_true-airplane_pred-bird.png,false_negative_for_airplane;false_positive_for_bird
4275,cifar10_test_04275,/home/tariq/Desktop/Awais-Tariq/base-KD/data/cifar-10-batches-py/test_batch,4275,dog,cat,0.9262272715568542,False,True,/home/tariq/Desktop/Awais-Tariq/base-KD/reports/cifar10_full_audit/mamba_kd_from_scratch_vit/failure_images/04275_true-dog_pred-cat.png,false_negative_for_dog;false_positive_for_cat
4276,cifar10_test_04276,/home/tariq/Desktop/Awais-Tariq/base-KD/data/cifar-10-batches-py/test_batch,4276,truck,automobile,0.5580539107322693,False,True,/home/tariq/Desktop/Awais-Tariq/base-KD/reports/cifar10_full_audit/mamba_kd_from_scratch_vit/failure_images/04276_true-truck_pred-automobile.png,false_negative_for_truck;false_positive_for_automobile
4285,cifar10_test_04285,/home/tariq/Desktop/Awais-Tariq/base-KD/data/cifar-10-batches-py/test_batch,4285,automobile,cat,0.8609874248504639,False,True,/home/tariq/Desktop/Awais-Tariq/base-KD/reports/cifar10_full_audit/mamba_kd_from_scratch_vit/failure_images/04285_true-automobile_pred-cat.png,false_negative_for_automobile;false_positive_for_cat
4287,cifar10_test_04287,/home/tariq/Desktop/Awais-Tariq/base-KD/data/cifar-10-batches-py/test_batch,4287,airplane,frog,0.858596682548523,False,True,/home/tariq/Desktop/Awais-Tariq/base-KD/reports/cifar10_full_audit/mamba_kd_from_scratch_vit/failure_images/04287_true-airplane_pred-frog.png,false_negative_for_airplane;false_positive_for_frog
4290,cifar10_test_04290,/home/tariq/Desktop/Awais-Tariq/base-KD/data/cifar-10-batches-py/test_batch,4290,bird,dog,0.6903803944587708,False,True,/home/tariq/Desktop/Awais-Tariq/base-KD/reports/cifar10_full_audit/mamba_kd_from_scratch_vit/failure_images/04290_true-bird_pred-dog.png,false_negative_for_bird;false_positive_for_dog
4302,cifar10_test_04302,/home/tariq/Desktop/Awais-Tariq/base-KD/data/cifar-10-batches-py/test_batch,4302,bird,dog,0.8043193817138672,False,True,/home/tariq/Desktop/Awais-Tariq/base-KD/reports/cifar10_full_audit/mamba_kd_from_scratch_vit/failure_images/04302_true-bird_pred-dog.png,false_negative_for_bird;false_positive_for_dog
4307,cifar10_test_04307,/home/tariq/Desktop/Awais-Tariq/base-KD/data/cifar-10-batches-py/test_batch,4307,cat,bird,0.6127554774284363,False,True,/home/tariq/Desktop/Awais-Tariq/base-KD/reports/cifar10_full_audit/mamba_kd_from_scratch_vit/failure_images/04307_true-cat_pred-bird.png,false_negative_for_cat;false_positive_for_bird
4309,cifar10_test_04309,/home/tariq/Desktop/Awais-Tariq/base-KD/data/cifar-10-batches-py/test_batch,4309,horse,dog,0.9982737302780151,False,True,/home/tariq/Desktop/Awais-Tariq/base-KD/reports/cifar10_full_audit/mamba_kd_from_scratch_vit/failure_images/04309_true-horse_pred-dog.png,false_negative_for_horse;false_positive_for_dog
4331,cifar10_test_04331,/home/tariq/Desktop/Awais-Tariq/base-KD/data/cifar-10-batches-py/test_batch,4331,bird,deer,0.5031130909919739,False,True,/home/tariq/Desktop/Awais-Tariq/base-KD/reports/cifar10_full_audit/mamba_kd_from_scratch_vit/failure_images/04331_true-bird_pred-deer.png,false_negative_for_bird;false_positive_for_deer
4332,cifar10_test_04332,/home/tariq/Desktop/Awais-Tariq/base-KD/data/cifar-10-batches-py/test_batch,4332,horse,deer,0.9268849492073059,False,True,/home/tariq/Desktop/Awais-Tariq/base-KD/reports/cifar10_full_audit/mamba_kd_from_scratch_vit/failure_images/04332_true-horse_pred-deer.png,false_negative_for_horse;false_positive_for_deer
4352,cifar10_test_04352,/home/tariq/Desktop/Awais-Tariq/base-KD/data/cifar-10-batches-py/test_batch,4352,cat,dog,0.8953972458839417,False,True,/home/tariq/Desktop/Awais-Tariq/base-KD/reports/cifar10_full_audit/mamba_kd_from_scratch_vit/failure_images/04352_true-cat_pred-dog.png,false_negative_for_cat;false_positive_for_dog
4355,cifar10_test_04355,/home/tariq/Desktop/Awais-Tariq/base-KD/data/cifar-10-batches-py/test_batch,4355,airplane,cat,0.8727552890777588,False,False,/home/tariq/Desktop/Awais-Tariq/base-KD/reports/cifar10_full_audit/mamba_kd_from_scratch_vit/failure_images/04355_true-airplane_pred-cat.png,false_negative_for_airplane;false_positive_for_cat
4368,cifar10_test_04368,/home/tariq/Desktop/Awais-Tariq/base-KD/data/cifar-10-batches-py/test_batch,4368,deer,frog,0.5127331018447876,False,True,/home/tariq/Desktop/Awais-Tariq/base-KD/reports/cifar10_full_audit/mamba_kd_from_scratch_vit/failure_images/04368_true-deer_pred-frog.png,false_negative_for_deer;false_positive_for_frog
4391,cifar10_test_04391,/home/tariq/Desktop/Awais-Tariq/base-KD/data/cifar-10-batches-py/test_batch,4391,cat,truck,0.6265760064125061,False,True,/home/tariq/Desktop/Awais-Tariq/base-KD/reports/cifar10_full_audit/mamba_kd_from_scratch_vit/failure_images/04391_true-cat_pred-truck.png,false_negative_for_cat;false_positive_for_truck
4398,cifar10_test_04398,/home/tariq/Desktop/Awais-Tariq/base-KD/data/cifar-10-batches-py/test_batch,4398,deer,horse,0.8828392624855042,False,True,/home/tariq/Desktop/Awais-Tariq/base-KD/reports/cifar10_full_audit/mamba_kd_from_scratch_vit/failure_images/04398_true-deer_pred-horse.png,false_negative_for_deer;false_positive_for_horse
4404,cifar10_test_04404,/home/tariq/Desktop/Awais-Tariq/base-KD/data/cifar-10-batches-py/test_batch,4404,cat,deer,0.9996002316474915,False,False,/home/tariq/Desktop/Awais-Tariq/base-KD/reports/cifar10_full_audit/mamba_kd_from_scratch_vit/failure_images/04404_true-cat_pred-deer.png,false_negative_for_cat;false_positive_for_deer
4414,cifar10_test_04414,/home/tariq/Desktop/Awais-Tariq/base-KD/data/cifar-10-batches-py/test_batch,4414,bird,frog,0.8710782527923584,False,True,/home/tariq/Desktop/Awais-Tariq/base-KD/reports/cifar10_full_audit/mamba_kd_from_scratch_vit/failure_images/04414_true-bird_pred-frog.png,false_negative_for_bird;false_positive_for_frog
4416,cifar10_test_04416,/home/tariq/Desktop/Awais-Tariq/base-KD/data/cifar-10-batches-py/test_batch,4416,deer,bird,0.9555848240852356,False,True,/home/tariq/Desktop/Awais-Tariq/base-KD/reports/cifar10_full_audit/mamba_kd_from_scratch_vit/failure_images/04416_true-deer_pred-bird.png,false_negative_for_deer;false_positive_for_bird
4421,cifar10_test_04421,/home/tariq/Desktop/Awais-Tariq/base-KD/data/cifar-10-batches-py/test_batch,4421,bird,dog,0.3951577842235565,False,True,/home/tariq/Desktop/Awais-Tariq/base-KD/reports/cifar10_full_audit/mamba_kd_from_scratch_vit/failure_images/04421_true-bird_pred-dog.png,false_negative_for_bird;false_positive_for_dog
4442,cifar10_test_04442,/home/tariq/Desktop/Awais-Tariq/base-KD/data/cifar-10-batches-py/test_batch,4442,cat,automobile,0.6772196888923645,False,True,/home/tariq/Desktop/Awais-Tariq/base-KD/reports/cifar10_full_audit/mamba_kd_from_scratch_vit/failure_images/04442_true-cat_pred-automobile.png,false_negative_for_cat;false_positive_for_automobile
4446,cifar10_test_04446,/home/tariq/Desktop/Awais-Tariq/base-KD/data/cifar-10-batches-py/test_batch,4446,airplane,automobile,0.9889683127403259,False,True,/home/tariq/Desktop/Awais-Tariq/base-KD/reports/cifar10_full_audit/mamba_kd_from_scratch_vit/failure_images/04446_true-airplane_pred-automobile.png,false_negative_for_airplane;false_positive_for_automobile
4470,cifar10_test_04470,/home/tariq/Desktop/Awais-Tariq/base-KD/data/cifar-10-batches-py/test_batch,4470,airplane,truck,0.9587286114692688,False,True,/home/tariq/Desktop/Awais-Tariq/base-KD/reports/cifar10_full_audit/mamba_kd_from_scratch_vit/failure_images/04470_true-airplane_pred-truck.png,false_negative_for_airplane;false_positive_for_truck
4479,cifar10_test_04479,/home/tariq/Desktop/Awais-Tariq/base-KD/data/cifar-10-batches-py/test_batch,4479,horse,deer,0.8648870587348938,False,True,/home/tariq/Desktop/Awais-Tariq/base-KD/reports/cifar10_full_audit/mamba_kd_from_scratch_vit/failure_images/04479_true-horse_pred-deer.png,false_negative_for_horse;false_positive_for_deer
4483,cifar10_test_04483,/home/tariq/Desktop/Awais-Tariq/base-KD/data/cifar-10-batches-py/test_batch,4483,bird,frog,0.7196622490882874,False,True,/home/tariq/Desktop/Awais-Tariq/base-KD/reports/cifar10_full_audit/mamba_kd_from_scratch_vit/failure_images/04483_true-bird_pred-frog.png,false_negative_for_bird;false_positive_for_frog
4486,cifar10_test_04486,/home/tariq/Desktop/Awais-Tariq/base-KD/data/cifar-10-batches-py/test_batch,4486,ship,automobile,0.99779212474823,False,True,/home/tariq/Desktop/Awais-Tariq/base-KD/reports/cifar10_full_audit/mamba_kd_from_scratch_vit/failure_images/04486_true-ship_pred-automobile.png,false_negative_for_ship;false_positive_for_automobile
4487,cifar10_test_04487,/home/tariq/Desktop/Awais-Tariq/base-KD/data/cifar-10-batches-py/test_batch,4487,cat,frog,0.842075765132904,False,True,/home/tariq/Desktop/Awais-Tariq/base-KD/reports/cifar10_full_audit/mamba_kd_from_scratch_vit/failure_images/04487_true-cat_pred-frog.png,false_negative_for_cat;false_positive_for_frog
4490,cifar10_test_04490,/home/tariq/Desktop/Awais-Tariq/base-KD/data/cifar-10-batches-py/test_batch,4490,airplane,frog,0.5761194229125977,False,True,/home/tariq/Desktop/Awais-Tariq/base-KD/reports/cifar10_full_audit/mamba_kd_from_scratch_vit/failure_images/04490_true-airplane_pred-frog.png,false_negative_for_airplane;false_positive_for_frog
4495,cifar10_test_04495,/home/tariq/Desktop/Awais-Tariq/base-KD/data/cifar-10-batches-py/test_batch,4495,cat,dog,0.5641540884971619,False,True,/home/tariq/Desktop/Awais-Tariq/base-KD/reports/cifar10_full_audit/mamba_kd_from_scratch_vit/failure_images/04495_true-cat_pred-dog.png,false_negative_for_cat;false_positive_for_dog
4503,cifar10_test_04503,/home/tariq/Desktop/Awais-Tariq/base-KD/data/cifar-10-batches-py/test_batch,4503,horse,cat,0.6482280492782593,False,True,/home/tariq/Desktop/Awais-Tariq/base-KD/reports/cifar10_full_audit/mamba_kd_from_scratch_vit/failure_images/04503_true-horse_pred-cat.png,false_negative_for_horse;false_positive_for_cat
4527,cifar10_test_04527,/home/tariq/Desktop/Awais-Tariq/base-KD/data/cifar-10-batches-py/test_batch,4527,cat,dog,0.9493310451507568,False,True,/home/tariq/Desktop/Awais-Tariq/base-KD/reports/cifar10_full_audit/mamba_kd_from_scratch_vit/failure_images/04527_true-cat_pred-dog.png,false_negative_for_cat;false_positive_for_dog
4528,cifar10_test_04528,/home/tariq/Desktop/Awais-Tariq/base-KD/data/cifar-10-batches-py/test_batch,4528,dog,deer,0.9947978258132935,False,True,/home/tariq/Desktop/Awais-Tariq/base-KD/reports/cifar10_full_audit/mamba_kd_from_scratch_vit/failure_images/04528_true-dog_pred-deer.png,false_negative_for_dog;false_positive_for_deer
4542,cifar10_test_04542,/home/tariq/Desktop/Awais-Tariq/base-KD/data/cifar-10-batches-py/test_batch,4542,cat,deer,0.7833536863327026,False,True,/home/tariq/Desktop/Awais-Tariq/base-KD/reports/cifar10_full_audit/mamba_kd_from_scratch_vit/failure_images/04542_true-cat_pred-deer.png,false_negative_for_cat;false_positive_for_deer
4545,cifar10_test_04545,/home/tariq/Desktop/Awais-Tariq/base-KD/data/cifar-10-batches-py/test_batch,4545,cat,deer,0.9852724671363831,False,True,/home/tariq/Desktop/Awais-Tariq/base-KD/reports/cifar10_full_audit/mamba_kd_from_scratch_vit/failure_images/04545_true-cat_pred-deer.png,false_negative_for_cat;false_positive_for_deer
4547,cifar10_test_04547,/home/tariq/Desktop/Awais-Tariq/base-KD/data/cifar-10-batches-py/test_batch,4547,cat,dog,0.77210533618927,False,True,/home/tariq/Desktop/Awais-Tariq/base-KD/reports/cifar10_full_audit/mamba_kd_from_scratch_vit/failure_images/04547_true-cat_pred-dog.png,false_negative_for_cat;false_positive_for_dog
4548,cifar10_test_04548,/home/tariq/Desktop/Awais-Tariq/base-KD/data/cifar-10-batches-py/test_batch,4548,airplane,cat,0.5679157376289368,False,True,/home/tariq/Desktop/Awais-Tariq/base-KD/reports/cifar10_full_audit/mamba_kd_from_scratch_vit/failure_images/04548_true-airplane_pred-cat.png,false_negative_for_airplane;false_positive_for_cat
4555,cifar10_test_04555,/home/tariq/Desktop/Awais-Tariq/base-KD/data/cifar-10-batches-py/test_batch,4555,dog,horse,0.9157547354698181,False,True,/home/tariq/Desktop/Awais-Tariq/base-KD/reports/cifar10_full_audit/mamba_kd_from_scratch_vit/failure_images/04555_true-dog_pred-horse.png,false_negative_for_dog;false_positive_for_horse
4571,cifar10_test_04571,/home/tariq/Desktop/Awais-Tariq/base-KD/data/cifar-10-batches-py/test_batch,4571,deer,bird,0.8013271689414978,False,True,/home/tariq/Desktop/Awais-Tariq/base-KD/reports/cifar10_full_audit/mamba_kd_from_scratch_vit/failure_images/04571_true-deer_pred-bird.png,false_negative_for_deer;false_positive_for_bird
4574,cifar10_test_04574,/home/tariq/Desktop/Awais-Tariq/base-KD/data/cifar-10-batches-py/test_batch,4574,cat,dog,0.5502698421478271,False,True,/home/tariq/Desktop/Awais-Tariq/base-KD/reports/cifar10_full_audit/mamba_kd_from_scratch_vit/failure_images/04574_true-cat_pred-dog.png,false_negative_for_cat;false_positive_for_dog
4581,cifar10_test_04581,/home/tariq/Desktop/Awais-Tariq/base-KD/data/cifar-10-batches-py/test_batch,4581,cat,horse,0.7672757506370544,False,True,/home/tariq/Desktop/Awais-Tariq/base-KD/reports/cifar10_full_audit/mamba_kd_from_scratch_vit/failure_images/04581_true-cat_pred-horse.png,false_negative_for_cat;false_positive_for_horse
4585,cifar10_test_04585,/home/tariq/Desktop/Awais-Tariq/base-KD/data/cifar-10-batches-py/test_batch,4585,ship,airplane,0.6605001091957092,False,True,/home/tariq/Desktop/Awais-Tariq/base-KD/reports/cifar10_full_audit/mamba_kd_from_scratch_vit/failure_images/04585_true-ship_pred-airplane.png,false_negative_for_ship;false_positive_for_airplane
4590,cifar10_test_04590,/home/tariq/Desktop/Awais-Tariq/base-KD/data/cifar-10-batches-py/test_batch,4590,truck,bird,0.9400274157524109,False,True,/home/tariq/Desktop/Awais-Tariq/base-KD/reports/cifar10_full_audit/mamba_kd_from_scratch_vit/failure_images/04590_true-truck_pred-bird.png,false_negative_for_truck;false_positive_for_bird
4610,cifar10_test_04610,/home/tariq/Desktop/Awais-Tariq/base-KD/data/cifar-10-batches-py/test_batch,4610,frog,airplane,0.41809216141700745,False,True,/home/tariq/Desktop/Awais-Tariq/base-KD/reports/cifar10_full_audit/mamba_kd_from_scratch_vit/failure_images/04610_true-frog_pred-airplane.png,false_negative_for_frog;false_positive_for_airplane
4614,cifar10_test_04614,/home/tariq/Desktop/Awais-Tariq/base-KD/data/cifar-10-batches-py/test_batch,4614,cat,dog,0.9901942610740662,False,True,/home/tariq/Desktop/Awais-Tariq/base-KD/reports/cifar10_full_audit/mamba_kd_from_scratch_vit/failure_images/04614_true-cat_pred-dog.png,false_negative_for_cat;false_positive_for_dog
4630,cifar10_test_04630,/home/tariq/Desktop/Awais-Tariq/base-KD/data/cifar-10-batches-py/test_batch,4630,bird,deer,0.6923099756240845,False,True,/home/tariq/Desktop/Awais-Tariq/base-KD/reports/cifar10_full_audit/mamba_kd_from_scratch_vit/failure_images/04630_true-bird_pred-deer.png,false_negative_for_bird;false_positive_for_deer
4646,cifar10_test_04646,/home/tariq/Desktop/Awais-Tariq/base-KD/data/cifar-10-batches-py/test_batch,4646,bird,cat,0.8385735154151917,False,True,/home/tariq/Desktop/Awais-Tariq/base-KD/reports/cifar10_full_audit/mamba_kd_from_scratch_vit/failure_images/04646_true-bird_pred-cat.png,false_negative_for_bird;false_positive_for_cat
4661,cifar10_test_04661,/home/tariq/Desktop/Awais-Tariq/base-KD/data/cifar-10-batches-py/test_batch,4661,deer,cat,0.9665120244026184,False,True,/home/tariq/Desktop/Awais-Tariq/base-KD/reports/cifar10_full_audit/mamba_kd_from_scratch_vit/failure_images/04661_true-deer_pred-cat.png,false_negative_for_deer;false_positive_for_cat
4686,cifar10_test_04686,/home/tariq/Desktop/Awais-Tariq/base-KD/data/cifar-10-batches-py/test_batch,4686,airplane,ship,0.9557663202285767,False,True,/home/tariq/Desktop/Awais-Tariq/base-KD/reports/cifar10_full_audit/mamba_kd_from_scratch_vit/failure_images/04686_true-airplane_pred-ship.png,false_negative_for_airplane;false_positive_for_ship
4705,cifar10_test_04705,/home/tariq/Desktop/Awais-Tariq/base-KD/data/cifar-10-batches-py/test_batch,4705,cat,deer,0.9409567713737488,False,True,/home/tariq/Desktop/Awais-Tariq/base-KD/reports/cifar10_full_audit/mamba_kd_from_scratch_vit/failure_images/04705_true-cat_pred-deer.png,false_negative_for_cat;false_positive_for_deer
4710,cifar10_test_04710,/home/tariq/Desktop/Awais-Tariq/base-KD/data/cifar-10-batches-py/test_batch,4710,cat,horse,0.78277188539505,False,True,/home/tariq/Desktop/Awais-Tariq/base-KD/reports/cifar10_full_audit/mamba_kd_from_scratch_vit/failure_images/04710_true-cat_pred-horse.png,false_negative_for_cat;false_positive_for_horse
4725,cifar10_test_04725,/home/tariq/Desktop/Awais-Tariq/base-KD/data/cifar-10-batches-py/test_batch,4725,truck,automobile,0.8528276681900024,False,True,/home/tariq/Desktop/Awais-Tariq/base-KD/reports/cifar10_full_audit/mamba_kd_from_scratch_vit/failure_images/04725_true-truck_pred-automobile.png,false_negative_for_truck;false_positive_for_automobile
4729,cifar10_test_04729,/home/tariq/Desktop/Awais-Tariq/base-KD/data/cifar-10-batches-py/test_batch,4729,bird,deer,0.5345085859298706,False,True,/home/tariq/Desktop/Awais-Tariq/base-KD/reports/cifar10_full_audit/mamba_kd_from_scratch_vit/failure_images/04729_true-bird_pred-deer.png,false_negative_for_bird;false_positive_for_deer
4732,cifar10_test_04732,/home/tariq/Desktop/Awais-Tariq/base-KD/data/cifar-10-batches-py/test_batch,4732,bird,deer,0.8389362096786499,False,True,/home/tariq/Desktop/Awais-Tariq/base-KD/reports/cifar10_full_audit/mamba_kd_from_scratch_vit/failure_images/04732_true-bird_pred-deer.png,false_negative_for_bird;false_positive_for_deer
4740,cifar10_test_04740,/home/tariq/Desktop/Awais-Tariq/base-KD/data/cifar-10-batches-py/test_batch,4740,dog,cat,0.6576749086380005,False,True,/home/tariq/Desktop/Awais-Tariq/base-KD/reports/cifar10_full_audit/mamba_kd_from_scratch_vit/failure_images/04740_true-dog_pred-cat.png,false_negative_for_dog;false_positive_for_cat
4744,cifar10_test_04744,/home/tariq/Desktop/Awais-Tariq/base-KD/data/cifar-10-batches-py/test_batch,4744,frog,airplane,0.9979891777038574,False,True,/home/tariq/Desktop/Awais-Tariq/base-KD/reports/cifar10_full_audit/mamba_kd_from_scratch_vit/failure_images/04744_true-frog_pred-airplane.png,false_negative_for_frog;false_positive_for_airplane
4749,cifar10_test_04749,/home/tariq/Desktop/Awais-Tariq/base-KD/data/cifar-10-batches-py/test_batch,4749,bird,dog,0.8778038024902344,False,True,/home/tariq/Desktop/Awais-Tariq/base-KD/reports/cifar10_full_audit/mamba_kd_from_scratch_vit/failure_images/04749_true-bird_pred-dog.png,false_negative_for_bird;false_positive_for_dog
4750,cifar10_test_04750,/home/tariq/Desktop/Awais-Tariq/base-KD/data/cifar-10-batches-py/test_batch,4750,horse,truck,0.8011373281478882,False,False,/home/tariq/Desktop/Awais-Tariq/base-KD/reports/cifar10_full_audit/mamba_kd_from_scratch_vit/failure_images/04750_true-horse_pred-truck.png,false_negative_for_horse;false_positive_for_truck
4754,cifar10_test_04754,/home/tariq/Desktop/Awais-Tariq/base-KD/data/cifar-10-batches-py/test_batch,4754,cat,airplane,0.5260967016220093,False,True,/home/tariq/Desktop/Awais-Tariq/base-KD/reports/cifar10_full_audit/mamba_kd_from_scratch_vit/failure_images/04754_true-cat_pred-airplane.png,false_negative_for_cat;false_positive_for_airplane
4786,cifar10_test_04786,/home/tariq/Desktop/Awais-Tariq/base-KD/data/cifar-10-batches-py/test_batch,4786,frog,dog,0.3782230019569397,False,True,/home/tariq/Desktop/Awais-Tariq/base-KD/reports/cifar10_full_audit/mamba_kd_from_scratch_vit/failure_images/04786_true-frog_pred-dog.png,false_negative_for_frog;false_positive_for_dog
4794,cifar10_test_04794,/home/tariq/Desktop/Awais-Tariq/base-KD/data/cifar-10-batches-py/test_batch,4794,deer,bird,0.9984211921691895,False,True,/home/tariq/Desktop/Awais-Tariq/base-KD/reports/cifar10_full_audit/mamba_kd_from_scratch_vit/failure_images/04794_true-deer_pred-bird.png,false_negative_for_deer;false_positive_for_bird
4795,cifar10_test_04795,/home/tariq/Desktop/Awais-Tariq/base-KD/data/cifar-10-batches-py/test_batch,4795,dog,cat,0.9917522072792053,False,True,/home/tariq/Desktop/Awais-Tariq/base-KD/reports/cifar10_full_audit/mamba_kd_from_scratch_vit/failure_images/04795_true-dog_pred-cat.png,false_negative_for_dog;false_positive_for_cat
4815,cifar10_test_04815,/home/tariq/Desktop/Awais-Tariq/base-KD/data/cifar-10-batches-py/test_batch,4815,truck,ship,0.8007381558418274,False,True,/home/tariq/Desktop/Awais-Tariq/base-KD/reports/cifar10_full_audit/mamba_kd_from_scratch_vit/failure_images/04815_true-truck_pred-ship.png,false_negative_for_truck;false_positive_for_ship
4823,cifar10_test_04823,/home/tariq/Desktop/Awais-Tariq/base-KD/data/cifar-10-batches-py/test_batch,4823,dog,cat,0.8986375331878662,False,True,/home/tariq/Desktop/Awais-Tariq/base-KD/reports/cifar10_full_audit/mamba_kd_from_scratch_vit/failure_images/04823_true-dog_pred-cat.png,false_negative_for_dog;false_positive_for_cat
4832,cifar10_test_04832,/home/tariq/Desktop/Awais-Tariq/base-KD/data/cifar-10-batches-py/test_batch,4832,deer,frog,0.8058382868766785,False,True,/home/tariq/Desktop/Awais-Tariq/base-KD/reports/cifar10_full_audit/mamba_kd_from_scratch_vit/failure_images/04832_true-deer_pred-frog.png,false_negative_for_deer;false_positive_for_frog
4849,cifar10_test_04849,/home/tariq/Desktop/Awais-Tariq/base-KD/data/cifar-10-batches-py/test_batch,4849,dog,cat,0.9218809008598328,False,True,/home/tariq/Desktop/Awais-Tariq/base-KD/reports/cifar10_full_audit/mamba_kd_from_scratch_vit/failure_images/04849_true-dog_pred-cat.png,false_negative_for_dog;false_positive_for_cat
4862,cifar10_test_04862,/home/tariq/Desktop/Awais-Tariq/base-KD/data/cifar-10-batches-py/test_batch,4862,cat,bird,0.9704869985580444,False,True,/home/tariq/Desktop/Awais-Tariq/base-KD/reports/cifar10_full_audit/mamba_kd_from_scratch_vit/failure_images/04862_true-cat_pred-bird.png,false_negative_for_cat;false_positive_for_bird
4865,cifar10_test_04865,/home/tariq/Desktop/Awais-Tariq/base-KD/data/cifar-10-batches-py/test_batch,4865,ship,truck,0.9969689249992371,False,True,/home/tariq/Desktop/Awais-Tariq/base-KD/reports/cifar10_full_audit/mamba_kd_from_scratch_vit/failure_images/04865_true-ship_pred-truck.png,false_negative_for_ship;false_positive_for_truck
4868,cifar10_test_04868,/home/tariq/Desktop/Awais-Tariq/base-KD/data/cifar-10-batches-py/test_batch,4868,airplane,ship,0.6265414953231812,False,True,/home/tariq/Desktop/Awais-Tariq/base-KD/reports/cifar10_full_audit/mamba_kd_from_scratch_vit/failure_images/04868_true-airplane_pred-ship.png,false_negative_for_airplane;false_positive_for_ship
4871,cifar10_test_04871,/home/tariq/Desktop/Awais-Tariq/base-KD/data/cifar-10-batches-py/test_batch,4871,horse,dog,0.8979936838150024,False,True,/home/tariq/Desktop/Awais-Tariq/base-KD/reports/cifar10_full_audit/mamba_kd_from_scratch_vit/failure_images/04871_true-horse_pred-dog.png,false_negative_for_horse;false_positive_for_dog
4878,cifar10_test_04878,/home/tariq/Desktop/Awais-Tariq/base-KD/data/cifar-10-batches-py/test_batch,4878,horse,deer,0.6506187319755554,False,True,/home/tariq/Desktop/Awais-Tariq/base-KD/reports/cifar10_full_audit/mamba_kd_from_scratch_vit/failure_images/04878_true-horse_pred-deer.png,false_negative_for_horse;false_positive_for_deer
4880,cifar10_test_04880,/home/tariq/Desktop/Awais-Tariq/base-KD/data/cifar-10-batches-py/test_batch,4880,airplane,horse,0.7850019931793213,False,True,/home/tariq/Desktop/Awais-Tariq/base-KD/reports/cifar10_full_audit/mamba_kd_from_scratch_vit/failure_images/04880_true-airplane_pred-horse.png,false_negative_for_airplane;false_positive_for_horse
4892,cifar10_test_04892,/home/tariq/Desktop/Awais-Tariq/base-KD/data/cifar-10-batches-py/test_batch,4892,horse,deer,0.9995478987693787,False,True,/home/tariq/Desktop/Awais-Tariq/base-KD/reports/cifar10_full_audit/mamba_kd_from_scratch_vit/failure_images/04892_true-horse_pred-deer.png,false_negative_for_horse;false_positive_for_deer
4906,cifar10_test_04906,/home/tariq/Desktop/Awais-Tariq/base-KD/data/cifar-10-batches-py/test_batch,4906,dog,cat,0.5414506196975708,False,True,/home/tariq/Desktop/Awais-Tariq/base-KD/reports/cifar10_full_audit/mamba_kd_from_scratch_vit/failure_images/04906_true-dog_pred-cat.png,false_negative_for_dog;false_positive_for_cat
4907,cifar10_test_04907,/home/tariq/Desktop/Awais-Tariq/base-KD/data/cifar-10-batches-py/test_batch,4907,dog,cat,0.5011367201805115,False,True,/home/tariq/Desktop/Awais-Tariq/base-KD/reports/cifar10_full_audit/mamba_kd_from_scratch_vit/failure_images/04907_true-dog_pred-cat.png,false_negative_for_dog;false_positive_for_cat
4910,cifar10_test_04910,/home/tariq/Desktop/Awais-Tariq/base-KD/data/cifar-10-batches-py/test_batch,4910,ship,truck,0.9999004602432251,False,True,/home/tariq/Desktop/Awais-Tariq/base-KD/reports/cifar10_full_audit/mamba_kd_from_scratch_vit/failure_images/04910_true-ship_pred-truck.png,false_negative_for_ship;false_positive_for_truck
4917,cifar10_test_04917,/home/tariq/Desktop/Awais-Tariq/base-KD/data/cifar-10-batches-py/test_batch,4917,dog,cat,0.3410526514053345,False,True,/home/tariq/Desktop/Awais-Tariq/base-KD/reports/cifar10_full_audit/mamba_kd_from_scratch_vit/failure_images/04917_true-dog_pred-cat.png,false_negative_for_dog;false_positive_for_cat
4921,cifar10_test_04921,/home/tariq/Desktop/Awais-Tariq/base-KD/data/cifar-10-batches-py/test_batch,4921,dog,frog,0.977493166923523,False,True,/home/tariq/Desktop/Awais-Tariq/base-KD/reports/cifar10_full_audit/mamba_kd_from_scratch_vit/failure_images/04921_true-dog_pred-frog.png,false_negative_for_dog;false_positive_for_frog
4922,cifar10_test_04922,/home/tariq/Desktop/Awais-Tariq/base-KD/data/cifar-10-batches-py/test_batch,4922,airplane,truck,0.9671319723129272,False,True,/home/tariq/Desktop/Awais-Tariq/base-KD/reports/cifar10_full_audit/mamba_kd_from_scratch_vit/failure_images/04922_true-airplane_pred-truck.png,false_negative_for_airplane;false_positive_for_truck
4924,cifar10_test_04924,/home/tariq/Desktop/Awais-Tariq/base-KD/data/cifar-10-batches-py/test_batch,4924,horse,frog,0.9360885620117188,False,False,/home/tariq/Desktop/Awais-Tariq/base-KD/reports/cifar10_full_audit/mamba_kd_from_scratch_vit/failure_images/04924_true-horse_pred-frog.png,false_negative_for_horse;false_positive_for_frog
4931,cifar10_test_04931,/home/tariq/Desktop/Awais-Tariq/base-KD/data/cifar-10-batches-py/test_batch,4931,truck,automobile,0.772090494632721,False,True,/home/tariq/Desktop/Awais-Tariq/base-KD/reports/cifar10_full_audit/mamba_kd_from_scratch_vit/failure_images/04931_true-truck_pred-automobile.png,false_negative_for_truck;false_positive_for_automobile
4942,cifar10_test_04942,/home/tariq/Desktop/Awais-Tariq/base-KD/data/cifar-10-batches-py/test_batch,4942,dog,airplane,0.8918145298957825,False,False,/home/tariq/Desktop/Awais-Tariq/base-KD/reports/cifar10_full_audit/mamba_kd_from_scratch_vit/failure_images/04942_true-dog_pred-airplane.png,false_negative_for_dog;false_positive_for_airplane
4947,cifar10_test_04947,/home/tariq/Desktop/Awais-Tariq/base-KD/data/cifar-10-batches-py/test_batch,4947,dog,cat,0.8061497211456299,False,True,/home/tariq/Desktop/Awais-Tariq/base-KD/reports/cifar10_full_audit/mamba_kd_from_scratch_vit/failure_images/04947_true-dog_pred-cat.png,false_negative_for_dog;false_positive_for_cat
4951,cifar10_test_04951,/home/tariq/Desktop/Awais-Tariq/base-KD/data/cifar-10-batches-py/test_batch,4951,horse,bird,0.736903190612793,False,True,/home/tariq/Desktop/Awais-Tariq/base-KD/reports/cifar10_full_audit/mamba_kd_from_scratch_vit/failure_images/04951_true-horse_pred-bird.png,false_negative_for_horse;false_positive_for_bird
4955,cifar10_test_04955,/home/tariq/Desktop/Awais-Tariq/base-KD/data/cifar-10-batches-py/test_batch,4955,bird,airplane,0.4302312135696411,False,True,/home/tariq/Desktop/Awais-Tariq/base-KD/reports/cifar10_full_audit/mamba_kd_from_scratch_vit/failure_images/04955_true-bird_pred-airplane.png,false_negative_for_bird;false_positive_for_airplane
4956,cifar10_test_04956,/home/tariq/Desktop/Awais-Tariq/base-KD/data/cifar-10-batches-py/test_batch,4956,dog,cat,0.5369463562965393,False,True,/home/tariq/Desktop/Awais-Tariq/base-KD/reports/cifar10_full_audit/mamba_kd_from_scratch_vit/failure_images/04956_true-dog_pred-cat.png,false_negative_for_dog;false_positive_for_cat
4964,cifar10_test_04964,/home/tariq/Desktop/Awais-Tariq/base-KD/data/cifar-10-batches-py/test_batch,4964,dog,deer,0.838948667049408,False,True,/home/tariq/Desktop/Awais-Tariq/base-KD/reports/cifar10_full_audit/mamba_kd_from_scratch_vit/failure_images/04964_true-dog_pred-deer.png,false_negative_for_dog;false_positive_for_deer
4965,cifar10_test_04965,/home/tariq/Desktop/Awais-Tariq/base-KD/data/cifar-10-batches-py/test_batch,4965,cat,deer,0.9974454641342163,False,True,/home/tariq/Desktop/Awais-Tariq/base-KD/reports/cifar10_full_audit/mamba_kd_from_scratch_vit/failure_images/04965_true-cat_pred-deer.png,false_negative_for_cat;false_positive_for_deer
4981,cifar10_test_04981,/home/tariq/Desktop/Awais-Tariq/base-KD/data/cifar-10-batches-py/test_batch,4981,automobile,truck,0.5370873212814331,False,True,/home/tariq/Desktop/Awais-Tariq/base-KD/reports/cifar10_full_audit/mamba_kd_from_scratch_vit/failure_images/04981_true-automobile_pred-truck.png,false_negative_for_automobile;false_positive_for_truck
4986,cifar10_test_04986,/home/tariq/Desktop/Awais-Tariq/base-KD/data/cifar-10-batches-py/test_batch,4986,ship,truck,0.9886054396629333,False,True,/home/tariq/Desktop/Awais-Tariq/base-KD/reports/cifar10_full_audit/mamba_kd_from_scratch_vit/failure_images/04986_true-ship_pred-truck.png,false_negative_for_ship;false_positive_for_truck
4995,cifar10_test_04995,/home/tariq/Desktop/Awais-Tariq/base-KD/data/cifar-10-batches-py/test_batch,4995,bird,cat,0.5572108626365662,False,True,/home/tariq/Desktop/Awais-Tariq/base-KD/reports/cifar10_full_audit/mamba_kd_from_scratch_vit/failure_images/04995_true-bird_pred-cat.png,false_negative_for_bird;false_positive_for_cat
5006,cifar10_test_05006,/home/tariq/Desktop/Awais-Tariq/base-KD/data/cifar-10-batches-py/test_batch,5006,horse,deer,0.8610280752182007,False,False,/home/tariq/Desktop/Awais-Tariq/base-KD/reports/cifar10_full_audit/mamba_kd_from_scratch_vit/failure_images/05006_true-horse_pred-deer.png,false_negative_for_horse;false_positive_for_deer
5011,cifar10_test_05011,/home/tariq/Desktop/Awais-Tariq/base-KD/data/cifar-10-batches-py/test_batch,5011,cat,deer,0.9095265865325928,False,True,/home/tariq/Desktop/Awais-Tariq/base-KD/reports/cifar10_full_audit/mamba_kd_from_scratch_vit/failure_images/05011_true-cat_pred-deer.png,false_negative_for_cat;false_positive_for_deer
5023,cifar10_test_05023,/home/tariq/Desktop/Awais-Tariq/base-KD/data/cifar-10-batches-py/test_batch,5023,bird,dog,0.8362930417060852,False,True,/home/tariq/Desktop/Awais-Tariq/base-KD/reports/cifar10_full_audit/mamba_kd_from_scratch_vit/failure_images/05023_true-bird_pred-dog.png,false_negative_for_bird;false_positive_for_dog
5030,cifar10_test_05030,/home/tariq/Desktop/Awais-Tariq/base-KD/data/cifar-10-batches-py/test_batch,5030,deer,ship,0.5587162971496582,False,True,/home/tariq/Desktop/Awais-Tariq/base-KD/reports/cifar10_full_audit/mamba_kd_from_scratch_vit/failure_images/05030_true-deer_pred-ship.png,false_negative_for_deer;false_positive_for_ship
5046,cifar10_test_05046,/home/tariq/Desktop/Awais-Tariq/base-KD/data/cifar-10-batches-py/test_batch,5046,dog,cat,0.5691007375717163,False,True,/home/tariq/Desktop/Awais-Tariq/base-KD/reports/cifar10_full_audit/mamba_kd_from_scratch_vit/failure_images/05046_true-dog_pred-cat.png,false_negative_for_dog;false_positive_for_cat
5052,cifar10_test_05052,/home/tariq/Desktop/Awais-Tariq/base-KD/data/cifar-10-batches-py/test_batch,5052,frog,deer,0.665658175945282,False,True,/home/tariq/Desktop/Awais-Tariq/base-KD/reports/cifar10_full_audit/mamba_kd_from_scratch_vit/failure_images/05052_true-frog_pred-deer.png,false_negative_for_frog;false_positive_for_deer
5053,cifar10_test_05053,/home/tariq/Desktop/Awais-Tariq/base-KD/data/cifar-10-batches-py/test_batch,5053,horse,cat,0.8070981502532959,False,True,/home/tariq/Desktop/Awais-Tariq/base-KD/reports/cifar10_full_audit/mamba_kd_from_scratch_vit/failure_images/05053_true-horse_pred-cat.png,false_negative_for_horse;false_positive_for_cat
5056,cifar10_test_05056,/home/tariq/Desktop/Awais-Tariq/base-KD/data/cifar-10-batches-py/test_batch,5056,automobile,truck,0.9979769587516785,False,True,/home/tariq/Desktop/Awais-Tariq/base-KD/reports/cifar10_full_audit/mamba_kd_from_scratch_vit/failure_images/05056_true-automobile_pred-truck.png,false_negative_for_automobile;false_positive_for_truck
5068,cifar10_test_05068,/home/tariq/Desktop/Awais-Tariq/base-KD/data/cifar-10-batches-py/test_batch,5068,deer,dog,0.6441583633422852,False,True,/home/tariq/Desktop/Awais-Tariq/base-KD/reports/cifar10_full_audit/mamba_kd_from_scratch_vit/failure_images/05068_true-deer_pred-dog.png,false_negative_for_deer;false_positive_for_dog
5072,cifar10_test_05072,/home/tariq/Desktop/Awais-Tariq/base-KD/data/cifar-10-batches-py/test_batch,5072,frog,deer,0.5180581212043762,False,True,/home/tariq/Desktop/Awais-Tariq/base-KD/reports/cifar10_full_audit/mamba_kd_from_scratch_vit/failure_images/05072_true-frog_pred-deer.png,false_negative_for_frog;false_positive_for_deer
5074,cifar10_test_05074,/home/tariq/Desktop/Awais-Tariq/base-KD/data/cifar-10-batches-py/test_batch,5074,airplane,ship,0.9625235199928284,False,True,/home/tariq/Desktop/Awais-Tariq/base-KD/reports/cifar10_full_audit/mamba_kd_from_scratch_vit/failure_images/05074_true-airplane_pred-ship.png,false_negative_for_airplane;false_positive_for_ship
5085,cifar10_test_05085,/home/tariq/Desktop/Awais-Tariq/base-KD/data/cifar-10-batches-py/test_batch,5085,bird,frog,0.8229243159294128,False,True,/home/tariq/Desktop/Awais-Tariq/base-KD/reports/cifar10_full_audit/mamba_kd_from_scratch_vit/failure_images/05085_true-bird_pred-frog.png,false_negative_for_bird;false_positive_for_frog
5086,cifar10_test_05086,/home/tariq/Desktop/Awais-Tariq/base-KD/data/cifar-10-batches-py/test_batch,5086,cat,deer,0.6677848696708679,False,True,/home/tariq/Desktop/Awais-Tariq/base-KD/reports/cifar10_full_audit/mamba_kd_from_scratch_vit/failure_images/05086_true-cat_pred-deer.png,false_negative_for_cat;false_positive_for_deer
5088,cifar10_test_05088,/home/tariq/Desktop/Awais-Tariq/base-KD/data/cifar-10-batches-py/test_batch,5088,ship,cat,0.49890026450157166,False,True,/home/tariq/Desktop/Awais-Tariq/base-KD/reports/cifar10_full_audit/mamba_kd_from_scratch_vit/failure_images/05088_true-ship_pred-cat.png,false_negative_for_ship;false_positive_for_cat
5102,cifar10_test_05102,/home/tariq/Desktop/Awais-Tariq/base-KD/data/cifar-10-batches-py/test_batch,5102,dog,cat,0.5351817011833191,False,True,/home/tariq/Desktop/Awais-Tariq/base-KD/reports/cifar10_full_audit/mamba_kd_from_scratch_vit/failure_images/05102_true-dog_pred-cat.png,false_negative_for_dog;false_positive_for_cat
5106,cifar10_test_05106,/home/tariq/Desktop/Awais-Tariq/base-KD/data/cifar-10-batches-py/test_batch,5106,frog,dog,0.6353044509887695,False,True,/home/tariq/Desktop/Awais-Tariq/base-KD/reports/cifar10_full_audit/mamba_kd_from_scratch_vit/failure_images/05106_true-frog_pred-dog.png,false_negative_for_frog;false_positive_for_dog
5118,cifar10_test_05118,/home/tariq/Desktop/Awais-Tariq/base-KD/data/cifar-10-batches-py/test_batch,5118,bird,cat,0.6988895535469055,False,True,/home/tariq/Desktop/Awais-Tariq/base-KD/reports/cifar10_full_audit/mamba_kd_from_scratch_vit/failure_images/05118_true-bird_pred-cat.png,false_negative_for_bird;false_positive_for_cat
5134,cifar10_test_05134,/home/tariq/Desktop/Awais-Tariq/base-KD/data/cifar-10-batches-py/test_batch,5134,dog,frog,0.8393835425376892,False,True,/home/tariq/Desktop/Awais-Tariq/base-KD/reports/cifar10_full_audit/mamba_kd_from_scratch_vit/failure_images/05134_true-dog_pred-frog.png,false_negative_for_dog;false_positive_for_frog
5141,cifar10_test_05141,/home/tariq/Desktop/Awais-Tariq/base-KD/data/cifar-10-batches-py/test_batch,5141,frog,cat,0.9829967021942139,False,True,/home/tariq/Desktop/Awais-Tariq/base-KD/reports/cifar10_full_audit/mamba_kd_from_scratch_vit/failure_images/05141_true-frog_pred-cat.png,false_negative_for_frog;false_positive_for_cat
5151,cifar10_test_05151,/home/tariq/Desktop/Awais-Tariq/base-KD/data/cifar-10-batches-py/test_batch,5151,truck,cat,0.9779326915740967,False,False,/home/tariq/Desktop/Awais-Tariq/base-KD/reports/cifar10_full_audit/mamba_kd_from_scratch_vit/failure_images/05151_true-truck_pred-cat.png,false_negative_for_truck;false_positive_for_cat
5155,cifar10_test_05155,/home/tariq/Desktop/Awais-Tariq/base-KD/data/cifar-10-batches-py/test_batch,5155,cat,dog,0.8562664985656738,False,True,/home/tariq/Desktop/Awais-Tariq/base-KD/reports/cifar10_full_audit/mamba_kd_from_scratch_vit/failure_images/05155_true-cat_pred-dog.png,false_negative_for_cat;false_positive_for_dog
5166,cifar10_test_05166,/home/tariq/Desktop/Awais-Tariq/base-KD/data/cifar-10-batches-py/test_batch,5166,truck,horse,0.2988792061805725,False,True,/home/tariq/Desktop/Awais-Tariq/base-KD/reports/cifar10_full_audit/mamba_kd_from_scratch_vit/failure_images/05166_true-truck_pred-horse.png,false_negative_for_truck;false_positive_for_horse
5172,cifar10_test_05172,/home/tariq/Desktop/Awais-Tariq/base-KD/data/cifar-10-batches-py/test_batch,5172,deer,frog,0.8581659197807312,False,True,/home/tariq/Desktop/Awais-Tariq/base-KD/reports/cifar10_full_audit/mamba_kd_from_scratch_vit/failure_images/05172_true-deer_pred-frog.png,false_negative_for_deer;false_positive_for_frog
5176,cifar10_test_05176,/home/tariq/Desktop/Awais-Tariq/base-KD/data/cifar-10-batches-py/test_batch,5176,cat,dog,0.5245473384857178,False,True,/home/tariq/Desktop/Awais-Tariq/base-KD/reports/cifar10_full_audit/mamba_kd_from_scratch_vit/failure_images/05176_true-cat_pred-dog.png,false_negative_for_cat;false_positive_for_dog
5185,cifar10_test_05185,/home/tariq/Desktop/Awais-Tariq/base-KD/data/cifar-10-batches-py/test_batch,5185,cat,bird,0.5420483350753784,False,True,/home/tariq/Desktop/Awais-Tariq/base-KD/reports/cifar10_full_audit/mamba_kd_from_scratch_vit/failure_images/05185_true-cat_pred-bird.png,false_negative_for_cat;false_positive_for_bird
5192,cifar10_test_05192,/home/tariq/Desktop/Awais-Tariq/base-KD/data/cifar-10-batches-py/test_batch,5192,truck,automobile,0.8549505472183228,False,True,/home/tariq/Desktop/Awais-Tariq/base-KD/reports/cifar10_full_audit/mamba_kd_from_scratch_vit/failure_images/05192_true-truck_pred-automobile.png,false_negative_for_truck;false_positive_for_automobile
5194,cifar10_test_05194,/home/tariq/Desktop/Awais-Tariq/base-KD/data/cifar-10-batches-py/test_batch,5194,horse,airplane,0.4904397428035736,False,True,/home/tariq/Desktop/Awais-Tariq/base-KD/reports/cifar10_full_audit/mamba_kd_from_scratch_vit/failure_images/05194_true-horse_pred-airplane.png,false_negative_for_horse;false_positive_for_airplane
5198,cifar10_test_05198,/home/tariq/Desktop/Awais-Tariq/base-KD/data/cifar-10-batches-py/test_batch,5198,cat,ship,0.8145049214363098,False,True,/home/tariq/Desktop/Awais-Tariq/base-KD/reports/cifar10_full_audit/mamba_kd_from_scratch_vit/failure_images/05198_true-cat_pred-ship.png,false_negative_for_cat;false_positive_for_ship
5200,cifar10_test_05200,/home/tariq/Desktop/Awais-Tariq/base-KD/data/cifar-10-batches-py/test_batch,5200,cat,dog,0.9968993663787842,False,True,/home/tariq/Desktop/Awais-Tariq/base-KD/reports/cifar10_full_audit/mamba_kd_from_scratch_vit/failure_images/05200_true-cat_pred-dog.png,false_negative_for_cat;false_positive_for_dog
5203,cifar10_test_05203,/home/tariq/Desktop/Awais-Tariq/base-KD/data/cifar-10-batches-py/test_batch,5203,frog,dog,0.4758407473564148,False,True,/home/tariq/Desktop/Awais-Tariq/base-KD/reports/cifar10_full_audit/mamba_kd_from_scratch_vit/failure_images/05203_true-frog_pred-dog.png,false_negative_for_frog;false_positive_for_dog
5211,cifar10_test_05211,/home/tariq/Desktop/Awais-Tariq/base-KD/data/cifar-10-batches-py/test_batch,5211,horse,ship,0.9441380500793457,False,True,/home/tariq/Desktop/Awais-Tariq/base-KD/reports/cifar10_full_audit/mamba_kd_from_scratch_vit/failure_images/05211_true-horse_pred-ship.png,false_negative_for_horse;false_positive_for_ship
5227,cifar10_test_05227,/home/tariq/Desktop/Awais-Tariq/base-KD/data/cifar-10-batches-py/test_batch,5227,deer,frog,0.9971244931221008,False,True,/home/tariq/Desktop/Awais-Tariq/base-KD/reports/cifar10_full_audit/mamba_kd_from_scratch_vit/failure_images/05227_true-deer_pred-frog.png,false_negative_for_deer;false_positive_for_frog
5229,cifar10_test_05229,/home/tariq/Desktop/Awais-Tariq/base-KD/data/cifar-10-batches-py/test_batch,5229,dog,cat,0.8249512314796448,False,True,/home/tariq/Desktop/Awais-Tariq/base-KD/reports/cifar10_full_audit/mamba_kd_from_scratch_vit/failure_images/05229_true-dog_pred-cat.png,false_negative_for_dog;false_positive_for_cat
5232,cifar10_test_05232,/home/tariq/Desktop/Awais-Tariq/base-KD/data/cifar-10-batches-py/test_batch,5232,cat,dog,0.8531196713447571,False,True,/home/tariq/Desktop/Awais-Tariq/base-KD/reports/cifar10_full_audit/mamba_kd_from_scratch_vit/failure_images/05232_true-cat_pred-dog.png,false_negative_for_cat;false_positive_for_dog
5238,cifar10_test_05238,/home/tariq/Desktop/Awais-Tariq/base-KD/data/cifar-10-batches-py/test_batch,5238,bird,airplane,0.6994208693504333,False,True,/home/tariq/Desktop/Awais-Tariq/base-KD/reports/cifar10_full_audit/mamba_kd_from_scratch_vit/failure_images/05238_true-bird_pred-airplane.png,false_negative_for_bird;false_positive_for_airplane
5261,cifar10_test_05261,/home/tariq/Desktop/Awais-Tariq/base-KD/data/cifar-10-batches-py/test_batch,5261,bird,horse,0.4945293366909027,False,True,/home/tariq/Desktop/Awais-Tariq/base-KD/reports/cifar10_full_audit/mamba_kd_from_scratch_vit/failure_images/05261_true-bird_pred-horse.png,false_negative_for_bird;false_positive_for_horse
5280,cifar10_test_05280,/home/tariq/Desktop/Awais-Tariq/base-KD/data/cifar-10-batches-py/test_batch,5280,airplane,deer,0.9261213541030884,False,True,/home/tariq/Desktop/Awais-Tariq/base-KD/reports/cifar10_full_audit/mamba_kd_from_scratch_vit/failure_images/05280_true-airplane_pred-deer.png,false_negative_for_airplane;false_positive_for_deer
5283,cifar10_test_05283,/home/tariq/Desktop/Awais-Tariq/base-KD/data/cifar-10-batches-py/test_batch,5283,deer,horse,0.6097094416618347,False,True,/home/tariq/Desktop/Awais-Tariq/base-KD/reports/cifar10_full_audit/mamba_kd_from_scratch_vit/failure_images/05283_true-deer_pred-horse.png,false_negative_for_deer;false_positive_for_horse
5287,cifar10_test_05287,/home/tariq/Desktop/Awais-Tariq/base-KD/data/cifar-10-batches-py/test_batch,5287,horse,dog,0.9874743223190308,False,True,/home/tariq/Desktop/Awais-Tariq/base-KD/reports/cifar10_full_audit/mamba_kd_from_scratch_vit/failure_images/05287_true-horse_pred-dog.png,false_negative_for_horse;false_positive_for_dog
5290,cifar10_test_05290,/home/tariq/Desktop/Awais-Tariq/base-KD/data/cifar-10-batches-py/test_batch,5290,cat,dog,0.3924107849597931,False,True,/home/tariq/Desktop/Awais-Tariq/base-KD/reports/cifar10_full_audit/mamba_kd_from_scratch_vit/failure_images/05290_true-cat_pred-dog.png,false_negative_for_cat;false_positive_for_dog
5292,cifar10_test_05292,/home/tariq/Desktop/Awais-Tariq/base-KD/data/cifar-10-batches-py/test_batch,5292,deer,horse,0.9357506632804871,False,True,/home/tariq/Desktop/Awais-Tariq/base-KD/reports/cifar10_full_audit/mamba_kd_from_scratch_vit/failure_images/05292_true-deer_pred-horse.png,false_negative_for_deer;false_positive_for_horse
5311,cifar10_test_05311,/home/tariq/Desktop/Awais-Tariq/base-KD/data/cifar-10-batches-py/test_batch,5311,truck,automobile,0.594717264175415,False,True,/home/tariq/Desktop/Awais-Tariq/base-KD/reports/cifar10_full_audit/mamba_kd_from_scratch_vit/failure_images/05311_true-truck_pred-automobile.png,false_negative_for_truck;false_positive_for_automobile
5327,cifar10_test_05327,/home/tariq/Desktop/Awais-Tariq/base-KD/data/cifar-10-batches-py/test_batch,5327,airplane,ship,0.9100974202156067,False,True,/home/tariq/Desktop/Awais-Tariq/base-KD/reports/cifar10_full_audit/mamba_kd_from_scratch_vit/failure_images/05327_true-airplane_pred-ship.png,false_negative_for_airplane;false_positive_for_ship
5330,cifar10_test_05330,/home/tariq/Desktop/Awais-Tariq/base-KD/data/cifar-10-batches-py/test_batch,5330,horse,cat,0.472192645072937,False,True,/home/tariq/Desktop/Awais-Tariq/base-KD/reports/cifar10_full_audit/mamba_kd_from_scratch_vit/failure_images/05330_true-horse_pred-cat.png,false_negative_for_horse;false_positive_for_cat
5340,cifar10_test_05340,/home/tariq/Desktop/Awais-Tariq/base-KD/data/cifar-10-batches-py/test_batch,5340,cat,deer,0.6865472197532654,False,True,/home/tariq/Desktop/Awais-Tariq/base-KD/reports/cifar10_full_audit/mamba_kd_from_scratch_vit/failure_images/05340_true-cat_pred-deer.png,false_negative_for_cat;false_positive_for_deer
5344,cifar10_test_05344,/home/tariq/Desktop/Awais-Tariq/base-KD/data/cifar-10-batches-py/test_batch,5344,bird,deer,0.5728635191917419,False,True,/home/tariq/Desktop/Awais-Tariq/base-KD/reports/cifar10_full_audit/mamba_kd_from_scratch_vit/failure_images/05344_true-bird_pred-deer.png,false_negative_for_bird;false_positive_for_deer
5354,cifar10_test_05354,/home/tariq/Desktop/Awais-Tariq/base-KD/data/cifar-10-batches-py/test_batch,5354,airplane,deer,0.6002693176269531,False,True,/home/tariq/Desktop/Awais-Tariq/base-KD/reports/cifar10_full_audit/mamba_kd_from_scratch_vit/failure_images/05354_true-airplane_pred-deer.png,false_negative_for_airplane;false_positive_for_deer
5367,cifar10_test_05367,/home/tariq/Desktop/Awais-Tariq/base-KD/data/cifar-10-batches-py/test_batch,5367,airplane,cat,0.4335278570652008,False,True,/home/tariq/Desktop/Awais-Tariq/base-KD/reports/cifar10_full_audit/mamba_kd_from_scratch_vit/failure_images/05367_true-airplane_pred-cat.png,false_negative_for_airplane;false_positive_for_cat
5370,cifar10_test_05370,/home/tariq/Desktop/Awais-Tariq/base-KD/data/cifar-10-batches-py/test_batch,5370,frog,cat,0.6342827081680298,False,True,/home/tariq/Desktop/Awais-Tariq/base-KD/reports/cifar10_full_audit/mamba_kd_from_scratch_vit/failure_images/05370_true-frog_pred-cat.png,false_negative_for_frog;false_positive_for_cat
5372,cifar10_test_05372,/home/tariq/Desktop/Awais-Tariq/base-KD/data/cifar-10-batches-py/test_batch,5372,dog,ship,0.982043981552124,False,True,/home/tariq/Desktop/Awais-Tariq/base-KD/reports/cifar10_full_audit/mamba_kd_from_scratch_vit/failure_images/05372_true-dog_pred-ship.png,false_negative_for_dog;false_positive_for_ship
5377,cifar10_test_05377,/home/tariq/Desktop/Awais-Tariq/base-KD/data/cifar-10-batches-py/test_batch,5377,dog,cat,0.5607240796089172,False,True,/home/tariq/Desktop/Awais-Tariq/base-KD/reports/cifar10_full_audit/mamba_kd_from_scratch_vit/failure_images/05377_true-dog_pred-cat.png,false_negative_for_dog;false_positive_for_cat
5385,cifar10_test_05385,/home/tariq/Desktop/Awais-Tariq/base-KD/data/cifar-10-batches-py/test_batch,5385,bird,dog,0.6774900555610657,False,True,/home/tariq/Desktop/Awais-Tariq/base-KD/reports/cifar10_full_audit/mamba_kd_from_scratch_vit/failure_images/05385_true-bird_pred-dog.png,false_negative_for_bird;false_positive_for_dog
5387,cifar10_test_05387,/home/tariq/Desktop/Awais-Tariq/base-KD/data/cifar-10-batches-py/test_batch,5387,cat,frog,0.5559541583061218,False,True,/home/tariq/Desktop/Awais-Tariq/base-KD/reports/cifar10_full_audit/mamba_kd_from_scratch_vit/failure_images/05387_true-cat_pred-frog.png,false_negative_for_cat;false_positive_for_frog
5388,cifar10_test_05388,/home/tariq/Desktop/Awais-Tariq/base-KD/data/cifar-10-batches-py/test_batch,5388,frog,dog,0.6358104348182678,False,True,/home/tariq/Desktop/Awais-Tariq/base-KD/reports/cifar10_full_audit/mamba_kd_from_scratch_vit/failure_images/05388_true-frog_pred-dog.png,false_negative_for_frog;false_positive_for_dog
5392,cifar10_test_05392,/home/tariq/Desktop/Awais-Tariq/base-KD/data/cifar-10-batches-py/test_batch,5392,airplane,automobile,0.4692777395248413,False,True,/home/tariq/Desktop/Awais-Tariq/base-KD/reports/cifar10_full_audit/mamba_kd_from_scratch_vit/failure_images/05392_true-airplane_pred-automobile.png,false_negative_for_airplane;false_positive_for_automobile
5398,cifar10_test_05398,/home/tariq/Desktop/Awais-Tariq/base-KD/data/cifar-10-batches-py/test_batch,5398,ship,airplane,0.8628984689712524,False,True,/home/tariq/Desktop/Awais-Tariq/base-KD/reports/cifar10_full_audit/mamba_kd_from_scratch_vit/failure_images/05398_true-ship_pred-airplane.png,false_negative_for_ship;false_positive_for_airplane
5399,cifar10_test_05399,/home/tariq/Desktop/Awais-Tariq/base-KD/data/cifar-10-batches-py/test_batch,5399,frog,cat,0.9172284007072449,False,True,/home/tariq/Desktop/Awais-Tariq/base-KD/reports/cifar10_full_audit/mamba_kd_from_scratch_vit/failure_images/05399_true-frog_pred-cat.png,false_negative_for_frog;false_positive_for_cat
5407,cifar10_test_05407,/home/tariq/Desktop/Awais-Tariq/base-KD/data/cifar-10-batches-py/test_batch,5407,deer,horse,0.9999102354049683,False,True,/home/tariq/Desktop/Awais-Tariq/base-KD/reports/cifar10_full_audit/mamba_kd_from_scratch_vit/failure_images/05407_true-deer_pred-horse.png,false_negative_for_deer;false_positive_for_horse
5410,cifar10_test_05410,/home/tariq/Desktop/Awais-Tariq/base-KD/data/cifar-10-batches-py/test_batch,5410,cat,horse,0.9349582195281982,False,False,/home/tariq/Desktop/Awais-Tariq/base-KD/reports/cifar10_full_audit/mamba_kd_from_scratch_vit/failure_images/05410_true-cat_pred-horse.png,false_negative_for_cat;false_positive_for_horse
5411,cifar10_test_05411,/home/tariq/Desktop/Awais-Tariq/base-KD/data/cifar-10-batches-py/test_batch,5411,bird,frog,0.6020390391349792,False,True,/home/tariq/Desktop/Awais-Tariq/base-KD/reports/cifar10_full_audit/mamba_kd_from_scratch_vit/failure_images/05411_true-bird_pred-frog.png,false_negative_for_bird;false_positive_for_frog
5416,cifar10_test_05416,/home/tariq/Desktop/Awais-Tariq/base-KD/data/cifar-10-batches-py/test_batch,5416,truck,automobile,0.9070109724998474,False,True,/home/tariq/Desktop/Awais-Tariq/base-KD/reports/cifar10_full_audit/mamba_kd_from_scratch_vit/failure_images/05416_true-truck_pred-automobile.png,false_negative_for_truck;false_positive_for_automobile
5426,cifar10_test_05426,/home/tariq/Desktop/Awais-Tariq/base-KD/data/cifar-10-batches-py/test_batch,5426,dog,cat,0.9943639039993286,False,True,/home/tariq/Desktop/Awais-Tariq/base-KD/reports/cifar10_full_audit/mamba_kd_from_scratch_vit/failure_images/05426_true-dog_pred-cat.png,false_negative_for_dog;false_positive_for_cat
5433,cifar10_test_05433,/home/tariq/Desktop/Awais-Tariq/base-KD/data/cifar-10-batches-py/test_batch,5433,cat,dog,0.9284501075744629,False,True,/home/tariq/Desktop/Awais-Tariq/base-KD/reports/cifar10_full_audit/mamba_kd_from_scratch_vit/failure_images/05433_true-cat_pred-dog.png,false_negative_for_cat;false_positive_for_dog
5450,cifar10_test_05450,/home/tariq/Desktop/Awais-Tariq/base-KD/data/cifar-10-batches-py/test_batch,5450,dog,cat,0.7518965005874634,False,True,/home/tariq/Desktop/Awais-Tariq/base-KD/reports/cifar10_full_audit/mamba_kd_from_scratch_vit/failure_images/05450_true-dog_pred-cat.png,false_negative_for_dog;false_positive_for_cat
5458,cifar10_test_05458,/home/tariq/Desktop/Awais-Tariq/base-KD/data/cifar-10-batches-py/test_batch,5458,cat,frog,0.8807339668273926,False,True,/home/tariq/Desktop/Awais-Tariq/base-KD/reports/cifar10_full_audit/mamba_kd_from_scratch_vit/failure_images/05458_true-cat_pred-frog.png,false_negative_for_cat;false_positive_for_frog
5461,cifar10_test_05461,/home/tariq/Desktop/Awais-Tariq/base-KD/data/cifar-10-batches-py/test_batch,5461,airplane,bird,0.9340437054634094,False,True,/home/tariq/Desktop/Awais-Tariq/base-KD/reports/cifar10_full_audit/mamba_kd_from_scratch_vit/failure_images/05461_true-airplane_pred-bird.png,false_negative_for_airplane;false_positive_for_bird
5469,cifar10_test_05469,/home/tariq/Desktop/Awais-Tariq/base-KD/data/cifar-10-batches-py/test_batch,5469,dog,cat,0.7213346362113953,False,True,/home/tariq/Desktop/Awais-Tariq/base-KD/reports/cifar10_full_audit/mamba_kd_from_scratch_vit/failure_images/05469_true-dog_pred-cat.png,false_negative_for_dog;false_positive_for_cat
5487,cifar10_test_05487,/home/tariq/Desktop/Awais-Tariq/base-KD/data/cifar-10-batches-py/test_batch,5487,frog,cat,0.5507667660713196,False,True,/home/tariq/Desktop/Awais-Tariq/base-KD/reports/cifar10_full_audit/mamba_kd_from_scratch_vit/failure_images/05487_true-frog_pred-cat.png,false_negative_for_frog;false_positive_for_cat
5497,cifar10_test_05497,/home/tariq/Desktop/Awais-Tariq/base-KD/data/cifar-10-batches-py/test_batch,5497,cat,dog,0.7059860825538635,False,True,/home/tariq/Desktop/Awais-Tariq/base-KD/reports/cifar10_full_audit/mamba_kd_from_scratch_vit/failure_images/05497_true-cat_pred-dog.png,false_negative_for_cat;false_positive_for_dog
5506,cifar10_test_05506,/home/tariq/Desktop/Awais-Tariq/base-KD/data/cifar-10-batches-py/test_batch,5506,cat,deer,0.9997809529304504,False,True,/home/tariq/Desktop/Awais-Tariq/base-KD/reports/cifar10_full_audit/mamba_kd_from_scratch_vit/failure_images/05506_true-cat_pred-deer.png,false_negative_for_cat;false_positive_for_deer
5511,cifar10_test_05511,/home/tariq/Desktop/Awais-Tariq/base-KD/data/cifar-10-batches-py/test_batch,5511,cat,frog,0.9984506368637085,False,True,/home/tariq/Desktop/Awais-Tariq/base-KD/reports/cifar10_full_audit/mamba_kd_from_scratch_vit/failure_images/05511_true-cat_pred-frog.png,false_negative_for_cat;false_positive_for_frog
5518,cifar10_test_05518,/home/tariq/Desktop/Awais-Tariq/base-KD/data/cifar-10-batches-py/test_batch,5518,cat,dog,0.42320483922958374,False,True,/home/tariq/Desktop/Awais-Tariq/base-KD/reports/cifar10_full_audit/mamba_kd_from_scratch_vit/failure_images/05518_true-cat_pred-dog.png,false_negative_for_cat;false_positive_for_dog
5525,cifar10_test_05525,/home/tariq/Desktop/Awais-Tariq/base-KD/data/cifar-10-batches-py/test_batch,5525,cat,airplane,0.7665015459060669,False,True,/home/tariq/Desktop/Awais-Tariq/base-KD/reports/cifar10_full_audit/mamba_kd_from_scratch_vit/failure_images/05525_true-cat_pred-airplane.png,false_negative_for_cat;false_positive_for_airplane
5529,cifar10_test_05529,/home/tariq/Desktop/Awais-Tariq/base-KD/data/cifar-10-batches-py/test_batch,5529,cat,ship,0.7969250082969666,False,True,/home/tariq/Desktop/Awais-Tariq/base-KD/reports/cifar10_full_audit/mamba_kd_from_scratch_vit/failure_images/05529_true-cat_pred-ship.png,false_negative_for_cat;false_positive_for_ship
5530,cifar10_test_05530,/home/tariq/Desktop/Awais-Tariq/base-KD/data/cifar-10-batches-py/test_batch,5530,cat,dog,0.4905685782432556,False,True,/home/tariq/Desktop/Awais-Tariq/base-KD/reports/cifar10_full_audit/mamba_kd_from_scratch_vit/failure_images/05530_true-cat_pred-dog.png,false_negative_for_cat;false_positive_for_dog
5537,cifar10_test_05537,/home/tariq/Desktop/Awais-Tariq/base-KD/data/cifar-10-batches-py/test_batch,5537,bird,dog,0.5741766095161438,False,True,/home/tariq/Desktop/Awais-Tariq/base-KD/reports/cifar10_full_audit/mamba_kd_from_scratch_vit/failure_images/05537_true-bird_pred-dog.png,false_negative_for_bird;false_positive_for_dog
5548,cifar10_test_05548,/home/tariq/Desktop/Awais-Tariq/base-KD/data/cifar-10-batches-py/test_batch,5548,ship,airplane,0.9922208189964294,False,True,/home/tariq/Desktop/Awais-Tariq/base-KD/reports/cifar10_full_audit/mamba_kd_from_scratch_vit/failure_images/05548_true-ship_pred-airplane.png,false_negative_for_ship;false_positive_for_airplane
5549,cifar10_test_05549,/home/tariq/Desktop/Awais-Tariq/base-KD/data/cifar-10-batches-py/test_batch,5549,dog,cat,0.6045599579811096,False,True,/home/tariq/Desktop/Awais-Tariq/base-KD/reports/cifar10_full_audit/mamba_kd_from_scratch_vit/failure_images/05549_true-dog_pred-cat.png,false_negative_for_dog;false_positive_for_cat
5559,cifar10_test_05559,/home/tariq/Desktop/Awais-Tariq/base-KD/data/cifar-10-batches-py/test_batch,5559,cat,bird,0.9358078837394714,False,True,/home/tariq/Desktop/Awais-Tariq/base-KD/reports/cifar10_full_audit/mamba_kd_from_scratch_vit/failure_images/05559_true-cat_pred-bird.png,false_negative_for_cat;false_positive_for_bird
5562,cifar10_test_05562,/home/tariq/Desktop/Awais-Tariq/base-KD/data/cifar-10-batches-py/test_batch,5562,deer,horse,0.7554612755775452,False,True,/home/tariq/Desktop/Awais-Tariq/base-KD/reports/cifar10_full_audit/mamba_kd_from_scratch_vit/failure_images/05562_true-deer_pred-horse.png,false_negative_for_deer;false_positive_for_horse
5582,cifar10_test_05582,/home/tariq/Desktop/Awais-Tariq/base-KD/data/cifar-10-batches-py/test_batch,5582,deer,horse,0.8712418079376221,False,True,/home/tariq/Desktop/Awais-Tariq/base-KD/reports/cifar10_full_audit/mamba_kd_from_scratch_vit/failure_images/05582_true-deer_pred-horse.png,false_negative_for_deer;false_positive_for_horse
5607,cifar10_test_05607,/home/tariq/Desktop/Awais-Tariq/base-KD/data/cifar-10-batches-py/test_batch,5607,frog,airplane,0.9909188747406006,False,True,/home/tariq/Desktop/Awais-Tariq/base-KD/reports/cifar10_full_audit/mamba_kd_from_scratch_vit/failure_images/05607_true-frog_pred-airplane.png,false_negative_for_frog;false_positive_for_airplane
5628,cifar10_test_05628,/home/tariq/Desktop/Awais-Tariq/base-KD/data/cifar-10-batches-py/test_batch,5628,ship,automobile,0.9931736588478088,False,True,/home/tariq/Desktop/Awais-Tariq/base-KD/reports/cifar10_full_audit/mamba_kd_from_scratch_vit/failure_images/05628_true-ship_pred-automobile.png,false_negative_for_ship;false_positive_for_automobile
5632,cifar10_test_05632,/home/tariq/Desktop/Awais-Tariq/base-KD/data/cifar-10-batches-py/test_batch,5632,cat,dog,0.5465526580810547,False,True,/home/tariq/Desktop/Awais-Tariq/base-KD/reports/cifar10_full_audit/mamba_kd_from_scratch_vit/failure_images/05632_true-cat_pred-dog.png,false_negative_for_cat;false_positive_for_dog
5634,cifar10_test_05634,/home/tariq/Desktop/Awais-Tariq/base-KD/data/cifar-10-batches-py/test_batch,5634,deer,bird,0.9838243722915649,False,True,/home/tariq/Desktop/Awais-Tariq/base-KD/reports/cifar10_full_audit/mamba_kd_from_scratch_vit/failure_images/05634_true-deer_pred-bird.png,false_negative_for_deer;false_positive_for_bird
5638,cifar10_test_05638,/home/tariq/Desktop/Awais-Tariq/base-KD/data/cifar-10-batches-py/test_batch,5638,deer,frog,0.9825620651245117,False,True,/home/tariq/Desktop/Awais-Tariq/base-KD/reports/cifar10_full_audit/mamba_kd_from_scratch_vit/failure_images/05638_true-deer_pred-frog.png,false_negative_for_deer;false_positive_for_frog
5642,cifar10_test_05642,/home/tariq/Desktop/Awais-Tariq/base-KD/data/cifar-10-batches-py/test_batch,5642,dog,deer,0.9283381104469299,False,True,/home/tariq/Desktop/Awais-Tariq/base-KD/reports/cifar10_full_audit/mamba_kd_from_scratch_vit/failure_images/05642_true-dog_pred-deer.png,false_negative_for_dog;false_positive_for_deer
5654,cifar10_test_05654,/home/tariq/Desktop/Awais-Tariq/base-KD/data/cifar-10-batches-py/test_batch,5654,deer,bird,0.9957048296928406,False,True,/home/tariq/Desktop/Awais-Tariq/base-KD/reports/cifar10_full_audit/mamba_kd_from_scratch_vit/failure_images/05654_true-deer_pred-bird.png,false_negative_for_deer;false_positive_for_bird
5655,cifar10_test_05655,/home/tariq/Desktop/Awais-Tariq/base-KD/data/cifar-10-batches-py/test_batch,5655,cat,dog,0.5616429448127747,False,True,/home/tariq/Desktop/Awais-Tariq/base-KD/reports/cifar10_full_audit/mamba_kd_from_scratch_vit/failure_images/05655_true-cat_pred-dog.png,false_negative_for_cat;false_positive_for_dog
5669,cifar10_test_05669,/home/tariq/Desktop/Awais-Tariq/base-KD/data/cifar-10-batches-py/test_batch,5669,airplane,automobile,0.5969813466072083,False,True,/home/tariq/Desktop/Awais-Tariq/base-KD/reports/cifar10_full_audit/mamba_kd_from_scratch_vit/failure_images/05669_true-airplane_pred-automobile.png,false_negative_for_airplane;false_positive_for_automobile
5677,cifar10_test_05677,/home/tariq/Desktop/Awais-Tariq/base-KD/data/cifar-10-batches-py/test_batch,5677,horse,deer,0.7982877492904663,False,True,/home/tariq/Desktop/Awais-Tariq/base-KD/reports/cifar10_full_audit/mamba_kd_from_scratch_vit/failure_images/05677_true-horse_pred-deer.png,false_negative_for_horse;false_positive_for_deer
5701,cifar10_test_05701,/home/tariq/Desktop/Awais-Tariq/base-KD/data/cifar-10-batches-py/test_batch,5701,cat,dog,0.8214098811149597,False,True,/home/tariq/Desktop/Awais-Tariq/base-KD/reports/cifar10_full_audit/mamba_kd_from_scratch_vit/failure_images/05701_true-cat_pred-dog.png,false_negative_for_cat;false_positive_for_dog
5714,cifar10_test_05714,/home/tariq/Desktop/Awais-Tariq/base-KD/data/cifar-10-batches-py/test_batch,5714,bird,frog,0.9539014101028442,False,True,/home/tariq/Desktop/Awais-Tariq/base-KD/reports/cifar10_full_audit/mamba_kd_from_scratch_vit/failure_images/05714_true-bird_pred-frog.png,false_negative_for_bird;false_positive_for_frog
5730,cifar10_test_05730,/home/tariq/Desktop/Awais-Tariq/base-KD/data/cifar-10-batches-py/test_batch,5730,dog,deer,0.9898505210876465,False,False,/home/tariq/Desktop/Awais-Tariq/base-KD/reports/cifar10_full_audit/mamba_kd_from_scratch_vit/failure_images/05730_true-dog_pred-deer.png,false_negative_for_dog;false_positive_for_deer
5749,cifar10_test_05749,/home/tariq/Desktop/Awais-Tariq/base-KD/data/cifar-10-batches-py/test_batch,5749,dog,cat,0.8123565912246704,False,True,/home/tariq/Desktop/Awais-Tariq/base-KD/reports/cifar10_full_audit/mamba_kd_from_scratch_vit/failure_images/05749_true-dog_pred-cat.png,false_negative_for_dog;false_positive_for_cat
5774,cifar10_test_05774,/home/tariq/Desktop/Awais-Tariq/base-KD/data/cifar-10-batches-py/test_batch,5774,dog,cat,0.9148603677749634,False,True,/home/tariq/Desktop/Awais-Tariq/base-KD/reports/cifar10_full_audit/mamba_kd_from_scratch_vit/failure_images/05774_true-dog_pred-cat.png,false_negative_for_dog;false_positive_for_cat
5806,cifar10_test_05806,/home/tariq/Desktop/Awais-Tariq/base-KD/data/cifar-10-batches-py/test_batch,5806,airplane,ship,0.9208094477653503,False,True,/home/tariq/Desktop/Awais-Tariq/base-KD/reports/cifar10_full_audit/mamba_kd_from_scratch_vit/failure_images/05806_true-airplane_pred-ship.png,false_negative_for_airplane;false_positive_for_ship
5808,cifar10_test_05808,/home/tariq/Desktop/Awais-Tariq/base-KD/data/cifar-10-batches-py/test_batch,5808,dog,cat,0.7881542444229126,False,True,/home/tariq/Desktop/Awais-Tariq/base-KD/reports/cifar10_full_audit/mamba_kd_from_scratch_vit/failure_images/05808_true-dog_pred-cat.png,false_negative_for_dog;false_positive_for_cat
5812,cifar10_test_05812,/home/tariq/Desktop/Awais-Tariq/base-KD/data/cifar-10-batches-py/test_batch,5812,deer,cat,0.9677417278289795,False,True,/home/tariq/Desktop/Awais-Tariq/base-KD/reports/cifar10_full_audit/mamba_kd_from_scratch_vit/failure_images/05812_true-deer_pred-cat.png,false_negative_for_deer;false_positive_for_cat
5817,cifar10_test_05817,/home/tariq/Desktop/Awais-Tariq/base-KD/data/cifar-10-batches-py/test_batch,5817,cat,dog,0.5718947052955627,False,True,/home/tariq/Desktop/Awais-Tariq/base-KD/reports/cifar10_full_audit/mamba_kd_from_scratch_vit/failure_images/05817_true-cat_pred-dog.png,false_negative_for_cat;false_positive_for_dog
5830,cifar10_test_05830,/home/tariq/Desktop/Awais-Tariq/base-KD/data/cifar-10-batches-py/test_batch,5830,dog,cat,0.7727850079536438,False,True,/home/tariq/Desktop/Awais-Tariq/base-KD/reports/cifar10_full_audit/mamba_kd_from_scratch_vit/failure_images/05830_true-dog_pred-cat.png,false_negative_for_dog;false_positive_for_cat
5838,cifar10_test_05838,/home/tariq/Desktop/Awais-Tariq/base-KD/data/cifar-10-batches-py/test_batch,5838,deer,horse,0.34954607486724854,False,True,/home/tariq/Desktop/Awais-Tariq/base-KD/reports/cifar10_full_audit/mamba_kd_from_scratch_vit/failure_images/05838_true-deer_pred-horse.png,false_negative_for_deer;false_positive_for_horse
5840,cifar10_test_05840,/home/tariq/Desktop/Awais-Tariq/base-KD/data/cifar-10-batches-py/test_batch,5840,bird,dog,0.51372230052948,False,True,/home/tariq/Desktop/Awais-Tariq/base-KD/reports/cifar10_full_audit/mamba_kd_from_scratch_vit/failure_images/05840_true-bird_pred-dog.png,false_negative_for_bird;false_positive_for_dog
5844,cifar10_test_05844,/home/tariq/Desktop/Awais-Tariq/base-KD/data/cifar-10-batches-py/test_batch,5844,airplane,ship,0.6786242723464966,False,True,/home/tariq/Desktop/Awais-Tariq/base-KD/reports/cifar10_full_audit/mamba_kd_from_scratch_vit/failure_images/05844_true-airplane_pred-ship.png,false_negative_for_airplane;false_positive_for_ship
5849,cifar10_test_05849,/home/tariq/Desktop/Awais-Tariq/base-KD/data/cifar-10-batches-py/test_batch,5849,dog,cat,0.5998668074607849,False,True,/home/tariq/Desktop/Awais-Tariq/base-KD/reports/cifar10_full_audit/mamba_kd_from_scratch_vit/failure_images/05849_true-dog_pred-cat.png,false_negative_for_dog;false_positive_for_cat
5855,cifar10_test_05855,/home/tariq/Desktop/Awais-Tariq/base-KD/data/cifar-10-batches-py/test_batch,5855,horse,bird,0.995536208152771,False,True,/home/tariq/Desktop/Awais-Tariq/base-KD/reports/cifar10_full_audit/mamba_kd_from_scratch_vit/failure_images/05855_true-horse_pred-bird.png,false_negative_for_horse;false_positive_for_bird
5856,cifar10_test_05856,/home/tariq/Desktop/Awais-Tariq/base-KD/data/cifar-10-batches-py/test_batch,5856,cat,dog,0.7100552916526794,False,True,/home/tariq/Desktop/Awais-Tariq/base-KD/reports/cifar10_full_audit/mamba_kd_from_scratch_vit/failure_images/05856_true-cat_pred-dog.png,false_negative_for_cat;false_positive_for_dog
5860,cifar10_test_05860,/home/tariq/Desktop/Awais-Tariq/base-KD/data/cifar-10-batches-py/test_batch,5860,airplane,ship,0.770023763179779,False,True,/home/tariq/Desktop/Awais-Tariq/base-KD/reports/cifar10_full_audit/mamba_kd_from_scratch_vit/failure_images/05860_true-airplane_pred-ship.png,false_negative_for_airplane;false_positive_for_ship
5862,cifar10_test_05862,/home/tariq/Desktop/Awais-Tariq/base-KD/data/cifar-10-batches-py/test_batch,5862,bird,cat,0.5244529247283936,False,True,/home/tariq/Desktop/Awais-Tariq/base-KD/reports/cifar10_full_audit/mamba_kd_from_scratch_vit/failure_images/05862_true-bird_pred-cat.png,false_negative_for_bird;false_positive_for_cat
5864,cifar10_test_05864,/home/tariq/Desktop/Awais-Tariq/base-KD/data/cifar-10-batches-py/test_batch,5864,truck,automobile,0.9492861032485962,False,True,/home/tariq/Desktop/Awais-Tariq/base-KD/reports/cifar10_full_audit/mamba_kd_from_scratch_vit/failure_images/05864_true-truck_pred-automobile.png,false_negative_for_truck;false_positive_for_automobile
5874,cifar10_test_05874,/home/tariq/Desktop/Awais-Tariq/base-KD/data/cifar-10-batches-py/test_batch,5874,cat,bird,0.634340226650238,False,True,/home/tariq/Desktop/Awais-Tariq/base-KD/reports/cifar10_full_audit/mamba_kd_from_scratch_vit/failure_images/05874_true-cat_pred-bird.png,false_negative_for_cat;false_positive_for_bird
5878,cifar10_test_05878,/home/tariq/Desktop/Awais-Tariq/base-KD/data/cifar-10-batches-py/test_batch,5878,deer,cat,0.4748418927192688,False,True,/home/tariq/Desktop/Awais-Tariq/base-KD/reports/cifar10_full_audit/mamba_kd_from_scratch_vit/failure_images/05878_true-deer_pred-cat.png,false_negative_for_deer;false_positive_for_cat
5881,cifar10_test_05881,/home/tariq/Desktop/Awais-Tariq/base-KD/data/cifar-10-batches-py/test_batch,5881,cat,dog,0.9999313354492188,False,True,/home/tariq/Desktop/Awais-Tariq/base-KD/reports/cifar10_full_audit/mamba_kd_from_scratch_vit/failure_images/05881_true-cat_pred-dog.png,false_negative_for_cat;false_positive_for_dog
5886,cifar10_test_05886,/home/tariq/Desktop/Awais-Tariq/base-KD/data/cifar-10-batches-py/test_batch,5886,bird,cat,0.46743375062942505,False,True,/home/tariq/Desktop/Awais-Tariq/base-KD/reports/cifar10_full_audit/mamba_kd_from_scratch_vit/failure_images/05886_true-bird_pred-cat.png,false_negative_for_bird;false_positive_for_cat
5896,cifar10_test_05896,/home/tariq/Desktop/Awais-Tariq/base-KD/data/cifar-10-batches-py/test_batch,5896,ship,truck,0.6875883340835571,False,True,/home/tariq/Desktop/Awais-Tariq/base-KD/reports/cifar10_full_audit/mamba_kd_from_scratch_vit/failure_images/05896_true-ship_pred-truck.png,false_negative_for_ship;false_positive_for_truck
5900,cifar10_test_05900,/home/tariq/Desktop/Awais-Tariq/base-KD/data/cifar-10-batches-py/test_batch,5900,deer,cat,0.994669497013092,False,False,/home/tariq/Desktop/Awais-Tariq/base-KD/reports/cifar10_full_audit/mamba_kd_from_scratch_vit/failure_images/05900_true-deer_pred-cat.png,false_negative_for_deer;false_positive_for_cat
5903,cifar10_test_05903,/home/tariq/Desktop/Awais-Tariq/base-KD/data/cifar-10-batches-py/test_batch,5903,deer,cat,0.9311233162879944,False,True,/home/tariq/Desktop/Awais-Tariq/base-KD/reports/cifar10_full_audit/mamba_kd_from_scratch_vit/failure_images/05903_true-deer_pred-cat.png,false_negative_for_deer;false_positive_for_cat
5908,cifar10_test_05908,/home/tariq/Desktop/Awais-Tariq/base-KD/data/cifar-10-batches-py/test_batch,5908,cat,frog,0.6997803449630737,False,False,/home/tariq/Desktop/Awais-Tariq/base-KD/reports/cifar10_full_audit/mamba_kd_from_scratch_vit/failure_images/05908_true-cat_pred-frog.png,false_negative_for_cat;false_positive_for_frog
5910,cifar10_test_05910,/home/tariq/Desktop/Awais-Tariq/base-KD/data/cifar-10-batches-py/test_batch,5910,bird,dog,0.7596725821495056,False,True,/home/tariq/Desktop/Awais-Tariq/base-KD/reports/cifar10_full_audit/mamba_kd_from_scratch_vit/failure_images/05910_true-bird_pred-dog.png,false_negative_for_bird;false_positive_for_dog
5915,cifar10_test_05915,/home/tariq/Desktop/Awais-Tariq/base-KD/data/cifar-10-batches-py/test_batch,5915,dog,cat,0.6139912605285645,False,True,/home/tariq/Desktop/Awais-Tariq/base-KD/reports/cifar10_full_audit/mamba_kd_from_scratch_vit/failure_images/05915_true-dog_pred-cat.png,false_negative_for_dog;false_positive_for_cat
5917,cifar10_test_05917,/home/tariq/Desktop/Awais-Tariq/base-KD/data/cifar-10-batches-py/test_batch,5917,cat,bird,0.9993005990982056,False,False,/home/tariq/Desktop/Awais-Tariq/base-KD/reports/cifar10_full_audit/mamba_kd_from_scratch_vit/failure_images/05917_true-cat_pred-bird.png,false_negative_for_cat;false_positive_for_bird
5924,cifar10_test_05924,/home/tariq/Desktop/Awais-Tariq/base-KD/data/cifar-10-batches-py/test_batch,5924,deer,bird,0.5142345428466797,False,True,/home/tariq/Desktop/Awais-Tariq/base-KD/reports/cifar10_full_audit/mamba_kd_from_scratch_vit/failure_images/05924_true-deer_pred-bird.png,false_negative_for_deer;false_positive_for_bird
5926,cifar10_test_05926,/home/tariq/Desktop/Awais-Tariq/base-KD/data/cifar-10-batches-py/test_batch,5926,deer,airplane,0.6291033625602722,False,True,/home/tariq/Desktop/Awais-Tariq/base-KD/reports/cifar10_full_audit/mamba_kd_from_scratch_vit/failure_images/05926_true-deer_pred-airplane.png,false_negative_for_deer;false_positive_for_airplane
5930,cifar10_test_05930,/home/tariq/Desktop/Awais-Tariq/base-KD/data/cifar-10-batches-py/test_batch,5930,dog,bird,0.791042149066925,False,True,/home/tariq/Desktop/Awais-Tariq/base-KD/reports/cifar10_full_audit/mamba_kd_from_scratch_vit/failure_images/05930_true-dog_pred-bird.png,false_negative_for_dog;false_positive_for_bird
5955,cifar10_test_05955,/home/tariq/Desktop/Awais-Tariq/base-KD/data/cifar-10-batches-py/test_batch,5955,dog,airplane,0.7024047374725342,False,True,/home/tariq/Desktop/Awais-Tariq/base-KD/reports/cifar10_full_audit/mamba_kd_from_scratch_vit/failure_images/05955_true-dog_pred-airplane.png,false_negative_for_dog;false_positive_for_airplane
5959,cifar10_test_05959,/home/tariq/Desktop/Awais-Tariq/base-KD/data/cifar-10-batches-py/test_batch,5959,deer,ship,0.4082811772823334,False,True,/home/tariq/Desktop/Awais-Tariq/base-KD/reports/cifar10_full_audit/mamba_kd_from_scratch_vit/failure_images/05959_true-deer_pred-ship.png,false_negative_for_deer;false_positive_for_ship
5986,cifar10_test_05986,/home/tariq/Desktop/Awais-Tariq/base-KD/data/cifar-10-batches-py/test_batch,5986,cat,dog,0.9742237329483032,False,True,/home/tariq/Desktop/Awais-Tariq/base-KD/reports/cifar10_full_audit/mamba_kd_from_scratch_vit/failure_images/05986_true-cat_pred-dog.png,false_negative_for_cat;false_positive_for_dog
5987,cifar10_test_05987,/home/tariq/Desktop/Awais-Tariq/base-KD/data/cifar-10-batches-py/test_batch,5987,cat,deer,0.501977801322937,False,True,/home/tariq/Desktop/Awais-Tariq/base-KD/reports/cifar10_full_audit/mamba_kd_from_scratch_vit/failure_images/05987_true-cat_pred-deer.png,false_negative_for_cat;false_positive_for_deer
5999,cifar10_test_05999,/home/tariq/Desktop/Awais-Tariq/base-KD/data/cifar-10-batches-py/test_batch,5999,bird,airplane,0.6501805186271667,False,True,/home/tariq/Desktop/Awais-Tariq/base-KD/reports/cifar10_full_audit/mamba_kd_from_scratch_vit/failure_images/05999_true-bird_pred-airplane.png,false_negative_for_bird;false_positive_for_airplane
6008,cifar10_test_06008,/home/tariq/Desktop/Awais-Tariq/base-KD/data/cifar-10-batches-py/test_batch,6008,cat,bird,0.9893354773521423,False,False,/home/tariq/Desktop/Awais-Tariq/base-KD/reports/cifar10_full_audit/mamba_kd_from_scratch_vit/failure_images/06008_true-cat_pred-bird.png,false_negative_for_cat;false_positive_for_bird
6014,cifar10_test_06014,/home/tariq/Desktop/Awais-Tariq/base-KD/data/cifar-10-batches-py/test_batch,6014,dog,horse,0.820861279964447,False,True,/home/tariq/Desktop/Awais-Tariq/base-KD/reports/cifar10_full_audit/mamba_kd_from_scratch_vit/failure_images/06014_true-dog_pred-horse.png,false_negative_for_dog;false_positive_for_horse
6016,cifar10_test_06016,/home/tariq/Desktop/Awais-Tariq/base-KD/data/cifar-10-batches-py/test_batch,6016,deer,frog,0.9999161958694458,False,True,/home/tariq/Desktop/Awais-Tariq/base-KD/reports/cifar10_full_audit/mamba_kd_from_scratch_vit/failure_images/06016_true-deer_pred-frog.png,false_negative_for_deer;false_positive_for_frog
6025,cifar10_test_06025,/home/tariq/Desktop/Awais-Tariq/base-KD/data/cifar-10-batches-py/test_batch,6025,frog,dog,0.9930323362350464,False,True,/home/tariq/Desktop/Awais-Tariq/base-KD/reports/cifar10_full_audit/mamba_kd_from_scratch_vit/failure_images/06025_true-frog_pred-dog.png,false_negative_for_frog;false_positive_for_dog
6035,cifar10_test_06035,/home/tariq/Desktop/Awais-Tariq/base-KD/data/cifar-10-batches-py/test_batch,6035,dog,cat,0.5481082201004028,False,True,/home/tariq/Desktop/Awais-Tariq/base-KD/reports/cifar10_full_audit/mamba_kd_from_scratch_vit/failure_images/06035_true-dog_pred-cat.png,false_negative_for_dog;false_positive_for_cat
6040,cifar10_test_06040,/home/tariq/Desktop/Awais-Tariq/base-KD/data/cifar-10-batches-py/test_batch,6040,bird,horse,0.8964789509773254,False,True,/home/tariq/Desktop/Awais-Tariq/base-KD/reports/cifar10_full_audit/mamba_kd_from_scratch_vit/failure_images/06040_true-bird_pred-horse.png,false_negative_for_bird;false_positive_for_horse
6051,cifar10_test_06051,/home/tariq/Desktop/Awais-Tariq/base-KD/data/cifar-10-batches-py/test_batch,6051,deer,horse,0.43465957045555115,False,True,/home/tariq/Desktop/Awais-Tariq/base-KD/reports/cifar10_full_audit/mamba_kd_from_scratch_vit/failure_images/06051_true-deer_pred-horse.png,false_negative_for_deer;false_positive_for_horse
6064,cifar10_test_06064,/home/tariq/Desktop/Awais-Tariq/base-KD/data/cifar-10-batches-py/test_batch,6064,dog,cat,0.6842312216758728,False,True,/home/tariq/Desktop/Awais-Tariq/base-KD/reports/cifar10_full_audit/mamba_kd_from_scratch_vit/failure_images/06064_true-dog_pred-cat.png,false_negative_for_dog;false_positive_for_cat
6068,cifar10_test_06068,/home/tariq/Desktop/Awais-Tariq/base-KD/data/cifar-10-batches-py/test_batch,6068,dog,cat,0.985217273235321,False,True,/home/tariq/Desktop/Awais-Tariq/base-KD/reports/cifar10_full_audit/mamba_kd_from_scratch_vit/failure_images/06068_true-dog_pred-cat.png,false_negative_for_dog;false_positive_for_cat
6070,cifar10_test_06070,/home/tariq/Desktop/Awais-Tariq/base-KD/data/cifar-10-batches-py/test_batch,6070,ship,truck,0.7250798940658569,False,True,/home/tariq/Desktop/Awais-Tariq/base-KD/reports/cifar10_full_audit/mamba_kd_from_scratch_vit/failure_images/06070_true-ship_pred-truck.png,false_negative_for_ship;false_positive_for_truck
6083,cifar10_test_06083,/home/tariq/Desktop/Awais-Tariq/base-KD/data/cifar-10-batches-py/test_batch,6083,bird,truck,0.533932626247406,False,True,/home/tariq/Desktop/Awais-Tariq/base-KD/reports/cifar10_full_audit/mamba_kd_from_scratch_vit/failure_images/06083_true-bird_pred-truck.png,false_negative_for_bird;false_positive_for_truck
6101,cifar10_test_06101,/home/tariq/Desktop/Awais-Tariq/base-KD/data/cifar-10-batches-py/test_batch,6101,truck,automobile,0.6914718747138977,False,True,/home/tariq/Desktop/Awais-Tariq/base-KD/reports/cifar10_full_audit/mamba_kd_from_scratch_vit/failure_images/06101_true-truck_pred-automobile.png,false_negative_for_truck;false_positive_for_automobile
6111,cifar10_test_06111,/home/tariq/Desktop/Awais-Tariq/base-KD/data/cifar-10-batches-py/test_batch,6111,cat,bird,0.5440206527709961,False,True,/home/tariq/Desktop/Awais-Tariq/base-KD/reports/cifar10_full_audit/mamba_kd_from_scratch_vit/failure_images/06111_true-cat_pred-bird.png,false_negative_for_cat;false_positive_for_bird
6112,cifar10_test_06112,/home/tariq/Desktop/Awais-Tariq/base-KD/data/cifar-10-batches-py/test_batch,6112,ship,airplane,0.7241957187652588,False,True,/home/tariq/Desktop/Awais-Tariq/base-KD/reports/cifar10_full_audit/mamba_kd_from_scratch_vit/failure_images/06112_true-ship_pred-airplane.png,false_negative_for_ship;false_positive_for_airplane
6116,cifar10_test_06116,/home/tariq/Desktop/Awais-Tariq/base-KD/data/cifar-10-batches-py/test_batch,6116,dog,deer,0.9436851739883423,False,True,/home/tariq/Desktop/Awais-Tariq/base-KD/reports/cifar10_full_audit/mamba_kd_from_scratch_vit/failure_images/06116_true-dog_pred-deer.png,false_negative_for_dog;false_positive_for_deer
6129,cifar10_test_06129,/home/tariq/Desktop/Awais-Tariq/base-KD/data/cifar-10-batches-py/test_batch,6129,deer,bird,0.8137984275817871,False,True,/home/tariq/Desktop/Awais-Tariq/base-KD/reports/cifar10_full_audit/mamba_kd_from_scratch_vit/failure_images/06129_true-deer_pred-bird.png,false_negative_for_deer;false_positive_for_bird
6134,cifar10_test_06134,/home/tariq/Desktop/Awais-Tariq/base-KD/data/cifar-10-batches-py/test_batch,6134,cat,truck,0.9908105134963989,False,False,/home/tariq/Desktop/Awais-Tariq/base-KD/reports/cifar10_full_audit/mamba_kd_from_scratch_vit/failure_images/06134_true-cat_pred-truck.png,false_negative_for_cat;false_positive_for_truck
6135,cifar10_test_06135,/home/tariq/Desktop/Awais-Tariq/base-KD/data/cifar-10-batches-py/test_batch,6135,cat,horse,0.587904155254364,False,True,/home/tariq/Desktop/Awais-Tariq/base-KD/reports/cifar10_full_audit/mamba_kd_from_scratch_vit/failure_images/06135_true-cat_pred-horse.png,false_negative_for_cat;false_positive_for_horse
6138,cifar10_test_06138,/home/tariq/Desktop/Awais-Tariq/base-KD/data/cifar-10-batches-py/test_batch,6138,cat,airplane,0.9305906295776367,False,True,/home/tariq/Desktop/Awais-Tariq/base-KD/reports/cifar10_full_audit/mamba_kd_from_scratch_vit/failure_images/06138_true-cat_pred-airplane.png,false_negative_for_cat;false_positive_for_airplane
6142,cifar10_test_06142,/home/tariq/Desktop/Awais-Tariq/base-KD/data/cifar-10-batches-py/test_batch,6142,dog,cat,0.8759852051734924,False,False,/home/tariq/Desktop/Awais-Tariq/base-KD/reports/cifar10_full_audit/mamba_kd_from_scratch_vit/failure_images/06142_true-dog_pred-cat.png,false_negative_for_dog;false_positive_for_cat
6144,cifar10_test_06144,/home/tariq/Desktop/Awais-Tariq/base-KD/data/cifar-10-batches-py/test_batch,6144,horse,bird,0.9208242893218994,False,True,/home/tariq/Desktop/Awais-Tariq/base-KD/reports/cifar10_full_audit/mamba_kd_from_scratch_vit/failure_images/06144_true-horse_pred-bird.png,false_negative_for_horse;false_positive_for_bird
6146,cifar10_test_06146,/home/tariq/Desktop/Awais-Tariq/base-KD/data/cifar-10-batches-py/test_batch,6146,airplane,truck,0.9880226850509644,False,True,/home/tariq/Desktop/Awais-Tariq/base-KD/reports/cifar10_full_audit/mamba_kd_from_scratch_vit/failure_images/06146_true-airplane_pred-truck.png,false_negative_for_airplane;false_positive_for_truck
6151,cifar10_test_06151,/home/tariq/Desktop/Awais-Tariq/base-KD/data/cifar-10-batches-py/test_batch,6151,horse,deer,0.4796927571296692,False,True,/home/tariq/Desktop/Awais-Tariq/base-KD/reports/cifar10_full_audit/mamba_kd_from_scratch_vit/failure_images/06151_true-horse_pred-deer.png,false_negative_for_horse;false_positive_for_deer
6153,cifar10_test_06153,/home/tariq/Desktop/Awais-Tariq/base-KD/data/cifar-10-batches-py/test_batch,6153,deer,horse,0.8892865777015686,False,True,/home/tariq/Desktop/Awais-Tariq/base-KD/reports/cifar10_full_audit/mamba_kd_from_scratch_vit/failure_images/06153_true-deer_pred-horse.png,false_negative_for_deer;false_positive_for_horse
6154,cifar10_test_06154,/home/tariq/Desktop/Awais-Tariq/base-KD/data/cifar-10-batches-py/test_batch,6154,deer,dog,0.5927611589431763,False,True,/home/tariq/Desktop/Awais-Tariq/base-KD/reports/cifar10_full_audit/mamba_kd_from_scratch_vit/failure_images/06154_true-deer_pred-dog.png,false_negative_for_deer;false_positive_for_dog
6162,cifar10_test_06162,/home/tariq/Desktop/Awais-Tariq/base-KD/data/cifar-10-batches-py/test_batch,6162,airplane,truck,0.8358072638511658,False,True,/home/tariq/Desktop/Awais-Tariq/base-KD/reports/cifar10_full_audit/mamba_kd_from_scratch_vit/failure_images/06162_true-airplane_pred-truck.png,false_negative_for_airplane;false_positive_for_truck
6163,cifar10_test_06163,/home/tariq/Desktop/Awais-Tariq/base-KD/data/cifar-10-batches-py/test_batch,6163,cat,ship,0.7798745036125183,False,True,/home/tariq/Desktop/Awais-Tariq/base-KD/reports/cifar10_full_audit/mamba_kd_from_scratch_vit/failure_images/06163_true-cat_pred-ship.png,false_negative_for_cat;false_positive_for_ship
6165,cifar10_test_06165,/home/tariq/Desktop/Awais-Tariq/base-KD/data/cifar-10-batches-py/test_batch,6165,dog,deer,0.7068262696266174,False,True,/home/tariq/Desktop/Awais-Tariq/base-KD/reports/cifar10_full_audit/mamba_kd_from_scratch_vit/failure_images/06165_true-dog_pred-deer.png,false_negative_for_dog;false_positive_for_deer
6174,cifar10_test_06174,/home/tariq/Desktop/Awais-Tariq/base-KD/data/cifar-10-batches-py/test_batch,6174,cat,dog,0.5352793335914612,False,True,/home/tariq/Desktop/Awais-Tariq/base-KD/reports/cifar10_full_audit/mamba_kd_from_scratch_vit/failure_images/06174_true-cat_pred-dog.png,false_negative_for_cat;false_positive_for_dog
6178,cifar10_test_06178,/home/tariq/Desktop/Awais-Tariq/base-KD/data/cifar-10-batches-py/test_batch,6178,dog,deer,0.5142471194267273,False,True,/home/tariq/Desktop/Awais-Tariq/base-KD/reports/cifar10_full_audit/mamba_kd_from_scratch_vit/failure_images/06178_true-dog_pred-deer.png,false_negative_for_dog;false_positive_for_deer
6202,cifar10_test_06202,/home/tariq/Desktop/Awais-Tariq/base-KD/data/cifar-10-batches-py/test_batch,6202,cat,dog,0.8197648525238037,False,True,/home/tariq/Desktop/Awais-Tariq/base-KD/reports/cifar10_full_audit/mamba_kd_from_scratch_vit/failure_images/06202_true-cat_pred-dog.png,false_negative_for_cat;false_positive_for_dog
6210,cifar10_test_06210,/home/tariq/Desktop/Awais-Tariq/base-KD/data/cifar-10-batches-py/test_batch,6210,deer,dog,0.9136819243431091,False,True,/home/tariq/Desktop/Awais-Tariq/base-KD/reports/cifar10_full_audit/mamba_kd_from_scratch_vit/failure_images/06210_true-deer_pred-dog.png,false_negative_for_deer;false_positive_for_dog
6218,cifar10_test_06218,/home/tariq/Desktop/Awais-Tariq/base-KD/data/cifar-10-batches-py/test_batch,6218,truck,frog,0.8351921439170837,False,True,/home/tariq/Desktop/Awais-Tariq/base-KD/reports/cifar10_full_audit/mamba_kd_from_scratch_vit/failure_images/06218_true-truck_pred-frog.png,false_negative_for_truck;false_positive_for_frog
6253,cifar10_test_06253,/home/tariq/Desktop/Awais-Tariq/base-KD/data/cifar-10-batches-py/test_batch,6253,dog,deer,0.8639666438102722,False,True,/home/tariq/Desktop/Awais-Tariq/base-KD/reports/cifar10_full_audit/mamba_kd_from_scratch_vit/failure_images/06253_true-dog_pred-deer.png,false_negative_for_dog;false_positive_for_deer
6257,cifar10_test_06257,/home/tariq/Desktop/Awais-Tariq/base-KD/data/cifar-10-batches-py/test_batch,6257,dog,cat,0.559444785118103,False,True,/home/tariq/Desktop/Awais-Tariq/base-KD/reports/cifar10_full_audit/mamba_kd_from_scratch_vit/failure_images/06257_true-dog_pred-cat.png,false_negative_for_dog;false_positive_for_cat
6305,cifar10_test_06305,/home/tariq/Desktop/Awais-Tariq/base-KD/data/cifar-10-batches-py/test_batch,6305,frog,bird,0.6355184316635132,False,True,/home/tariq/Desktop/Awais-Tariq/base-KD/reports/cifar10_full_audit/mamba_kd_from_scratch_vit/failure_images/06305_true-frog_pred-bird.png,false_negative_for_frog;false_positive_for_bird
6307,cifar10_test_06307,/home/tariq/Desktop/Awais-Tariq/base-KD/data/cifar-10-batches-py/test_batch,6307,deer,horse,0.8376737236976624,False,True,/home/tariq/Desktop/Awais-Tariq/base-KD/reports/cifar10_full_audit/mamba_kd_from_scratch_vit/failure_images/06307_true-deer_pred-horse.png,false_negative_for_deer;false_positive_for_horse
6326,cifar10_test_06326,/home/tariq/Desktop/Awais-Tariq/base-KD/data/cifar-10-batches-py/test_batch,6326,horse,ship,0.7412125468254089,False,True,/home/tariq/Desktop/Awais-Tariq/base-KD/reports/cifar10_full_audit/mamba_kd_from_scratch_vit/failure_images/06326_true-horse_pred-ship.png,false_negative_for_horse;false_positive_for_ship
6338,cifar10_test_06338,/home/tariq/Desktop/Awais-Tariq/base-KD/data/cifar-10-batches-py/test_batch,6338,horse,dog,0.5858592391014099,False,True,/home/tariq/Desktop/Awais-Tariq/base-KD/reports/cifar10_full_audit/mamba_kd_from_scratch_vit/failure_images/06338_true-horse_pred-dog.png,false_negative_for_horse;false_positive_for_dog
6367,cifar10_test_06367,/home/tariq/Desktop/Awais-Tariq/base-KD/data/cifar-10-batches-py/test_batch,6367,deer,cat,0.8989348411560059,False,True,/home/tariq/Desktop/Awais-Tariq/base-KD/reports/cifar10_full_audit/mamba_kd_from_scratch_vit/failure_images/06367_true-deer_pred-cat.png,false_negative_for_deer;false_positive_for_cat
6378,cifar10_test_06378,/home/tariq/Desktop/Awais-Tariq/base-KD/data/cifar-10-batches-py/test_batch,6378,dog,cat,0.7195472121238708,False,True,/home/tariq/Desktop/Awais-Tariq/base-KD/reports/cifar10_full_audit/mamba_kd_from_scratch_vit/failure_images/06378_true-dog_pred-cat.png,false_negative_for_dog;false_positive_for_cat
6381,cifar10_test_06381,/home/tariq/Desktop/Awais-Tariq/base-KD/data/cifar-10-batches-py/test_batch,6381,truck,automobile,0.9362255334854126,False,True,/home/tariq/Desktop/Awais-Tariq/base-KD/reports/cifar10_full_audit/mamba_kd_from_scratch_vit/failure_images/06381_true-truck_pred-automobile.png,false_negative_for_truck;false_positive_for_automobile
6382,cifar10_test_06382,/home/tariq/Desktop/Awais-Tariq/base-KD/data/cifar-10-batches-py/test_batch,6382,deer,horse,0.8943100571632385,False,True,/home/tariq/Desktop/Awais-Tariq/base-KD/reports/cifar10_full_audit/mamba_kd_from_scratch_vit/failure_images/06382_true-deer_pred-horse.png,false_negative_for_deer;false_positive_for_horse
6387,cifar10_test_06387,/home/tariq/Desktop/Awais-Tariq/base-KD/data/cifar-10-batches-py/test_batch,6387,bird,deer,0.7124273777008057,False,True,/home/tariq/Desktop/Awais-Tariq/base-KD/reports/cifar10_full_audit/mamba_kd_from_scratch_vit/failure_images/06387_true-bird_pred-deer.png,false_negative_for_bird;false_positive_for_deer
6396,cifar10_test_06396,/home/tariq/Desktop/Awais-Tariq/base-KD/data/cifar-10-batches-py/test_batch,6396,deer,frog,0.8519917130470276,False,True,/home/tariq/Desktop/Awais-Tariq/base-KD/reports/cifar10_full_audit/mamba_kd_from_scratch_vit/failure_images/06396_true-deer_pred-frog.png,false_negative_for_deer;false_positive_for_frog
6400,cifar10_test_06400,/home/tariq/Desktop/Awais-Tariq/base-KD/data/cifar-10-batches-py/test_batch,6400,airplane,ship,0.8788990378379822,False,True,/home/tariq/Desktop/Awais-Tariq/base-KD/reports/cifar10_full_audit/mamba_kd_from_scratch_vit/failure_images/06400_true-airplane_pred-ship.png,false_negative_for_airplane;false_positive_for_ship
6412,cifar10_test_06412,/home/tariq/Desktop/Awais-Tariq/base-KD/data/cifar-10-batches-py/test_batch,6412,ship,truck,0.7195099592208862,False,True,/home/tariq/Desktop/Awais-Tariq/base-KD/reports/cifar10_full_audit/mamba_kd_from_scratch_vit/failure_images/06412_true-ship_pred-truck.png,false_negative_for_ship;false_positive_for_truck
6419,cifar10_test_06419,/home/tariq/Desktop/Awais-Tariq/base-KD/data/cifar-10-batches-py/test_batch,6419,truck,ship,0.729697048664093,False,True,/home/tariq/Desktop/Awais-Tariq/base-KD/reports/cifar10_full_audit/mamba_kd_from_scratch_vit/failure_images/06419_true-truck_pred-ship.png,false_negative_for_truck;false_positive_for_ship
6423,cifar10_test_06423,/home/tariq/Desktop/Awais-Tariq/base-KD/data/cifar-10-batches-py/test_batch,6423,dog,deer,0.7611285448074341,False,True,/home/tariq/Desktop/Awais-Tariq/base-KD/reports/cifar10_full_audit/mamba_kd_from_scratch_vit/failure_images/06423_true-dog_pred-deer.png,false_negative_for_dog;false_positive_for_deer
6425,cifar10_test_06425,/home/tariq/Desktop/Awais-Tariq/base-KD/data/cifar-10-batches-py/test_batch,6425,bird,airplane,0.8963242173194885,False,True,/home/tariq/Desktop/Awais-Tariq/base-KD/reports/cifar10_full_audit/mamba_kd_from_scratch_vit/failure_images/06425_true-bird_pred-airplane.png,false_negative_for_bird;false_positive_for_airplane
6428,cifar10_test_06428,/home/tariq/Desktop/Awais-Tariq/base-KD/data/cifar-10-batches-py/test_batch,6428,dog,cat,0.5980989336967468,False,True,/home/tariq/Desktop/Awais-Tariq/base-KD/reports/cifar10_full_audit/mamba_kd_from_scratch_vit/failure_images/06428_true-dog_pred-cat.png,false_negative_for_dog;false_positive_for_cat
6434,cifar10_test_06434,/home/tariq/Desktop/Awais-Tariq/base-KD/data/cifar-10-batches-py/test_batch,6434,airplane,ship,0.9959895014762878,False,True,/home/tariq/Desktop/Awais-Tariq/base-KD/reports/cifar10_full_audit/mamba_kd_from_scratch_vit/failure_images/06434_true-airplane_pred-ship.png,false_negative_for_airplane;false_positive_for_ship
6437,cifar10_test_06437,/home/tariq/Desktop/Awais-Tariq/base-KD/data/cifar-10-batches-py/test_batch,6437,airplane,deer,0.6841327548027039,False,True,/home/tariq/Desktop/Awais-Tariq/base-KD/reports/cifar10_full_audit/mamba_kd_from_scratch_vit/failure_images/06437_true-airplane_pred-deer.png,false_negative_for_airplane;false_positive_for_deer
6439,cifar10_test_06439,/home/tariq/Desktop/Awais-Tariq/base-KD/data/cifar-10-batches-py/test_batch,6439,cat,deer,0.8303264379501343,False,True,/home/tariq/Desktop/Awais-Tariq/base-KD/reports/cifar10_full_audit/mamba_kd_from_scratch_vit/failure_images/06439_true-cat_pred-deer.png,false_negative_for_cat;false_positive_for_deer
6440,cifar10_test_06440,/home/tariq/Desktop/Awais-Tariq/base-KD/data/cifar-10-batches-py/test_batch,6440,cat,dog,0.9968808889389038,False,True,/home/tariq/Desktop/Awais-Tariq/base-KD/reports/cifar10_full_audit/mamba_kd_from_scratch_vit/failure_images/06440_true-cat_pred-dog.png,false_negative_for_cat;false_positive_for_dog
6444,cifar10_test_06444,/home/tariq/Desktop/Awais-Tariq/base-KD/data/cifar-10-batches-py/test_batch,6444,cat,dog,0.9555667638778687,False,True,/home/tariq/Desktop/Awais-Tariq/base-KD/reports/cifar10_full_audit/mamba_kd_from_scratch_vit/failure_images/06444_true-cat_pred-dog.png,false_negative_for_cat;false_positive_for_dog
6481,cifar10_test_06481,/home/tariq/Desktop/Awais-Tariq/base-KD/data/cifar-10-batches-py/test_batch,6481,airplane,cat,0.46713986992836,False,True,/home/tariq/Desktop/Awais-Tariq/base-KD/reports/cifar10_full_audit/mamba_kd_from_scratch_vit/failure_images/06481_true-airplane_pred-cat.png,false_negative_for_airplane;false_positive_for_cat
6486,cifar10_test_06486,/home/tariq/Desktop/Awais-Tariq/base-KD/data/cifar-10-batches-py/test_batch,6486,ship,frog,0.5979602336883545,False,True,/home/tariq/Desktop/Awais-Tariq/base-KD/reports/cifar10_full_audit/mamba_kd_from_scratch_vit/failure_images/06486_true-ship_pred-frog.png,false_negative_for_ship;false_positive_for_frog
6488,cifar10_test_06488,/home/tariq/Desktop/Awais-Tariq/base-KD/data/cifar-10-batches-py/test_batch,6488,bird,airplane,0.27804094552993774,False,True,/home/tariq/Desktop/Awais-Tariq/base-KD/reports/cifar10_full_audit/mamba_kd_from_scratch_vit/failure_images/06488_true-bird_pred-airplane.png,false_negative_for_bird;false_positive_for_airplane
6497,cifar10_test_06497,/home/tariq/Desktop/Awais-Tariq/base-KD/data/cifar-10-batches-py/test_batch,6497,deer,bird,0.9573062062263489,False,True,/home/tariq/Desktop/Awais-Tariq/base-KD/reports/cifar10_full_audit/mamba_kd_from_scratch_vit/failure_images/06497_true-deer_pred-bird.png,false_negative_for_deer;false_positive_for_bird
6500,cifar10_test_06500,/home/tariq/Desktop/Awais-Tariq/base-KD/data/cifar-10-batches-py/test_batch,6500,horse,dog,0.5314011573791504,False,True,/home/tariq/Desktop/Awais-Tariq/base-KD/reports/cifar10_full_audit/mamba_kd_from_scratch_vit/failure_images/06500_true-horse_pred-dog.png,false_negative_for_horse;false_positive_for_dog
6522,cifar10_test_06522,/home/tariq/Desktop/Awais-Tariq/base-KD/data/cifar-10-batches-py/test_batch,6522,truck,automobile,0.9936904907226562,False,True,/home/tariq/Desktop/Awais-Tariq/base-KD/reports/cifar10_full_audit/mamba_kd_from_scratch_vit/failure_images/06522_true-truck_pred-automobile.png,false_negative_for_truck;false_positive_for_automobile
6538,cifar10_test_06538,/home/tariq/Desktop/Awais-Tariq/base-KD/data/cifar-10-batches-py/test_batch,6538,cat,dog,0.829078197479248,False,True,/home/tariq/Desktop/Awais-Tariq/base-KD/reports/cifar10_full_audit/mamba_kd_from_scratch_vit/failure_images/06538_true-cat_pred-dog.png,false_negative_for_cat;false_positive_for_dog
6558,cifar10_test_06558,/home/tariq/Desktop/Awais-Tariq/base-KD/data/cifar-10-batches-py/test_batch,6558,frog,cat,0.9539616107940674,False,True,/home/tariq/Desktop/Awais-Tariq/base-KD/reports/cifar10_full_audit/mamba_kd_from_scratch_vit/failure_images/06558_true-frog_pred-cat.png,false_negative_for_frog;false_positive_for_cat
6559,cifar10_test_06559,/home/tariq/Desktop/Awais-Tariq/base-KD/data/cifar-10-batches-py/test_batch,6559,bird,deer,0.9999405145645142,False,True,/home/tariq/Desktop/Awais-Tariq/base-KD/reports/cifar10_full_audit/mamba_kd_from_scratch_vit/failure_images/06559_true-bird_pred-deer.png,false_negative_for_bird;false_positive_for_deer
6560,cifar10_test_06560,/home/tariq/Desktop/Awais-Tariq/base-KD/data/cifar-10-batches-py/test_batch,6560,frog,deer,0.9217857718467712,False,True,/home/tariq/Desktop/Awais-Tariq/base-KD/reports/cifar10_full_audit/mamba_kd_from_scratch_vit/failure_images/06560_true-frog_pred-deer.png,false_negative_for_frog;false_positive_for_deer
6569,cifar10_test_06569,/home/tariq/Desktop/Awais-Tariq/base-KD/data/cifar-10-batches-py/test_batch,6569,ship,truck,0.632972240447998,False,True,/home/tariq/Desktop/Awais-Tariq/base-KD/reports/cifar10_full_audit/mamba_kd_from_scratch_vit/failure_images/06569_true-ship_pred-truck.png,false_negative_for_ship;false_positive_for_truck
6574,cifar10_test_06574,/home/tariq/Desktop/Awais-Tariq/base-KD/data/cifar-10-batches-py/test_batch,6574,airplane,ship,0.3336162865161896,False,True,/home/tariq/Desktop/Awais-Tariq/base-KD/reports/cifar10_full_audit/mamba_kd_from_scratch_vit/failure_images/06574_true-airplane_pred-ship.png,false_negative_for_airplane;false_positive_for_ship
6581,cifar10_test_06581,/home/tariq/Desktop/Awais-Tariq/base-KD/data/cifar-10-batches-py/test_batch,6581,automobile,truck,0.6647419929504395,False,True,/home/tariq/Desktop/Awais-Tariq/base-KD/reports/cifar10_full_audit/mamba_kd_from_scratch_vit/failure_images/06581_true-automobile_pred-truck.png,false_negative_for_automobile;false_positive_for_truck
6584,cifar10_test_06584,/home/tariq/Desktop/Awais-Tariq/base-KD/data/cifar-10-batches-py/test_batch,6584,dog,frog,0.7254919409751892,False,True,/home/tariq/Desktop/Awais-Tariq/base-KD/reports/cifar10_full_audit/mamba_kd_from_scratch_vit/failure_images/06584_true-dog_pred-frog.png,false_negative_for_dog;false_positive_for_frog
6590,cifar10_test_06590,/home/tariq/Desktop/Awais-Tariq/base-KD/data/cifar-10-batches-py/test_batch,6590,dog,horse,0.9993224143981934,False,True,/home/tariq/Desktop/Awais-Tariq/base-KD/reports/cifar10_full_audit/mamba_kd_from_scratch_vit/failure_images/06590_true-dog_pred-horse.png,false_negative_for_dog;false_positive_for_horse
6596,cifar10_test_06596,/home/tariq/Desktop/Awais-Tariq/base-KD/data/cifar-10-batches-py/test_batch,6596,cat,bird,0.7980308532714844,False,True,/home/tariq/Desktop/Awais-Tariq/base-KD/reports/cifar10_full_audit/mamba_kd_from_scratch_vit/failure_images/06596_true-cat_pred-bird.png,false_negative_for_cat;false_positive_for_bird
6625,cifar10_test_06625,/home/tariq/Desktop/Awais-Tariq/base-KD/data/cifar-10-batches-py/test_batch,6625,deer,bird,0.8214895129203796,False,True,/home/tariq/Desktop/Awais-Tariq/base-KD/reports/cifar10_full_audit/mamba_kd_from_scratch_vit/failure_images/06625_true-deer_pred-bird.png,false_negative_for_deer;false_positive_for_bird
6627,cifar10_test_06627,/home/tariq/Desktop/Awais-Tariq/base-KD/data/cifar-10-batches-py/test_batch,6627,dog,cat,0.7966301441192627,False,True,/home/tariq/Desktop/Awais-Tariq/base-KD/reports/cifar10_full_audit/mamba_kd_from_scratch_vit/failure_images/06627_true-dog_pred-cat.png,false_negative_for_dog;false_positive_for_cat
6640,cifar10_test_06640,/home/tariq/Desktop/Awais-Tariq/base-KD/data/cifar-10-batches-py/test_batch,6640,dog,cat,0.6914530992507935,False,True,/home/tariq/Desktop/Awais-Tariq/base-KD/reports/cifar10_full_audit/mamba_kd_from_scratch_vit/failure_images/06640_true-dog_pred-cat.png,false_negative_for_dog;false_positive_for_cat
6646,cifar10_test_06646,/home/tariq/Desktop/Awais-Tariq/base-KD/data/cifar-10-batches-py/test_batch,6646,dog,deer,0.49657654762268066,False,True,/home/tariq/Desktop/Awais-Tariq/base-KD/reports/cifar10_full_audit/mamba_kd_from_scratch_vit/failure_images/06646_true-dog_pred-deer.png,false_negative_for_dog;false_positive_for_deer
6656,cifar10_test_06656,/home/tariq/Desktop/Awais-Tariq/base-KD/data/cifar-10-batches-py/test_batch,6656,frog,dog,0.4996494650840759,False,False,/home/tariq/Desktop/Awais-Tariq/base-KD/reports/cifar10_full_audit/mamba_kd_from_scratch_vit/failure_images/06656_true-frog_pred-dog.png,false_negative_for_frog;false_positive_for_dog
6669,cifar10_test_06669,/home/tariq/Desktop/Awais-Tariq/base-KD/data/cifar-10-batches-py/test_batch,6669,dog,bird,0.9997320771217346,False,False,/home/tariq/Desktop/Awais-Tariq/base-KD/reports/cifar10_full_audit/mamba_kd_from_scratch_vit/failure_images/06669_true-dog_pred-bird.png,false_negative_for_dog;false_positive_for_bird
6671,cifar10_test_06671,/home/tariq/Desktop/Awais-Tariq/base-KD/data/cifar-10-batches-py/test_batch,6671,dog,cat,0.6272265911102295,False,True,/home/tariq/Desktop/Awais-Tariq/base-KD/reports/cifar10_full_audit/mamba_kd_from_scratch_vit/failure_images/06671_true-dog_pred-cat.png,false_negative_for_dog;false_positive_for_cat
6673,cifar10_test_06673,/home/tariq/Desktop/Awais-Tariq/base-KD/data/cifar-10-batches-py/test_batch,6673,deer,bird,0.9814435243606567,False,True,/home/tariq/Desktop/Awais-Tariq/base-KD/reports/cifar10_full_audit/mamba_kd_from_scratch_vit/failure_images/06673_true-deer_pred-bird.png,false_negative_for_deer;false_positive_for_bird
6679,cifar10_test_06679,/home/tariq/Desktop/Awais-Tariq/base-KD/data/cifar-10-batches-py/test_batch,6679,bird,deer,0.919732391834259,False,True,/home/tariq/Desktop/Awais-Tariq/base-KD/reports/cifar10_full_audit/mamba_kd_from_scratch_vit/failure_images/06679_true-bird_pred-deer.png,false_negative_for_bird;false_positive_for_deer
6698,cifar10_test_06698,/home/tariq/Desktop/Awais-Tariq/base-KD/data/cifar-10-batches-py/test_batch,6698,cat,frog,0.916725218296051,False,True,/home/tariq/Desktop/Awais-Tariq/base-KD/reports/cifar10_full_audit/mamba_kd_from_scratch_vit/failure_images/06698_true-cat_pred-frog.png,false_negative_for_cat;false_positive_for_frog
6706,cifar10_test_06706,/home/tariq/Desktop/Awais-Tariq/base-KD/data/cifar-10-batches-py/test_batch,6706,frog,cat,0.9976894855499268,False,True,/home/tariq/Desktop/Awais-Tariq/base-KD/reports/cifar10_full_audit/mamba_kd_from_scratch_vit/failure_images/06706_true-frog_pred-cat.png,false_negative_for_frog;false_positive_for_cat
6723,cifar10_test_06723,/home/tariq/Desktop/Awais-Tariq/base-KD/data/cifar-10-batches-py/test_batch,6723,dog,horse,0.9575769901275635,False,True,/home/tariq/Desktop/Awais-Tariq/base-KD/reports/cifar10_full_audit/mamba_kd_from_scratch_vit/failure_images/06723_true-dog_pred-horse.png,false_negative_for_dog;false_positive_for_horse
6726,cifar10_test_06726,/home/tariq/Desktop/Awais-Tariq/base-KD/data/cifar-10-batches-py/test_batch,6726,cat,deer,0.547970175743103,False,True,/home/tariq/Desktop/Awais-Tariq/base-KD/reports/cifar10_full_audit/mamba_kd_from_scratch_vit/failure_images/06726_true-cat_pred-deer.png,false_negative_for_cat;false_positive_for_deer
6729,cifar10_test_06729,/home/tariq/Desktop/Awais-Tariq/base-KD/data/cifar-10-batches-py/test_batch,6729,airplane,automobile,0.9729635715484619,False,True,/home/tariq/Desktop/Awais-Tariq/base-KD/reports/cifar10_full_audit/mamba_kd_from_scratch_vit/failure_images/06729_true-airplane_pred-automobile.png,false_negative_for_airplane;false_positive_for_automobile
6732,cifar10_test_06732,/home/tariq/Desktop/Awais-Tariq/base-KD/data/cifar-10-batches-py/test_batch,6732,cat,deer,0.9146144986152649,False,True,/home/tariq/Desktop/Awais-Tariq/base-KD/reports/cifar10_full_audit/mamba_kd_from_scratch_vit/failure_images/06732_true-cat_pred-deer.png,false_negative_for_cat;false_positive_for_deer
6741,cifar10_test_06741,/home/tariq/Desktop/Awais-Tariq/base-KD/data/cifar-10-batches-py/test_batch,6741,truck,airplane,0.9893085956573486,False,True,/home/tariq/Desktop/Awais-Tariq/base-KD/reports/cifar10_full_audit/mamba_kd_from_scratch_vit/failure_images/06741_true-truck_pred-airplane.png,false_negative_for_truck;false_positive_for_airplane
6748,cifar10_test_06748,/home/tariq/Desktop/Awais-Tariq/base-KD/data/cifar-10-batches-py/test_batch,6748,airplane,bird,0.8703053593635559,False,True,/home/tariq/Desktop/Awais-Tariq/base-KD/reports/cifar10_full_audit/mamba_kd_from_scratch_vit/failure_images/06748_true-airplane_pred-bird.png,false_negative_for_airplane;false_positive_for_bird
6753,cifar10_test_06753,/home/tariq/Desktop/Awais-Tariq/base-KD/data/cifar-10-batches-py/test_batch,6753,deer,frog,0.5460225939750671,False,True,/home/tariq/Desktop/Awais-Tariq/base-KD/reports/cifar10_full_audit/mamba_kd_from_scratch_vit/failure_images/06753_true-deer_pred-frog.png,false_negative_for_deer;false_positive_for_frog
6756,cifar10_test_06756,/home/tariq/Desktop/Awais-Tariq/base-KD/data/cifar-10-batches-py/test_batch,6756,dog,cat,0.5523998737335205,False,True,/home/tariq/Desktop/Awais-Tariq/base-KD/reports/cifar10_full_audit/mamba_kd_from_scratch_vit/failure_images/06756_true-dog_pred-cat.png,false_negative_for_dog;false_positive_for_cat
6759,cifar10_test_06759,/home/tariq/Desktop/Awais-Tariq/base-KD/data/cifar-10-batches-py/test_batch,6759,automobile,truck,0.9899914264678955,False,True,/home/tariq/Desktop/Awais-Tariq/base-KD/reports/cifar10_full_audit/mamba_kd_from_scratch_vit/failure_images/06759_true-automobile_pred-truck.png,false_negative_for_automobile;false_positive_for_truck
6763,cifar10_test_06763,/home/tariq/Desktop/Awais-Tariq/base-KD/data/cifar-10-batches-py/test_batch,6763,bird,deer,0.8410163521766663,False,True,/home/tariq/Desktop/Awais-Tariq/base-KD/reports/cifar10_full_audit/mamba_kd_from_scratch_vit/failure_images/06763_true-bird_pred-deer.png,false_negative_for_bird;false_positive_for_deer
6774,cifar10_test_06774,/home/tariq/Desktop/Awais-Tariq/base-KD/data/cifar-10-batches-py/test_batch,6774,cat,bird,0.9554638862609863,False,True,/home/tariq/Desktop/Awais-Tariq/base-KD/reports/cifar10_full_audit/mamba_kd_from_scratch_vit/failure_images/06774_true-cat_pred-bird.png,false_negative_for_cat;false_positive_for_bird
6783,cifar10_test_06783,/home/tariq/Desktop/Awais-Tariq/base-KD/data/cifar-10-batches-py/test_batch,6783,cat,frog,0.9971531629562378,False,True,/home/tariq/Desktop/Awais-Tariq/base-KD/reports/cifar10_full_audit/mamba_kd_from_scratch_vit/failure_images/06783_true-cat_pred-frog.png,false_negative_for_cat;false_positive_for_frog
6786,cifar10_test_06786,/home/tariq/Desktop/Awais-Tariq/base-KD/data/cifar-10-batches-py/test_batch,6786,cat,dog,0.87733393907547,False,True,/home/tariq/Desktop/Awais-Tariq/base-KD/reports/cifar10_full_audit/mamba_kd_from_scratch_vit/failure_images/06786_true-cat_pred-dog.png,false_negative_for_cat;false_positive_for_dog
6792,cifar10_test_06792,/home/tariq/Desktop/Awais-Tariq/base-KD/data/cifar-10-batches-py/test_batch,6792,cat,ship,0.3789394795894623,False,True,/home/tariq/Desktop/Awais-Tariq/base-KD/reports/cifar10_full_audit/mamba_kd_from_scratch_vit/failure_images/06792_true-cat_pred-ship.png,false_negative_for_cat;false_positive_for_ship
6812,cifar10_test_06812,/home/tariq/Desktop/Awais-Tariq/base-KD/data/cifar-10-batches-py/test_batch,6812,airplane,truck,0.7390943169593811,False,True,/home/tariq/Desktop/Awais-Tariq/base-KD/reports/cifar10_full_audit/mamba_kd_from_scratch_vit/failure_images/06812_true-airplane_pred-truck.png,false_negative_for_airplane;false_positive_for_truck
6825,cifar10_test_06825,/home/tariq/Desktop/Awais-Tariq/base-KD/data/cifar-10-batches-py/test_batch,6825,cat,deer,0.8400232195854187,False,True,/home/tariq/Desktop/Awais-Tariq/base-KD/reports/cifar10_full_audit/mamba_kd_from_scratch_vit/failure_images/06825_true-cat_pred-deer.png,false_negative_for_cat;false_positive_for_deer
6827,cifar10_test_06827,/home/tariq/Desktop/Awais-Tariq/base-KD/data/cifar-10-batches-py/test_batch,6827,cat,bird,0.7287619709968567,False,True,/home/tariq/Desktop/Awais-Tariq/base-KD/reports/cifar10_full_audit/mamba_kd_from_scratch_vit/failure_images/06827_true-cat_pred-bird.png,false_negative_for_cat;false_positive_for_bird
6833,cifar10_test_06833,/home/tariq/Desktop/Awais-Tariq/base-KD/data/cifar-10-batches-py/test_batch,6833,cat,frog,0.9996180534362793,False,True,/home/tariq/Desktop/Awais-Tariq/base-KD/reports/cifar10_full_audit/mamba_kd_from_scratch_vit/failure_images/06833_true-cat_pred-frog.png,false_negative_for_cat;false_positive_for_frog
6842,cifar10_test_06842,/home/tariq/Desktop/Awais-Tariq/base-KD/data/cifar-10-batches-py/test_batch,6842,cat,ship,0.5226575136184692,False,True,/home/tariq/Desktop/Awais-Tariq/base-KD/reports/cifar10_full_audit/mamba_kd_from_scratch_vit/failure_images/06842_true-cat_pred-ship.png,false_negative_for_cat;false_positive_for_ship
6853,cifar10_test_06853,/home/tariq/Desktop/Awais-Tariq/base-KD/data/cifar-10-batches-py/test_batch,6853,deer,dog,0.8565380573272705,False,True,/home/tariq/Desktop/Awais-Tariq/base-KD/reports/cifar10_full_audit/mamba_kd_from_scratch_vit/failure_images/06853_true-deer_pred-dog.png,false_negative_for_deer;false_positive_for_dog
6854,cifar10_test_06854,/home/tariq/Desktop/Awais-Tariq/base-KD/data/cifar-10-batches-py/test_batch,6854,airplane,deer,0.5575061440467834,False,True,/home/tariq/Desktop/Awais-Tariq/base-KD/reports/cifar10_full_audit/mamba_kd_from_scratch_vit/failure_images/06854_true-airplane_pred-deer.png,false_negative_for_airplane;false_positive_for_deer
6859,cifar10_test_06859,/home/tariq/Desktop/Awais-Tariq/base-KD/data/cifar-10-batches-py/test_batch,6859,cat,automobile,0.9002624750137329,False,True,/home/tariq/Desktop/Awais-Tariq/base-KD/reports/cifar10_full_audit/mamba_kd_from_scratch_vit/failure_images/06859_true-cat_pred-automobile.png,false_negative_for_cat;false_positive_for_automobile
6866,cifar10_test_06866,/home/tariq/Desktop/Awais-Tariq/base-KD/data/cifar-10-batches-py/test_batch,6866,deer,frog,0.6827677488327026,False,True,/home/tariq/Desktop/Awais-Tariq/base-KD/reports/cifar10_full_audit/mamba_kd_from_scratch_vit/failure_images/06866_true-deer_pred-frog.png,false_negative_for_deer;false_positive_for_frog
6869,cifar10_test_06869,/home/tariq/Desktop/Awais-Tariq/base-KD/data/cifar-10-batches-py/test_batch,6869,dog,cat,0.6538426876068115,False,True,/home/tariq/Desktop/Awais-Tariq/base-KD/reports/cifar10_full_audit/mamba_kd_from_scratch_vit/failure_images/06869_true-dog_pred-cat.png,false_negative_for_dog;false_positive_for_cat
6876,cifar10_test_06876,/home/tariq/Desktop/Awais-Tariq/base-KD/data/cifar-10-batches-py/test_batch,6876,horse,cat,0.8277666568756104,False,True,/home/tariq/Desktop/Awais-Tariq/base-KD/reports/cifar10_full_audit/mamba_kd_from_scratch_vit/failure_images/06876_true-horse_pred-cat.png,false_negative_for_horse;false_positive_for_cat
6877,cifar10_test_06877,/home/tariq/Desktop/Awais-Tariq/base-KD/data/cifar-10-batches-py/test_batch,6877,airplane,ship,0.9901008605957031,False,True,/home/tariq/Desktop/Awais-Tariq/base-KD/reports/cifar10_full_audit/mamba_kd_from_scratch_vit/failure_images/06877_true-airplane_pred-ship.png,false_negative_for_airplane;false_positive_for_ship
6898,cifar10_test_06898,/home/tariq/Desktop/Awais-Tariq/base-KD/data/cifar-10-batches-py/test_batch,6898,cat,dog,0.9003068208694458,False,True,/home/tariq/Desktop/Awais-Tariq/base-KD/reports/cifar10_full_audit/mamba_kd_from_scratch_vit/failure_images/06898_true-cat_pred-dog.png,false_negative_for_cat;false_positive_for_dog
6912,cifar10_test_06912,/home/tariq/Desktop/Awais-Tariq/base-KD/data/cifar-10-batches-py/test_batch,6912,cat,truck,0.6331021189689636,False,True,/home/tariq/Desktop/Awais-Tariq/base-KD/reports/cifar10_full_audit/mamba_kd_from_scratch_vit/failure_images/06912_true-cat_pred-truck.png,false_negative_for_cat;false_positive_for_truck
6917,cifar10_test_06917,/home/tariq/Desktop/Awais-Tariq/base-KD/data/cifar-10-batches-py/test_batch,6917,frog,cat,0.9870964288711548,False,True,/home/tariq/Desktop/Awais-Tariq/base-KD/reports/cifar10_full_audit/mamba_kd_from_scratch_vit/failure_images/06917_true-frog_pred-cat.png,false_negative_for_frog;false_positive_for_cat
6933,cifar10_test_06933,/home/tariq/Desktop/Awais-Tariq/base-KD/data/cifar-10-batches-py/test_batch,6933,airplane,horse,0.8011200428009033,False,True,/home/tariq/Desktop/Awais-Tariq/base-KD/reports/cifar10_full_audit/mamba_kd_from_scratch_vit/failure_images/06933_true-airplane_pred-horse.png,false_negative_for_airplane;false_positive_for_horse
6942,cifar10_test_06942,/home/tariq/Desktop/Awais-Tariq/base-KD/data/cifar-10-batches-py/test_batch,6942,cat,bird,0.5951441526412964,False,True,/home/tariq/Desktop/Awais-Tariq/base-KD/reports/cifar10_full_audit/mamba_kd_from_scratch_vit/failure_images/06942_true-cat_pred-bird.png,false_negative_for_cat;false_positive_for_bird
6965,cifar10_test_06965,/home/tariq/Desktop/Awais-Tariq/base-KD/data/cifar-10-batches-py/test_batch,6965,frog,cat,0.5349298715591431,False,True,/home/tariq/Desktop/Awais-Tariq/base-KD/reports/cifar10_full_audit/mamba_kd_from_scratch_vit/failure_images/06965_true-frog_pred-cat.png,false_negative_for_frog;false_positive_for_cat
6966,cifar10_test_06966,/home/tariq/Desktop/Awais-Tariq/base-KD/data/cifar-10-batches-py/test_batch,6966,airplane,ship,0.5159568786621094,False,True,/home/tariq/Desktop/Awais-Tariq/base-KD/reports/cifar10_full_audit/mamba_kd_from_scratch_vit/failure_images/06966_true-airplane_pred-ship.png,false_negative_for_airplane;false_positive_for_ship
6969,cifar10_test_06969,/home/tariq/Desktop/Awais-Tariq/base-KD/data/cifar-10-batches-py/test_batch,6969,bird,deer,0.9965043067932129,False,False,/home/tariq/Desktop/Awais-Tariq/base-KD/reports/cifar10_full_audit/mamba_kd_from_scratch_vit/failure_images/06969_true-bird_pred-deer.png,false_negative_for_bird;false_positive_for_deer
6970,cifar10_test_06970,/home/tariq/Desktop/Awais-Tariq/base-KD/data/cifar-10-batches-py/test_batch,6970,airplane,bird,0.8999738693237305,False,True,/home/tariq/Desktop/Awais-Tariq/base-KD/reports/cifar10_full_audit/mamba_kd_from_scratch_vit/failure_images/06970_true-airplane_pred-bird.png,false_negative_for_airplane;false_positive_for_bird
6983,cifar10_test_06983,/home/tariq/Desktop/Awais-Tariq/base-KD/data/cifar-10-batches-py/test_batch,6983,truck,automobile,0.9316188097000122,False,True,/home/tariq/Desktop/Awais-Tariq/base-KD/reports/cifar10_full_audit/mamba_kd_from_scratch_vit/failure_images/06983_true-truck_pred-automobile.png,false_negative_for_truck;false_positive_for_automobile
6994,cifar10_test_06994,/home/tariq/Desktop/Awais-Tariq/base-KD/data/cifar-10-batches-py/test_batch,6994,cat,deer,0.945992648601532,False,True,/home/tariq/Desktop/Awais-Tariq/base-KD/reports/cifar10_full_audit/mamba_kd_from_scratch_vit/failure_images/06994_true-cat_pred-deer.png,false_negative_for_cat;false_positive_for_deer
7002,cifar10_test_07002,/home/tariq/Desktop/Awais-Tariq/base-KD/data/cifar-10-batches-py/test_batch,7002,cat,deer,0.7125406265258789,False,True,/home/tariq/Desktop/Awais-Tariq/base-KD/reports/cifar10_full_audit/mamba_kd_from_scratch_vit/failure_images/07002_true-cat_pred-deer.png,false_negative_for_cat;false_positive_for_deer
7005,cifar10_test_07005,/home/tariq/Desktop/Awais-Tariq/base-KD/data/cifar-10-batches-py/test_batch,7005,automobile,truck,0.6509242057800293,False,True,/home/tariq/Desktop/Awais-Tariq/base-KD/reports/cifar10_full_audit/mamba_kd_from_scratch_vit/failure_images/07005_true-automobile_pred-truck.png,false_negative_for_automobile;false_positive_for_truck
7017,cifar10_test_07017,/home/tariq/Desktop/Awais-Tariq/base-KD/data/cifar-10-batches-py/test_batch,7017,automobile,truck,0.6055708527565002,False,True,/home/tariq/Desktop/Awais-Tariq/base-KD/reports/cifar10_full_audit/mamba_kd_from_scratch_vit/failure_images/07017_true-automobile_pred-truck.png,false_negative_for_automobile;false_positive_for_truck
7026,cifar10_test_07026,/home/tariq/Desktop/Awais-Tariq/base-KD/data/cifar-10-batches-py/test_batch,7026,cat,frog,0.5299491286277771,False,True,/home/tariq/Desktop/Awais-Tariq/base-KD/reports/cifar10_full_audit/mamba_kd_from_scratch_vit/failure_images/07026_true-cat_pred-frog.png,false_negative_for_cat;false_positive_for_frog
7035,cifar10_test_07035,/home/tariq/Desktop/Awais-Tariq/base-KD/data/cifar-10-batches-py/test_batch,7035,automobile,truck,0.9712406992912292,False,True,/home/tariq/Desktop/Awais-Tariq/base-KD/reports/cifar10_full_audit/mamba_kd_from_scratch_vit/failure_images/07035_true-automobile_pred-truck.png,false_negative_for_automobile;false_positive_for_truck
7040,cifar10_test_07040,/home/tariq/Desktop/Awais-Tariq/base-KD/data/cifar-10-batches-py/test_batch,7040,horse,airplane,0.9590415358543396,False,True,/home/tariq/Desktop/Awais-Tariq/base-KD/reports/cifar10_full_audit/mamba_kd_from_scratch_vit/failure_images/07040_true-horse_pred-airplane.png,false_negative_for_horse;false_positive_for_airplane
7054,cifar10_test_07054,/home/tariq/Desktop/Awais-Tariq/base-KD/data/cifar-10-batches-py/test_batch,7054,bird,airplane,0.9771192669868469,False,True,/home/tariq/Desktop/Awais-Tariq/base-KD/reports/cifar10_full_audit/mamba_kd_from_scratch_vit/failure_images/07054_true-bird_pred-airplane.png,false_negative_for_bird;false_positive_for_airplane
7059,cifar10_test_07059,/home/tariq/Desktop/Awais-Tariq/base-KD/data/cifar-10-batches-py/test_batch,7059,deer,frog,0.9412743449211121,False,True,/home/tariq/Desktop/Awais-Tariq/base-KD/reports/cifar10_full_audit/mamba_kd_from_scratch_vit/failure_images/07059_true-deer_pred-frog.png,false_negative_for_deer;false_positive_for_frog
7062,cifar10_test_07062,/home/tariq/Desktop/Awais-Tariq/base-KD/data/cifar-10-batches-py/test_batch,7062,deer,frog,0.9533089995384216,False,True,/home/tariq/Desktop/Awais-Tariq/base-KD/reports/cifar10_full_audit/mamba_kd_from_scratch_vit/failure_images/07062_true-deer_pred-frog.png,false_negative_for_deer;false_positive_for_frog
7080,cifar10_test_07080,/home/tariq/Desktop/Awais-Tariq/base-KD/data/cifar-10-batches-py/test_batch,7080,dog,cat,0.9778406023979187,False,False,/home/tariq/Desktop/Awais-Tariq/base-KD/reports/cifar10_full_audit/mamba_kd_from_scratch_vit/failure_images/07080_true-dog_pred-cat.png,false_negative_for_dog;false_positive_for_cat
7099,cifar10_test_07099,/home/tariq/Desktop/Awais-Tariq/base-KD/data/cifar-10-batches-py/test_batch,7099,cat,dog,0.970149040222168,False,True,/home/tariq/Desktop/Awais-Tariq/base-KD/reports/cifar10_full_audit/mamba_kd_from_scratch_vit/failure_images/07099_true-cat_pred-dog.png,false_negative_for_cat;false_positive_for_dog
7107,cifar10_test_07107,/home/tariq/Desktop/Awais-Tariq/base-KD/data/cifar-10-batches-py/test_batch,7107,bird,frog,0.9917171597480774,False,True,/home/tariq/Desktop/Awais-Tariq/base-KD/reports/cifar10_full_audit/mamba_kd_from_scratch_vit/failure_images/07107_true-bird_pred-frog.png,false_negative_for_bird;false_positive_for_frog
7112,cifar10_test_07112,/home/tariq/Desktop/Awais-Tariq/base-KD/data/cifar-10-batches-py/test_batch,7112,bird,airplane,0.9304967522621155,False,True,/home/tariq/Desktop/Awais-Tariq/base-KD/reports/cifar10_full_audit/mamba_kd_from_scratch_vit/failure_images/07112_true-bird_pred-airplane.png,false_negative_for_bird;false_positive_for_airplane
7117,cifar10_test_07117,/home/tariq/Desktop/Awais-Tariq/base-KD/data/cifar-10-batches-py/test_batch,7117,frog,truck,0.6460995674133301,False,True,/home/tariq/Desktop/Awais-Tariq/base-KD/reports/cifar10_full_audit/mamba_kd_from_scratch_vit/failure_images/07117_true-frog_pred-truck.png,false_negative_for_frog;false_positive_for_truck
7119,cifar10_test_07119,/home/tariq/Desktop/Awais-Tariq/base-KD/data/cifar-10-batches-py/test_batch,7119,dog,truck,0.8917867541313171,False,False,/home/tariq/Desktop/Awais-Tariq/base-KD/reports/cifar10_full_audit/mamba_kd_from_scratch_vit/failure_images/07119_true-dog_pred-truck.png,false_negative_for_dog;false_positive_for_truck
7124,cifar10_test_07124,/home/tariq/Desktop/Awais-Tariq/base-KD/data/cifar-10-batches-py/test_batch,7124,dog,deer,0.6930320262908936,False,True,/home/tariq/Desktop/Awais-Tariq/base-KD/reports/cifar10_full_audit/mamba_kd_from_scratch_vit/failure_images/07124_true-dog_pred-deer.png,false_negative_for_dog;false_positive_for_deer
7127,cifar10_test_07127,/home/tariq/Desktop/Awais-Tariq/base-KD/data/cifar-10-batches-py/test_batch,7127,dog,truck,0.8548843860626221,False,True,/home/tariq/Desktop/Awais-Tariq/base-KD/reports/cifar10_full_audit/mamba_kd_from_scratch_vit/failure_images/07127_true-dog_pred-truck.png,false_negative_for_dog;false_positive_for_truck
7145,cifar10_test_07145,/home/tariq/Desktop/Awais-Tariq/base-KD/data/cifar-10-batches-py/test_batch,7145,cat,dog,0.9607434868812561,False,True,/home/tariq/Desktop/Awais-Tariq/base-KD/reports/cifar10_full_audit/mamba_kd_from_scratch_vit/failure_images/07145_true-cat_pred-dog.png,false_negative_for_cat;false_positive_for_dog
7150,cifar10_test_07150,/home/tariq/Desktop/Awais-Tariq/base-KD/data/cifar-10-batches-py/test_batch,7150,cat,airplane,0.6655683517456055,False,True,/home/tariq/Desktop/Awais-Tariq/base-KD/reports/cifar10_full_audit/mamba_kd_from_scratch_vit/failure_images/07150_true-cat_pred-airplane.png,false_negative_for_cat;false_positive_for_airplane
7168,cifar10_test_07168,/home/tariq/Desktop/Awais-Tariq/base-KD/data/cifar-10-batches-py/test_batch,7168,dog,cat,0.9904390573501587,False,True,/home/tariq/Desktop/Awais-Tariq/base-KD/reports/cifar10_full_audit/mamba_kd_from_scratch_vit/failure_images/07168_true-dog_pred-cat.png,false_negative_for_dog;false_positive_for_cat
7183,cifar10_test_07183,/home/tariq/Desktop/Awais-Tariq/base-KD/data/cifar-10-batches-py/test_batch,7183,frog,deer,0.3922632038593292,False,True,/home/tariq/Desktop/Awais-Tariq/base-KD/reports/cifar10_full_audit/mamba_kd_from_scratch_vit/failure_images/07183_true-frog_pred-deer.png,false_negative_for_frog;false_positive_for_deer
7202,cifar10_test_07202,/home/tariq/Desktop/Awais-Tariq/base-KD/data/cifar-10-batches-py/test_batch,7202,cat,dog,0.4826522469520569,False,True,/home/tariq/Desktop/Awais-Tariq/base-KD/reports/cifar10_full_audit/mamba_kd_from_scratch_vit/failure_images/07202_true-cat_pred-dog.png,false_negative_for_cat;false_positive_for_dog
7214,cifar10_test_07214,/home/tariq/Desktop/Awais-Tariq/base-KD/data/cifar-10-batches-py/test_batch,7214,cat,dog,0.9468566179275513,False,True,/home/tariq/Desktop/Awais-Tariq/base-KD/reports/cifar10_full_audit/mamba_kd_from_scratch_vit/failure_images/07214_true-cat_pred-dog.png,false_negative_for_cat;false_positive_for_dog
7218,cifar10_test_07218,/home/tariq/Desktop/Awais-Tariq/base-KD/data/cifar-10-batches-py/test_batch,7218,truck,airplane,0.9322644472122192,False,True,/home/tariq/Desktop/Awais-Tariq/base-KD/reports/cifar10_full_audit/mamba_kd_from_scratch_vit/failure_images/07218_true-truck_pred-airplane.png,false_negative_for_truck;false_positive_for_airplane
7219,cifar10_test_07219,/home/tariq/Desktop/Awais-Tariq/base-KD/data/cifar-10-batches-py/test_batch,7219,horse,deer,0.4823613464832306,False,True,/home/tariq/Desktop/Awais-Tariq/base-KD/reports/cifar10_full_audit/mamba_kd_from_scratch_vit/failure_images/07219_true-horse_pred-deer.png,false_negative_for_horse;false_positive_for_deer
7229,cifar10_test_07229,/home/tariq/Desktop/Awais-Tariq/base-KD/data/cifar-10-batches-py/test_batch,7229,bird,cat,0.970481276512146,False,True,/home/tariq/Desktop/Awais-Tariq/base-KD/reports/cifar10_full_audit/mamba_kd_from_scratch_vit/failure_images/07229_true-bird_pred-cat.png,false_negative_for_bird;false_positive_for_cat
7250,cifar10_test_07250,/home/tariq/Desktop/Awais-Tariq/base-KD/data/cifar-10-batches-py/test_batch,7250,ship,truck,0.6665298938751221,False,True,/home/tariq/Desktop/Awais-Tariq/base-KD/reports/cifar10_full_audit/mamba_kd_from_scratch_vit/failure_images/07250_true-ship_pred-truck.png,false_negative_for_ship;false_positive_for_truck
7267,cifar10_test_07267,/home/tariq/Desktop/Awais-Tariq/base-KD/data/cifar-10-batches-py/test_batch,7267,dog,frog,0.9932956099510193,False,True,/home/tariq/Desktop/Awais-Tariq/base-KD/reports/cifar10_full_audit/mamba_kd_from_scratch_vit/failure_images/07267_true-dog_pred-frog.png,false_negative_for_dog;false_positive_for_frog
7271,cifar10_test_07271,/home/tariq/Desktop/Awais-Tariq/base-KD/data/cifar-10-batches-py/test_batch,7271,horse,deer,0.5640580058097839,False,True,/home/tariq/Desktop/Awais-Tariq/base-KD/reports/cifar10_full_audit/mamba_kd_from_scratch_vit/failure_images/07271_true-horse_pred-deer.png,false_negative_for_horse;false_positive_for_deer
7274,cifar10_test_07274,/home/tariq/Desktop/Awais-Tariq/base-KD/data/cifar-10-batches-py/test_batch,7274,automobile,truck,0.9968175888061523,False,True,/home/tariq/Desktop/Awais-Tariq/base-KD/reports/cifar10_full_audit/mamba_kd_from_scratch_vit/failure_images/07274_true-automobile_pred-truck.png,false_negative_for_automobile;false_positive_for_truck
7280,cifar10_test_07280,/home/tariq/Desktop/Awais-Tariq/base-KD/data/cifar-10-batches-py/test_batch,7280,automobile,truck,0.5484313368797302,False,True,/home/tariq/Desktop/Awais-Tariq/base-KD/reports/cifar10_full_audit/mamba_kd_from_scratch_vit/failure_images/07280_true-automobile_pred-truck.png,false_negative_for_automobile;false_positive_for_truck
7300,cifar10_test_07300,/home/tariq/Desktop/Awais-Tariq/base-KD/data/cifar-10-batches-py/test_batch,7300,cat,dog,0.8042376637458801,False,True,/home/tariq/Desktop/Awais-Tariq/base-KD/reports/cifar10_full_audit/mamba_kd_from_scratch_vit/failure_images/07300_true-cat_pred-dog.png,false_negative_for_cat;false_positive_for_dog
7311,cifar10_test_07311,/home/tariq/Desktop/Awais-Tariq/base-KD/data/cifar-10-batches-py/test_batch,7311,automobile,truck,0.9538716673851013,False,True,/home/tariq/Desktop/Awais-Tariq/base-KD/reports/cifar10_full_audit/mamba_kd_from_scratch_vit/failure_images/07311_true-automobile_pred-truck.png,false_negative_for_automobile;false_positive_for_truck
7318,cifar10_test_07318,/home/tariq/Desktop/Awais-Tariq/base-KD/data/cifar-10-batches-py/test_batch,7318,deer,frog,0.5794828534126282,False,True,/home/tariq/Desktop/Awais-Tariq/base-KD/reports/cifar10_full_audit/mamba_kd_from_scratch_vit/failure_images/07318_true-deer_pred-frog.png,false_negative_for_deer;false_positive_for_frog
7351,cifar10_test_07351,/home/tariq/Desktop/Awais-Tariq/base-KD/data/cifar-10-batches-py/test_batch,7351,bird,cat,0.8158512711524963,False,True,/home/tariq/Desktop/Awais-Tariq/base-KD/reports/cifar10_full_audit/mamba_kd_from_scratch_vit/failure_images/07351_true-bird_pred-cat.png,false_negative_for_bird;false_positive_for_cat
7367,cifar10_test_07367,/home/tariq/Desktop/Awais-Tariq/base-KD/data/cifar-10-batches-py/test_batch,7367,cat,dog,0.6189520955085754,False,True,/home/tariq/Desktop/Awais-Tariq/base-KD/reports/cifar10_full_audit/mamba_kd_from_scratch_vit/failure_images/07367_true-cat_pred-dog.png,false_negative_for_cat;false_positive_for_dog
7370,cifar10_test_07370,/home/tariq/Desktop/Awais-Tariq/base-KD/data/cifar-10-batches-py/test_batch,7370,cat,ship,0.8290493488311768,False,True,/home/tariq/Desktop/Awais-Tariq/base-KD/reports/cifar10_full_audit/mamba_kd_from_scratch_vit/failure_images/07370_true-cat_pred-ship.png,false_negative_for_cat;false_positive_for_ship
7384,cifar10_test_07384,/home/tariq/Desktop/Awais-Tariq/base-KD/data/cifar-10-batches-py/test_batch,7384,cat,dog,0.8576850891113281,False,True,/home/tariq/Desktop/Awais-Tariq/base-KD/reports/cifar10_full_audit/mamba_kd_from_scratch_vit/failure_images/07384_true-cat_pred-dog.png,false_negative_for_cat;false_positive_for_dog
7397,cifar10_test_07397,/home/tariq/Desktop/Awais-Tariq/base-KD/data/cifar-10-batches-py/test_batch,7397,deer,frog,0.4819585978984833,False,True,/home/tariq/Desktop/Awais-Tariq/base-KD/reports/cifar10_full_audit/mamba_kd_from_scratch_vit/failure_images/07397_true-deer_pred-frog.png,false_negative_for_deer;false_positive_for_frog
7398,cifar10_test_07398,/home/tariq/Desktop/Awais-Tariq/base-KD/data/cifar-10-batches-py/test_batch,7398,dog,cat,0.5641220211982727,False,True,/home/tariq/Desktop/Awais-Tariq/base-KD/reports/cifar10_full_audit/mamba_kd_from_scratch_vit/failure_images/07398_true-dog_pred-cat.png,false_negative_for_dog;false_positive_for_cat
7399,cifar10_test_07399,/home/tariq/Desktop/Awais-Tariq/base-KD/data/cifar-10-batches-py/test_batch,7399,cat,dog,0.6793054342269897,False,True,/home/tariq/Desktop/Awais-Tariq/base-KD/reports/cifar10_full_audit/mamba_kd_from_scratch_vit/failure_images/07399_true-cat_pred-dog.png,false_negative_for_cat;false_positive_for_dog
7403,cifar10_test_07403,/home/tariq/Desktop/Awais-Tariq/base-KD/data/cifar-10-batches-py/test_batch,7403,deer,bird,0.5448970198631287,False,True,/home/tariq/Desktop/Awais-Tariq/base-KD/reports/cifar10_full_audit/mamba_kd_from_scratch_vit/failure_images/07403_true-deer_pred-bird.png,false_negative_for_deer;false_positive_for_bird
7406,cifar10_test_07406,/home/tariq/Desktop/Awais-Tariq/base-KD/data/cifar-10-batches-py/test_batch,7406,horse,bird,0.9853796362876892,False,True,/home/tariq/Desktop/Awais-Tariq/base-KD/reports/cifar10_full_audit/mamba_kd_from_scratch_vit/failure_images/07406_true-horse_pred-bird.png,false_negative_for_horse;false_positive_for_bird
7408,cifar10_test_07408,/home/tariq/Desktop/Awais-Tariq/base-KD/data/cifar-10-batches-py/test_batch,7408,deer,frog,0.9969877600669861,False,True,/home/tariq/Desktop/Awais-Tariq/base-KD/reports/cifar10_full_audit/mamba_kd_from_scratch_vit/failure_images/07408_true-deer_pred-frog.png,false_negative_for_deer;false_positive_for_frog
7414,cifar10_test_07414,/home/tariq/Desktop/Awais-Tariq/base-KD/data/cifar-10-batches-py/test_batch,7414,ship,airplane,0.9979991316795349,False,True,/home/tariq/Desktop/Awais-Tariq/base-KD/reports/cifar10_full_audit/mamba_kd_from_scratch_vit/failure_images/07414_true-ship_pred-airplane.png,false_negative_for_ship;false_positive_for_airplane
7420,cifar10_test_07420,/home/tariq/Desktop/Awais-Tariq/base-KD/data/cifar-10-batches-py/test_batch,7420,cat,deer,0.7633876204490662,False,True,/home/tariq/Desktop/Awais-Tariq/base-KD/reports/cifar10_full_audit/mamba_kd_from_scratch_vit/failure_images/07420_true-cat_pred-deer.png,false_negative_for_cat;false_positive_for_deer
7422,cifar10_test_07422,/home/tariq/Desktop/Awais-Tariq/base-KD/data/cifar-10-batches-py/test_batch,7422,deer,horse,0.7302473187446594,False,True,/home/tariq/Desktop/Awais-Tariq/base-KD/reports/cifar10_full_audit/mamba_kd_from_scratch_vit/failure_images/07422_true-deer_pred-horse.png,false_negative_for_deer;false_positive_for_horse
7429,cifar10_test_07429,/home/tariq/Desktop/Awais-Tariq/base-KD/data/cifar-10-batches-py/test_batch,7429,dog,cat,0.5764895677566528,False,True,/home/tariq/Desktop/Awais-Tariq/base-KD/reports/cifar10_full_audit/mamba_kd_from_scratch_vit/failure_images/07429_true-dog_pred-cat.png,false_negative_for_dog;false_positive_for_cat
7439,cifar10_test_07439,/home/tariq/Desktop/Awais-Tariq/base-KD/data/cifar-10-batches-py/test_batch,7439,dog,cat,0.9049209356307983,False,True,/home/tariq/Desktop/Awais-Tariq/base-KD/reports/cifar10_full_audit/mamba_kd_from_scratch_vit/failure_images/07439_true-dog_pred-cat.png,false_negative_for_dog;false_positive_for_cat
7440,cifar10_test_07440,/home/tariq/Desktop/Awais-Tariq/base-KD/data/cifar-10-batches-py/test_batch,7440,cat,frog,0.501071035861969,False,True,/home/tariq/Desktop/Awais-Tariq/base-KD/reports/cifar10_full_audit/mamba_kd_from_scratch_vit/failure_images/07440_true-cat_pred-frog.png,false_negative_for_cat;false_positive_for_frog
7443,cifar10_test_07443,/home/tariq/Desktop/Awais-Tariq/base-KD/data/cifar-10-batches-py/test_batch,7443,horse,cat,0.7868008613586426,False,True,/home/tariq/Desktop/Awais-Tariq/base-KD/reports/cifar10_full_audit/mamba_kd_from_scratch_vit/failure_images/07443_true-horse_pred-cat.png,false_negative_for_horse;false_positive_for_cat
7444,cifar10_test_07444,/home/tariq/Desktop/Awais-Tariq/base-KD/data/cifar-10-batches-py/test_batch,7444,truck,automobile,0.9525728225708008,False,True,/home/tariq/Desktop/Awais-Tariq/base-KD/reports/cifar10_full_audit/mamba_kd_from_scratch_vit/failure_images/07444_true-truck_pred-automobile.png,false_negative_for_truck;false_positive_for_automobile
7446,cifar10_test_07446,/home/tariq/Desktop/Awais-Tariq/base-KD/data/cifar-10-batches-py/test_batch,7446,dog,frog,0.963356077671051,False,True,/home/tariq/Desktop/Awais-Tariq/base-KD/reports/cifar10_full_audit/mamba_kd_from_scratch_vit/failure_images/07446_true-dog_pred-frog.png,false_negative_for_dog;false_positive_for_frog
7449,cifar10_test_07449,/home/tariq/Desktop/Awais-Tariq/base-KD/data/cifar-10-batches-py/test_batch,7449,airplane,frog,0.8207411170005798,False,True,/home/tariq/Desktop/Awais-Tariq/base-KD/reports/cifar10_full_audit/mamba_kd_from_scratch_vit/failure_images/07449_true-airplane_pred-frog.png,false_negative_for_airplane;false_positive_for_frog
7455,cifar10_test_07455,/home/tariq/Desktop/Awais-Tariq/base-KD/data/cifar-10-batches-py/test_batch,7455,automobile,truck,0.8463627696037292,False,True,/home/tariq/Desktop/Awais-Tariq/base-KD/reports/cifar10_full_audit/mamba_kd_from_scratch_vit/failure_images/07455_true-automobile_pred-truck.png,false_negative_for_automobile;false_positive_for_truck
7458,cifar10_test_07458,/home/tariq/Desktop/Awais-Tariq/base-KD/data/cifar-10-batches-py/test_batch,7458,bird,cat,0.5657832622528076,False,True,/home/tariq/Desktop/Awais-Tariq/base-KD/reports/cifar10_full_audit/mamba_kd_from_scratch_vit/failure_images/07458_true-bird_pred-cat.png,false_negative_for_bird;false_positive_for_cat
7462,cifar10_test_07462,/home/tariq/Desktop/Awais-Tariq/base-KD/data/cifar-10-batches-py/test_batch,7462,ship,automobile,0.5241820216178894,False,True,/home/tariq/Desktop/Awais-Tariq/base-KD/reports/cifar10_full_audit/mamba_kd_from_scratch_vit/failure_images/07462_true-ship_pred-automobile.png,false_negative_for_ship;false_positive_for_automobile
7509,cifar10_test_07509,/home/tariq/Desktop/Awais-Tariq/base-KD/data/cifar-10-batches-py/test_batch,7509,cat,dog,0.6316415667533875,False,True,/home/tariq/Desktop/Awais-Tariq/base-KD/reports/cifar10_full_audit/mamba_kd_from_scratch_vit/failure_images/07509_true-cat_pred-dog.png,false_negative_for_cat;false_positive_for_dog
7513,cifar10_test_07513,/home/tariq/Desktop/Awais-Tariq/base-KD/data/cifar-10-batches-py/test_batch,7513,airplane,truck,0.5664772987365723,False,True,/home/tariq/Desktop/Awais-Tariq/base-KD/reports/cifar10_full_audit/mamba_kd_from_scratch_vit/failure_images/07513_true-airplane_pred-truck.png,false_negative_for_airplane;false_positive_for_truck
7524,cifar10_test_07524,/home/tariq/Desktop/Awais-Tariq/base-KD/data/cifar-10-batches-py/test_batch,7524,cat,ship,0.8665775656700134,False,True,/home/tariq/Desktop/Awais-Tariq/base-KD/reports/cifar10_full_audit/mamba_kd_from_scratch_vit/failure_images/07524_true-cat_pred-ship.png,false_negative_for_cat;false_positive_for_ship
7536,cifar10_test_07536,/home/tariq/Desktop/Awais-Tariq/base-KD/data/cifar-10-batches-py/test_batch,7536,ship,automobile,0.5633698105812073,False,True,/home/tariq/Desktop/Awais-Tariq/base-KD/reports/cifar10_full_audit/mamba_kd_from_scratch_vit/failure_images/07536_true-ship_pred-automobile.png,false_negative_for_ship;false_positive_for_automobile
7549,cifar10_test_07549,/home/tariq/Desktop/Awais-Tariq/base-KD/data/cifar-10-batches-py/test_batch,7549,cat,dog,0.9980146884918213,False,True,/home/tariq/Desktop/Awais-Tariq/base-KD/reports/cifar10_full_audit/mamba_kd_from_scratch_vit/failure_images/07549_true-cat_pred-dog.png,false_negative_for_cat;false_positive_for_dog
7554,cifar10_test_07554,/home/tariq/Desktop/Awais-Tariq/base-KD/data/cifar-10-batches-py/test_batch,7554,horse,dog,0.7906787395477295,False,True,/home/tariq/Desktop/Awais-Tariq/base-KD/reports/cifar10_full_audit/mamba_kd_from_scratch_vit/failure_images/07554_true-horse_pred-dog.png,false_negative_for_horse;false_positive_for_dog
7556,cifar10_test_07556,/home/tariq/Desktop/Awais-Tariq/base-KD/data/cifar-10-batches-py/test_batch,7556,bird,cat,0.7907320261001587,False,True,/home/tariq/Desktop/Awais-Tariq/base-KD/reports/cifar10_full_audit/mamba_kd_from_scratch_vit/failure_images/07556_true-bird_pred-cat.png,false_negative_for_bird;false_positive_for_cat
7559,cifar10_test_07559,/home/tariq/Desktop/Awais-Tariq/base-KD/data/cifar-10-batches-py/test_batch,7559,ship,automobile,0.9854737520217896,False,True,/home/tariq/Desktop/Awais-Tariq/base-KD/reports/cifar10_full_audit/mamba_kd_from_scratch_vit/failure_images/07559_true-ship_pred-automobile.png,false_negative_for_ship;false_positive_for_automobile
7562,cifar10_test_07562,/home/tariq/Desktop/Awais-Tariq/base-KD/data/cifar-10-batches-py/test_batch,7562,bird,frog,0.49991366267204285,False,True,/home/tariq/Desktop/Awais-Tariq/base-KD/reports/cifar10_full_audit/mamba_kd_from_scratch_vit/failure_images/07562_true-bird_pred-frog.png,false_negative_for_bird;false_positive_for_frog
7571,cifar10_test_07571,/home/tariq/Desktop/Awais-Tariq/base-KD/data/cifar-10-batches-py/test_batch,7571,deer,frog,0.9968210458755493,False,True,/home/tariq/Desktop/Awais-Tariq/base-KD/reports/cifar10_full_audit/mamba_kd_from_scratch_vit/failure_images/07571_true-deer_pred-frog.png,false_negative_for_deer;false_positive_for_frog
7583,cifar10_test_07583,/home/tariq/Desktop/Awais-Tariq/base-KD/data/cifar-10-batches-py/test_batch,7583,automobile,truck,0.8576796054840088,False,True,/home/tariq/Desktop/Awais-Tariq/base-KD/reports/cifar10_full_audit/mamba_kd_from_scratch_vit/failure_images/07583_true-automobile_pred-truck.png,false_negative_for_automobile;false_positive_for_truck
7590,cifar10_test_07590,/home/tariq/Desktop/Awais-Tariq/base-KD/data/cifar-10-batches-py/test_batch,7590,bird,deer,0.9871788024902344,False,True,/home/tariq/Desktop/Awais-Tariq/base-KD/reports/cifar10_full_audit/mamba_kd_from_scratch_vit/failure_images/07590_true-bird_pred-deer.png,false_negative_for_bird;false_positive_for_deer
7596,cifar10_test_07596,/home/tariq/Desktop/Awais-Tariq/base-KD/data/cifar-10-batches-py/test_batch,7596,cat,dog,0.8315879106521606,False,True,/home/tariq/Desktop/Awais-Tariq/base-KD/reports/cifar10_full_audit/mamba_kd_from_scratch_vit/failure_images/07596_true-cat_pred-dog.png,false_negative_for_cat;false_positive_for_dog
7600,cifar10_test_07600,/home/tariq/Desktop/Awais-Tariq/base-KD/data/cifar-10-batches-py/test_batch,7600,ship,truck,0.8181230425834656,False,True,/home/tariq/Desktop/Awais-Tariq/base-KD/reports/cifar10_full_audit/mamba_kd_from_scratch_vit/failure_images/07600_true-ship_pred-truck.png,false_negative_for_ship;false_positive_for_truck
7605,cifar10_test_07605,/home/tariq/Desktop/Awais-Tariq/base-KD/data/cifar-10-batches-py/test_batch,7605,bird,frog,0.9864425659179688,False,True,/home/tariq/Desktop/Awais-Tariq/base-KD/reports/cifar10_full_audit/mamba_kd_from_scratch_vit/failure_images/07605_true-bird_pred-frog.png,false_negative_for_bird;false_positive_for_frog
7609,cifar10_test_07609,/home/tariq/Desktop/Awais-Tariq/base-KD/data/cifar-10-batches-py/test_batch,7609,airplane,ship,0.5988843441009521,False,True,/home/tariq/Desktop/Awais-Tariq/base-KD/reports/cifar10_full_audit/mamba_kd_from_scratch_vit/failure_images/07609_true-airplane_pred-ship.png,false_negative_for_airplane;false_positive_for_ship
7611,cifar10_test_07611,/home/tariq/Desktop/Awais-Tariq/base-KD/data/cifar-10-batches-py/test_batch,7611,horse,bird,0.962580144405365,False,False,/home/tariq/Desktop/Awais-Tariq/base-KD/reports/cifar10_full_audit/mamba_kd_from_scratch_vit/failure_images/07611_true-horse_pred-bird.png,false_negative_for_horse;false_positive_for_bird
7617,cifar10_test_07617,/home/tariq/Desktop/Awais-Tariq/base-KD/data/cifar-10-batches-py/test_batch,7617,bird,airplane,0.8153261542320251,False,True,/home/tariq/Desktop/Awais-Tariq/base-KD/reports/cifar10_full_audit/mamba_kd_from_scratch_vit/failure_images/07617_true-bird_pred-airplane.png,false_negative_for_bird;false_positive_for_airplane
7620,cifar10_test_07620,/home/tariq/Desktop/Awais-Tariq/base-KD/data/cifar-10-batches-py/test_batch,7620,dog,truck,0.6722360253334045,False,True,/home/tariq/Desktop/Awais-Tariq/base-KD/reports/cifar10_full_audit/mamba_kd_from_scratch_vit/failure_images/07620_true-dog_pred-truck.png,false_negative_for_dog;false_positive_for_truck
7625,cifar10_test_07625,/home/tariq/Desktop/Awais-Tariq/base-KD/data/cifar-10-batches-py/test_batch,7625,horse,airplane,0.5413460731506348,False,True,/home/tariq/Desktop/Awais-Tariq/base-KD/reports/cifar10_full_audit/mamba_kd_from_scratch_vit/failure_images/07625_true-horse_pred-airplane.png,false_negative_for_horse;false_positive_for_airplane
7657,cifar10_test_07657,/home/tariq/Desktop/Awais-Tariq/base-KD/data/cifar-10-batches-py/test_batch,7657,bird,horse,0.9034535884857178,False,False,/home/tariq/Desktop/Awais-Tariq/base-KD/reports/cifar10_full_audit/mamba_kd_from_scratch_vit/failure_images/07657_true-bird_pred-horse.png,false_negative_for_bird;false_positive_for_horse
7666,cifar10_test_07666,/home/tariq/Desktop/Awais-Tariq/base-KD/data/cifar-10-batches-py/test_batch,7666,bird,horse,0.8815633058547974,False,True,/home/tariq/Desktop/Awais-Tariq/base-KD/reports/cifar10_full_audit/mamba_kd_from_scratch_vit/failure_images/07666_true-bird_pred-horse.png,false_negative_for_bird;false_positive_for_horse
7680,cifar10_test_07680,/home/tariq/Desktop/Awais-Tariq/base-KD/data/cifar-10-batches-py/test_batch,7680,cat,dog,0.908088743686676,False,True,/home/tariq/Desktop/Awais-Tariq/base-KD/reports/cifar10_full_audit/mamba_kd_from_scratch_vit/failure_images/07680_true-cat_pred-dog.png,false_negative_for_cat;false_positive_for_dog
7685,cifar10_test_07685,/home/tariq/Desktop/Awais-Tariq/base-KD/data/cifar-10-batches-py/test_batch,7685,truck,airplane,0.966884434223175,False,True,/home/tariq/Desktop/Awais-Tariq/base-KD/reports/cifar10_full_audit/mamba_kd_from_scratch_vit/failure_images/07685_true-truck_pred-airplane.png,false_negative_for_truck;false_positive_for_airplane
7687,cifar10_test_07687,/home/tariq/Desktop/Awais-Tariq/base-KD/data/cifar-10-batches-py/test_batch,7687,frog,horse,0.4744117856025696,False,True,/home/tariq/Desktop/Awais-Tariq/base-KD/reports/cifar10_full_audit/mamba_kd_from_scratch_vit/failure_images/07687_true-frog_pred-horse.png,false_negative_for_frog;false_positive_for_horse
7697,cifar10_test_07697,/home/tariq/Desktop/Awais-Tariq/base-KD/data/cifar-10-batches-py/test_batch,7697,dog,horse,0.5255662798881531,False,True,/home/tariq/Desktop/Awais-Tariq/base-KD/reports/cifar10_full_audit/mamba_kd_from_scratch_vit/failure_images/07697_true-dog_pred-horse.png,false_negative_for_dog;false_positive_for_horse
7711,cifar10_test_07711,/home/tariq/Desktop/Awais-Tariq/base-KD/data/cifar-10-batches-py/test_batch,7711,frog,bird,0.8465613722801208,False,True,/home/tariq/Desktop/Awais-Tariq/base-KD/reports/cifar10_full_audit/mamba_kd_from_scratch_vit/failure_images/07711_true-frog_pred-bird.png,false_negative_for_frog;false_positive_for_bird
7736,cifar10_test_07736,/home/tariq/Desktop/Awais-Tariq/base-KD/data/cifar-10-batches-py/test_batch,7736,cat,dog,0.5306122899055481,False,True,/home/tariq/Desktop/Awais-Tariq/base-KD/reports/cifar10_full_audit/mamba_kd_from_scratch_vit/failure_images/07736_true-cat_pred-dog.png,false_negative_for_cat;false_positive_for_dog
7741,cifar10_test_07741,/home/tariq/Desktop/Awais-Tariq/base-KD/data/cifar-10-batches-py/test_batch,7741,dog,cat,0.989371657371521,False,True,/home/tariq/Desktop/Awais-Tariq/base-KD/reports/cifar10_full_audit/mamba_kd_from_scratch_vit/failure_images/07741_true-dog_pred-cat.png,false_negative_for_dog;false_positive_for_cat
7744,cifar10_test_07744,/home/tariq/Desktop/Awais-Tariq/base-KD/data/cifar-10-batches-py/test_batch,7744,deer,cat,0.8118605613708496,False,False,/home/tariq/Desktop/Awais-Tariq/base-KD/reports/cifar10_full_audit/mamba_kd_from_scratch_vit/failure_images/07744_true-deer_pred-cat.png,false_negative_for_deer;false_positive_for_cat
7750,cifar10_test_07750,/home/tariq/Desktop/Awais-Tariq/base-KD/data/cifar-10-batches-py/test_batch,7750,cat,deer,0.9663137197494507,False,True,/home/tariq/Desktop/Awais-Tariq/base-KD/reports/cifar10_full_audit/mamba_kd_from_scratch_vit/failure_images/07750_true-cat_pred-deer.png,false_negative_for_cat;false_positive_for_deer
7761,cifar10_test_07761,/home/tariq/Desktop/Awais-Tariq/base-KD/data/cifar-10-batches-py/test_batch,7761,bird,cat,0.6634491086006165,False,False,/home/tariq/Desktop/Awais-Tariq/base-KD/reports/cifar10_full_audit/mamba_kd_from_scratch_vit/failure_images/07761_true-bird_pred-cat.png,false_negative_for_bird;false_positive_for_cat
7763,cifar10_test_07763,/home/tariq/Desktop/Awais-Tariq/base-KD/data/cifar-10-batches-py/test_batch,7763,deer,cat,0.9817008376121521,False,True,/home/tariq/Desktop/Awais-Tariq/base-KD/reports/cifar10_full_audit/mamba_kd_from_scratch_vit/failure_images/07763_true-deer_pred-cat.png,false_negative_for_deer;false_positive_for_cat
7769,cifar10_test_07769,/home/tariq/Desktop/Awais-Tariq/base-KD/data/cifar-10-batches-py/test_batch,7769,deer,horse,0.9864413142204285,False,True,/home/tariq/Desktop/Awais-Tariq/base-KD/reports/cifar10_full_audit/mamba_kd_from_scratch_vit/failure_images/07769_true-deer_pred-horse.png,false_negative_for_deer;false_positive_for_horse
7771,cifar10_test_07771,/home/tariq/Desktop/Awais-Tariq/base-KD/data/cifar-10-batches-py/test_batch,7771,bird,airplane,0.7787031531333923,False,True,/home/tariq/Desktop/Awais-Tariq/base-KD/reports/cifar10_full_audit/mamba_kd_from_scratch_vit/failure_images/07771_true-bird_pred-airplane.png,false_negative_for_bird;false_positive_for_airplane
7778,cifar10_test_07778,/home/tariq/Desktop/Awais-Tariq/base-KD/data/cifar-10-batches-py/test_batch,7778,airplane,frog,0.9505695700645447,False,True,/home/tariq/Desktop/Awais-Tariq/base-KD/reports/cifar10_full_audit/mamba_kd_from_scratch_vit/failure_images/07778_true-airplane_pred-frog.png,false_negative_for_airplane;false_positive_for_frog
7783,cifar10_test_07783,/home/tariq/Desktop/Awais-Tariq/base-KD/data/cifar-10-batches-py/test_batch,7783,cat,dog,0.79533851146698,False,True,/home/tariq/Desktop/Awais-Tariq/base-KD/reports/cifar10_full_audit/mamba_kd_from_scratch_vit/failure_images/07783_true-cat_pred-dog.png,false_negative_for_cat;false_positive_for_dog
7785,cifar10_test_07785,/home/tariq/Desktop/Awais-Tariq/base-KD/data/cifar-10-batches-py/test_batch,7785,deer,bird,0.6927925944328308,False,False,/home/tariq/Desktop/Awais-Tariq/base-KD/reports/cifar10_full_audit/mamba_kd_from_scratch_vit/failure_images/07785_true-deer_pred-bird.png,false_negative_for_deer;false_positive_for_bird
7790,cifar10_test_07790,/home/tariq/Desktop/Awais-Tariq/base-KD/data/cifar-10-batches-py/test_batch,7790,ship,airplane,0.558724582195282,False,True,/home/tariq/Desktop/Awais-Tariq/base-KD/reports/cifar10_full_audit/mamba_kd_from_scratch_vit/failure_images/07790_true-ship_pred-airplane.png,false_negative_for_ship;false_positive_for_airplane
7792,cifar10_test_07792,/home/tariq/Desktop/Awais-Tariq/base-KD/data/cifar-10-batches-py/test_batch,7792,truck,automobile,0.8935307860374451,False,True,/home/tariq/Desktop/Awais-Tariq/base-KD/reports/cifar10_full_audit/mamba_kd_from_scratch_vit/failure_images/07792_true-truck_pred-automobile.png,false_negative_for_truck;false_positive_for_automobile
7797,cifar10_test_07797,/home/tariq/Desktop/Awais-Tariq/base-KD/data/cifar-10-batches-py/test_batch,7797,cat,frog,0.9963977336883545,False,True,/home/tariq/Desktop/Awais-Tariq/base-KD/reports/cifar10_full_audit/mamba_kd_from_scratch_vit/failure_images/07797_true-cat_pred-frog.png,false_negative_for_cat;false_positive_for_frog
7798,cifar10_test_07798,/home/tariq/Desktop/Awais-Tariq/base-KD/data/cifar-10-batches-py/test_batch,7798,dog,cat,0.9009178280830383,False,True,/home/tariq/Desktop/Awais-Tariq/base-KD/reports/cifar10_full_audit/mamba_kd_from_scratch_vit/failure_images/07798_true-dog_pred-cat.png,false_negative_for_dog;false_positive_for_cat
7816,cifar10_test_07816,/home/tariq/Desktop/Awais-Tariq/base-KD/data/cifar-10-batches-py/test_batch,7816,airplane,horse,0.9083003401756287,False,True,/home/tariq/Desktop/Awais-Tariq/base-KD/reports/cifar10_full_audit/mamba_kd_from_scratch_vit/failure_images/07816_true-airplane_pred-horse.png,false_negative_for_airplane;false_positive_for_horse
7826,cifar10_test_07826,/home/tariq/Desktop/Awais-Tariq/base-KD/data/cifar-10-batches-py/test_batch,7826,truck,automobile,0.9027574062347412,False,True,/home/tariq/Desktop/Awais-Tariq/base-KD/reports/cifar10_full_audit/mamba_kd_from_scratch_vit/failure_images/07826_true-truck_pred-automobile.png,false_negative_for_truck;false_positive_for_automobile
7827,cifar10_test_07827,/home/tariq/Desktop/Awais-Tariq/base-KD/data/cifar-10-batches-py/test_batch,7827,cat,dog,0.9950660467147827,False,True,/home/tariq/Desktop/Awais-Tariq/base-KD/reports/cifar10_full_audit/mamba_kd_from_scratch_vit/failure_images/07827_true-cat_pred-dog.png,false_negative_for_cat;false_positive_for_dog
7839,cifar10_test_07839,/home/tariq/Desktop/Awais-Tariq/base-KD/data/cifar-10-batches-py/test_batch,7839,cat,deer,0.9430226683616638,False,True,/home/tariq/Desktop/Awais-Tariq/base-KD/reports/cifar10_full_audit/mamba_kd_from_scratch_vit/failure_images/07839_true-cat_pred-deer.png,false_negative_for_cat;false_positive_for_deer
7842,cifar10_test_07842,/home/tariq/Desktop/Awais-Tariq/base-KD/data/cifar-10-batches-py/test_batch,7842,dog,deer,0.5050948858261108,False,True,/home/tariq/Desktop/Awais-Tariq/base-KD/reports/cifar10_full_audit/mamba_kd_from_scratch_vit/failure_images/07842_true-dog_pred-deer.png,false_negative_for_dog;false_positive_for_deer
7852,cifar10_test_07852,/home/tariq/Desktop/Awais-Tariq/base-KD/data/cifar-10-batches-py/test_batch,7852,dog,horse,0.9797983169555664,False,True,/home/tariq/Desktop/Awais-Tariq/base-KD/reports/cifar10_full_audit/mamba_kd_from_scratch_vit/failure_images/07852_true-dog_pred-horse.png,false_negative_for_dog;false_positive_for_horse
7853,cifar10_test_07853,/home/tariq/Desktop/Awais-Tariq/base-KD/data/cifar-10-batches-py/test_batch,7853,cat,dog,0.6590061783790588,False,True,/home/tariq/Desktop/Awais-Tariq/base-KD/reports/cifar10_full_audit/mamba_kd_from_scratch_vit/failure_images/07853_true-cat_pred-dog.png,false_negative_for_cat;false_positive_for_dog
7875,cifar10_test_07875,/home/tariq/Desktop/Awais-Tariq/base-KD/data/cifar-10-batches-py/test_batch,7875,bird,dog,0.8505575656890869,False,True,/home/tariq/Desktop/Awais-Tariq/base-KD/reports/cifar10_full_audit/mamba_kd_from_scratch_vit/failure_images/07875_true-bird_pred-dog.png,false_negative_for_bird;false_positive_for_dog
7887,cifar10_test_07887,/home/tariq/Desktop/Awais-Tariq/base-KD/data/cifar-10-batches-py/test_batch,7887,dog,cat,0.5087940096855164,False,True,/home/tariq/Desktop/Awais-Tariq/base-KD/reports/cifar10_full_audit/mamba_kd_from_scratch_vit/failure_images/07887_true-dog_pred-cat.png,false_negative_for_dog;false_positive_for_cat
7892,cifar10_test_07892,/home/tariq/Desktop/Awais-Tariq/base-KD/data/cifar-10-batches-py/test_batch,7892,automobile,truck,0.9924502372741699,False,True,/home/tariq/Desktop/Awais-Tariq/base-KD/reports/cifar10_full_audit/mamba_kd_from_scratch_vit/failure_images/07892_true-automobile_pred-truck.png,false_negative_for_automobile;false_positive_for_truck
7905,cifar10_test_07905,/home/tariq/Desktop/Awais-Tariq/base-KD/data/cifar-10-batches-py/test_batch,7905,cat,deer,0.8735693097114563,False,True,/home/tariq/Desktop/Awais-Tariq/base-KD/reports/cifar10_full_audit/mamba_kd_from_scratch_vit/failure_images/07905_true-cat_pred-deer.png,false_negative_for_cat;false_positive_for_deer
7906,cifar10_test_07906,/home/tariq/Desktop/Awais-Tariq/base-KD/data/cifar-10-batches-py/test_batch,7906,bird,deer,0.9172865152359009,False,True,/home/tariq/Desktop/Awais-Tariq/base-KD/reports/cifar10_full_audit/mamba_kd_from_scratch_vit/failure_images/07906_true-bird_pred-deer.png,false_negative_for_bird;false_positive_for_deer
7909,cifar10_test_07909,/home/tariq/Desktop/Awais-Tariq/base-KD/data/cifar-10-batches-py/test_batch,7909,automobile,truck,0.525668203830719,False,True,/home/tariq/Desktop/Awais-Tariq/base-KD/reports/cifar10_full_audit/mamba_kd_from_scratch_vit/failure_images/07909_true-automobile_pred-truck.png,false_negative_for_automobile;false_positive_for_truck
7912,cifar10_test_07912,/home/tariq/Desktop/Awais-Tariq/base-KD/data/cifar-10-batches-py/test_batch,7912,airplane,dog,0.4270961880683899,False,True,/home/tariq/Desktop/Awais-Tariq/base-KD/reports/cifar10_full_audit/mamba_kd_from_scratch_vit/failure_images/07912_true-airplane_pred-dog.png,false_negative_for_airplane;false_positive_for_dog
7916,cifar10_test_07916,/home/tariq/Desktop/Awais-Tariq/base-KD/data/cifar-10-batches-py/test_batch,7916,deer,airplane,0.9411867260932922,False,True,/home/tariq/Desktop/Awais-Tariq/base-KD/reports/cifar10_full_audit/mamba_kd_from_scratch_vit/failure_images/07916_true-deer_pred-airplane.png,false_negative_for_deer;false_positive_for_airplane
7931,cifar10_test_07931,/home/tariq/Desktop/Awais-Tariq/base-KD/data/cifar-10-batches-py/test_batch,7931,truck,airplane,0.2973517179489136,False,False,/home/tariq/Desktop/Awais-Tariq/base-KD/reports/cifar10_full_audit/mamba_kd_from_scratch_vit/failure_images/07931_true-truck_pred-airplane.png,false_negative_for_truck;false_positive_for_airplane
7935,cifar10_test_07935,/home/tariq/Desktop/Awais-Tariq/base-KD/data/cifar-10-batches-py/test_batch,7935,horse,bird,0.51557856798172,False,True,/home/tariq/Desktop/Awais-Tariq/base-KD/reports/cifar10_full_audit/mamba_kd_from_scratch_vit/failure_images/07935_true-horse_pred-bird.png,false_negative_for_horse;false_positive_for_bird
7940,cifar10_test_07940,/home/tariq/Desktop/Awais-Tariq/base-KD/data/cifar-10-batches-py/test_batch,7940,bird,frog,0.5773175954818726,False,True,/home/tariq/Desktop/Awais-Tariq/base-KD/reports/cifar10_full_audit/mamba_kd_from_scratch_vit/failure_images/07940_true-bird_pred-frog.png,false_negative_for_bird;false_positive_for_frog
7956,cifar10_test_07956,/home/tariq/Desktop/Awais-Tariq/base-KD/data/cifar-10-batches-py/test_batch,7956,deer,cat,0.47760796546936035,False,True,/home/tariq/Desktop/Awais-Tariq/base-KD/reports/cifar10_full_audit/mamba_kd_from_scratch_vit/failure_images/07956_true-deer_pred-cat.png,false_negative_for_deer;false_positive_for_cat
7967,cifar10_test_07967,/home/tariq/Desktop/Awais-Tariq/base-KD/data/cifar-10-batches-py/test_batch,7967,truck,automobile,0.8778568506240845,False,True,/home/tariq/Desktop/Awais-Tariq/base-KD/reports/cifar10_full_audit/mamba_kd_from_scratch_vit/failure_images/07967_true-truck_pred-automobile.png,false_negative_for_truck;false_positive_for_automobile
7983,cifar10_test_07983,/home/tariq/Desktop/Awais-Tariq/base-KD/data/cifar-10-batches-py/test_batch,7983,frog,ship,0.6483110189437866,False,True,/home/tariq/Desktop/Awais-Tariq/base-KD/reports/cifar10_full_audit/mamba_kd_from_scratch_vit/failure_images/07983_true-frog_pred-ship.png,false_negative_for_frog;false_positive_for_ship
7989,cifar10_test_07989,/home/tariq/Desktop/Awais-Tariq/base-KD/data/cifar-10-batches-py/test_batch,7989,horse,bird,0.8780873417854309,False,True,/home/tariq/Desktop/Awais-Tariq/base-KD/reports/cifar10_full_audit/mamba_kd_from_scratch_vit/failure_images/07989_true-horse_pred-bird.png,false_negative_for_horse;false_positive_for_bird
8022,cifar10_test_08022,/home/tariq/Desktop/Awais-Tariq/base-KD/data/cifar-10-batches-py/test_batch,8022,bird,cat,0.8833826780319214,False,True,/home/tariq/Desktop/Awais-Tariq/base-KD/reports/cifar10_full_audit/mamba_kd_from_scratch_vit/failure_images/08022_true-bird_pred-cat.png,false_negative_for_bird;false_positive_for_cat
8041,cifar10_test_08041,/home/tariq/Desktop/Awais-Tariq/base-KD/data/cifar-10-batches-py/test_batch,8041,ship,cat,0.4149368703365326,False,True,/home/tariq/Desktop/Awais-Tariq/base-KD/reports/cifar10_full_audit/mamba_kd_from_scratch_vit/failure_images/08041_true-ship_pred-cat.png,false_negative_for_ship;false_positive_for_cat
8046,cifar10_test_08046,/home/tariq/Desktop/Awais-Tariq/base-KD/data/cifar-10-batches-py/test_batch,8046,ship,airplane,0.7810845375061035,False,True,/home/tariq/Desktop/Awais-Tariq/base-KD/reports/cifar10_full_audit/mamba_kd_from_scratch_vit/failure_images/08046_true-ship_pred-airplane.png,false_negative_for_ship;false_positive_for_airplane
8069,cifar10_test_08069,/home/tariq/Desktop/Awais-Tariq/base-KD/data/cifar-10-batches-py/test_batch,8069,deer,bird,0.9870277643203735,False,True,/home/tariq/Desktop/Awais-Tariq/base-KD/reports/cifar10_full_audit/mamba_kd_from_scratch_vit/failure_images/08069_true-deer_pred-bird.png,false_negative_for_deer;false_positive_for_bird
8071,cifar10_test_08071,/home/tariq/Desktop/Awais-Tariq/base-KD/data/cifar-10-batches-py/test_batch,8071,deer,cat,0.626190721988678,False,True,/home/tariq/Desktop/Awais-Tariq/base-KD/reports/cifar10_full_audit/mamba_kd_from_scratch_vit/failure_images/08071_true-deer_pred-cat.png,false_negative_for_deer;false_positive_for_cat
8079,cifar10_test_08079,/home/tariq/Desktop/Awais-Tariq/base-KD/data/cifar-10-batches-py/test_batch,8079,dog,cat,0.6652374267578125,False,True,/home/tariq/Desktop/Awais-Tariq/base-KD/reports/cifar10_full_audit/mamba_kd_from_scratch_vit/failure_images/08079_true-dog_pred-cat.png,false_negative_for_dog;false_positive_for_cat
8086,cifar10_test_08086,/home/tariq/Desktop/Awais-Tariq/base-KD/data/cifar-10-batches-py/test_batch,8086,deer,airplane,0.698207676410675,False,True,/home/tariq/Desktop/Awais-Tariq/base-KD/reports/cifar10_full_audit/mamba_kd_from_scratch_vit/failure_images/08086_true-deer_pred-airplane.png,false_negative_for_deer;false_positive_for_airplane
8098,cifar10_test_08098,/home/tariq/Desktop/Awais-Tariq/base-KD/data/cifar-10-batches-py/test_batch,8098,automobile,truck,0.9054551124572754,False,True,/home/tariq/Desktop/Awais-Tariq/base-KD/reports/cifar10_full_audit/mamba_kd_from_scratch_vit/failure_images/08098_true-automobile_pred-truck.png,false_negative_for_automobile;false_positive_for_truck
8110,cifar10_test_08110,/home/tariq/Desktop/Awais-Tariq/base-KD/data/cifar-10-batches-py/test_batch,8110,dog,cat,0.5105268359184265,False,True,/home/tariq/Desktop/Awais-Tariq/base-KD/reports/cifar10_full_audit/mamba_kd_from_scratch_vit/failure_images/08110_true-dog_pred-cat.png,false_negative_for_dog;false_positive_for_cat
8112,cifar10_test_08112,/home/tariq/Desktop/Awais-Tariq/base-KD/data/cifar-10-batches-py/test_batch,8112,cat,frog,0.9340212345123291,False,True,/home/tariq/Desktop/Awais-Tariq/base-KD/reports/cifar10_full_audit/mamba_kd_from_scratch_vit/failure_images/08112_true-cat_pred-frog.png,false_negative_for_cat;false_positive_for_frog
8120,cifar10_test_08120,/home/tariq/Desktop/Awais-Tariq/base-KD/data/cifar-10-batches-py/test_batch,8120,ship,truck,0.7053334712982178,False,True,/home/tariq/Desktop/Awais-Tariq/base-KD/reports/cifar10_full_audit/mamba_kd_from_scratch_vit/failure_images/08120_true-ship_pred-truck.png,false_negative_for_ship;false_positive_for_truck
8125,cifar10_test_08125,/home/tariq/Desktop/Awais-Tariq/base-KD/data/cifar-10-batches-py/test_batch,8125,ship,automobile,0.9612325429916382,False,True,/home/tariq/Desktop/Awais-Tariq/base-KD/reports/cifar10_full_audit/mamba_kd_from_scratch_vit/failure_images/08125_true-ship_pred-automobile.png,false_negative_for_ship;false_positive_for_automobile
8131,cifar10_test_08131,/home/tariq/Desktop/Awais-Tariq/base-KD/data/cifar-10-batches-py/test_batch,8131,cat,frog,0.9886090755462646,False,True,/home/tariq/Desktop/Awais-Tariq/base-KD/reports/cifar10_full_audit/mamba_kd_from_scratch_vit/failure_images/08131_true-cat_pred-frog.png,false_negative_for_cat;false_positive_for_frog
8138,cifar10_test_08138,/home/tariq/Desktop/Awais-Tariq/base-KD/data/cifar-10-batches-py/test_batch,8138,automobile,truck,0.7513447403907776,False,True,/home/tariq/Desktop/Awais-Tariq/base-KD/reports/cifar10_full_audit/mamba_kd_from_scratch_vit/failure_images/08138_true-automobile_pred-truck.png,false_negative_for_automobile;false_positive_for_truck
8166,cifar10_test_08166,/home/tariq/Desktop/Awais-Tariq/base-KD/data/cifar-10-batches-py/test_batch,8166,bird,dog,0.5024435520172119,False,False,/home/tariq/Desktop/Awais-Tariq/base-KD/reports/cifar10_full_audit/mamba_kd_from_scratch_vit/failure_images/08166_true-bird_pred-dog.png,false_negative_for_bird;false_positive_for_dog
8172,cifar10_test_08172,/home/tariq/Desktop/Awais-Tariq/base-KD/data/cifar-10-batches-py/test_batch,8172,dog,bird,0.43522584438323975,False,True,/home/tariq/Desktop/Awais-Tariq/base-KD/reports/cifar10_full_audit/mamba_kd_from_scratch_vit/failure_images/08172_true-dog_pred-bird.png,false_negative_for_dog;false_positive_for_bird
8173,cifar10_test_08173,/home/tariq/Desktop/Awais-Tariq/base-KD/data/cifar-10-batches-py/test_batch,8173,dog,cat,0.7357569336891174,False,True,/home/tariq/Desktop/Awais-Tariq/base-KD/reports/cifar10_full_audit/mamba_kd_from_scratch_vit/failure_images/08173_true-dog_pred-cat.png,false_negative_for_dog;false_positive_for_cat
8177,cifar10_test_08177,/home/tariq/Desktop/Awais-Tariq/base-KD/data/cifar-10-batches-py/test_batch,8177,ship,truck,0.7093573808670044,False,True,/home/tariq/Desktop/Awais-Tariq/base-KD/reports/cifar10_full_audit/mamba_kd_from_scratch_vit/failure_images/08177_true-ship_pred-truck.png,false_negative_for_ship;false_positive_for_truck
8180,cifar10_test_08180,/home/tariq/Desktop/Awais-Tariq/base-KD/data/cifar-10-batches-py/test_batch,8180,deer,bird,0.7027009725570679,False,True,/home/tariq/Desktop/Awais-Tariq/base-KD/reports/cifar10_full_audit/mamba_kd_from_scratch_vit/failure_images/08180_true-deer_pred-bird.png,false_negative_for_deer;false_positive_for_bird
8196,cifar10_test_08196,/home/tariq/Desktop/Awais-Tariq/base-KD/data/cifar-10-batches-py/test_batch,8196,cat,truck,0.9396215081214905,False,True,/home/tariq/Desktop/Awais-Tariq/base-KD/reports/cifar10_full_audit/mamba_kd_from_scratch_vit/failure_images/08196_true-cat_pred-truck.png,false_negative_for_cat;false_positive_for_truck
8200,cifar10_test_08200,/home/tariq/Desktop/Awais-Tariq/base-KD/data/cifar-10-batches-py/test_batch,8200,cat,frog,0.7647104263305664,False,True,/home/tariq/Desktop/Awais-Tariq/base-KD/reports/cifar10_full_audit/mamba_kd_from_scratch_vit/failure_images/08200_true-cat_pred-frog.png,false_negative_for_cat;false_positive_for_frog
8209,cifar10_test_08209,/home/tariq/Desktop/Awais-Tariq/base-KD/data/cifar-10-batches-py/test_batch,8209,bird,deer,0.9535914659500122,False,True,/home/tariq/Desktop/Awais-Tariq/base-KD/reports/cifar10_full_audit/mamba_kd_from_scratch_vit/failure_images/08209_true-bird_pred-deer.png,false_negative_for_bird;false_positive_for_deer
8222,cifar10_test_08222,/home/tariq/Desktop/Awais-Tariq/base-KD/data/cifar-10-batches-py/test_batch,8222,automobile,ship,0.7851383090019226,False,True,/home/tariq/Desktop/Awais-Tariq/base-KD/reports/cifar10_full_audit/mamba_kd_from_scratch_vit/failure_images/08222_true-automobile_pred-ship.png,false_negative_for_automobile;false_positive_for_ship
8236,cifar10_test_08236,/home/tariq/Desktop/Awais-Tariq/base-KD/data/cifar-10-batches-py/test_batch,8236,dog,cat,0.4961470365524292,False,True,/home/tariq/Desktop/Awais-Tariq/base-KD/reports/cifar10_full_audit/mamba_kd_from_scratch_vit/failure_images/08236_true-dog_pred-cat.png,false_negative_for_dog;false_positive_for_cat
8268,cifar10_test_08268,/home/tariq/Desktop/Awais-Tariq/base-KD/data/cifar-10-batches-py/test_batch,8268,dog,cat,0.6605251431465149,False,True,/home/tariq/Desktop/Awais-Tariq/base-KD/reports/cifar10_full_audit/mamba_kd_from_scratch_vit/failure_images/08268_true-dog_pred-cat.png,false_negative_for_dog;false_positive_for_cat
8269,cifar10_test_08269,/home/tariq/Desktop/Awais-Tariq/base-KD/data/cifar-10-batches-py/test_batch,8269,ship,airplane,0.8163098096847534,False,True,/home/tariq/Desktop/Awais-Tariq/base-KD/reports/cifar10_full_audit/mamba_kd_from_scratch_vit/failure_images/08269_true-ship_pred-airplane.png,false_negative_for_ship;false_positive_for_airplane
8275,cifar10_test_08275,/home/tariq/Desktop/Awais-Tariq/base-KD/data/cifar-10-batches-py/test_batch,8275,cat,dog,0.9851131439208984,False,True,/home/tariq/Desktop/Awais-Tariq/base-KD/reports/cifar10_full_audit/mamba_kd_from_scratch_vit/failure_images/08275_true-cat_pred-dog.png,false_negative_for_cat;false_positive_for_dog
8277,cifar10_test_08277,/home/tariq/Desktop/Awais-Tariq/base-KD/data/cifar-10-batches-py/test_batch,8277,deer,horse,0.49721571803092957,False,True,/home/tariq/Desktop/Awais-Tariq/base-KD/reports/cifar10_full_audit/mamba_kd_from_scratch_vit/failure_images/08277_true-deer_pred-horse.png,false_negative_for_deer;false_positive_for_horse
8295,cifar10_test_08295,/home/tariq/Desktop/Awais-Tariq/base-KD/data/cifar-10-batches-py/test_batch,8295,cat,airplane,0.8561905026435852,False,True,/home/tariq/Desktop/Awais-Tariq/base-KD/reports/cifar10_full_audit/mamba_kd_from_scratch_vit/failure_images/08295_true-cat_pred-airplane.png,false_negative_for_cat;false_positive_for_airplane
8296,cifar10_test_08296,/home/tariq/Desktop/Awais-Tariq/base-KD/data/cifar-10-batches-py/test_batch,8296,dog,cat,0.8648564219474792,False,True,/home/tariq/Desktop/Awais-Tariq/base-KD/reports/cifar10_full_audit/mamba_kd_from_scratch_vit/failure_images/08296_true-dog_pred-cat.png,false_negative_for_dog;false_positive_for_cat
8298,cifar10_test_08298,/home/tariq/Desktop/Awais-Tariq/base-KD/data/cifar-10-batches-py/test_batch,8298,cat,airplane,0.4363185465335846,False,True,/home/tariq/Desktop/Awais-Tariq/base-KD/reports/cifar10_full_audit/mamba_kd_from_scratch_vit/failure_images/08298_true-cat_pred-airplane.png,false_negative_for_cat;false_positive_for_airplane
8304,cifar10_test_08304,/home/tariq/Desktop/Awais-Tariq/base-KD/data/cifar-10-batches-py/test_batch,8304,automobile,truck,0.9681951403617859,False,True,/home/tariq/Desktop/Awais-Tariq/base-KD/reports/cifar10_full_audit/mamba_kd_from_scratch_vit/failure_images/08304_true-automobile_pred-truck.png,false_negative_for_automobile;false_positive_for_truck
8317,cifar10_test_08317,/home/tariq/Desktop/Awais-Tariq/base-KD/data/cifar-10-batches-py/test_batch,8317,dog,cat,0.9896827936172485,False,True,/home/tariq/Desktop/Awais-Tariq/base-KD/reports/cifar10_full_audit/mamba_kd_from_scratch_vit/failure_images/08317_true-dog_pred-cat.png,false_negative_for_dog;false_positive_for_cat
8324,cifar10_test_08324,/home/tariq/Desktop/Awais-Tariq/base-KD/data/cifar-10-batches-py/test_batch,8324,cat,dog,0.9678953886032104,False,True,/home/tariq/Desktop/Awais-Tariq/base-KD/reports/cifar10_full_audit/mamba_kd_from_scratch_vit/failure_images/08324_true-cat_pred-dog.png,false_negative_for_cat;false_positive_for_dog
8326,cifar10_test_08326,/home/tariq/Desktop/Awais-Tariq/base-KD/data/cifar-10-batches-py/test_batch,8326,cat,deer,0.794110894203186,False,True,/home/tariq/Desktop/Awais-Tariq/base-KD/reports/cifar10_full_audit/mamba_kd_from_scratch_vit/failure_images/08326_true-cat_pred-deer.png,false_negative_for_cat;false_positive_for_deer
8335,cifar10_test_08335,/home/tariq/Desktop/Awais-Tariq/base-KD/data/cifar-10-batches-py/test_batch,8335,horse,cat,0.9804186224937439,False,True,/home/tariq/Desktop/Awais-Tariq/base-KD/reports/cifar10_full_audit/mamba_kd_from_scratch_vit/failure_images/08335_true-horse_pred-cat.png,false_negative_for_horse;false_positive_for_cat
8348,cifar10_test_08348,/home/tariq/Desktop/Awais-Tariq/base-KD/data/cifar-10-batches-py/test_batch,8348,frog,cat,0.6100101470947266,False,True,/home/tariq/Desktop/Awais-Tariq/base-KD/reports/cifar10_full_audit/mamba_kd_from_scratch_vit/failure_images/08348_true-frog_pred-cat.png,false_negative_for_frog;false_positive_for_cat
8351,cifar10_test_08351,/home/tariq/Desktop/Awais-Tariq/base-KD/data/cifar-10-batches-py/test_batch,8351,airplane,ship,0.9312026500701904,False,True,/home/tariq/Desktop/Awais-Tariq/base-KD/reports/cifar10_full_audit/mamba_kd_from_scratch_vit/failure_images/08351_true-airplane_pred-ship.png,false_negative_for_airplane;false_positive_for_ship
8361,cifar10_test_08361,/home/tariq/Desktop/Awais-Tariq/base-KD/data/cifar-10-batches-py/test_batch,8361,ship,automobile,0.8355753421783447,False,True,/home/tariq/Desktop/Awais-Tariq/base-KD/reports/cifar10_full_audit/mamba_kd_from_scratch_vit/failure_images/08361_true-ship_pred-automobile.png,false_negative_for_ship;false_positive_for_automobile
8363,cifar10_test_08363,/home/tariq/Desktop/Awais-Tariq/base-KD/data/cifar-10-batches-py/test_batch,8363,bird,cat,0.8253141045570374,False,True,/home/tariq/Desktop/Awais-Tariq/base-KD/reports/cifar10_full_audit/mamba_kd_from_scratch_vit/failure_images/08363_true-bird_pred-cat.png,false_negative_for_bird;false_positive_for_cat
8364,cifar10_test_08364,/home/tariq/Desktop/Awais-Tariq/base-KD/data/cifar-10-batches-py/test_batch,8364,horse,ship,0.754160463809967,False,True,/home/tariq/Desktop/Awais-Tariq/base-KD/reports/cifar10_full_audit/mamba_kd_from_scratch_vit/failure_images/08364_true-horse_pred-ship.png,false_negative_for_horse;false_positive_for_ship
8384,cifar10_test_08384,/home/tariq/Desktop/Awais-Tariq/base-KD/data/cifar-10-batches-py/test_batch,8384,bird,cat,0.6079608798027039,False,True,/home/tariq/Desktop/Awais-Tariq/base-KD/reports/cifar10_full_audit/mamba_kd_from_scratch_vit/failure_images/08384_true-bird_pred-cat.png,false_negative_for_bird;false_positive_for_cat
8385,cifar10_test_08385,/home/tariq/Desktop/Awais-Tariq/base-KD/data/cifar-10-batches-py/test_batch,8385,truck,automobile,0.4355875551700592,False,True,/home/tariq/Desktop/Awais-Tariq/base-KD/reports/cifar10_full_audit/mamba_kd_from_scratch_vit/failure_images/08385_true-truck_pred-automobile.png,false_negative_for_truck;false_positive_for_automobile
8387,cifar10_test_08387,/home/tariq/Desktop/Awais-Tariq/base-KD/data/cifar-10-batches-py/test_batch,8387,airplane,ship,0.9269986152648926,False,True,/home/tariq/Desktop/Awais-Tariq/base-KD/reports/cifar10_full_audit/mamba_kd_from_scratch_vit/failure_images/08387_true-airplane_pred-ship.png,false_negative_for_airplane;false_positive_for_ship
8405,cifar10_test_08405,/home/tariq/Desktop/Awais-Tariq/base-KD/data/cifar-10-batches-py/test_batch,8405,airplane,frog,0.43576133251190186,False,True,/home/tariq/Desktop/Awais-Tariq/base-KD/reports/cifar10_full_audit/mamba_kd_from_scratch_vit/failure_images/08405_true-airplane_pred-frog.png,false_negative_for_airplane;false_positive_for_frog
8419,cifar10_test_08419,/home/tariq/Desktop/Awais-Tariq/base-KD/data/cifar-10-batches-py/test_batch,8419,horse,bird,0.4752621054649353,False,True,/home/tariq/Desktop/Awais-Tariq/base-KD/reports/cifar10_full_audit/mamba_kd_from_scratch_vit/failure_images/08419_true-horse_pred-bird.png,false_negative_for_horse;false_positive_for_bird
8420,cifar10_test_08420,/home/tariq/Desktop/Awais-Tariq/base-KD/data/cifar-10-batches-py/test_batch,8420,cat,frog,0.9865021109580994,False,True,/home/tariq/Desktop/Awais-Tariq/base-KD/reports/cifar10_full_audit/mamba_kd_from_scratch_vit/failure_images/08420_true-cat_pred-frog.png,false_negative_for_cat;false_positive_for_frog
8428,cifar10_test_08428,/home/tariq/Desktop/Awais-Tariq/base-KD/data/cifar-10-batches-py/test_batch,8428,dog,cat,0.6054894924163818,False,True,/home/tariq/Desktop/Awais-Tariq/base-KD/reports/cifar10_full_audit/mamba_kd_from_scratch_vit/failure_images/08428_true-dog_pred-cat.png,false_negative_for_dog;false_positive_for_cat
8440,cifar10_test_08440,/home/tariq/Desktop/Awais-Tariq/base-KD/data/cifar-10-batches-py/test_batch,8440,dog,cat,0.4571673274040222,False,True,/home/tariq/Desktop/Awais-Tariq/base-KD/reports/cifar10_full_audit/mamba_kd_from_scratch_vit/failure_images/08440_true-dog_pred-cat.png,false_negative_for_dog;false_positive_for_cat
8451,cifar10_test_08451,/home/tariq/Desktop/Awais-Tariq/base-KD/data/cifar-10-batches-py/test_batch,8451,dog,horse,0.7289634346961975,False,True,/home/tariq/Desktop/Awais-Tariq/base-KD/reports/cifar10_full_audit/mamba_kd_from_scratch_vit/failure_images/08451_true-dog_pred-horse.png,false_negative_for_dog;false_positive_for_horse
8452,cifar10_test_08452,/home/tariq/Desktop/Awais-Tariq/base-KD/data/cifar-10-batches-py/test_batch,8452,deer,frog,0.5330044627189636,False,True,/home/tariq/Desktop/Awais-Tariq/base-KD/reports/cifar10_full_audit/mamba_kd_from_scratch_vit/failure_images/08452_true-deer_pred-frog.png,false_negative_for_deer;false_positive_for_frog
8457,cifar10_test_08457,/home/tariq/Desktop/Awais-Tariq/base-KD/data/cifar-10-batches-py/test_batch,8457,bird,deer,0.8707751631736755,False,True,/home/tariq/Desktop/Awais-Tariq/base-KD/reports/cifar10_full_audit/mamba_kd_from_scratch_vit/failure_images/08457_true-bird_pred-deer.png,false_negative_for_bird;false_positive_for_deer
8465,cifar10_test_08465,/home/tariq/Desktop/Awais-Tariq/base-KD/data/cifar-10-batches-py/test_batch,8465,truck,automobile,0.945020854473114,False,True,/home/tariq/Desktop/Awais-Tariq/base-KD/reports/cifar10_full_audit/mamba_kd_from_scratch_vit/failure_images/08465_true-truck_pred-automobile.png,false_negative_for_truck;false_positive_for_automobile
8469,cifar10_test_08469,/home/tariq/Desktop/Awais-Tariq/base-KD/data/cifar-10-batches-py/test_batch,8469,dog,cat,0.9530556201934814,False,True,/home/tariq/Desktop/Awais-Tariq/base-KD/reports/cifar10_full_audit/mamba_kd_from_scratch_vit/failure_images/08469_true-dog_pred-cat.png,false_negative_for_dog;false_positive_for_cat
8484,cifar10_test_08484,/home/tariq/Desktop/Awais-Tariq/base-KD/data/cifar-10-batches-py/test_batch,8484,cat,frog,0.7903424501419067,False,True,/home/tariq/Desktop/Awais-Tariq/base-KD/reports/cifar10_full_audit/mamba_kd_from_scratch_vit/failure_images/08484_true-cat_pred-frog.png,false_negative_for_cat;false_positive_for_frog
8487,cifar10_test_08487,/home/tariq/Desktop/Awais-Tariq/base-KD/data/cifar-10-batches-py/test_batch,8487,deer,bird,0.924373984336853,False,True,/home/tariq/Desktop/Awais-Tariq/base-KD/reports/cifar10_full_audit/mamba_kd_from_scratch_vit/failure_images/08487_true-deer_pred-bird.png,false_negative_for_deer;false_positive_for_bird
8488,cifar10_test_08488,/home/tariq/Desktop/Awais-Tariq/base-KD/data/cifar-10-batches-py/test_batch,8488,truck,horse,0.979263961315155,False,True,/home/tariq/Desktop/Awais-Tariq/base-KD/reports/cifar10_full_audit/mamba_kd_from_scratch_vit/failure_images/08488_true-truck_pred-horse.png,false_negative_for_truck;false_positive_for_horse
8492,cifar10_test_08492,/home/tariq/Desktop/Awais-Tariq/base-KD/data/cifar-10-batches-py/test_batch,8492,airplane,truck,0.5393184423446655,False,True,/home/tariq/Desktop/Awais-Tariq/base-KD/reports/cifar10_full_audit/mamba_kd_from_scratch_vit/failure_images/08492_true-airplane_pred-truck.png,false_negative_for_airplane;false_positive_for_truck
8521,cifar10_test_08521,/home/tariq/Desktop/Awais-Tariq/base-KD/data/cifar-10-batches-py/test_batch,8521,truck,ship,0.9998608827590942,False,True,/home/tariq/Desktop/Awais-Tariq/base-KD/reports/cifar10_full_audit/mamba_kd_from_scratch_vit/failure_images/08521_true-truck_pred-ship.png,false_negative_for_truck;false_positive_for_ship
8525,cifar10_test_08525,/home/tariq/Desktop/Awais-Tariq/base-KD/data/cifar-10-batches-py/test_batch,8525,cat,frog,0.7982486486434937,False,True,/home/tariq/Desktop/Awais-Tariq/base-KD/reports/cifar10_full_audit/mamba_kd_from_scratch_vit/failure_images/08525_true-cat_pred-frog.png,false_negative_for_cat;false_positive_for_frog
8526,cifar10_test_08526,/home/tariq/Desktop/Awais-Tariq/base-KD/data/cifar-10-batches-py/test_batch,8526,cat,dog,0.46044468879699707,False,True,/home/tariq/Desktop/Awais-Tariq/base-KD/reports/cifar10_full_audit/mamba_kd_from_scratch_vit/failure_images/08526_true-cat_pred-dog.png,false_negative_for_cat;false_positive_for_dog
8529,cifar10_test_08529,/home/tariq/Desktop/Awais-Tariq/base-KD/data/cifar-10-batches-py/test_batch,8529,airplane,ship,0.5725611448287964,False,True,/home/tariq/Desktop/Awais-Tariq/base-KD/reports/cifar10_full_audit/mamba_kd_from_scratch_vit/failure_images/08529_true-airplane_pred-ship.png,false_negative_for_airplane;false_positive_for_ship
8532,cifar10_test_08532,/home/tariq/Desktop/Awais-Tariq/base-KD/data/cifar-10-batches-py/test_batch,8532,cat,frog,0.7687362432479858,False,True,/home/tariq/Desktop/Awais-Tariq/base-KD/reports/cifar10_full_audit/mamba_kd_from_scratch_vit/failure_images/08532_true-cat_pred-frog.png,false_negative_for_cat;false_positive_for_frog
8536,cifar10_test_08536,/home/tariq/Desktop/Awais-Tariq/base-KD/data/cifar-10-batches-py/test_batch,8536,automobile,airplane,0.5934017896652222,False,True,/home/tariq/Desktop/Awais-Tariq/base-KD/reports/cifar10_full_audit/mamba_kd_from_scratch_vit/failure_images/08536_true-automobile_pred-airplane.png,false_negative_for_automobile;false_positive_for_airplane
8541,cifar10_test_08541,/home/tariq/Desktop/Awais-Tariq/base-KD/data/cifar-10-batches-py/test_batch,8541,ship,automobile,0.9630300402641296,False,True,/home/tariq/Desktop/Awais-Tariq/base-KD/reports/cifar10_full_audit/mamba_kd_from_scratch_vit/failure_images/08541_true-ship_pred-automobile.png,false_negative_for_ship;false_positive_for_automobile
8546,cifar10_test_08546,/home/tariq/Desktop/Awais-Tariq/base-KD/data/cifar-10-batches-py/test_batch,8546,ship,airplane,0.566188633441925,False,True,/home/tariq/Desktop/Awais-Tariq/base-KD/reports/cifar10_full_audit/mamba_kd_from_scratch_vit/failure_images/08546_true-ship_pred-airplane.png,false_negative_for_ship;false_positive_for_airplane
8549,cifar10_test_08549,/home/tariq/Desktop/Awais-Tariq/base-KD/data/cifar-10-batches-py/test_batch,8549,automobile,truck,0.719139575958252,False,True,/home/tariq/Desktop/Awais-Tariq/base-KD/reports/cifar10_full_audit/mamba_kd_from_scratch_vit/failure_images/08549_true-automobile_pred-truck.png,false_negative_for_automobile;false_positive_for_truck
8559,cifar10_test_08559,/home/tariq/Desktop/Awais-Tariq/base-KD/data/cifar-10-batches-py/test_batch,8559,automobile,ship,0.5640210509300232,False,True,/home/tariq/Desktop/Awais-Tariq/base-KD/reports/cifar10_full_audit/mamba_kd_from_scratch_vit/failure_images/08559_true-automobile_pred-ship.png,false_negative_for_automobile;false_positive_for_ship
8573,cifar10_test_08573,/home/tariq/Desktop/Awais-Tariq/base-KD/data/cifar-10-batches-py/test_batch,8573,frog,airplane,0.7481771111488342,False,True,/home/tariq/Desktop/Awais-Tariq/base-KD/reports/cifar10_full_audit/mamba_kd_from_scratch_vit/failure_images/08573_true-frog_pred-airplane.png,false_negative_for_frog;false_positive_for_airplane
8576,cifar10_test_08576,/home/tariq/Desktop/Awais-Tariq/base-KD/data/cifar-10-batches-py/test_batch,8576,bird,airplane,0.9941816926002502,False,True,/home/tariq/Desktop/Awais-Tariq/base-KD/reports/cifar10_full_audit/mamba_kd_from_scratch_vit/failure_images/08576_true-bird_pred-airplane.png,false_negative_for_bird;false_positive_for_airplane
8580,cifar10_test_08580,/home/tariq/Desktop/Awais-Tariq/base-KD/data/cifar-10-batches-py/test_batch,8580,cat,bird,0.4579947590827942,False,True,/home/tariq/Desktop/Awais-Tariq/base-KD/reports/cifar10_full_audit/mamba_kd_from_scratch_vit/failure_images/08580_true-cat_pred-bird.png,false_negative_for_cat;false_positive_for_bird
8586,cifar10_test_08586,/home/tariq/Desktop/Awais-Tariq/base-KD/data/cifar-10-batches-py/test_batch,8586,frog,deer,0.6706094741821289,False,True,/home/tariq/Desktop/Awais-Tariq/base-KD/reports/cifar10_full_audit/mamba_kd_from_scratch_vit/failure_images/08586_true-frog_pred-deer.png,false_negative_for_frog;false_positive_for_deer
8589,cifar10_test_08589,/home/tariq/Desktop/Awais-Tariq/base-KD/data/cifar-10-batches-py/test_batch,8589,dog,cat,0.9530667662620544,False,True,/home/tariq/Desktop/Awais-Tariq/base-KD/reports/cifar10_full_audit/mamba_kd_from_scratch_vit/failure_images/08589_true-dog_pred-cat.png,false_negative_for_dog;false_positive_for_cat
8601,cifar10_test_08601,/home/tariq/Desktop/Awais-Tariq/base-KD/data/cifar-10-batches-py/test_batch,8601,cat,dog,0.9854863882064819,False,True,/home/tariq/Desktop/Awais-Tariq/base-KD/reports/cifar10_full_audit/mamba_kd_from_scratch_vit/failure_images/08601_true-cat_pred-dog.png,false_negative_for_cat;false_positive_for_dog
8614,cifar10_test_08614,/home/tariq/Desktop/Awais-Tariq/base-KD/data/cifar-10-batches-py/test_batch,8614,ship,airplane,0.608871579170227,False,True,/home/tariq/Desktop/Awais-Tariq/base-KD/reports/cifar10_full_audit/mamba_kd_from_scratch_vit/failure_images/08614_true-ship_pred-airplane.png,false_negative_for_ship;false_positive_for_airplane
8616,cifar10_test_08616,/home/tariq/Desktop/Awais-Tariq/base-KD/data/cifar-10-batches-py/test_batch,8616,cat,frog,0.5026348829269409,False,True,/home/tariq/Desktop/Awais-Tariq/base-KD/reports/cifar10_full_audit/mamba_kd_from_scratch_vit/failure_images/08616_true-cat_pred-frog.png,false_negative_for_cat;false_positive_for_frog
8619,cifar10_test_08619,/home/tariq/Desktop/Awais-Tariq/base-KD/data/cifar-10-batches-py/test_batch,8619,dog,horse,0.6049659848213196,False,True,/home/tariq/Desktop/Awais-Tariq/base-KD/reports/cifar10_full_audit/mamba_kd_from_scratch_vit/failure_images/08619_true-dog_pred-horse.png,false_negative_for_dog;false_positive_for_horse
8633,cifar10_test_08633,/home/tariq/Desktop/Awais-Tariq/base-KD/data/cifar-10-batches-py/test_batch,8633,cat,bird,0.9640122652053833,False,True,/home/tariq/Desktop/Awais-Tariq/base-KD/reports/cifar10_full_audit/mamba_kd_from_scratch_vit/failure_images/08633_true-cat_pred-bird.png,false_negative_for_cat;false_positive_for_bird
8642,cifar10_test_08642,/home/tariq/Desktop/Awais-Tariq/base-KD/data/cifar-10-batches-py/test_batch,8642,cat,frog,0.9793235063552856,False,True,/home/tariq/Desktop/Awais-Tariq/base-KD/reports/cifar10_full_audit/mamba_kd_from_scratch_vit/failure_images/08642_true-cat_pred-frog.png,false_negative_for_cat;false_positive_for_frog
8644,cifar10_test_08644,/home/tariq/Desktop/Awais-Tariq/base-KD/data/cifar-10-batches-py/test_batch,8644,ship,cat,0.7601712942123413,False,True,/home/tariq/Desktop/Awais-Tariq/base-KD/reports/cifar10_full_audit/mamba_kd_from_scratch_vit/failure_images/08644_true-ship_pred-cat.png,false_negative_for_ship;false_positive_for_cat
8669,cifar10_test_08669,/home/tariq/Desktop/Awais-Tariq/base-KD/data/cifar-10-batches-py/test_batch,8669,deer,horse,0.6590785980224609,False,True,/home/tariq/Desktop/Awais-Tariq/base-KD/reports/cifar10_full_audit/mamba_kd_from_scratch_vit/failure_images/08669_true-deer_pred-horse.png,false_negative_for_deer;false_positive_for_horse
8677,cifar10_test_08677,/home/tariq/Desktop/Awais-Tariq/base-KD/data/cifar-10-batches-py/test_batch,8677,cat,dog,0.6793387532234192,False,True,/home/tariq/Desktop/Awais-Tariq/base-KD/reports/cifar10_full_audit/mamba_kd_from_scratch_vit/failure_images/08677_true-cat_pred-dog.png,false_negative_for_cat;false_positive_for_dog
8681,cifar10_test_08681,/home/tariq/Desktop/Awais-Tariq/base-KD/data/cifar-10-batches-py/test_batch,8681,bird,frog,0.3434503674507141,False,True,/home/tariq/Desktop/Awais-Tariq/base-KD/reports/cifar10_full_audit/mamba_kd_from_scratch_vit/failure_images/08681_true-bird_pred-frog.png,false_negative_for_bird;false_positive_for_frog
8690,cifar10_test_08690,/home/tariq/Desktop/Awais-Tariq/base-KD/data/cifar-10-batches-py/test_batch,8690,ship,airplane,0.9164660573005676,False,True,/home/tariq/Desktop/Awais-Tariq/base-KD/reports/cifar10_full_audit/mamba_kd_from_scratch_vit/failure_images/08690_true-ship_pred-airplane.png,false_negative_for_ship;false_positive_for_airplane
8699,cifar10_test_08699,/home/tariq/Desktop/Awais-Tariq/base-KD/data/cifar-10-batches-py/test_batch,8699,deer,dog,0.7459949851036072,False,True,/home/tariq/Desktop/Awais-Tariq/base-KD/reports/cifar10_full_audit/mamba_kd_from_scratch_vit/failure_images/08699_true-deer_pred-dog.png,false_negative_for_deer;false_positive_for_dog
8702,cifar10_test_08702,/home/tariq/Desktop/Awais-Tariq/base-KD/data/cifar-10-batches-py/test_batch,8702,airplane,ship,0.970032811164856,False,True,/home/tariq/Desktop/Awais-Tariq/base-KD/reports/cifar10_full_audit/mamba_kd_from_scratch_vit/failure_images/08702_true-airplane_pred-ship.png,false_negative_for_airplane;false_positive_for_ship
8723,cifar10_test_08723,/home/tariq/Desktop/Awais-Tariq/base-KD/data/cifar-10-batches-py/test_batch,8723,dog,horse,0.9887153506278992,False,True,/home/tariq/Desktop/Awais-Tariq/base-KD/reports/cifar10_full_audit/mamba_kd_from_scratch_vit/failure_images/08723_true-dog_pred-horse.png,false_negative_for_dog;false_positive_for_horse
8749,cifar10_test_08749,/home/tariq/Desktop/Awais-Tariq/base-KD/data/cifar-10-batches-py/test_batch,8749,dog,truck,0.9224299192428589,False,False,/home/tariq/Desktop/Awais-Tariq/base-KD/reports/cifar10_full_audit/mamba_kd_from_scratch_vit/failure_images/08749_true-dog_pred-truck.png,false_negative_for_dog;false_positive_for_truck
8752,cifar10_test_08752,/home/tariq/Desktop/Awais-Tariq/base-KD/data/cifar-10-batches-py/test_batch,8752,dog,cat,0.9683239459991455,False,True,/home/tariq/Desktop/Awais-Tariq/base-KD/reports/cifar10_full_audit/mamba_kd_from_scratch_vit/failure_images/08752_true-dog_pred-cat.png,false_negative_for_dog;false_positive_for_cat
8757,cifar10_test_08757,/home/tariq/Desktop/Awais-Tariq/base-KD/data/cifar-10-batches-py/test_batch,8757,ship,frog,0.8593740463256836,False,True,/home/tariq/Desktop/Awais-Tariq/base-KD/reports/cifar10_full_audit/mamba_kd_from_scratch_vit/failure_images/08757_true-ship_pred-frog.png,false_negative_for_ship;false_positive_for_frog
8773,cifar10_test_08773,/home/tariq/Desktop/Awais-Tariq/base-KD/data/cifar-10-batches-py/test_batch,8773,frog,bird,0.7647552490234375,False,True,/home/tariq/Desktop/Awais-Tariq/base-KD/reports/cifar10_full_audit/mamba_kd_from_scratch_vit/failure_images/08773_true-frog_pred-bird.png,false_negative_for_frog;false_positive_for_bird
8774,cifar10_test_08774,/home/tariq/Desktop/Awais-Tariq/base-KD/data/cifar-10-batches-py/test_batch,8774,cat,horse,0.9753005504608154,False,True,/home/tariq/Desktop/Awais-Tariq/base-KD/reports/cifar10_full_audit/mamba_kd_from_scratch_vit/failure_images/08774_true-cat_pred-horse.png,false_negative_for_cat;false_positive_for_horse
8778,cifar10_test_08778,/home/tariq/Desktop/Awais-Tariq/base-KD/data/cifar-10-batches-py/test_batch,8778,cat,deer,0.5068635940551758,False,True,/home/tariq/Desktop/Awais-Tariq/base-KD/reports/cifar10_full_audit/mamba_kd_from_scratch_vit/failure_images/08778_true-cat_pred-deer.png,false_negative_for_cat;false_positive_for_deer
8788,cifar10_test_08788,/home/tariq/Desktop/Awais-Tariq/base-KD/data/cifar-10-batches-py/test_batch,8788,dog,cat,0.5644553303718567,False,True,/home/tariq/Desktop/Awais-Tariq/base-KD/reports/cifar10_full_audit/mamba_kd_from_scratch_vit/failure_images/08788_true-dog_pred-cat.png,false_negative_for_dog;false_positive_for_cat
8806,cifar10_test_08806,/home/tariq/Desktop/Awais-Tariq/base-KD/data/cifar-10-batches-py/test_batch,8806,cat,frog,0.5318613648414612,False,True,/home/tariq/Desktop/Awais-Tariq/base-KD/reports/cifar10_full_audit/mamba_kd_from_scratch_vit/failure_images/08806_true-cat_pred-frog.png,false_negative_for_cat;false_positive_for_frog
8809,cifar10_test_08809,/home/tariq/Desktop/Awais-Tariq/base-KD/data/cifar-10-batches-py/test_batch,8809,ship,bird,0.9991455078125,False,True,/home/tariq/Desktop/Awais-Tariq/base-KD/reports/cifar10_full_audit/mamba_kd_from_scratch_vit/failure_images/08809_true-ship_pred-bird.png,false_negative_for_ship;false_positive_for_bird
8811,cifar10_test_08811,/home/tariq/Desktop/Awais-Tariq/base-KD/data/cifar-10-batches-py/test_batch,8811,automobile,horse,0.6835223436355591,False,True,/home/tariq/Desktop/Awais-Tariq/base-KD/reports/cifar10_full_audit/mamba_kd_from_scratch_vit/failure_images/08811_true-automobile_pred-horse.png,false_negative_for_automobile;false_positive_for_horse
8815,cifar10_test_08815,/home/tariq/Desktop/Awais-Tariq/base-KD/data/cifar-10-batches-py/test_batch,8815,cat,dog,0.677366316318512,False,True,/home/tariq/Desktop/Awais-Tariq/base-KD/reports/cifar10_full_audit/mamba_kd_from_scratch_vit/failure_images/08815_true-cat_pred-dog.png,false_negative_for_cat;false_positive_for_dog
8827,cifar10_test_08827,/home/tariq/Desktop/Awais-Tariq/base-KD/data/cifar-10-batches-py/test_batch,8827,bird,horse,0.4215106964111328,False,True,/home/tariq/Desktop/Awais-Tariq/base-KD/reports/cifar10_full_audit/mamba_kd_from_scratch_vit/failure_images/08827_true-bird_pred-horse.png,false_negative_for_bird;false_positive_for_horse
8847,cifar10_test_08847,/home/tariq/Desktop/Awais-Tariq/base-KD/data/cifar-10-batches-py/test_batch,8847,dog,deer,0.984619677066803,False,True,/home/tariq/Desktop/Awais-Tariq/base-KD/reports/cifar10_full_audit/mamba_kd_from_scratch_vit/failure_images/08847_true-dog_pred-deer.png,false_negative_for_dog;false_positive_for_deer
8850,cifar10_test_08850,/home/tariq/Desktop/Awais-Tariq/base-KD/data/cifar-10-batches-py/test_batch,8850,automobile,truck,0.7419478297233582,False,True,/home/tariq/Desktop/Awais-Tariq/base-KD/reports/cifar10_full_audit/mamba_kd_from_scratch_vit/failure_images/08850_true-automobile_pred-truck.png,false_negative_for_automobile;false_positive_for_truck
8861,cifar10_test_08861,/home/tariq/Desktop/Awais-Tariq/base-KD/data/cifar-10-batches-py/test_batch,8861,deer,cat,0.6444682478904724,False,True,/home/tariq/Desktop/Awais-Tariq/base-KD/reports/cifar10_full_audit/mamba_kd_from_scratch_vit/failure_images/08861_true-deer_pred-cat.png,false_negative_for_deer;false_positive_for_cat
8868,cifar10_test_08868,/home/tariq/Desktop/Awais-Tariq/base-KD/data/cifar-10-batches-py/test_batch,8868,deer,horse,0.9336946606636047,False,True,/home/tariq/Desktop/Awais-Tariq/base-KD/reports/cifar10_full_audit/mamba_kd_from_scratch_vit/failure_images/08868_true-deer_pred-horse.png,false_negative_for_deer;false_positive_for_horse
8869,cifar10_test_08869,/home/tariq/Desktop/Awais-Tariq/base-KD/data/cifar-10-batches-py/test_batch,8869,dog,cat,0.8676628470420837,False,True,/home/tariq/Desktop/Awais-Tariq/base-KD/reports/cifar10_full_audit/mamba_kd_from_scratch_vit/failure_images/08869_true-dog_pred-cat.png,false_negative_for_dog;false_positive_for_cat
8872,cifar10_test_08872,/home/tariq/Desktop/Awais-Tariq/base-KD/data/cifar-10-batches-py/test_batch,8872,ship,airplane,0.7597755193710327,False,True,/home/tariq/Desktop/Awais-Tariq/base-KD/reports/cifar10_full_audit/mamba_kd_from_scratch_vit/failure_images/08872_true-ship_pred-airplane.png,false_negative_for_ship;false_positive_for_airplane
8876,cifar10_test_08876,/home/tariq/Desktop/Awais-Tariq/base-KD/data/cifar-10-batches-py/test_batch,8876,airplane,truck,0.9338502883911133,False,True,/home/tariq/Desktop/Awais-Tariq/base-KD/reports/cifar10_full_audit/mamba_kd_from_scratch_vit/failure_images/08876_true-airplane_pred-truck.png,false_negative_for_airplane;false_positive_for_truck
8877,cifar10_test_08877,/home/tariq/Desktop/Awais-Tariq/base-KD/data/cifar-10-batches-py/test_batch,8877,truck,automobile,0.9198417067527771,False,True,/home/tariq/Desktop/Awais-Tariq/base-KD/reports/cifar10_full_audit/mamba_kd_from_scratch_vit/failure_images/08877_true-truck_pred-automobile.png,false_negative_for_truck;false_positive_for_automobile
8886,cifar10_test_08886,/home/tariq/Desktop/Awais-Tariq/base-KD/data/cifar-10-batches-py/test_batch,8886,deer,horse,0.7790837287902832,False,True,/home/tariq/Desktop/Awais-Tariq/base-KD/reports/cifar10_full_audit/mamba_kd_from_scratch_vit/failure_images/08886_true-deer_pred-horse.png,false_negative_for_deer;false_positive_for_horse
8901,cifar10_test_08901,/home/tariq/Desktop/Awais-Tariq/base-KD/data/cifar-10-batches-py/test_batch,8901,dog,horse,0.6280829310417175,False,True,/home/tariq/Desktop/Awais-Tariq/base-KD/reports/cifar10_full_audit/mamba_kd_from_scratch_vit/failure_images/08901_true-dog_pred-horse.png,false_negative_for_dog;false_positive_for_horse
8923,cifar10_test_08923,/home/tariq/Desktop/Awais-Tariq/base-KD/data/cifar-10-batches-py/test_batch,8923,frog,bird,0.9289940595626831,False,True,/home/tariq/Desktop/Awais-Tariq/base-KD/reports/cifar10_full_audit/mamba_kd_from_scratch_vit/failure_images/08923_true-frog_pred-bird.png,false_negative_for_frog;false_positive_for_bird
8928,cifar10_test_08928,/home/tariq/Desktop/Awais-Tariq/base-KD/data/cifar-10-batches-py/test_batch,8928,deer,bird,0.7313145399093628,False,True,/home/tariq/Desktop/Awais-Tariq/base-KD/reports/cifar10_full_audit/mamba_kd_from_scratch_vit/failure_images/08928_true-deer_pred-bird.png,false_negative_for_deer;false_positive_for_bird
8943,cifar10_test_08943,/home/tariq/Desktop/Awais-Tariq/base-KD/data/cifar-10-batches-py/test_batch,8943,horse,deer,0.998153030872345,False,True,/home/tariq/Desktop/Awais-Tariq/base-KD/reports/cifar10_full_audit/mamba_kd_from_scratch_vit/failure_images/08943_true-horse_pred-deer.png,false_negative_for_horse;false_positive_for_deer
8944,cifar10_test_08944,/home/tariq/Desktop/Awais-Tariq/base-KD/data/cifar-10-batches-py/test_batch,8944,deer,horse,0.6304435133934021,False,True,/home/tariq/Desktop/Awais-Tariq/base-KD/reports/cifar10_full_audit/mamba_kd_from_scratch_vit/failure_images/08944_true-deer_pred-horse.png,false_negative_for_deer;false_positive_for_horse
8967,cifar10_test_08967,/home/tariq/Desktop/Awais-Tariq/base-KD/data/cifar-10-batches-py/test_batch,8967,bird,horse,0.9299459457397461,False,True,/home/tariq/Desktop/Awais-Tariq/base-KD/reports/cifar10_full_audit/mamba_kd_from_scratch_vit/failure_images/08967_true-bird_pred-horse.png,false_negative_for_bird;false_positive_for_horse
8972,cifar10_test_08972,/home/tariq/Desktop/Awais-Tariq/base-KD/data/cifar-10-batches-py/test_batch,8972,truck,airplane,0.8134135603904724,False,True,/home/tariq/Desktop/Awais-Tariq/base-KD/reports/cifar10_full_audit/mamba_kd_from_scratch_vit/failure_images/08972_true-truck_pred-airplane.png,false_negative_for_truck;false_positive_for_airplane
8981,cifar10_test_08981,/home/tariq/Desktop/Awais-Tariq/base-KD/data/cifar-10-batches-py/test_batch,8981,horse,deer,0.9656710028648376,False,True,/home/tariq/Desktop/Awais-Tariq/base-KD/reports/cifar10_full_audit/mamba_kd_from_scratch_vit/failure_images/08981_true-horse_pred-deer.png,false_negative_for_horse;false_positive_for_deer
8983,cifar10_test_08983,/home/tariq/Desktop/Awais-Tariq/base-KD/data/cifar-10-batches-py/test_batch,8983,cat,dog,0.5267996788024902,False,True,/home/tariq/Desktop/Awais-Tariq/base-KD/reports/cifar10_full_audit/mamba_kd_from_scratch_vit/failure_images/08983_true-cat_pred-dog.png,false_negative_for_cat;false_positive_for_dog
8985,cifar10_test_08985,/home/tariq/Desktop/Awais-Tariq/base-KD/data/cifar-10-batches-py/test_batch,8985,truck,airplane,0.9718790650367737,False,True,/home/tariq/Desktop/Awais-Tariq/base-KD/reports/cifar10_full_audit/mamba_kd_from_scratch_vit/failure_images/08985_true-truck_pred-airplane.png,false_negative_for_truck;false_positive_for_airplane
8993,cifar10_test_08993,/home/tariq/Desktop/Awais-Tariq/base-KD/data/cifar-10-batches-py/test_batch,8993,airplane,truck,0.8346286416053772,False,True,/home/tariq/Desktop/Awais-Tariq/base-KD/reports/cifar10_full_audit/mamba_kd_from_scratch_vit/failure_images/08993_true-airplane_pred-truck.png,false_negative_for_airplane;false_positive_for_truck
9021,cifar10_test_09021,/home/tariq/Desktop/Awais-Tariq/base-KD/data/cifar-10-batches-py/test_batch,9021,airplane,frog,0.8849509954452515,False,True,/home/tariq/Desktop/Awais-Tariq/base-KD/reports/cifar10_full_audit/mamba_kd_from_scratch_vit/failure_images/09021_true-airplane_pred-frog.png,false_negative_for_airplane;false_positive_for_frog
9035,cifar10_test_09035,/home/tariq/Desktop/Awais-Tariq/base-KD/data/cifar-10-batches-py/test_batch,9035,deer,horse,0.9464960694313049,False,True,/home/tariq/Desktop/Awais-Tariq/base-KD/reports/cifar10_full_audit/mamba_kd_from_scratch_vit/failure_images/09035_true-deer_pred-horse.png,false_negative_for_deer;false_positive_for_horse
9036,cifar10_test_09036,/home/tariq/Desktop/Awais-Tariq/base-KD/data/cifar-10-batches-py/test_batch,9036,deer,horse,0.9433146119117737,False,True,/home/tariq/Desktop/Awais-Tariq/base-KD/reports/cifar10_full_audit/mamba_kd_from_scratch_vit/failure_images/09036_true-deer_pred-horse.png,false_negative_for_deer;false_positive_for_horse
9039,cifar10_test_09039,/home/tariq/Desktop/Awais-Tariq/base-KD/data/cifar-10-batches-py/test_batch,9039,bird,frog,0.981105625629425,False,True,/home/tariq/Desktop/Awais-Tariq/base-KD/reports/cifar10_full_audit/mamba_kd_from_scratch_vit/failure_images/09039_true-bird_pred-frog.png,false_negative_for_bird;false_positive_for_frog
9053,cifar10_test_09053,/home/tariq/Desktop/Awais-Tariq/base-KD/data/cifar-10-batches-py/test_batch,9053,dog,horse,0.7000380754470825,False,True,/home/tariq/Desktop/Awais-Tariq/base-KD/reports/cifar10_full_audit/mamba_kd_from_scratch_vit/failure_images/09053_true-dog_pred-horse.png,false_negative_for_dog;false_positive_for_horse
9080,cifar10_test_09080,/home/tariq/Desktop/Awais-Tariq/base-KD/data/cifar-10-batches-py/test_batch,9080,cat,dog,0.9613590836524963,False,True,/home/tariq/Desktop/Awais-Tariq/base-KD/reports/cifar10_full_audit/mamba_kd_from_scratch_vit/failure_images/09080_true-cat_pred-dog.png,false_negative_for_cat;false_positive_for_dog
9107,cifar10_test_09107,/home/tariq/Desktop/Awais-Tariq/base-KD/data/cifar-10-batches-py/test_batch,9107,dog,horse,0.7387738823890686,False,True,/home/tariq/Desktop/Awais-Tariq/base-KD/reports/cifar10_full_audit/mamba_kd_from_scratch_vit/failure_images/09107_true-dog_pred-horse.png,false_negative_for_dog;false_positive_for_horse
9127,cifar10_test_09127,/home/tariq/Desktop/Awais-Tariq/base-KD/data/cifar-10-batches-py/test_batch,9127,ship,truck,0.6372569799423218,False,True,/home/tariq/Desktop/Awais-Tariq/base-KD/reports/cifar10_full_audit/mamba_kd_from_scratch_vit/failure_images/09127_true-ship_pred-truck.png,false_negative_for_ship;false_positive_for_truck
9128,cifar10_test_09128,/home/tariq/Desktop/Awais-Tariq/base-KD/data/cifar-10-batches-py/test_batch,9128,deer,cat,0.9910517334938049,False,True,/home/tariq/Desktop/Awais-Tariq/base-KD/reports/cifar10_full_audit/mamba_kd_from_scratch_vit/failure_images/09128_true-deer_pred-cat.png,false_negative_for_deer;false_positive_for_cat
9132,cifar10_test_09132,/home/tariq/Desktop/Awais-Tariq/base-KD/data/cifar-10-batches-py/test_batch,9132,bird,dog,0.3348119556903839,False,True,/home/tariq/Desktop/Awais-Tariq/base-KD/reports/cifar10_full_audit/mamba_kd_from_scratch_vit/failure_images/09132_true-bird_pred-dog.png,false_negative_for_bird;false_positive_for_dog
9137,cifar10_test_09137,/home/tariq/Desktop/Awais-Tariq/base-KD/data/cifar-10-batches-py/test_batch,9137,bird,frog,0.7815859317779541,False,False,/home/tariq/Desktop/Awais-Tariq/base-KD/reports/cifar10_full_audit/mamba_kd_from_scratch_vit/failure_images/09137_true-bird_pred-frog.png,false_negative_for_bird;false_positive_for_frog
9160,cifar10_test_09160,/home/tariq/Desktop/Awais-Tariq/base-KD/data/cifar-10-batches-py/test_batch,9160,dog,cat,0.8475889563560486,False,True,/home/tariq/Desktop/Awais-Tariq/base-KD/reports/cifar10_full_audit/mamba_kd_from_scratch_vit/failure_images/09160_true-dog_pred-cat.png,false_negative_for_dog;false_positive_for_cat
9169,cifar10_test_09169,/home/tariq/Desktop/Awais-Tariq/base-KD/data/cifar-10-batches-py/test_batch,9169,automobile,airplane,0.6029058694839478,False,True,/home/tariq/Desktop/Awais-Tariq/base-KD/reports/cifar10_full_audit/mamba_kd_from_scratch_vit/failure_images/09169_true-automobile_pred-airplane.png,false_negative_for_automobile;false_positive_for_airplane
9204,cifar10_test_09204,/home/tariq/Desktop/Awais-Tariq/base-KD/data/cifar-10-batches-py/test_batch,9204,truck,ship,0.806998074054718,False,True,/home/tariq/Desktop/Awais-Tariq/base-KD/reports/cifar10_full_audit/mamba_kd_from_scratch_vit/failure_images/09204_true-truck_pred-ship.png,false_negative_for_truck;false_positive_for_ship
9209,cifar10_test_09209,/home/tariq/Desktop/Awais-Tariq/base-KD/data/cifar-10-batches-py/test_batch,9209,truck,automobile,0.8429164290428162,False,True,/home/tariq/Desktop/Awais-Tariq/base-KD/reports/cifar10_full_audit/mamba_kd_from_scratch_vit/failure_images/09209_true-truck_pred-automobile.png,false_negative_for_truck;false_positive_for_automobile
9216,cifar10_test_09216,/home/tariq/Desktop/Awais-Tariq/base-KD/data/cifar-10-batches-py/test_batch,9216,frog,cat,0.5308607816696167,False,True,/home/tariq/Desktop/Awais-Tariq/base-KD/reports/cifar10_full_audit/mamba_kd_from_scratch_vit/failure_images/09216_true-frog_pred-cat.png,false_negative_for_frog;false_positive_for_cat
9218,cifar10_test_09218,/home/tariq/Desktop/Awais-Tariq/base-KD/data/cifar-10-batches-py/test_batch,9218,cat,dog,0.981804370880127,False,True,/home/tariq/Desktop/Awais-Tariq/base-KD/reports/cifar10_full_audit/mamba_kd_from_scratch_vit/failure_images/09218_true-cat_pred-dog.png,false_negative_for_cat;false_positive_for_dog
9225,cifar10_test_09225,/home/tariq/Desktop/Awais-Tariq/base-KD/data/cifar-10-batches-py/test_batch,9225,dog,airplane,0.6765539646148682,False,True,/home/tariq/Desktop/Awais-Tariq/base-KD/reports/cifar10_full_audit/mamba_kd_from_scratch_vit/failure_images/09225_true-dog_pred-airplane.png,false_negative_for_dog;false_positive_for_airplane
9227,cifar10_test_09227,/home/tariq/Desktop/Awais-Tariq/base-KD/data/cifar-10-batches-py/test_batch,9227,automobile,truck,0.9964633584022522,False,True,/home/tariq/Desktop/Awais-Tariq/base-KD/reports/cifar10_full_audit/mamba_kd_from_scratch_vit/failure_images/09227_true-automobile_pred-truck.png,false_negative_for_automobile;false_positive_for_truck
9230,cifar10_test_09230,/home/tariq/Desktop/Awais-Tariq/base-KD/data/cifar-10-batches-py/test_batch,9230,bird,cat,0.5259702801704407,False,True,/home/tariq/Desktop/Awais-Tariq/base-KD/reports/cifar10_full_audit/mamba_kd_from_scratch_vit/failure_images/09230_true-bird_pred-cat.png,false_negative_for_bird;false_positive_for_cat
9246,cifar10_test_09246,/home/tariq/Desktop/Awais-Tariq/base-KD/data/cifar-10-batches-py/test_batch,9246,cat,deer,0.7389289140701294,False,True,/home/tariq/Desktop/Awais-Tariq/base-KD/reports/cifar10_full_audit/mamba_kd_from_scratch_vit/failure_images/09246_true-cat_pred-deer.png,false_negative_for_cat;false_positive_for_deer
9248,cifar10_test_09248,/home/tariq/Desktop/Awais-Tariq/base-KD/data/cifar-10-batches-py/test_batch,9248,airplane,truck,0.5942438840866089,False,True,/home/tariq/Desktop/Awais-Tariq/base-KD/reports/cifar10_full_audit/mamba_kd_from_scratch_vit/failure_images/09248_true-airplane_pred-truck.png,false_negative_for_airplane;false_positive_for_truck
9250,cifar10_test_09250,/home/tariq/Desktop/Awais-Tariq/base-KD/data/cifar-10-batches-py/test_batch,9250,cat,dog,0.9281739592552185,False,True,/home/tariq/Desktop/Awais-Tariq/base-KD/reports/cifar10_full_audit/mamba_kd_from_scratch_vit/failure_images/09250_true-cat_pred-dog.png,false_negative_for_cat;false_positive_for_dog
9252,cifar10_test_09252,/home/tariq/Desktop/Awais-Tariq/base-KD/data/cifar-10-batches-py/test_batch,9252,horse,deer,0.6760234236717224,False,True,/home/tariq/Desktop/Awais-Tariq/base-KD/reports/cifar10_full_audit/mamba_kd_from_scratch_vit/failure_images/09252_true-horse_pred-deer.png,false_negative_for_horse;false_positive_for_deer
9262,cifar10_test_09262,/home/tariq/Desktop/Awais-Tariq/base-KD/data/cifar-10-batches-py/test_batch,9262,airplane,cat,0.8238623738288879,False,True,/home/tariq/Desktop/Awais-Tariq/base-KD/reports/cifar10_full_audit/mamba_kd_from_scratch_vit/failure_images/09262_true-airplane_pred-cat.png,false_negative_for_airplane;false_positive_for_cat
9267,cifar10_test_09267,/home/tariq/Desktop/Awais-Tariq/base-KD/data/cifar-10-batches-py/test_batch,9267,bird,frog,0.5426634550094604,False,True,/home/tariq/Desktop/Awais-Tariq/base-KD/reports/cifar10_full_audit/mamba_kd_from_scratch_vit/failure_images/09267_true-bird_pred-frog.png,false_negative_for_bird;false_positive_for_frog
9274,cifar10_test_09274,/home/tariq/Desktop/Awais-Tariq/base-KD/data/cifar-10-batches-py/test_batch,9274,ship,airplane,0.9957160353660583,False,True,/home/tariq/Desktop/Awais-Tariq/base-KD/reports/cifar10_full_audit/mamba_kd_from_scratch_vit/failure_images/09274_true-ship_pred-airplane.png,false_negative_for_ship;false_positive_for_airplane
9300,cifar10_test_09300,/home/tariq/Desktop/Awais-Tariq/base-KD/data/cifar-10-batches-py/test_batch,9300,dog,cat,0.9870030283927917,False,True,/home/tariq/Desktop/Awais-Tariq/base-KD/reports/cifar10_full_audit/mamba_kd_from_scratch_vit/failure_images/09300_true-dog_pred-cat.png,false_negative_for_dog;false_positive_for_cat
9301,cifar10_test_09301,/home/tariq/Desktop/Awais-Tariq/base-KD/data/cifar-10-batches-py/test_batch,9301,horse,dog,0.7622514367103577,False,True,/home/tariq/Desktop/Awais-Tariq/base-KD/reports/cifar10_full_audit/mamba_kd_from_scratch_vit/failure_images/09301_true-horse_pred-dog.png,false_negative_for_horse;false_positive_for_dog
9302,cifar10_test_09302,/home/tariq/Desktop/Awais-Tariq/base-KD/data/cifar-10-batches-py/test_batch,9302,cat,truck,0.6598488092422485,False,True,/home/tariq/Desktop/Awais-Tariq/base-KD/reports/cifar10_full_audit/mamba_kd_from_scratch_vit/failure_images/09302_true-cat_pred-truck.png,false_negative_for_cat;false_positive_for_truck
9305,cifar10_test_09305,/home/tariq/Desktop/Awais-Tariq/base-KD/data/cifar-10-batches-py/test_batch,9305,dog,horse,0.9298542141914368,False,True,/home/tariq/Desktop/Awais-Tariq/base-KD/reports/cifar10_full_audit/mamba_kd_from_scratch_vit/failure_images/09305_true-dog_pred-horse.png,false_negative_for_dog;false_positive_for_horse
9337,cifar10_test_09337,/home/tariq/Desktop/Awais-Tariq/base-KD/data/cifar-10-batches-py/test_batch,9337,dog,cat,0.7641295194625854,False,True,/home/tariq/Desktop/Awais-Tariq/base-KD/reports/cifar10_full_audit/mamba_kd_from_scratch_vit/failure_images/09337_true-dog_pred-cat.png,false_negative_for_dog;false_positive_for_cat
9341,cifar10_test_09341,/home/tariq/Desktop/Awais-Tariq/base-KD/data/cifar-10-batches-py/test_batch,9341,bird,cat,0.9976468682289124,False,True,/home/tariq/Desktop/Awais-Tariq/base-KD/reports/cifar10_full_audit/mamba_kd_from_scratch_vit/failure_images/09341_true-bird_pred-cat.png,false_negative_for_bird;false_positive_for_cat
9346,cifar10_test_09346,/home/tariq/Desktop/Awais-Tariq/base-KD/data/cifar-10-batches-py/test_batch,9346,horse,dog,0.6861223578453064,False,True,/home/tariq/Desktop/Awais-Tariq/base-KD/reports/cifar10_full_audit/mamba_kd_from_scratch_vit/failure_images/09346_true-horse_pred-dog.png,false_negative_for_horse;false_positive_for_dog
9360,cifar10_test_09360,/home/tariq/Desktop/Awais-Tariq/base-KD/data/cifar-10-batches-py/test_batch,9360,dog,airplane,0.638235330581665,False,True,/home/tariq/Desktop/Awais-Tariq/base-KD/reports/cifar10_full_audit/mamba_kd_from_scratch_vit/failure_images/09360_true-dog_pred-airplane.png,false_negative_for_dog;false_positive_for_airplane
9363,cifar10_test_09363,/home/tariq/Desktop/Awais-Tariq/base-KD/data/cifar-10-batches-py/test_batch,9363,dog,cat,0.8143740296363831,False,True,/home/tariq/Desktop/Awais-Tariq/base-KD/reports/cifar10_full_audit/mamba_kd_from_scratch_vit/failure_images/09363_true-dog_pred-cat.png,false_negative_for_dog;false_positive_for_cat
9369,cifar10_test_09369,/home/tariq/Desktop/Awais-Tariq/base-KD/data/cifar-10-batches-py/test_batch,9369,dog,deer,0.47730571031570435,False,False,/home/tariq/Desktop/Awais-Tariq/base-KD/reports/cifar10_full_audit/mamba_kd_from_scratch_vit/failure_images/09369_true-dog_pred-deer.png,false_negative_for_dog;false_positive_for_deer
9370,cifar10_test_09370,/home/tariq/Desktop/Awais-Tariq/base-KD/data/cifar-10-batches-py/test_batch,9370,ship,automobile,0.5877543091773987,False,True,/home/tariq/Desktop/Awais-Tariq/base-KD/reports/cifar10_full_audit/mamba_kd_from_scratch_vit/failure_images/09370_true-ship_pred-automobile.png,false_negative_for_ship;false_positive_for_automobile
9375,cifar10_test_09375,/home/tariq/Desktop/Awais-Tariq/base-KD/data/cifar-10-batches-py/test_batch,9375,cat,dog,0.5976746082305908,False,True,/home/tariq/Desktop/Awais-Tariq/base-KD/reports/cifar10_full_audit/mamba_kd_from_scratch_vit/failure_images/09375_true-cat_pred-dog.png,false_negative_for_cat;false_positive_for_dog
9381,cifar10_test_09381,/home/tariq/Desktop/Awais-Tariq/base-KD/data/cifar-10-batches-py/test_batch,9381,bird,cat,0.5430939793586731,False,True,/home/tariq/Desktop/Awais-Tariq/base-KD/reports/cifar10_full_audit/mamba_kd_from_scratch_vit/failure_images/09381_true-bird_pred-cat.png,false_negative_for_bird;false_positive_for_cat
9386,cifar10_test_09386,/home/tariq/Desktop/Awais-Tariq/base-KD/data/cifar-10-batches-py/test_batch,9386,deer,bird,0.9887498617172241,False,True,/home/tariq/Desktop/Awais-Tariq/base-KD/reports/cifar10_full_audit/mamba_kd_from_scratch_vit/failure_images/09386_true-deer_pred-bird.png,false_negative_for_deer;false_positive_for_bird
9398,cifar10_test_09398,/home/tariq/Desktop/Awais-Tariq/base-KD/data/cifar-10-batches-py/test_batch,9398,ship,automobile,0.8463319540023804,False,True,/home/tariq/Desktop/Awais-Tariq/base-KD/reports/cifar10_full_audit/mamba_kd_from_scratch_vit/failure_images/09398_true-ship_pred-automobile.png,false_negative_for_ship;false_positive_for_automobile
9414,cifar10_test_09414,/home/tariq/Desktop/Awais-Tariq/base-KD/data/cifar-10-batches-py/test_batch,9414,dog,cat,0.561189591884613,False,True,/home/tariq/Desktop/Awais-Tariq/base-KD/reports/cifar10_full_audit/mamba_kd_from_scratch_vit/failure_images/09414_true-dog_pred-cat.png,false_negative_for_dog;false_positive_for_cat
9415,cifar10_test_09415,/home/tariq/Desktop/Awais-Tariq/base-KD/data/cifar-10-batches-py/test_batch,9415,airplane,automobile,0.8465970158576965,False,True,/home/tariq/Desktop/Awais-Tariq/base-KD/reports/cifar10_full_audit/mamba_kd_from_scratch_vit/failure_images/09415_true-airplane_pred-automobile.png,false_negative_for_airplane;false_positive_for_automobile
9421,cifar10_test_09421,/home/tariq/Desktop/Awais-Tariq/base-KD/data/cifar-10-batches-py/test_batch,9421,automobile,truck,0.9618299007415771,False,True,/home/tariq/Desktop/Awais-Tariq/base-KD/reports/cifar10_full_audit/mamba_kd_from_scratch_vit/failure_images/09421_true-automobile_pred-truck.png,false_negative_for_automobile;false_positive_for_truck
9426,cifar10_test_09426,/home/tariq/Desktop/Awais-Tariq/base-KD/data/cifar-10-batches-py/test_batch,9426,bird,frog,0.9180446267127991,False,True,/home/tariq/Desktop/Awais-Tariq/base-KD/reports/cifar10_full_audit/mamba_kd_from_scratch_vit/failure_images/09426_true-bird_pred-frog.png,false_negative_for_bird;false_positive_for_frog
9428,cifar10_test_09428,/home/tariq/Desktop/Awais-Tariq/base-KD/data/cifar-10-batches-py/test_batch,9428,horse,cat,0.4325619339942932,False,True,/home/tariq/Desktop/Awais-Tariq/base-KD/reports/cifar10_full_audit/mamba_kd_from_scratch_vit/failure_images/09428_true-horse_pred-cat.png,false_negative_for_horse;false_positive_for_cat
9429,cifar10_test_09429,/home/tariq/Desktop/Awais-Tariq/base-KD/data/cifar-10-batches-py/test_batch,9429,deer,bird,0.8149338364601135,False,True,/home/tariq/Desktop/Awais-Tariq/base-KD/reports/cifar10_full_audit/mamba_kd_from_scratch_vit/failure_images/09429_true-deer_pred-bird.png,false_negative_for_deer;false_positive_for_bird
9431,cifar10_test_09431,/home/tariq/Desktop/Awais-Tariq/base-KD/data/cifar-10-batches-py/test_batch,9431,cat,dog,0.8102162480354309,False,True,/home/tariq/Desktop/Awais-Tariq/base-KD/reports/cifar10_full_audit/mamba_kd_from_scratch_vit/failure_images/09431_true-cat_pred-dog.png,false_negative_for_cat;false_positive_for_dog
9445,cifar10_test_09445,/home/tariq/Desktop/Awais-Tariq/base-KD/data/cifar-10-batches-py/test_batch,9445,truck,horse,0.8833065629005432,False,True,/home/tariq/Desktop/Awais-Tariq/base-KD/reports/cifar10_full_audit/mamba_kd_from_scratch_vit/failure_images/09445_true-truck_pred-horse.png,false_negative_for_truck;false_positive_for_horse
9448,cifar10_test_09448,/home/tariq/Desktop/Awais-Tariq/base-KD/data/cifar-10-batches-py/test_batch,9448,cat,dog,0.6782294511795044,False,True,/home/tariq/Desktop/Awais-Tariq/base-KD/reports/cifar10_full_audit/mamba_kd_from_scratch_vit/failure_images/09448_true-cat_pred-dog.png,false_negative_for_cat;false_positive_for_dog
9449,cifar10_test_09449,/home/tariq/Desktop/Awais-Tariq/base-KD/data/cifar-10-batches-py/test_batch,9449,truck,automobile,0.6492156386375427,False,True,/home/tariq/Desktop/Awais-Tariq/base-KD/reports/cifar10_full_audit/mamba_kd_from_scratch_vit/failure_images/09449_true-truck_pred-automobile.png,false_negative_for_truck;false_positive_for_automobile
9452,cifar10_test_09452,/home/tariq/Desktop/Awais-Tariq/base-KD/data/cifar-10-batches-py/test_batch,9452,bird,airplane,0.8634033203125,False,True,/home/tariq/Desktop/Awais-Tariq/base-KD/reports/cifar10_full_audit/mamba_kd_from_scratch_vit/failure_images/09452_true-bird_pred-airplane.png,false_negative_for_bird;false_positive_for_airplane
9467,cifar10_test_09467,/home/tariq/Desktop/Awais-Tariq/base-KD/data/cifar-10-batches-py/test_batch,9467,bird,horse,0.8637278079986572,False,True,/home/tariq/Desktop/Awais-Tariq/base-KD/reports/cifar10_full_audit/mamba_kd_from_scratch_vit/failure_images/09467_true-bird_pred-horse.png,false_negative_for_bird;false_positive_for_horse
9497,cifar10_test_09497,/home/tariq/Desktop/Awais-Tariq/base-KD/data/cifar-10-batches-py/test_batch,9497,cat,bird,0.6498377919197083,False,True,/home/tariq/Desktop/Awais-Tariq/base-KD/reports/cifar10_full_audit/mamba_kd_from_scratch_vit/failure_images/09497_true-cat_pred-bird.png,false_negative_for_cat;false_positive_for_bird
9498,cifar10_test_09498,/home/tariq/Desktop/Awais-Tariq/base-KD/data/cifar-10-batches-py/test_batch,9498,cat,frog,0.8411140441894531,False,True,/home/tariq/Desktop/Awais-Tariq/base-KD/reports/cifar10_full_audit/mamba_kd_from_scratch_vit/failure_images/09498_true-cat_pred-frog.png,false_negative_for_cat;false_positive_for_frog
9501,cifar10_test_09501,/home/tariq/Desktop/Awais-Tariq/base-KD/data/cifar-10-batches-py/test_batch,9501,frog,bird,0.9072193503379822,False,True,/home/tariq/Desktop/Awais-Tariq/base-KD/reports/cifar10_full_audit/mamba_kd_from_scratch_vit/failure_images/09501_true-frog_pred-bird.png,false_negative_for_frog;false_positive_for_bird
9503,cifar10_test_09503,/home/tariq/Desktop/Awais-Tariq/base-KD/data/cifar-10-batches-py/test_batch,9503,bird,deer,0.3822645843029022,False,True,/home/tariq/Desktop/Awais-Tariq/base-KD/reports/cifar10_full_audit/mamba_kd_from_scratch_vit/failure_images/09503_true-bird_pred-deer.png,false_negative_for_bird;false_positive_for_deer
9505,cifar10_test_09505,/home/tariq/Desktop/Awais-Tariq/base-KD/data/cifar-10-batches-py/test_batch,9505,cat,dog,0.8910559415817261,False,True,/home/tariq/Desktop/Awais-Tariq/base-KD/reports/cifar10_full_audit/mamba_kd_from_scratch_vit/failure_images/09505_true-cat_pred-dog.png,false_negative_for_cat;false_positive_for_dog
9506,cifar10_test_09506,/home/tariq/Desktop/Awais-Tariq/base-KD/data/cifar-10-batches-py/test_batch,9506,deer,automobile,0.7505860924720764,False,False,/home/tariq/Desktop/Awais-Tariq/base-KD/reports/cifar10_full_audit/mamba_kd_from_scratch_vit/failure_images/09506_true-deer_pred-automobile.png,false_negative_for_deer;false_positive_for_automobile
9507,cifar10_test_09507,/home/tariq/Desktop/Awais-Tariq/base-KD/data/cifar-10-batches-py/test_batch,9507,airplane,ship,0.996993899345398,False,True,/home/tariq/Desktop/Awais-Tariq/base-KD/reports/cifar10_full_audit/mamba_kd_from_scratch_vit/failure_images/09507_true-airplane_pred-ship.png,false_negative_for_airplane;false_positive_for_ship
9522,cifar10_test_09522,/home/tariq/Desktop/Awais-Tariq/base-KD/data/cifar-10-batches-py/test_batch,9522,cat,deer,0.587600827217102,False,True,/home/tariq/Desktop/Awais-Tariq/base-KD/reports/cifar10_full_audit/mamba_kd_from_scratch_vit/failure_images/09522_true-cat_pred-deer.png,false_negative_for_cat;false_positive_for_deer
9527,cifar10_test_09527,/home/tariq/Desktop/Awais-Tariq/base-KD/data/cifar-10-batches-py/test_batch,9527,frog,cat,0.7841742038726807,False,True,/home/tariq/Desktop/Awais-Tariq/base-KD/reports/cifar10_full_audit/mamba_kd_from_scratch_vit/failure_images/09527_true-frog_pred-cat.png,false_negative_for_frog;false_positive_for_cat
9528,cifar10_test_09528,/home/tariq/Desktop/Awais-Tariq/base-KD/data/cifar-10-batches-py/test_batch,9528,airplane,ship,0.6847237348556519,False,True,/home/tariq/Desktop/Awais-Tariq/base-KD/reports/cifar10_full_audit/mamba_kd_from_scratch_vit/failure_images/09528_true-airplane_pred-ship.png,false_negative_for_airplane;false_positive_for_ship
9535,cifar10_test_09535,/home/tariq/Desktop/Awais-Tariq/base-KD/data/cifar-10-batches-py/test_batch,9535,automobile,truck,0.9911760091781616,False,True,/home/tariq/Desktop/Awais-Tariq/base-KD/reports/cifar10_full_audit/mamba_kd_from_scratch_vit/failure_images/09535_true-automobile_pred-truck.png,false_negative_for_automobile;false_positive_for_truck
9536,cifar10_test_09536,/home/tariq/Desktop/Awais-Tariq/base-KD/data/cifar-10-batches-py/test_batch,9536,deer,cat,0.7757384181022644,False,True,/home/tariq/Desktop/Awais-Tariq/base-KD/reports/cifar10_full_audit/mamba_kd_from_scratch_vit/failure_images/09536_true-deer_pred-cat.png,false_negative_for_deer;false_positive_for_cat
9555,cifar10_test_09555,/home/tariq/Desktop/Awais-Tariq/base-KD/data/cifar-10-batches-py/test_batch,9555,deer,frog,0.48039352893829346,False,True,/home/tariq/Desktop/Awais-Tariq/base-KD/reports/cifar10_full_audit/mamba_kd_from_scratch_vit/failure_images/09555_true-deer_pred-frog.png,false_negative_for_deer;false_positive_for_frog
9557,cifar10_test_09557,/home/tariq/Desktop/Awais-Tariq/base-KD/data/cifar-10-batches-py/test_batch,9557,dog,bird,0.9872640371322632,False,True,/home/tariq/Desktop/Awais-Tariq/base-KD/reports/cifar10_full_audit/mamba_kd_from_scratch_vit/failure_images/09557_true-dog_pred-bird.png,false_negative_for_dog;false_positive_for_bird
9563,cifar10_test_09563,/home/tariq/Desktop/Awais-Tariq/base-KD/data/cifar-10-batches-py/test_batch,9563,automobile,truck,0.9241675734519958,False,True,/home/tariq/Desktop/Awais-Tariq/base-KD/reports/cifar10_full_audit/mamba_kd_from_scratch_vit/failure_images/09563_true-automobile_pred-truck.png,false_negative_for_automobile;false_positive_for_truck
9576,cifar10_test_09576,/home/tariq/Desktop/Awais-Tariq/base-KD/data/cifar-10-batches-py/test_batch,9576,cat,dog,0.7408426403999329,False,True,/home/tariq/Desktop/Awais-Tariq/base-KD/reports/cifar10_full_audit/mamba_kd_from_scratch_vit/failure_images/09576_true-cat_pred-dog.png,false_negative_for_cat;false_positive_for_dog
9584,cifar10_test_09584,/home/tariq/Desktop/Awais-Tariq/base-KD/data/cifar-10-batches-py/test_batch,9584,cat,frog,0.9889406561851501,False,True,/home/tariq/Desktop/Awais-Tariq/base-KD/reports/cifar10_full_audit/mamba_kd_from_scratch_vit/failure_images/09584_true-cat_pred-frog.png,false_negative_for_cat;false_positive_for_frog
9593,cifar10_test_09593,/home/tariq/Desktop/Awais-Tariq/base-KD/data/cifar-10-batches-py/test_batch,9593,automobile,truck,0.9305868744850159,False,True,/home/tariq/Desktop/Awais-Tariq/base-KD/reports/cifar10_full_audit/mamba_kd_from_scratch_vit/failure_images/09593_true-automobile_pred-truck.png,false_negative_for_automobile;false_positive_for_truck
9603,cifar10_test_09603,/home/tariq/Desktop/Awais-Tariq/base-KD/data/cifar-10-batches-py/test_batch,9603,bird,horse,0.821044921875,False,True,/home/tariq/Desktop/Awais-Tariq/base-KD/reports/cifar10_full_audit/mamba_kd_from_scratch_vit/failure_images/09603_true-bird_pred-horse.png,false_negative_for_bird;false_positive_for_horse
9609,cifar10_test_09609,/home/tariq/Desktop/Awais-Tariq/base-KD/data/cifar-10-batches-py/test_batch,9609,automobile,frog,0.8635640740394592,False,True,/home/tariq/Desktop/Awais-Tariq/base-KD/reports/cifar10_full_audit/mamba_kd_from_scratch_vit/failure_images/09609_true-automobile_pred-frog.png,false_negative_for_automobile;false_positive_for_frog
9622,cifar10_test_09622,/home/tariq/Desktop/Awais-Tariq/base-KD/data/cifar-10-batches-py/test_batch,9622,dog,horse,0.9815459847450256,False,True,/home/tariq/Desktop/Awais-Tariq/base-KD/reports/cifar10_full_audit/mamba_kd_from_scratch_vit/failure_images/09622_true-dog_pred-horse.png,false_negative_for_dog;false_positive_for_horse
9641,cifar10_test_09641,/home/tariq/Desktop/Awais-Tariq/base-KD/data/cifar-10-batches-py/test_batch,9641,frog,cat,0.9607656002044678,False,True,/home/tariq/Desktop/Awais-Tariq/base-KD/reports/cifar10_full_audit/mamba_kd_from_scratch_vit/failure_images/09641_true-frog_pred-cat.png,false_negative_for_frog;false_positive_for_cat
9643,cifar10_test_09643,/home/tariq/Desktop/Awais-Tariq/base-KD/data/cifar-10-batches-py/test_batch,9643,truck,airplane,0.614031195640564,False,True,/home/tariq/Desktop/Awais-Tariq/base-KD/reports/cifar10_full_audit/mamba_kd_from_scratch_vit/failure_images/09643_true-truck_pred-airplane.png,false_negative_for_truck;false_positive_for_airplane
9646,cifar10_test_09646,/home/tariq/Desktop/Awais-Tariq/base-KD/data/cifar-10-batches-py/test_batch,9646,dog,horse,0.9940962791442871,False,True,/home/tariq/Desktop/Awais-Tariq/base-KD/reports/cifar10_full_audit/mamba_kd_from_scratch_vit/failure_images/09646_true-dog_pred-horse.png,false_negative_for_dog;false_positive_for_horse
9657,cifar10_test_09657,/home/tariq/Desktop/Awais-Tariq/base-KD/data/cifar-10-batches-py/test_batch,9657,dog,cat,0.9940348267555237,False,True,/home/tariq/Desktop/Awais-Tariq/base-KD/reports/cifar10_full_audit/mamba_kd_from_scratch_vit/failure_images/09657_true-dog_pred-cat.png,false_negative_for_dog;false_positive_for_cat
9665,cifar10_test_09665,/home/tariq/Desktop/Awais-Tariq/base-KD/data/cifar-10-batches-py/test_batch,9665,cat,dog,0.9358740448951721,False,True,/home/tariq/Desktop/Awais-Tariq/base-KD/reports/cifar10_full_audit/mamba_kd_from_scratch_vit/failure_images/09665_true-cat_pred-dog.png,false_negative_for_cat;false_positive_for_dog
9668,cifar10_test_09668,/home/tariq/Desktop/Awais-Tariq/base-KD/data/cifar-10-batches-py/test_batch,9668,deer,horse,0.9942336678504944,False,True,/home/tariq/Desktop/Awais-Tariq/base-KD/reports/cifar10_full_audit/mamba_kd_from_scratch_vit/failure_images/09668_true-deer_pred-horse.png,false_negative_for_deer;false_positive_for_horse
9676,cifar10_test_09676,/home/tariq/Desktop/Awais-Tariq/base-KD/data/cifar-10-batches-py/test_batch,9676,cat,frog,0.8322399854660034,False,True,/home/tariq/Desktop/Awais-Tariq/base-KD/reports/cifar10_full_audit/mamba_kd_from_scratch_vit/failure_images/09676_true-cat_pred-frog.png,false_negative_for_cat;false_positive_for_frog
9690,cifar10_test_09690,/home/tariq/Desktop/Awais-Tariq/base-KD/data/cifar-10-batches-py/test_batch,9690,deer,bird,0.9322189688682556,False,True,/home/tariq/Desktop/Awais-Tariq/base-KD/reports/cifar10_full_audit/mamba_kd_from_scratch_vit/failure_images/09690_true-deer_pred-bird.png,false_negative_for_deer;false_positive_for_bird
9694,cifar10_test_09694,/home/tariq/Desktop/Awais-Tariq/base-KD/data/cifar-10-batches-py/test_batch,9694,automobile,frog,0.57146155834198,False,True,/home/tariq/Desktop/Awais-Tariq/base-KD/reports/cifar10_full_audit/mamba_kd_from_scratch_vit/failure_images/09694_true-automobile_pred-frog.png,false_negative_for_automobile;false_positive_for_frog
9699,cifar10_test_09699,/home/tariq/Desktop/Awais-Tariq/base-KD/data/cifar-10-batches-py/test_batch,9699,airplane,truck,0.9744675159454346,False,True,/home/tariq/Desktop/Awais-Tariq/base-KD/reports/cifar10_full_audit/mamba_kd_from_scratch_vit/failure_images/09699_true-airplane_pred-truck.png,false_negative_for_airplane;false_positive_for_truck
9707,cifar10_test_09707,/home/tariq/Desktop/Awais-Tariq/base-KD/data/cifar-10-batches-py/test_batch,9707,dog,horse,0.5918729901313782,False,True,/home/tariq/Desktop/Awais-Tariq/base-KD/reports/cifar10_full_audit/mamba_kd_from_scratch_vit/failure_images/09707_true-dog_pred-horse.png,false_negative_for_dog;false_positive_for_horse
9709,cifar10_test_09709,/home/tariq/Desktop/Awais-Tariq/base-KD/data/cifar-10-batches-py/test_batch,9709,airplane,horse,0.624715268611908,False,True,/home/tariq/Desktop/Awais-Tariq/base-KD/reports/cifar10_full_audit/mamba_kd_from_scratch_vit/failure_images/09709_true-airplane_pred-horse.png,false_negative_for_airplane;false_positive_for_horse
9710,cifar10_test_09710,/home/tariq/Desktop/Awais-Tariq/base-KD/data/cifar-10-batches-py/test_batch,9710,horse,dog,0.7961824536323547,False,True,/home/tariq/Desktop/Awais-Tariq/base-KD/reports/cifar10_full_audit/mamba_kd_from_scratch_vit/failure_images/09710_true-horse_pred-dog.png,false_negative_for_horse;false_positive_for_dog
9731,cifar10_test_09731,/home/tariq/Desktop/Awais-Tariq/base-KD/data/cifar-10-batches-py/test_batch,9731,bird,frog,0.7456120252609253,False,True,/home/tariq/Desktop/Awais-Tariq/base-KD/reports/cifar10_full_audit/mamba_kd_from_scratch_vit/failure_images/09731_true-bird_pred-frog.png,false_negative_for_bird;false_positive_for_frog
9734,cifar10_test_09734,/home/tariq/Desktop/Awais-Tariq/base-KD/data/cifar-10-batches-py/test_batch,9734,deer,horse,0.7112401723861694,False,True,/home/tariq/Desktop/Awais-Tariq/base-KD/reports/cifar10_full_audit/mamba_kd_from_scratch_vit/failure_images/09734_true-deer_pred-horse.png,false_negative_for_deer;false_positive_for_horse
9746,cifar10_test_09746,/home/tariq/Desktop/Awais-Tariq/base-KD/data/cifar-10-batches-py/test_batch,9746,bird,airplane,0.9330361485481262,False,True,/home/tariq/Desktop/Awais-Tariq/base-KD/reports/cifar10_full_audit/mamba_kd_from_scratch_vit/failure_images/09746_true-bird_pred-airplane.png,false_negative_for_bird;false_positive_for_airplane
9750,cifar10_test_09750,/home/tariq/Desktop/Awais-Tariq/base-KD/data/cifar-10-batches-py/test_batch,9750,bird,cat,0.8099263310432434,False,True,/home/tariq/Desktop/Awais-Tariq/base-KD/reports/cifar10_full_audit/mamba_kd_from_scratch_vit/failure_images/09750_true-bird_pred-cat.png,false_negative_for_bird;false_positive_for_cat
9753,cifar10_test_09753,/home/tariq/Desktop/Awais-Tariq/base-KD/data/cifar-10-batches-py/test_batch,9753,cat,dog,0.934524416923523,False,True,/home/tariq/Desktop/Awais-Tariq/base-KD/reports/cifar10_full_audit/mamba_kd_from_scratch_vit/failure_images/09753_true-cat_pred-dog.png,false_negative_for_cat;false_positive_for_dog
9756,cifar10_test_09756,/home/tariq/Desktop/Awais-Tariq/base-KD/data/cifar-10-batches-py/test_batch,9756,dog,horse,0.8553218245506287,False,True,/home/tariq/Desktop/Awais-Tariq/base-KD/reports/cifar10_full_audit/mamba_kd_from_scratch_vit/failure_images/09756_true-dog_pred-horse.png,false_negative_for_dog;false_positive_for_horse
9790,cifar10_test_09790,/home/tariq/Desktop/Awais-Tariq/base-KD/data/cifar-10-batches-py/test_batch,9790,ship,airplane,0.5803801417350769,False,True,/home/tariq/Desktop/Awais-Tariq/base-KD/reports/cifar10_full_audit/mamba_kd_from_scratch_vit/failure_images/09790_true-ship_pred-airplane.png,false_negative_for_ship;false_positive_for_airplane
9791,cifar10_test_09791,/home/tariq/Desktop/Awais-Tariq/base-KD/data/cifar-10-batches-py/test_batch,9791,truck,frog,0.5998844504356384,False,True,/home/tariq/Desktop/Awais-Tariq/base-KD/reports/cifar10_full_audit/mamba_kd_from_scratch_vit/failure_images/09791_true-truck_pred-frog.png,false_negative_for_truck;false_positive_for_frog
9793,cifar10_test_09793,/home/tariq/Desktop/Awais-Tariq/base-KD/data/cifar-10-batches-py/test_batch,9793,bird,dog,0.7573109269142151,False,True,/home/tariq/Desktop/Awais-Tariq/base-KD/reports/cifar10_full_audit/mamba_kd_from_scratch_vit/failure_images/09793_true-bird_pred-dog.png,false_negative_for_bird;false_positive_for_dog
9794,cifar10_test_09794,/home/tariq/Desktop/Awais-Tariq/base-KD/data/cifar-10-batches-py/test_batch,9794,automobile,airplane,0.7525658011436462,False,True,/home/tariq/Desktop/Awais-Tariq/base-KD/reports/cifar10_full_audit/mamba_kd_from_scratch_vit/failure_images/09794_true-automobile_pred-airplane.png,false_negative_for_automobile;false_positive_for_airplane
9817,cifar10_test_09817,/home/tariq/Desktop/Awais-Tariq/base-KD/data/cifar-10-batches-py/test_batch,9817,truck,automobile,0.9635746479034424,False,True,/home/tariq/Desktop/Awais-Tariq/base-KD/reports/cifar10_full_audit/mamba_kd_from_scratch_vit/failure_images/09817_true-truck_pred-automobile.png,false_negative_for_truck;false_positive_for_automobile
9819,cifar10_test_09819,/home/tariq/Desktop/Awais-Tariq/base-KD/data/cifar-10-batches-py/test_batch,9819,cat,dog,0.9962536096572876,False,True,/home/tariq/Desktop/Awais-Tariq/base-KD/reports/cifar10_full_audit/mamba_kd_from_scratch_vit/failure_images/09819_true-cat_pred-dog.png,false_negative_for_cat;false_positive_for_dog
9829,cifar10_test_09829,/home/tariq/Desktop/Awais-Tariq/base-KD/data/cifar-10-batches-py/test_batch,9829,dog,deer,0.7309351563453674,False,True,/home/tariq/Desktop/Awais-Tariq/base-KD/reports/cifar10_full_audit/mamba_kd_from_scratch_vit/failure_images/09829_true-dog_pred-deer.png,false_negative_for_dog;false_positive_for_deer
9832,cifar10_test_09832,/home/tariq/Desktop/Awais-Tariq/base-KD/data/cifar-10-batches-py/test_batch,9832,bird,frog,0.7013718485832214,False,False,/home/tariq/Desktop/Awais-Tariq/base-KD/reports/cifar10_full_audit/mamba_kd_from_scratch_vit/failure_images/09832_true-bird_pred-frog.png,false_negative_for_bird;false_positive_for_frog
9853,cifar10_test_09853,/home/tariq/Desktop/Awais-Tariq/base-KD/data/cifar-10-batches-py/test_batch,9853,dog,frog,0.31425368785858154,False,True,/home/tariq/Desktop/Awais-Tariq/base-KD/reports/cifar10_full_audit/mamba_kd_from_scratch_vit/failure_images/09853_true-dog_pred-frog.png,false_negative_for_dog;false_positive_for_frog
9857,cifar10_test_09857,/home/tariq/Desktop/Awais-Tariq/base-KD/data/cifar-10-batches-py/test_batch,9857,airplane,automobile,0.9221693873405457,False,True,/home/tariq/Desktop/Awais-Tariq/base-KD/reports/cifar10_full_audit/mamba_kd_from_scratch_vit/failure_images/09857_true-airplane_pred-automobile.png,false_negative_for_airplane;false_positive_for_automobile
9866,cifar10_test_09866,/home/tariq/Desktop/Awais-Tariq/base-KD/data/cifar-10-batches-py/test_batch,9866,automobile,truck,0.6481884717941284,False,True,/home/tariq/Desktop/Awais-Tariq/base-KD/reports/cifar10_full_audit/mamba_kd_from_scratch_vit/failure_images/09866_true-automobile_pred-truck.png,false_negative_for_automobile;false_positive_for_truck
9873,cifar10_test_09873,/home/tariq/Desktop/Awais-Tariq/base-KD/data/cifar-10-batches-py/test_batch,9873,bird,truck,0.46252405643463135,False,True,/home/tariq/Desktop/Awais-Tariq/base-KD/reports/cifar10_full_audit/mamba_kd_from_scratch_vit/failure_images/09873_true-bird_pred-truck.png,false_negative_for_bird;false_positive_for_truck
9883,cifar10_test_09883,/home/tariq/Desktop/Awais-Tariq/base-KD/data/cifar-10-batches-py/test_batch,9883,horse,airplane,0.48918232321739197,False,True,/home/tariq/Desktop/Awais-Tariq/base-KD/reports/cifar10_full_audit/mamba_kd_from_scratch_vit/failure_images/09883_true-horse_pred-airplane.png,false_negative_for_horse;false_positive_for_airplane
9891,cifar10_test_09891,/home/tariq/Desktop/Awais-Tariq/base-KD/data/cifar-10-batches-py/test_batch,9891,bird,horse,0.4565478265285492,False,True,/home/tariq/Desktop/Awais-Tariq/base-KD/reports/cifar10_full_audit/mamba_kd_from_scratch_vit/failure_images/09891_true-bird_pred-horse.png,false_negative_for_bird;false_positive_for_horse
9894,cifar10_test_09894,/home/tariq/Desktop/Awais-Tariq/base-KD/data/cifar-10-batches-py/test_batch,9894,automobile,airplane,0.9840003848075867,False,True,/home/tariq/Desktop/Awais-Tariq/base-KD/reports/cifar10_full_audit/mamba_kd_from_scratch_vit/failure_images/09894_true-automobile_pred-airplane.png,false_negative_for_automobile;false_positive_for_airplane
9901,cifar10_test_09901,/home/tariq/Desktop/Awais-Tariq/base-KD/data/cifar-10-batches-py/test_batch,9901,cat,dog,0.4838443100452423,False,True,/home/tariq/Desktop/Awais-Tariq/base-KD/reports/cifar10_full_audit/mamba_kd_from_scratch_vit/failure_images/09901_true-cat_pred-dog.png,false_negative_for_cat;false_positive_for_dog
9910,cifar10_test_09910,/home/tariq/Desktop/Awais-Tariq/base-KD/data/cifar-10-batches-py/test_batch,9910,deer,horse,0.9706968665122986,False,True,/home/tariq/Desktop/Awais-Tariq/base-KD/reports/cifar10_full_audit/mamba_kd_from_scratch_vit/failure_images/09910_true-deer_pred-horse.png,false_negative_for_deer;false_positive_for_horse
9911,cifar10_test_09911,/home/tariq/Desktop/Awais-Tariq/base-KD/data/cifar-10-batches-py/test_batch,9911,deer,horse,0.7628207802772522,False,True,/home/tariq/Desktop/Awais-Tariq/base-KD/reports/cifar10_full_audit/mamba_kd_from_scratch_vit/failure_images/09911_true-deer_pred-horse.png,false_negative_for_deer;false_positive_for_horse
9918,cifar10_test_09918,/home/tariq/Desktop/Awais-Tariq/base-KD/data/cifar-10-batches-py/test_batch,9918,dog,ship,0.2398088127374649,False,True,/home/tariq/Desktop/Awais-Tariq/base-KD/reports/cifar10_full_audit/mamba_kd_from_scratch_vit/failure_images/09918_true-dog_pred-ship.png,false_negative_for_dog;false_positive_for_ship
9923,cifar10_test_09923,/home/tariq/Desktop/Awais-Tariq/base-KD/data/cifar-10-batches-py/test_batch,9923,horse,airplane,0.85478675365448,False,True,/home/tariq/Desktop/Awais-Tariq/base-KD/reports/cifar10_full_audit/mamba_kd_from_scratch_vit/failure_images/09923_true-horse_pred-airplane.png,false_negative_for_horse;false_positive_for_airplane
9926,cifar10_test_09926,/home/tariq/Desktop/Awais-Tariq/base-KD/data/cifar-10-batches-py/test_batch,9926,cat,frog,0.8966111540794373,False,True,/home/tariq/Desktop/Awais-Tariq/base-KD/reports/cifar10_full_audit/mamba_kd_from_scratch_vit/failure_images/09926_true-cat_pred-frog.png,false_negative_for_cat;false_positive_for_frog
9933,cifar10_test_09933,/home/tariq/Desktop/Awais-Tariq/base-KD/data/cifar-10-batches-py/test_batch,9933,horse,bird,0.5604240298271179,False,True,/home/tariq/Desktop/Awais-Tariq/base-KD/reports/cifar10_full_audit/mamba_kd_from_scratch_vit/failure_images/09933_true-horse_pred-bird.png,false_negative_for_horse;false_positive_for_bird
9934,cifar10_test_09934,/home/tariq/Desktop/Awais-Tariq/base-KD/data/cifar-10-batches-py/test_batch,9934,deer,horse,0.9353905916213989,False,True,/home/tariq/Desktop/Awais-Tariq/base-KD/reports/cifar10_full_audit/mamba_kd_from_scratch_vit/failure_images/09934_true-deer_pred-horse.png,false_negative_for_deer;false_positive_for_horse
9943,cifar10_test_09943,/home/tariq/Desktop/Awais-Tariq/base-KD/data/cifar-10-batches-py/test_batch,9943,horse,airplane,0.6849357485771179,False,True,/home/tariq/Desktop/Awais-Tariq/base-KD/reports/cifar10_full_audit/mamba_kd_from_scratch_vit/failure_images/09943_true-horse_pred-airplane.png,false_negative_for_horse;false_positive_for_airplane
9947,cifar10_test_09947,/home/tariq/Desktop/Awais-Tariq/base-KD/data/cifar-10-batches-py/test_batch,9947,cat,frog,0.8847999572753906,False,True,/home/tariq/Desktop/Awais-Tariq/base-KD/reports/cifar10_full_audit/mamba_kd_from_scratch_vit/failure_images/09947_true-cat_pred-frog.png,false_negative_for_cat;false_positive_for_frog
9959,cifar10_test_09959,/home/tariq/Desktop/Awais-Tariq/base-KD/data/cifar-10-batches-py/test_batch,9959,bird,cat,0.9507259726524353,False,True,/home/tariq/Desktop/Awais-Tariq/base-KD/reports/cifar10_full_audit/mamba_kd_from_scratch_vit/failure_images/09959_true-bird_pred-cat.png,false_negative_for_bird;false_positive_for_cat
9960,cifar10_test_09960,/home/tariq/Desktop/Awais-Tariq/base-KD/data/cifar-10-batches-py/test_batch,9960,bird,airplane,0.9393897652626038,False,True,/home/tariq/Desktop/Awais-Tariq/base-KD/reports/cifar10_full_audit/mamba_kd_from_scratch_vit/failure_images/09960_true-bird_pred-airplane.png,false_negative_for_bird;false_positive_for_airplane
9968,cifar10_test_09968,/home/tariq/Desktop/Awais-Tariq/base-KD/data/cifar-10-batches-py/test_batch,9968,cat,dog,0.8827075362205505,False,True,/home/tariq/Desktop/Awais-Tariq/base-KD/reports/cifar10_full_audit/mamba_kd_from_scratch_vit/failure_images/09968_true-cat_pred-dog.png,false_negative_for_cat;false_positive_for_dog
9982,cifar10_test_09982,/home/tariq/Desktop/Awais-Tariq/base-KD/data/cifar-10-batches-py/test_batch,9982,bird,frog,0.9890166521072388,False,True,/home/tariq/Desktop/Awais-Tariq/base-KD/reports/cifar10_full_audit/mamba_kd_from_scratch_vit/failure_images/09982_true-bird_pred-frog.png,false_negative_for_bird;false_positive_for_frog
9989,cifar10_test_09989,/home/tariq/Desktop/Awais-Tariq/base-KD/data/cifar-10-batches-py/test_batch,9989,bird,deer,0.870658278465271,False,True,/home/tariq/Desktop/Awais-Tariq/base-KD/reports/cifar10_full_audit/mamba_kd_from_scratch_vit/failure_images/09989_true-bird_pred-deer.png,false_negative_for_bird;false_positive_for_deer
9996,cifar10_test_09996,/home/tariq/Desktop/Awais-Tariq/base-KD/data/cifar-10-batches-py/test_batch,9996,cat,dog,0.7697480320930481,False,True,/home/tariq/Desktop/Awais-Tariq/base-KD/reports/cifar10_full_audit/mamba_kd_from_scratch_vit/failure_images/09996_true-cat_pred-dog.png,false_negative_for_cat;false_positive_for_dog
