test_index,image_id,source_path,source_record_index,true_class,predicted_class,confidence,top1_correct,top5_correct,saved_image,error_type
33,cifar10_test_00033,/home/tariq/Desktop/Awais-Tariq/base-KD/data/cifar-10-batches-py/test_batch,33,dog,bird,0.4993424713611603,False,True,/home/tariq/Desktop/Awais-Tariq/base-KD/reports/cifar10_full_audit/mamba_kd_from_pretrained_vit/failure_images/00033_true-dog_pred-bird.png,false_negative_for_dog;false_positive_for_bird
35,cifar10_test_00035,/home/tariq/Desktop/Awais-Tariq/base-KD/data/cifar-10-batches-py/test_batch,35,bird,cat,0.7804816961288452,False,True,/home/tariq/Desktop/Awais-Tariq/base-KD/reports/cifar10_full_audit/mamba_kd_from_pretrained_vit/failure_images/00035_true-bird_pred-cat.png,false_negative_for_bird;false_positive_for_cat
36,cifar10_test_00036,/home/tariq/Desktop/Awais-Tariq/base-KD/data/cifar-10-batches-py/test_batch,36,deer,horse,0.8876046538352966,False,True,/home/tariq/Desktop/Awais-Tariq/base-KD/reports/cifar10_full_audit/mamba_kd_from_pretrained_vit/failure_images/00036_true-deer_pred-horse.png,false_negative_for_deer;false_positive_for_horse
37,cifar10_test_00037,/home/tariq/Desktop/Awais-Tariq/base-KD/data/cifar-10-batches-py/test_batch,37,automobile,truck,0.8835192322731018,False,True,/home/tariq/Desktop/Awais-Tariq/base-KD/reports/cifar10_full_audit/mamba_kd_from_pretrained_vit/failure_images/00037_true-automobile_pred-truck.png,false_negative_for_automobile;false_positive_for_truck
52,cifar10_test_00052,/home/tariq/Desktop/Awais-Tariq/base-KD/data/cifar-10-batches-py/test_batch,52,airplane,horse,0.4708155393600464,False,False,/home/tariq/Desktop/Awais-Tariq/base-KD/reports/cifar10_full_audit/mamba_kd_from_pretrained_vit/failure_images/00052_true-airplane_pred-horse.png,false_negative_for_airplane;false_positive_for_horse
57,cifar10_test_00057,/home/tariq/Desktop/Awais-Tariq/base-KD/data/cifar-10-batches-py/test_batch,57,horse,dog,0.9998277425765991,False,True,/home/tariq/Desktop/Awais-Tariq/base-KD/reports/cifar10_full_audit/mamba_kd_from_pretrained_vit/failure_images/00057_true-horse_pred-dog.png,false_negative_for_horse;false_positive_for_dog
58,cifar10_test_00058,/home/tariq/Desktop/Awais-Tariq/base-KD/data/cifar-10-batches-py/test_batch,58,deer,cat,0.9989436268806458,False,True,/home/tariq/Desktop/Awais-Tariq/base-KD/reports/cifar10_full_audit/mamba_kd_from_pretrained_vit/failure_images/00058_true-deer_pred-cat.png,false_negative_for_deer;false_positive_for_cat
59,cifar10_test_00059,/home/tariq/Desktop/Awais-Tariq/base-KD/data/cifar-10-batches-py/test_batch,59,frog,bird,0.999860405921936,False,True,/home/tariq/Desktop/Awais-Tariq/base-KD/reports/cifar10_full_audit/mamba_kd_from_pretrained_vit/failure_images/00059_true-frog_pred-bird.png,false_negative_for_frog;false_positive_for_bird
61,cifar10_test_00061,/home/tariq/Desktop/Awais-Tariq/base-KD/data/cifar-10-batches-py/test_batch,61,cat,dog,0.9999992847442627,False,True,/home/tariq/Desktop/Awais-Tariq/base-KD/reports/cifar10_full_audit/mamba_kd_from_pretrained_vit/failure_images/00061_true-cat_pred-dog.png,false_negative_for_cat;false_positive_for_dog
81,cifar10_test_00081,/home/tariq/Desktop/Awais-Tariq/base-KD/data/cifar-10-batches-py/test_batch,81,automobile,ship,0.8997949361801147,False,True,/home/tariq/Desktop/Awais-Tariq/base-KD/reports/cifar10_full_audit/mamba_kd_from_pretrained_vit/failure_images/00081_true-automobile_pred-ship.png,false_negative_for_automobile;false_positive_for_ship
118,cifar10_test_00118,/home/tariq/Desktop/Awais-Tariq/base-KD/data/cifar-10-batches-py/test_batch,118,bird,cat,0.9871282577514648,False,True,/home/tariq/Desktop/Awais-Tariq/base-KD/reports/cifar10_full_audit/mamba_kd_from_pretrained_vit/failure_images/00118_true-bird_pred-cat.png,false_negative_for_bird;false_positive_for_cat
125,cifar10_test_00125,/home/tariq/Desktop/Awais-Tariq/base-KD/data/cifar-10-batches-py/test_batch,125,airplane,bird,0.8352269530296326,False,True,/home/tariq/Desktop/Awais-Tariq/base-KD/reports/cifar10_full_audit/mamba_kd_from_pretrained_vit/failure_images/00125_true-airplane_pred-bird.png,false_negative_for_airplane;false_positive_for_bird
147,cifar10_test_00147,/home/tariq/Desktop/Awais-Tariq/base-KD/data/cifar-10-batches-py/test_batch,147,bird,dog,0.9971816539764404,False,True,/home/tariq/Desktop/Awais-Tariq/base-KD/reports/cifar10_full_audit/mamba_kd_from_pretrained_vit/failure_images/00147_true-bird_pred-dog.png,false_negative_for_bird;false_positive_for_dog
158,cifar10_test_00158,/home/tariq/Desktop/Awais-Tariq/base-KD/data/cifar-10-batches-py/test_batch,158,dog,cat,0.8800869584083557,False,True,/home/tariq/Desktop/Awais-Tariq/base-KD/reports/cifar10_full_audit/mamba_kd_from_pretrained_vit/failure_images/00158_true-dog_pred-cat.png,false_negative_for_dog;false_positive_for_cat
165,cifar10_test_00165,/home/tariq/Desktop/Awais-Tariq/base-KD/data/cifar-10-batches-py/test_batch,165,deer,bird,0.9999685287475586,False,True,/home/tariq/Desktop/Awais-Tariq/base-KD/reports/cifar10_full_audit/mamba_kd_from_pretrained_vit/failure_images/00165_true-deer_pred-bird.png,false_negative_for_deer;false_positive_for_bird
169,cifar10_test_00169,/home/tariq/Desktop/Awais-Tariq/base-KD/data/cifar-10-batches-py/test_batch,169,airplane,ship,0.9913228750228882,False,True,/home/tariq/Desktop/Awais-Tariq/base-KD/reports/cifar10_full_audit/mamba_kd_from_pretrained_vit/failure_images/00169_true-airplane_pred-ship.png,false_negative_for_airplane;false_positive_for_ship
178,cifar10_test_00178,/home/tariq/Desktop/Awais-Tariq/base-KD/data/cifar-10-batches-py/test_batch,178,dog,cat,0.999924898147583,False,True,/home/tariq/Desktop/Awais-Tariq/base-KD/reports/cifar10_full_audit/mamba_kd_from_pretrained_vit/failure_images/00178_true-dog_pred-cat.png,false_negative_for_dog;false_positive_for_cat
188,cifar10_test_00188,/home/tariq/Desktop/Awais-Tariq/base-KD/data/cifar-10-batches-py/test_batch,188,deer,cat,0.9998207688331604,False,True,/home/tariq/Desktop/Awais-Tariq/base-KD/reports/cifar10_full_audit/mamba_kd_from_pretrained_vit/failure_images/00188_true-deer_pred-cat.png,false_negative_for_deer;false_positive_for_cat
221,cifar10_test_00221,/home/tariq/Desktop/Awais-Tariq/base-KD/data/cifar-10-batches-py/test_batch,221,frog,dog,0.614282488822937,False,True,/home/tariq/Desktop/Awais-Tariq/base-KD/reports/cifar10_full_audit/mamba_kd_from_pretrained_vit/failure_images/00221_true-frog_pred-dog.png,false_negative_for_frog;false_positive_for_dog
223,cifar10_test_00223,/home/tariq/Desktop/Awais-Tariq/base-KD/data/cifar-10-batches-py/test_batch,223,deer,cat,0.5015942454338074,False,True,/home/tariq/Desktop/Awais-Tariq/base-KD/reports/cifar10_full_audit/mamba_kd_from_pretrained_vit/failure_images/00223_true-deer_pred-cat.png,false_negative_for_deer;false_positive_for_cat
232,cifar10_test_00232,/home/tariq/Desktop/Awais-Tariq/base-KD/data/cifar-10-batches-py/test_batch,232,dog,cat,0.9996702671051025,False,True,/home/tariq/Desktop/Awais-Tariq/base-KD/reports/cifar10_full_audit/mamba_kd_from_pretrained_vit/failure_images/00232_true-dog_pred-cat.png,false_negative_for_dog;false_positive_for_cat
258,cifar10_test_00258,/home/tariq/Desktop/Awais-Tariq/base-KD/data/cifar-10-batches-py/test_batch,258,airplane,ship,0.5372495651245117,False,True,/home/tariq/Desktop/Awais-Tariq/base-KD/reports/cifar10_full_audit/mamba_kd_from_pretrained_vit/failure_images/00258_true-airplane_pred-ship.png,false_negative_for_airplane;false_positive_for_ship
262,cifar10_test_00262,/home/tariq/Desktop/Awais-Tariq/base-KD/data/cifar-10-batches-py/test_batch,262,dog,cat,0.9679849743843079,False,True,/home/tariq/Desktop/Awais-Tariq/base-KD/reports/cifar10_full_audit/mamba_kd_from_pretrained_vit/failure_images/00262_true-dog_pred-cat.png,false_negative_for_dog;false_positive_for_cat
263,cifar10_test_00263,/home/tariq/Desktop/Awais-Tariq/base-KD/data/cifar-10-batches-py/test_batch,263,horse,cat,0.9822399616241455,False,True,/home/tariq/Desktop/Awais-Tariq/base-KD/reports/cifar10_full_audit/mamba_kd_from_pretrained_vit/failure_images/00263_true-horse_pred-cat.png,false_negative_for_horse;false_positive_for_cat
264,cifar10_test_00264,/home/tariq/Desktop/Awais-Tariq/base-KD/data/cifar-10-batches-py/test_batch,264,airplane,ship,0.9851270318031311,False,True,/home/tariq/Desktop/Awais-Tariq/base-KD/reports/cifar10_full_audit/mamba_kd_from_pretrained_vit/failure_images/00264_true-airplane_pred-ship.png,false_negative_for_airplane;false_positive_for_ship
271,cifar10_test_00271,/home/tariq/Desktop/Awais-Tariq/base-KD/data/cifar-10-batches-py/test_batch,271,cat,dog,0.9996263980865479,False,True,/home/tariq/Desktop/Awais-Tariq/base-KD/reports/cifar10_full_audit/mamba_kd_from_pretrained_vit/failure_images/00271_true-cat_pred-dog.png,false_negative_for_cat;false_positive_for_dog
275,cifar10_test_00275,/home/tariq/Desktop/Awais-Tariq/base-KD/data/cifar-10-batches-py/test_batch,275,dog,cat,0.9734212160110474,False,True,/home/tariq/Desktop/Awais-Tariq/base-KD/reports/cifar10_full_audit/mamba_kd_from_pretrained_vit/failure_images/00275_true-dog_pred-cat.png,false_negative_for_dog;false_positive_for_cat
287,cifar10_test_00287,/home/tariq/Desktop/Awais-Tariq/base-KD/data/cifar-10-batches-py/test_batch,287,airplane,ship,0.9909060001373291,False,True,/home/tariq/Desktop/Awais-Tariq/base-KD/reports/cifar10_full_audit/mamba_kd_from_pretrained_vit/failure_images/00287_true-airplane_pred-ship.png,false_negative_for_airplane;false_positive_for_ship
308,cifar10_test_00308,/home/tariq/Desktop/Awais-Tariq/base-KD/data/cifar-10-batches-py/test_batch,308,automobile,truck,0.9615762829780579,False,True,/home/tariq/Desktop/Awais-Tariq/base-KD/reports/cifar10_full_audit/mamba_kd_from_pretrained_vit/failure_images/00308_true-automobile_pred-truck.png,false_negative_for_automobile;false_positive_for_truck
309,cifar10_test_00309,/home/tariq/Desktop/Awais-Tariq/base-KD/data/cifar-10-batches-py/test_batch,309,frog,bird,0.9996080994606018,False,True,/home/tariq/Desktop/Awais-Tariq/base-KD/reports/cifar10_full_audit/mamba_kd_from_pretrained_vit/failure_images/00309_true-frog_pred-bird.png,false_negative_for_frog;false_positive_for_bird
312,cifar10_test_00312,/home/tariq/Desktop/Awais-Tariq/base-KD/data/cifar-10-batches-py/test_batch,312,ship,airplane,0.9612980484962463,False,True,/home/tariq/Desktop/Awais-Tariq/base-KD/reports/cifar10_full_audit/mamba_kd_from_pretrained_vit/failure_images/00312_true-ship_pred-airplane.png,false_negative_for_ship;false_positive_for_airplane
313,cifar10_test_00313,/home/tariq/Desktop/Awais-Tariq/base-KD/data/cifar-10-batches-py/test_batch,313,airplane,bird,0.9950627684593201,False,True,/home/tariq/Desktop/Awais-Tariq/base-KD/reports/cifar10_full_audit/mamba_kd_from_pretrained_vit/failure_images/00313_true-airplane_pred-bird.png,false_negative_for_airplane;false_positive_for_bird
324,cifar10_test_00324,/home/tariq/Desktop/Awais-Tariq/base-KD/data/cifar-10-batches-py/test_batch,324,deer,dog,0.7337002754211426,False,True,/home/tariq/Desktop/Awais-Tariq/base-KD/reports/cifar10_full_audit/mamba_kd_from_pretrained_vit/failure_images/00324_true-deer_pred-dog.png,false_negative_for_deer;false_positive_for_dog
340,cifar10_test_00340,/home/tariq/Desktop/Awais-Tariq/base-KD/data/cifar-10-batches-py/test_batch,340,bird,cat,0.9875231385231018,False,True,/home/tariq/Desktop/Awais-Tariq/base-KD/reports/cifar10_full_audit/mamba_kd_from_pretrained_vit/failure_images/00340_true-bird_pred-cat.png,false_negative_for_bird;false_positive_for_cat
354,cifar10_test_00354,/home/tariq/Desktop/Awais-Tariq/base-KD/data/cifar-10-batches-py/test_batch,354,bird,cat,0.8540351986885071,False,True,/home/tariq/Desktop/Awais-Tariq/base-KD/reports/cifar10_full_audit/mamba_kd_from_pretrained_vit/failure_images/00354_true-bird_pred-cat.png,false_negative_for_bird;false_positive_for_cat
355,cifar10_test_00355,/home/tariq/Desktop/Awais-Tariq/base-KD/data/cifar-10-batches-py/test_batch,355,horse,cat,0.8554996848106384,False,True,/home/tariq/Desktop/Awais-Tariq/base-KD/reports/cifar10_full_audit/mamba_kd_from_pretrained_vit/failure_images/00355_true-horse_pred-cat.png,false_negative_for_horse;false_positive_for_cat
356,cifar10_test_00356,/home/tariq/Desktop/Awais-Tariq/base-KD/data/cifar-10-batches-py/test_batch,356,cat,frog,0.6209800839424133,False,True,/home/tariq/Desktop/Awais-Tariq/base-KD/reports/cifar10_full_audit/mamba_kd_from_pretrained_vit/failure_images/00356_true-cat_pred-frog.png,false_negative_for_cat;false_positive_for_frog
363,cifar10_test_00363,/home/tariq/Desktop/Awais-Tariq/base-KD/data/cifar-10-batches-py/test_batch,363,automobile,airplane,0.9884131550788879,False,True,/home/tariq/Desktop/Awais-Tariq/base-KD/reports/cifar10_full_audit/mamba_kd_from_pretrained_vit/failure_images/00363_true-automobile_pred-airplane.png,false_negative_for_automobile;false_positive_for_airplane
376,cifar10_test_00376,/home/tariq/Desktop/Awais-Tariq/base-KD/data/cifar-10-batches-py/test_batch,376,airplane,bird,0.7131716012954712,False,True,/home/tariq/Desktop/Awais-Tariq/base-KD/reports/cifar10_full_audit/mamba_kd_from_pretrained_vit/failure_images/00376_true-airplane_pred-bird.png,false_negative_for_airplane;false_positive_for_bird
378,cifar10_test_00378,/home/tariq/Desktop/Awais-Tariq/base-KD/data/cifar-10-batches-py/test_batch,378,airplane,ship,0.5629192590713501,False,True,/home/tariq/Desktop/Awais-Tariq/base-KD/reports/cifar10_full_audit/mamba_kd_from_pretrained_vit/failure_images/00378_true-airplane_pred-ship.png,false_negative_for_airplane;false_positive_for_ship
384,cifar10_test_00384,/home/tariq/Desktop/Awais-Tariq/base-KD/data/cifar-10-batches-py/test_batch,384,bird,dog,0.6892788410186768,False,True,/home/tariq/Desktop/Awais-Tariq/base-KD/reports/cifar10_full_audit/mamba_kd_from_pretrained_vit/failure_images/00384_true-bird_pred-dog.png,false_negative_for_bird;false_positive_for_dog
405,cifar10_test_00405,/home/tariq/Desktop/Awais-Tariq/base-KD/data/cifar-10-batches-py/test_batch,405,deer,cat,0.8505240082740784,False,True,/home/tariq/Desktop/Awais-Tariq/base-KD/reports/cifar10_full_audit/mamba_kd_from_pretrained_vit/failure_images/00405_true-deer_pred-cat.png,false_negative_for_deer;false_positive_for_cat
412,cifar10_test_00412,/home/tariq/Desktop/Awais-Tariq/base-KD/data/cifar-10-batches-py/test_batch,412,cat,dog,0.9876053333282471,False,True,/home/tariq/Desktop/Awais-Tariq/base-KD/reports/cifar10_full_audit/mamba_kd_from_pretrained_vit/failure_images/00412_true-cat_pred-dog.png,false_negative_for_cat;false_positive_for_dog
426,cifar10_test_00426,/home/tariq/Desktop/Awais-Tariq/base-KD/data/cifar-10-batches-py/test_batch,426,cat,frog,0.9999505281448364,False,True,/home/tariq/Desktop/Awais-Tariq/base-KD/reports/cifar10_full_audit/mamba_kd_from_pretrained_vit/failure_images/00426_true-cat_pred-frog.png,false_negative_for_cat;false_positive_for_frog
433,cifar10_test_00433,/home/tariq/Desktop/Awais-Tariq/base-KD/data/cifar-10-batches-py/test_batch,433,horse,deer,0.9939051270484924,False,True,/home/tariq/Desktop/Awais-Tariq/base-KD/reports/cifar10_full_audit/mamba_kd_from_pretrained_vit/failure_images/00433_true-horse_pred-deer.png,false_negative_for_horse;false_positive_for_deer
449,cifar10_test_00449,/home/tariq/Desktop/Awais-Tariq/base-KD/data/cifar-10-batches-py/test_batch,449,bird,airplane,0.8212109208106995,False,True,/home/tariq/Desktop/Awais-Tariq/base-KD/reports/cifar10_full_audit/mamba_kd_from_pretrained_vit/failure_images/00449_true-bird_pred-airplane.png,false_negative_for_bird;false_positive_for_airplane
456,cifar10_test_00456,/home/tariq/Desktop/Awais-Tariq/base-KD/data/cifar-10-batches-py/test_batch,456,cat,deer,0.680765688419342,False,True,/home/tariq/Desktop/Awais-Tariq/base-KD/reports/cifar10_full_audit/mamba_kd_from_pretrained_vit/failure_images/00456_true-cat_pred-deer.png,false_negative_for_cat;false_positive_for_deer
458,cifar10_test_00458,/home/tariq/Desktop/Awais-Tariq/base-KD/data/cifar-10-batches-py/test_batch,458,deer,cat,0.9995567202568054,False,True,/home/tariq/Desktop/Awais-Tariq/base-KD/reports/cifar10_full_audit/mamba_kd_from_pretrained_vit/failure_images/00458_true-deer_pred-cat.png,false_negative_for_deer;false_positive_for_cat
463,cifar10_test_00463,/home/tariq/Desktop/Awais-Tariq/base-KD/data/cifar-10-batches-py/test_batch,463,deer,dog,0.999980092048645,False,True,/home/tariq/Desktop/Awais-Tariq/base-KD/reports/cifar10_full_audit/mamba_kd_from_pretrained_vit/failure_images/00463_true-deer_pred-dog.png,false_negative_for_deer;false_positive_for_dog
470,cifar10_test_00470,/home/tariq/Desktop/Awais-Tariq/base-KD/data/cifar-10-batches-py/test_batch,470,cat,dog,0.9957351684570312,False,True,/home/tariq/Desktop/Awais-Tariq/base-KD/reports/cifar10_full_audit/mamba_kd_from_pretrained_vit/failure_images/00470_true-cat_pred-dog.png,false_negative_for_cat;false_positive_for_dog
485,cifar10_test_00485,/home/tariq/Desktop/Awais-Tariq/base-KD/data/cifar-10-batches-py/test_batch,485,truck,airplane,0.5798607468605042,False,True,/home/tariq/Desktop/Awais-Tariq/base-KD/reports/cifar10_full_audit/mamba_kd_from_pretrained_vit/failure_images/00485_true-truck_pred-airplane.png,false_negative_for_truck;false_positive_for_airplane
520,cifar10_test_00520,/home/tariq/Desktop/Awais-Tariq/base-KD/data/cifar-10-batches-py/test_batch,520,dog,cat,0.5076035261154175,False,True,/home/tariq/Desktop/Awais-Tariq/base-KD/reports/cifar10_full_audit/mamba_kd_from_pretrained_vit/failure_images/00520_true-dog_pred-cat.png,false_negative_for_dog;false_positive_for_cat
526,cifar10_test_00526,/home/tariq/Desktop/Awais-Tariq/base-KD/data/cifar-10-batches-py/test_batch,526,airplane,deer,0.7948104739189148,False,True,/home/tariq/Desktop/Awais-Tariq/base-KD/reports/cifar10_full_audit/mamba_kd_from_pretrained_vit/failure_images/00526_true-airplane_pred-deer.png,false_negative_for_airplane;false_positive_for_deer
531,cifar10_test_00531,/home/tariq/Desktop/Awais-Tariq/base-KD/data/cifar-10-batches-py/test_batch,531,airplane,cat,0.9605528712272644,False,True,/home/tariq/Desktop/Awais-Tariq/base-KD/reports/cifar10_full_audit/mamba_kd_from_pretrained_vit/failure_images/00531_true-airplane_pred-cat.png,false_negative_for_airplane;false_positive_for_cat
551,cifar10_test_00551,/home/tariq/Desktop/Awais-Tariq/base-KD/data/cifar-10-batches-py/test_batch,551,dog,cat,0.9900362491607666,False,True,/home/tariq/Desktop/Awais-Tariq/base-KD/reports/cifar10_full_audit/mamba_kd_from_pretrained_vit/failure_images/00551_true-dog_pred-cat.png,false_negative_for_dog;false_positive_for_cat
556,cifar10_test_00556,/home/tariq/Desktop/Awais-Tariq/base-KD/data/cifar-10-batches-py/test_batch,556,frog,cat,0.9995408058166504,False,True,/home/tariq/Desktop/Awais-Tariq/base-KD/reports/cifar10_full_audit/mamba_kd_from_pretrained_vit/failure_images/00556_true-frog_pred-cat.png,false_negative_for_frog;false_positive_for_cat
565,cifar10_test_00565,/home/tariq/Desktop/Awais-Tariq/base-KD/data/cifar-10-batches-py/test_batch,565,cat,dog,0.6786351203918457,False,True,/home/tariq/Desktop/Awais-Tariq/base-KD/reports/cifar10_full_audit/mamba_kd_from_pretrained_vit/failure_images/00565_true-cat_pred-dog.png,false_negative_for_cat;false_positive_for_dog
567,cifar10_test_00567,/home/tariq/Desktop/Awais-Tariq/base-KD/data/cifar-10-batches-py/test_batch,567,horse,cat,0.9994475245475769,False,True,/home/tariq/Desktop/Awais-Tariq/base-KD/reports/cifar10_full_audit/mamba_kd_from_pretrained_vit/failure_images/00567_true-horse_pred-cat.png,false_negative_for_horse;false_positive_for_cat
570,cifar10_test_00570,/home/tariq/Desktop/Awais-Tariq/base-KD/data/cifar-10-batches-py/test_batch,570,frog,bird,0.9671878814697266,False,True,/home/tariq/Desktop/Awais-Tariq/base-KD/reports/cifar10_full_audit/mamba_kd_from_pretrained_vit/failure_images/00570_true-frog_pred-bird.png,false_negative_for_frog;false_positive_for_bird
577,cifar10_test_00577,/home/tariq/Desktop/Awais-Tariq/base-KD/data/cifar-10-batches-py/test_batch,577,truck,ship,0.9814867377281189,False,True,/home/tariq/Desktop/Awais-Tariq/base-KD/reports/cifar10_full_audit/mamba_kd_from_pretrained_vit/failure_images/00577_true-truck_pred-ship.png,false_negative_for_truck;false_positive_for_ship
615,cifar10_test_00615,/home/tariq/Desktop/Awais-Tariq/base-KD/data/cifar-10-batches-py/test_batch,615,ship,truck,0.9956784844398499,False,True,/home/tariq/Desktop/Awais-Tariq/base-KD/reports/cifar10_full_audit/mamba_kd_from_pretrained_vit/failure_images/00615_true-ship_pred-truck.png,false_negative_for_ship;false_positive_for_truck
652,cifar10_test_00652,/home/tariq/Desktop/Awais-Tariq/base-KD/data/cifar-10-batches-py/test_batch,652,dog,cat,0.6152637600898743,False,True,/home/tariq/Desktop/Awais-Tariq/base-KD/reports/cifar10_full_audit/mamba_kd_from_pretrained_vit/failure_images/00652_true-dog_pred-cat.png,false_negative_for_dog;false_positive_for_cat
655,cifar10_test_00655,/home/tariq/Desktop/Awais-Tariq/base-KD/data/cifar-10-batches-py/test_batch,655,bird,deer,0.5109692215919495,False,True,/home/tariq/Desktop/Awais-Tariq/base-KD/reports/cifar10_full_audit/mamba_kd_from_pretrained_vit/failure_images/00655_true-bird_pred-deer.png,false_negative_for_bird;false_positive_for_deer
665,cifar10_test_00665,/home/tariq/Desktop/Awais-Tariq/base-KD/data/cifar-10-batches-py/test_batch,665,ship,airplane,0.9990314245223999,False,True,/home/tariq/Desktop/Awais-Tariq/base-KD/reports/cifar10_full_audit/mamba_kd_from_pretrained_vit/failure_images/00665_true-ship_pred-airplane.png,false_negative_for_ship;false_positive_for_airplane
683,cifar10_test_00683,/home/tariq/Desktop/Awais-Tariq/base-KD/data/cifar-10-batches-py/test_batch,683,ship,airplane,0.9999867677688599,False,True,/home/tariq/Desktop/Awais-Tariq/base-KD/reports/cifar10_full_audit/mamba_kd_from_pretrained_vit/failure_images/00683_true-ship_pred-airplane.png,false_negative_for_ship;false_positive_for_airplane
692,cifar10_test_00692,/home/tariq/Desktop/Awais-Tariq/base-KD/data/cifar-10-batches-py/test_batch,692,bird,airplane,0.84685218334198,False,True,/home/tariq/Desktop/Awais-Tariq/base-KD/reports/cifar10_full_audit/mamba_kd_from_pretrained_vit/failure_images/00692_true-bird_pred-airplane.png,false_negative_for_bird;false_positive_for_airplane
725,cifar10_test_00725,/home/tariq/Desktop/Awais-Tariq/base-KD/data/cifar-10-batches-py/test_batch,725,bird,airplane,0.4464241564273834,False,True,/home/tariq/Desktop/Awais-Tariq/base-KD/reports/cifar10_full_audit/mamba_kd_from_pretrained_vit/failure_images/00725_true-bird_pred-airplane.png,false_negative_for_bird;false_positive_for_airplane
734,cifar10_test_00734,/home/tariq/Desktop/Awais-Tariq/base-KD/data/cifar-10-batches-py/test_batch,734,truck,automobile,0.9772878885269165,False,True,/home/tariq/Desktop/Awais-Tariq/base-KD/reports/cifar10_full_audit/mamba_kd_from_pretrained_vit/failure_images/00734_true-truck_pred-automobile.png,false_negative_for_truck;false_positive_for_automobile
735,cifar10_test_00735,/home/tariq/Desktop/Awais-Tariq/base-KD/data/cifar-10-batches-py/test_batch,735,deer,bird,0.9999394416809082,False,True,/home/tariq/Desktop/Awais-Tariq/base-KD/reports/cifar10_full_audit/mamba_kd_from_pretrained_vit/failure_images/00735_true-deer_pred-bird.png,false_negative_for_deer;false_positive_for_bird
739,cifar10_test_00739,/home/tariq/Desktop/Awais-Tariq/base-KD/data/cifar-10-batches-py/test_batch,739,cat,horse,0.9998396635055542,False,True,/home/tariq/Desktop/Awais-Tariq/base-KD/reports/cifar10_full_audit/mamba_kd_from_pretrained_vit/failure_images/00739_true-cat_pred-horse.png,false_negative_for_cat;false_positive_for_horse
751,cifar10_test_00751,/home/tariq/Desktop/Awais-Tariq/base-KD/data/cifar-10-batches-py/test_batch,751,bird,airplane,0.9079471230506897,False,True,/home/tariq/Desktop/Awais-Tariq/base-KD/reports/cifar10_full_audit/mamba_kd_from_pretrained_vit/failure_images/00751_true-bird_pred-airplane.png,false_negative_for_bird;false_positive_for_airplane
760,cifar10_test_00760,/home/tariq/Desktop/Awais-Tariq/base-KD/data/cifar-10-batches-py/test_batch,760,cat,dog,0.8531185388565063,False,True,/home/tariq/Desktop/Awais-Tariq/base-KD/reports/cifar10_full_audit/mamba_kd_from_pretrained_vit/failure_images/00760_true-cat_pred-dog.png,false_negative_for_cat;false_positive_for_dog
767,cifar10_test_00767,/home/tariq/Desktop/Awais-Tariq/base-KD/data/cifar-10-batches-py/test_batch,767,airplane,truck,0.7324477434158325,False,True,/home/tariq/Desktop/Awais-Tariq/base-KD/reports/cifar10_full_audit/mamba_kd_from_pretrained_vit/failure_images/00767_true-airplane_pred-truck.png,false_negative_for_airplane;false_positive_for_truck
770,cifar10_test_00770,/home/tariq/Desktop/Awais-Tariq/base-KD/data/cifar-10-batches-py/test_batch,770,frog,cat,0.7026979923248291,False,True,/home/tariq/Desktop/Awais-Tariq/base-KD/reports/cifar10_full_audit/mamba_kd_from_pretrained_vit/failure_images/00770_true-frog_pred-cat.png,false_negative_for_frog;false_positive_for_cat
771,cifar10_test_00771,/home/tariq/Desktop/Awais-Tariq/base-KD/data/cifar-10-batches-py/test_batch,771,automobile,truck,0.8656355142593384,False,True,/home/tariq/Desktop/Awais-Tariq/base-KD/reports/cifar10_full_audit/mamba_kd_from_pretrained_vit/failure_images/00771_true-automobile_pred-truck.png,false_negative_for_automobile;false_positive_for_truck
776,cifar10_test_00776,/home/tariq/Desktop/Awais-Tariq/base-KD/data/cifar-10-batches-py/test_batch,776,bird,dog,0.7227607369422913,False,True,/home/tariq/Desktop/Awais-Tariq/base-KD/reports/cifar10_full_audit/mamba_kd_from_pretrained_vit/failure_images/00776_true-bird_pred-dog.png,false_negative_for_bird;false_positive_for_dog
790,cifar10_test_00790,/home/tariq/Desktop/Awais-Tariq/base-KD/data/cifar-10-batches-py/test_batch,790,cat,deer,0.953922688961029,False,True,/home/tariq/Desktop/Awais-Tariq/base-KD/reports/cifar10_full_audit/mamba_kd_from_pretrained_vit/failure_images/00790_true-cat_pred-deer.png,false_negative_for_cat;false_positive_for_deer
792,cifar10_test_00792,/home/tariq/Desktop/Awais-Tariq/base-KD/data/cifar-10-batches-py/test_batch,792,cat,dog,0.8173730969429016,False,True,/home/tariq/Desktop/Awais-Tariq/base-KD/reports/cifar10_full_audit/mamba_kd_from_pretrained_vit/failure_images/00792_true-cat_pred-dog.png,false_negative_for_cat;false_positive_for_dog
796,cifar10_test_00796,/home/tariq/Desktop/Awais-Tariq/base-KD/data/cifar-10-batches-py/test_batch,796,automobile,deer,0.8882004022598267,False,True,/home/tariq/Desktop/Awais-Tariq/base-KD/reports/cifar10_full_audit/mamba_kd_from_pretrained_vit/failure_images/00796_true-automobile_pred-deer.png,false_negative_for_automobile;false_positive_for_deer
810,cifar10_test_00810,/home/tariq/Desktop/Awais-Tariq/base-KD/data/cifar-10-batches-py/test_batch,810,dog,cat,0.6313694715499878,False,True,/home/tariq/Desktop/Awais-Tariq/base-KD/reports/cifar10_full_audit/mamba_kd_from_pretrained_vit/failure_images/00810_true-dog_pred-cat.png,false_negative_for_dog;false_positive_for_cat
831,cifar10_test_00831,/home/tariq/Desktop/Awais-Tariq/base-KD/data/cifar-10-batches-py/test_batch,831,cat,frog,0.9977738261222839,False,True,/home/tariq/Desktop/Awais-Tariq/base-KD/reports/cifar10_full_audit/mamba_kd_from_pretrained_vit/failure_images/00831_true-cat_pred-frog.png,false_negative_for_cat;false_positive_for_frog
845,cifar10_test_00845,/home/tariq/Desktop/Awais-Tariq/base-KD/data/cifar-10-batches-py/test_batch,845,cat,bird,0.995694637298584,False,True,/home/tariq/Desktop/Awais-Tariq/base-KD/reports/cifar10_full_audit/mamba_kd_from_pretrained_vit/failure_images/00845_true-cat_pred-bird.png,false_negative_for_cat;false_positive_for_bird
853,cifar10_test_00853,/home/tariq/Desktop/Awais-Tariq/base-KD/data/cifar-10-batches-py/test_batch,853,truck,automobile,0.9262809753417969,False,True,/home/tariq/Desktop/Awais-Tariq/base-KD/reports/cifar10_full_audit/mamba_kd_from_pretrained_vit/failure_images/00853_true-truck_pred-automobile.png,false_negative_for_truck;false_positive_for_automobile
859,cifar10_test_00859,/home/tariq/Desktop/Awais-Tariq/base-KD/data/cifar-10-batches-py/test_batch,859,ship,airplane,0.7817307710647583,False,True,/home/tariq/Desktop/Awais-Tariq/base-KD/reports/cifar10_full_audit/mamba_kd_from_pretrained_vit/failure_images/00859_true-ship_pred-airplane.png,false_negative_for_ship;false_positive_for_airplane
862,cifar10_test_00862,/home/tariq/Desktop/Awais-Tariq/base-KD/data/cifar-10-batches-py/test_batch,862,cat,frog,0.9925906658172607,False,True,/home/tariq/Desktop/Awais-Tariq/base-KD/reports/cifar10_full_audit/mamba_kd_from_pretrained_vit/failure_images/00862_true-cat_pred-frog.png,false_negative_for_cat;false_positive_for_frog
878,cifar10_test_00878,/home/tariq/Desktop/Awais-Tariq/base-KD/data/cifar-10-batches-py/test_batch,878,cat,frog,0.9420711994171143,False,True,/home/tariq/Desktop/Awais-Tariq/base-KD/reports/cifar10_full_audit/mamba_kd_from_pretrained_vit/failure_images/00878_true-cat_pred-frog.png,false_negative_for_cat;false_positive_for_frog
883,cifar10_test_00883,/home/tariq/Desktop/Awais-Tariq/base-KD/data/cifar-10-batches-py/test_batch,883,airplane,ship,0.998009979724884,False,True,/home/tariq/Desktop/Awais-Tariq/base-KD/reports/cifar10_full_audit/mamba_kd_from_pretrained_vit/failure_images/00883_true-airplane_pred-ship.png,false_negative_for_airplane;false_positive_for_ship
893,cifar10_test_00893,/home/tariq/Desktop/Awais-Tariq/base-KD/data/cifar-10-batches-py/test_batch,893,frog,dog,0.6157106161117554,False,False,/home/tariq/Desktop/Awais-Tariq/base-KD/reports/cifar10_full_audit/mamba_kd_from_pretrained_vit/failure_images/00893_true-frog_pred-dog.png,false_negative_for_frog;false_positive_for_dog
933,cifar10_test_00933,/home/tariq/Desktop/Awais-Tariq/base-KD/data/cifar-10-batches-py/test_batch,933,bird,cat,0.9998636245727539,False,True,/home/tariq/Desktop/Awais-Tariq/base-KD/reports/cifar10_full_audit/mamba_kd_from_pretrained_vit/failure_images/00933_true-bird_pred-cat.png,false_negative_for_bird;false_positive_for_cat
943,cifar10_test_00943,/home/tariq/Desktop/Awais-Tariq/base-KD/data/cifar-10-batches-py/test_batch,943,deer,frog,0.8472487926483154,False,True,/home/tariq/Desktop/Awais-Tariq/base-KD/reports/cifar10_full_audit/mamba_kd_from_pretrained_vit/failure_images/00943_true-deer_pred-frog.png,false_negative_for_deer;false_positive_for_frog
956,cifar10_test_00956,/home/tariq/Desktop/Awais-Tariq/base-KD/data/cifar-10-batches-py/test_batch,956,airplane,bird,0.9999978542327881,False,True,/home/tariq/Desktop/Awais-Tariq/base-KD/reports/cifar10_full_audit/mamba_kd_from_pretrained_vit/failure_images/00956_true-airplane_pred-bird.png,false_negative_for_airplane;false_positive_for_bird
957,cifar10_test_00957,/home/tariq/Desktop/Awais-Tariq/base-KD/data/cifar-10-batches-py/test_batch,957,cat,dog,0.8007251620292664,False,True,/home/tariq/Desktop/Awais-Tariq/base-KD/reports/cifar10_full_audit/mamba_kd_from_pretrained_vit/failure_images/00957_true-cat_pred-dog.png,false_negative_for_cat;false_positive_for_dog
966,cifar10_test_00966,/home/tariq/Desktop/Awais-Tariq/base-KD/data/cifar-10-batches-py/test_batch,966,frog,cat,0.9991907477378845,False,True,/home/tariq/Desktop/Awais-Tariq/base-KD/reports/cifar10_full_audit/mamba_kd_from_pretrained_vit/failure_images/00966_true-frog_pred-cat.png,false_negative_for_frog;false_positive_for_cat
972,cifar10_test_00972,/home/tariq/Desktop/Awais-Tariq/base-KD/data/cifar-10-batches-py/test_batch,972,bird,dog,0.5384753942489624,False,True,/home/tariq/Desktop/Awais-Tariq/base-KD/reports/cifar10_full_audit/mamba_kd_from_pretrained_vit/failure_images/00972_true-bird_pred-dog.png,false_negative_for_bird;false_positive_for_dog
982,cifar10_test_00982,/home/tariq/Desktop/Awais-Tariq/base-KD/data/cifar-10-batches-py/test_batch,982,airplane,bird,0.991748571395874,False,False,/home/tariq/Desktop/Awais-Tariq/base-KD/reports/cifar10_full_audit/mamba_kd_from_pretrained_vit/failure_images/00982_true-airplane_pred-bird.png,false_negative_for_airplane;false_positive_for_bird
991,cifar10_test_00991,/home/tariq/Desktop/Awais-Tariq/base-KD/data/cifar-10-batches-py/test_batch,991,dog,cat,0.5696989297866821,False,True,/home/tariq/Desktop/Awais-Tariq/base-KD/reports/cifar10_full_audit/mamba_kd_from_pretrained_vit/failure_images/00991_true-dog_pred-cat.png,false_negative_for_dog;false_positive_for_cat
993,cifar10_test_00993,/home/tariq/Desktop/Awais-Tariq/base-KD/data/cifar-10-batches-py/test_batch,993,deer,horse,0.9840549826622009,False,True,/home/tariq/Desktop/Awais-Tariq/base-KD/reports/cifar10_full_audit/mamba_kd_from_pretrained_vit/failure_images/00993_true-deer_pred-horse.png,false_negative_for_deer;false_positive_for_horse
1032,cifar10_test_01032,/home/tariq/Desktop/Awais-Tariq/base-KD/data/cifar-10-batches-py/test_batch,1032,frog,bird,0.9903386235237122,False,True,/home/tariq/Desktop/Awais-Tariq/base-KD/reports/cifar10_full_audit/mamba_kd_from_pretrained_vit/failure_images/01032_true-frog_pred-bird.png,false_negative_for_frog;false_positive_for_bird
1042,cifar10_test_01042,/home/tariq/Desktop/Awais-Tariq/base-KD/data/cifar-10-batches-py/test_batch,1042,dog,cat,0.9915356636047363,False,True,/home/tariq/Desktop/Awais-Tariq/base-KD/reports/cifar10_full_audit/mamba_kd_from_pretrained_vit/failure_images/01042_true-dog_pred-cat.png,false_negative_for_dog;false_positive_for_cat
1050,cifar10_test_01050,/home/tariq/Desktop/Awais-Tariq/base-KD/data/cifar-10-batches-py/test_batch,1050,cat,airplane,0.7464055418968201,False,True,/home/tariq/Desktop/Awais-Tariq/base-KD/reports/cifar10_full_audit/mamba_kd_from_pretrained_vit/failure_images/01050_true-cat_pred-airplane.png,false_negative_for_cat;false_positive_for_airplane
1053,cifar10_test_01053,/home/tariq/Desktop/Awais-Tariq/base-KD/data/cifar-10-batches-py/test_batch,1053,cat,dog,0.7435753345489502,False,True,/home/tariq/Desktop/Awais-Tariq/base-KD/reports/cifar10_full_audit/mamba_kd_from_pretrained_vit/failure_images/01053_true-cat_pred-dog.png,false_negative_for_cat;false_positive_for_dog
1056,cifar10_test_01056,/home/tariq/Desktop/Awais-Tariq/base-KD/data/cifar-10-batches-py/test_batch,1056,cat,dog,0.9922965168952942,False,True,/home/tariq/Desktop/Awais-Tariq/base-KD/reports/cifar10_full_audit/mamba_kd_from_pretrained_vit/failure_images/01056_true-cat_pred-dog.png,false_negative_for_cat;false_positive_for_dog
1066,cifar10_test_01066,/home/tariq/Desktop/Awais-Tariq/base-KD/data/cifar-10-batches-py/test_batch,1066,truck,automobile,0.7555063366889954,False,True,/home/tariq/Desktop/Awais-Tariq/base-KD/reports/cifar10_full_audit/mamba_kd_from_pretrained_vit/failure_images/01066_true-truck_pred-automobile.png,false_negative_for_truck;false_positive_for_automobile
1074,cifar10_test_01074,/home/tariq/Desktop/Awais-Tariq/base-KD/data/cifar-10-batches-py/test_batch,1074,cat,bird,0.9999727010726929,False,True,/home/tariq/Desktop/Awais-Tariq/base-KD/reports/cifar10_full_audit/mamba_kd_from_pretrained_vit/failure_images/01074_true-cat_pred-bird.png,false_negative_for_cat;false_positive_for_bird
1082,cifar10_test_01082,/home/tariq/Desktop/Awais-Tariq/base-KD/data/cifar-10-batches-py/test_batch,1082,truck,automobile,0.5899584889411926,False,True,/home/tariq/Desktop/Awais-Tariq/base-KD/reports/cifar10_full_audit/mamba_kd_from_pretrained_vit/failure_images/01082_true-truck_pred-automobile.png,false_negative_for_truck;false_positive_for_automobile
1094,cifar10_test_01094,/home/tariq/Desktop/Awais-Tariq/base-KD/data/cifar-10-batches-py/test_batch,1094,frog,cat,0.9480888843536377,False,True,/home/tariq/Desktop/Awais-Tariq/base-KD/reports/cifar10_full_audit/mamba_kd_from_pretrained_vit/failure_images/01094_true-frog_pred-cat.png,false_negative_for_frog;false_positive_for_cat
1105,cifar10_test_01105,/home/tariq/Desktop/Awais-Tariq/base-KD/data/cifar-10-batches-py/test_batch,1105,deer,bird,0.978613555431366,False,True,/home/tariq/Desktop/Awais-Tariq/base-KD/reports/cifar10_full_audit/mamba_kd_from_pretrained_vit/failure_images/01105_true-deer_pred-bird.png,false_negative_for_deer;false_positive_for_bird
1126,cifar10_test_01126,/home/tariq/Desktop/Awais-Tariq/base-KD/data/cifar-10-batches-py/test_batch,1126,bird,airplane,0.8980557918548584,False,True,/home/tariq/Desktop/Awais-Tariq/base-KD/reports/cifar10_full_audit/mamba_kd_from_pretrained_vit/failure_images/01126_true-bird_pred-airplane.png,false_negative_for_bird;false_positive_for_airplane
1129,cifar10_test_01129,/home/tariq/Desktop/Awais-Tariq/base-KD/data/cifar-10-batches-py/test_batch,1129,cat,frog,0.6812363266944885,False,True,/home/tariq/Desktop/Awais-Tariq/base-KD/reports/cifar10_full_audit/mamba_kd_from_pretrained_vit/failure_images/01129_true-cat_pred-frog.png,false_negative_for_cat;false_positive_for_frog
1131,cifar10_test_01131,/home/tariq/Desktop/Awais-Tariq/base-KD/data/cifar-10-batches-py/test_batch,1131,automobile,truck,0.9787256717681885,False,True,/home/tariq/Desktop/Awais-Tariq/base-KD/reports/cifar10_full_audit/mamba_kd_from_pretrained_vit/failure_images/01131_true-automobile_pred-truck.png,false_negative_for_automobile;false_positive_for_truck
1138,cifar10_test_01138,/home/tariq/Desktop/Awais-Tariq/base-KD/data/cifar-10-batches-py/test_batch,1138,dog,cat,0.876196026802063,False,True,/home/tariq/Desktop/Awais-Tariq/base-KD/reports/cifar10_full_audit/mamba_kd_from_pretrained_vit/failure_images/01138_true-dog_pred-cat.png,false_negative_for_dog;false_positive_for_cat
1150,cifar10_test_01150,/home/tariq/Desktop/Awais-Tariq/base-KD/data/cifar-10-batches-py/test_batch,1150,bird,deer,0.9246881604194641,False,True,/home/tariq/Desktop/Awais-Tariq/base-KD/reports/cifar10_full_audit/mamba_kd_from_pretrained_vit/failure_images/01150_true-bird_pred-deer.png,false_negative_for_bird;false_positive_for_deer
1163,cifar10_test_01163,/home/tariq/Desktop/Awais-Tariq/base-KD/data/cifar-10-batches-py/test_batch,1163,cat,horse,0.6094486117362976,False,True,/home/tariq/Desktop/Awais-Tariq/base-KD/reports/cifar10_full_audit/mamba_kd_from_pretrained_vit/failure_images/01163_true-cat_pred-horse.png,false_negative_for_cat;false_positive_for_horse
1172,cifar10_test_01172,/home/tariq/Desktop/Awais-Tariq/base-KD/data/cifar-10-batches-py/test_batch,1172,bird,cat,0.999538779258728,False,True,/home/tariq/Desktop/Awais-Tariq/base-KD/reports/cifar10_full_audit/mamba_kd_from_pretrained_vit/failure_images/01172_true-bird_pred-cat.png,false_negative_for_bird;false_positive_for_cat
1222,cifar10_test_01222,/home/tariq/Desktop/Awais-Tariq/base-KD/data/cifar-10-batches-py/test_batch,1222,truck,automobile,0.9996883869171143,False,True,/home/tariq/Desktop/Awais-Tariq/base-KD/reports/cifar10_full_audit/mamba_kd_from_pretrained_vit/failure_images/01222_true-truck_pred-automobile.png,false_negative_for_truck;false_positive_for_automobile
1230,cifar10_test_01230,/home/tariq/Desktop/Awais-Tariq/base-KD/data/cifar-10-batches-py/test_batch,1230,dog,cat,0.9982830286026001,False,True,/home/tariq/Desktop/Awais-Tariq/base-KD/reports/cifar10_full_audit/mamba_kd_from_pretrained_vit/failure_images/01230_true-dog_pred-cat.png,false_negative_for_dog;false_positive_for_cat
1236,cifar10_test_01236,/home/tariq/Desktop/Awais-Tariq/base-KD/data/cifar-10-batches-py/test_batch,1236,horse,cat,0.5609201192855835,False,False,/home/tariq/Desktop/Awais-Tariq/base-KD/reports/cifar10_full_audit/mamba_kd_from_pretrained_vit/failure_images/01236_true-horse_pred-cat.png,false_negative_for_horse;false_positive_for_cat
1244,cifar10_test_01244,/home/tariq/Desktop/Awais-Tariq/base-KD/data/cifar-10-batches-py/test_batch,1244,dog,cat,0.8913166522979736,False,True,/home/tariq/Desktop/Awais-Tariq/base-KD/reports/cifar10_full_audit/mamba_kd_from_pretrained_vit/failure_images/01244_true-dog_pred-cat.png,false_negative_for_dog;false_positive_for_cat
1248,cifar10_test_01248,/home/tariq/Desktop/Awais-Tariq/base-KD/data/cifar-10-batches-py/test_batch,1248,bird,deer,0.6429505944252014,False,True,/home/tariq/Desktop/Awais-Tariq/base-KD/reports/cifar10_full_audit/mamba_kd_from_pretrained_vit/failure_images/01248_true-bird_pred-deer.png,false_negative_for_bird;false_positive_for_deer
1263,cifar10_test_01263,/home/tariq/Desktop/Awais-Tariq/base-KD/data/cifar-10-batches-py/test_batch,1263,ship,airplane,0.5946865081787109,False,True,/home/tariq/Desktop/Awais-Tariq/base-KD/reports/cifar10_full_audit/mamba_kd_from_pretrained_vit/failure_images/01263_true-ship_pred-airplane.png,false_negative_for_ship;false_positive_for_airplane
1265,cifar10_test_01265,/home/tariq/Desktop/Awais-Tariq/base-KD/data/cifar-10-batches-py/test_batch,1265,truck,automobile,0.9828318953514099,False,True,/home/tariq/Desktop/Awais-Tariq/base-KD/reports/cifar10_full_audit/mamba_kd_from_pretrained_vit/failure_images/01265_true-truck_pred-automobile.png,false_negative_for_truck;false_positive_for_automobile
1292,cifar10_test_01292,/home/tariq/Desktop/Awais-Tariq/base-KD/data/cifar-10-batches-py/test_batch,1292,deer,frog,0.9969966411590576,False,True,/home/tariq/Desktop/Awais-Tariq/base-KD/reports/cifar10_full_audit/mamba_kd_from_pretrained_vit/failure_images/01292_true-deer_pred-frog.png,false_negative_for_deer;false_positive_for_frog
1297,cifar10_test_01297,/home/tariq/Desktop/Awais-Tariq/base-KD/data/cifar-10-batches-py/test_batch,1297,bird,airplane,0.9835581183433533,False,True,/home/tariq/Desktop/Awais-Tariq/base-KD/reports/cifar10_full_audit/mamba_kd_from_pretrained_vit/failure_images/01297_true-bird_pred-airplane.png,false_negative_for_bird;false_positive_for_airplane
1323,cifar10_test_01323,/home/tariq/Desktop/Awais-Tariq/base-KD/data/cifar-10-batches-py/test_batch,1323,airplane,ship,0.914425253868103,False,True,/home/tariq/Desktop/Awais-Tariq/base-KD/reports/cifar10_full_audit/mamba_kd_from_pretrained_vit/failure_images/01323_true-airplane_pred-ship.png,false_negative_for_airplane;false_positive_for_ship
1325,cifar10_test_01325,/home/tariq/Desktop/Awais-Tariq/base-KD/data/cifar-10-batches-py/test_batch,1325,bird,deer,0.9996869564056396,False,True,/home/tariq/Desktop/Awais-Tariq/base-KD/reports/cifar10_full_audit/mamba_kd_from_pretrained_vit/failure_images/01325_true-bird_pred-deer.png,false_negative_for_bird;false_positive_for_deer
1339,cifar10_test_01339,/home/tariq/Desktop/Awais-Tariq/base-KD/data/cifar-10-batches-py/test_batch,1339,dog,cat,0.9983692765235901,False,True,/home/tariq/Desktop/Awais-Tariq/base-KD/reports/cifar10_full_audit/mamba_kd_from_pretrained_vit/failure_images/01339_true-dog_pred-cat.png,false_negative_for_dog;false_positive_for_cat
1355,cifar10_test_01355,/home/tariq/Desktop/Awais-Tariq/base-KD/data/cifar-10-batches-py/test_batch,1355,dog,bird,0.997462272644043,False,True,/home/tariq/Desktop/Awais-Tariq/base-KD/reports/cifar10_full_audit/mamba_kd_from_pretrained_vit/failure_images/01355_true-dog_pred-bird.png,false_negative_for_dog;false_positive_for_bird
1385,cifar10_test_01385,/home/tariq/Desktop/Awais-Tariq/base-KD/data/cifar-10-batches-py/test_batch,1385,dog,cat,0.6598737239837646,False,True,/home/tariq/Desktop/Awais-Tariq/base-KD/reports/cifar10_full_audit/mamba_kd_from_pretrained_vit/failure_images/01385_true-dog_pred-cat.png,false_negative_for_dog;false_positive_for_cat
1391,cifar10_test_01391,/home/tariq/Desktop/Awais-Tariq/base-KD/data/cifar-10-batches-py/test_batch,1391,horse,bird,0.5121181607246399,False,True,/home/tariq/Desktop/Awais-Tariq/base-KD/reports/cifar10_full_audit/mamba_kd_from_pretrained_vit/failure_images/01391_true-horse_pred-bird.png,false_negative_for_horse;false_positive_for_bird
1439,cifar10_test_01439,/home/tariq/Desktop/Awais-Tariq/base-KD/data/cifar-10-batches-py/test_batch,1439,truck,automobile,0.9909142255783081,False,True,/home/tariq/Desktop/Awais-Tariq/base-KD/reports/cifar10_full_audit/mamba_kd_from_pretrained_vit/failure_images/01439_true-truck_pred-automobile.png,false_negative_for_truck;false_positive_for_automobile
1442,cifar10_test_01442,/home/tariq/Desktop/Awais-Tariq/base-KD/data/cifar-10-batches-py/test_batch,1442,cat,dog,0.9206207394599915,False,True,/home/tariq/Desktop/Awais-Tariq/base-KD/reports/cifar10_full_audit/mamba_kd_from_pretrained_vit/failure_images/01442_true-cat_pred-dog.png,false_negative_for_cat;false_positive_for_dog
1445,cifar10_test_01445,/home/tariq/Desktop/Awais-Tariq/base-KD/data/cifar-10-batches-py/test_batch,1445,cat,deer,0.9434648156166077,False,True,/home/tariq/Desktop/Awais-Tariq/base-KD/reports/cifar10_full_audit/mamba_kd_from_pretrained_vit/failure_images/01445_true-cat_pred-deer.png,false_negative_for_cat;false_positive_for_deer
1470,cifar10_test_01470,/home/tariq/Desktop/Awais-Tariq/base-KD/data/cifar-10-batches-py/test_batch,1470,horse,dog,0.5071653723716736,False,True,/home/tariq/Desktop/Awais-Tariq/base-KD/reports/cifar10_full_audit/mamba_kd_from_pretrained_vit/failure_images/01470_true-horse_pred-dog.png,false_negative_for_horse;false_positive_for_dog
1479,cifar10_test_01479,/home/tariq/Desktop/Awais-Tariq/base-KD/data/cifar-10-batches-py/test_batch,1479,bird,airplane,0.9786790013313293,False,True,/home/tariq/Desktop/Awais-Tariq/base-KD/reports/cifar10_full_audit/mamba_kd_from_pretrained_vit/failure_images/01479_true-bird_pred-airplane.png,false_negative_for_bird;false_positive_for_airplane
1485,cifar10_test_01485,/home/tariq/Desktop/Awais-Tariq/base-KD/data/cifar-10-batches-py/test_batch,1485,airplane,bird,0.6772406101226807,False,True,/home/tariq/Desktop/Awais-Tariq/base-KD/reports/cifar10_full_audit/mamba_kd_from_pretrained_vit/failure_images/01485_true-airplane_pred-bird.png,false_negative_for_airplane;false_positive_for_bird
1495,cifar10_test_01495,/home/tariq/Desktop/Awais-Tariq/base-KD/data/cifar-10-batches-py/test_batch,1495,bird,airplane,0.999566376209259,False,True,/home/tariq/Desktop/Awais-Tariq/base-KD/reports/cifar10_full_audit/mamba_kd_from_pretrained_vit/failure_images/01495_true-bird_pred-airplane.png,false_negative_for_bird;false_positive_for_airplane
1498,cifar10_test_01498,/home/tariq/Desktop/Awais-Tariq/base-KD/data/cifar-10-batches-py/test_batch,1498,dog,cat,0.7546807527542114,False,True,/home/tariq/Desktop/Awais-Tariq/base-KD/reports/cifar10_full_audit/mamba_kd_from_pretrained_vit/failure_images/01498_true-dog_pred-cat.png,false_negative_for_dog;false_positive_for_cat
1501,cifar10_test_01501,/home/tariq/Desktop/Awais-Tariq/base-KD/data/cifar-10-batches-py/test_batch,1501,bird,frog,0.9999040365219116,False,True,/home/tariq/Desktop/Awais-Tariq/base-KD/reports/cifar10_full_audit/mamba_kd_from_pretrained_vit/failure_images/01501_true-bird_pred-frog.png,false_negative_for_bird;false_positive_for_frog
1506,cifar10_test_01506,/home/tariq/Desktop/Awais-Tariq/base-KD/data/cifar-10-batches-py/test_batch,1506,dog,horse,0.9999946355819702,False,True,/home/tariq/Desktop/Awais-Tariq/base-KD/reports/cifar10_full_audit/mamba_kd_from_pretrained_vit/failure_images/01506_true-dog_pred-horse.png,false_negative_for_dog;false_positive_for_horse
1507,cifar10_test_01507,/home/tariq/Desktop/Awais-Tariq/base-KD/data/cifar-10-batches-py/test_batch,1507,bird,truck,0.5225241780281067,False,True,/home/tariq/Desktop/Awais-Tariq/base-KD/reports/cifar10_full_audit/mamba_kd_from_pretrained_vit/failure_images/01507_true-bird_pred-truck.png,false_negative_for_bird;false_positive_for_truck
1525,cifar10_test_01525,/home/tariq/Desktop/Awais-Tariq/base-KD/data/cifar-10-batches-py/test_batch,1525,cat,dog,0.9989288449287415,False,True,/home/tariq/Desktop/Awais-Tariq/base-KD/reports/cifar10_full_audit/mamba_kd_from_pretrained_vit/failure_images/01525_true-cat_pred-dog.png,false_negative_for_cat;false_positive_for_dog
1527,cifar10_test_01527,/home/tariq/Desktop/Awais-Tariq/base-KD/data/cifar-10-batches-py/test_batch,1527,dog,cat,0.5188910961151123,False,True,/home/tariq/Desktop/Awais-Tariq/base-KD/reports/cifar10_full_audit/mamba_kd_from_pretrained_vit/failure_images/01527_true-dog_pred-cat.png,false_negative_for_dog;false_positive_for_cat
1529,cifar10_test_01529,/home/tariq/Desktop/Awais-Tariq/base-KD/data/cifar-10-batches-py/test_batch,1529,deer,frog,0.6417303681373596,False,False,/home/tariq/Desktop/Awais-Tariq/base-KD/reports/cifar10_full_audit/mamba_kd_from_pretrained_vit/failure_images/01529_true-deer_pred-frog.png,false_negative_for_deer;false_positive_for_frog
1536,cifar10_test_01536,/home/tariq/Desktop/Awais-Tariq/base-KD/data/cifar-10-batches-py/test_batch,1536,dog,cat,0.9464331269264221,False,True,/home/tariq/Desktop/Awais-Tariq/base-KD/reports/cifar10_full_audit/mamba_kd_from_pretrained_vit/failure_images/01536_true-dog_pred-cat.png,false_negative_for_dog;false_positive_for_cat
1538,cifar10_test_01538,/home/tariq/Desktop/Awais-Tariq/base-KD/data/cifar-10-batches-py/test_batch,1538,cat,truck,0.954876720905304,False,True,/home/tariq/Desktop/Awais-Tariq/base-KD/reports/cifar10_full_audit/mamba_kd_from_pretrained_vit/failure_images/01538_true-cat_pred-truck.png,false_negative_for_cat;false_positive_for_truck
1545,cifar10_test_01545,/home/tariq/Desktop/Awais-Tariq/base-KD/data/cifar-10-batches-py/test_batch,1545,automobile,truck,0.7396218776702881,False,True,/home/tariq/Desktop/Awais-Tariq/base-KD/reports/cifar10_full_audit/mamba_kd_from_pretrained_vit/failure_images/01545_true-automobile_pred-truck.png,false_negative_for_automobile;false_positive_for_truck
1552,cifar10_test_01552,/home/tariq/Desktop/Awais-Tariq/base-KD/data/cifar-10-batches-py/test_batch,1552,cat,deer,0.9610376358032227,False,True,/home/tariq/Desktop/Awais-Tariq/base-KD/reports/cifar10_full_audit/mamba_kd_from_pretrained_vit/failure_images/01552_true-cat_pred-deer.png,false_negative_for_cat;false_positive_for_deer
1572,cifar10_test_01572,/home/tariq/Desktop/Awais-Tariq/base-KD/data/cifar-10-batches-py/test_batch,1572,frog,cat,0.9888004064559937,False,True,/home/tariq/Desktop/Awais-Tariq/base-KD/reports/cifar10_full_audit/mamba_kd_from_pretrained_vit/failure_images/01572_true-frog_pred-cat.png,false_negative_for_frog;false_positive_for_cat
1577,cifar10_test_01577,/home/tariq/Desktop/Awais-Tariq/base-KD/data/cifar-10-batches-py/test_batch,1577,dog,cat,0.9994779229164124,False,True,/home/tariq/Desktop/Awais-Tariq/base-KD/reports/cifar10_full_audit/mamba_kd_from_pretrained_vit/failure_images/01577_true-dog_pred-cat.png,false_negative_for_dog;false_positive_for_cat
1610,cifar10_test_01610,/home/tariq/Desktop/Awais-Tariq/base-KD/data/cifar-10-batches-py/test_batch,1610,bird,deer,0.5912885069847107,False,True,/home/tariq/Desktop/Awais-Tariq/base-KD/reports/cifar10_full_audit/mamba_kd_from_pretrained_vit/failure_images/01610_true-bird_pred-deer.png,false_negative_for_bird;false_positive_for_deer
1649,cifar10_test_01649,/home/tariq/Desktop/Awais-Tariq/base-KD/data/cifar-10-batches-py/test_batch,1649,dog,bird,0.9544248580932617,False,True,/home/tariq/Desktop/Awais-Tariq/base-KD/reports/cifar10_full_audit/mamba_kd_from_pretrained_vit/failure_images/01649_true-dog_pred-bird.png,false_negative_for_dog;false_positive_for_bird
1684,cifar10_test_01684,/home/tariq/Desktop/Awais-Tariq/base-KD/data/cifar-10-batches-py/test_batch,1684,automobile,ship,0.986025869846344,False,True,/home/tariq/Desktop/Awais-Tariq/base-KD/reports/cifar10_full_audit/mamba_kd_from_pretrained_vit/failure_images/01684_true-automobile_pred-ship.png,false_negative_for_automobile;false_positive_for_ship
1685,cifar10_test_01685,/home/tariq/Desktop/Awais-Tariq/base-KD/data/cifar-10-batches-py/test_batch,1685,ship,bird,0.9999688863754272,False,True,/home/tariq/Desktop/Awais-Tariq/base-KD/reports/cifar10_full_audit/mamba_kd_from_pretrained_vit/failure_images/01685_true-ship_pred-bird.png,false_negative_for_ship;false_positive_for_bird
1693,cifar10_test_01693,/home/tariq/Desktop/Awais-Tariq/base-KD/data/cifar-10-batches-py/test_batch,1693,deer,ship,0.8777177333831787,False,True,/home/tariq/Desktop/Awais-Tariq/base-KD/reports/cifar10_full_audit/mamba_kd_from_pretrained_vit/failure_images/01693_true-deer_pred-ship.png,false_negative_for_deer;false_positive_for_ship
1708,cifar10_test_01708,/home/tariq/Desktop/Awais-Tariq/base-KD/data/cifar-10-batches-py/test_batch,1708,horse,automobile,0.5793594717979431,False,True,/home/tariq/Desktop/Awais-Tariq/base-KD/reports/cifar10_full_audit/mamba_kd_from_pretrained_vit/failure_images/01708_true-horse_pred-automobile.png,false_negative_for_horse;false_positive_for_automobile
1718,cifar10_test_01718,/home/tariq/Desktop/Awais-Tariq/base-KD/data/cifar-10-batches-py/test_batch,1718,airplane,ship,0.9999711513519287,False,True,/home/tariq/Desktop/Awais-Tariq/base-KD/reports/cifar10_full_audit/mamba_kd_from_pretrained_vit/failure_images/01718_true-airplane_pred-ship.png,false_negative_for_airplane;false_positive_for_ship
1727,cifar10_test_01727,/home/tariq/Desktop/Awais-Tariq/base-KD/data/cifar-10-batches-py/test_batch,1727,truck,automobile,0.9695336818695068,False,True,/home/tariq/Desktop/Awais-Tariq/base-KD/reports/cifar10_full_audit/mamba_kd_from_pretrained_vit/failure_images/01727_true-truck_pred-automobile.png,false_negative_for_truck;false_positive_for_automobile
1731,cifar10_test_01731,/home/tariq/Desktop/Awais-Tariq/base-KD/data/cifar-10-batches-py/test_batch,1731,dog,frog,0.6848923563957214,False,True,/home/tariq/Desktop/Awais-Tariq/base-KD/reports/cifar10_full_audit/mamba_kd_from_pretrained_vit/failure_images/01731_true-dog_pred-frog.png,false_negative_for_dog;false_positive_for_frog
1765,cifar10_test_01765,/home/tariq/Desktop/Awais-Tariq/base-KD/data/cifar-10-batches-py/test_batch,1765,deer,bird,0.9996235370635986,False,True,/home/tariq/Desktop/Awais-Tariq/base-KD/reports/cifar10_full_audit/mamba_kd_from_pretrained_vit/failure_images/01765_true-deer_pred-bird.png,false_negative_for_deer;false_positive_for_bird
1772,cifar10_test_01772,/home/tariq/Desktop/Awais-Tariq/base-KD/data/cifar-10-batches-py/test_batch,1772,ship,airplane,0.6506632566452026,False,True,/home/tariq/Desktop/Awais-Tariq/base-KD/reports/cifar10_full_audit/mamba_kd_from_pretrained_vit/failure_images/01772_true-ship_pred-airplane.png,false_negative_for_ship;false_positive_for_airplane
1779,cifar10_test_01779,/home/tariq/Desktop/Awais-Tariq/base-KD/data/cifar-10-batches-py/test_batch,1779,cat,dog,0.9999840259552002,False,True,/home/tariq/Desktop/Awais-Tariq/base-KD/reports/cifar10_full_audit/mamba_kd_from_pretrained_vit/failure_images/01779_true-cat_pred-dog.png,false_negative_for_cat;false_positive_for_dog
1782,cifar10_test_01782,/home/tariq/Desktop/Awais-Tariq/base-KD/data/cifar-10-batches-py/test_batch,1782,cat,dog,0.929553210735321,False,True,/home/tariq/Desktop/Awais-Tariq/base-KD/reports/cifar10_full_audit/mamba_kd_from_pretrained_vit/failure_images/01782_true-cat_pred-dog.png,false_negative_for_cat;false_positive_for_dog
1787,cifar10_test_01787,/home/tariq/Desktop/Awais-Tariq/base-KD/data/cifar-10-batches-py/test_batch,1787,cat,dog,0.9998231530189514,False,True,/home/tariq/Desktop/Awais-Tariq/base-KD/reports/cifar10_full_audit/mamba_kd_from_pretrained_vit/failure_images/01787_true-cat_pred-dog.png,false_negative_for_cat;false_positive_for_dog
1791,cifar10_test_01791,/home/tariq/Desktop/Awais-Tariq/base-KD/data/cifar-10-batches-py/test_batch,1791,deer,frog,0.770027756690979,False,True,/home/tariq/Desktop/Awais-Tariq/base-KD/reports/cifar10_full_audit/mamba_kd_from_pretrained_vit/failure_images/01791_true-deer_pred-frog.png,false_negative_for_deer;false_positive_for_frog
1807,cifar10_test_01807,/home/tariq/Desktop/Awais-Tariq/base-KD/data/cifar-10-batches-py/test_batch,1807,dog,horse,0.9541913270950317,False,True,/home/tariq/Desktop/Awais-Tariq/base-KD/reports/cifar10_full_audit/mamba_kd_from_pretrained_vit/failure_images/01807_true-dog_pred-horse.png,false_negative_for_dog;false_positive_for_horse
1830,cifar10_test_01830,/home/tariq/Desktop/Awais-Tariq/base-KD/data/cifar-10-batches-py/test_batch,1830,cat,dog,0.9932931661605835,False,True,/home/tariq/Desktop/Awais-Tariq/base-KD/reports/cifar10_full_audit/mamba_kd_from_pretrained_vit/failure_images/01830_true-cat_pred-dog.png,false_negative_for_cat;false_positive_for_dog
1835,cifar10_test_01835,/home/tariq/Desktop/Awais-Tariq/base-KD/data/cifar-10-batches-py/test_batch,1835,airplane,deer,0.4748249053955078,False,True,/home/tariq/Desktop/Awais-Tariq/base-KD/reports/cifar10_full_audit/mamba_kd_from_pretrained_vit/failure_images/01835_true-airplane_pred-deer.png,false_negative_for_airplane;false_positive_for_deer
1841,cifar10_test_01841,/home/tariq/Desktop/Awais-Tariq/base-KD/data/cifar-10-batches-py/test_batch,1841,truck,automobile,0.9997797608375549,False,True,/home/tariq/Desktop/Awais-Tariq/base-KD/reports/cifar10_full_audit/mamba_kd_from_pretrained_vit/failure_images/01841_true-truck_pred-automobile.png,false_negative_for_truck;false_positive_for_automobile
1862,cifar10_test_01862,/home/tariq/Desktop/Awais-Tariq/base-KD/data/cifar-10-batches-py/test_batch,1862,dog,deer,0.9999687671661377,False,True,/home/tariq/Desktop/Awais-Tariq/base-KD/reports/cifar10_full_audit/mamba_kd_from_pretrained_vit/failure_images/01862_true-dog_pred-deer.png,false_negative_for_dog;false_positive_for_deer
1868,cifar10_test_01868,/home/tariq/Desktop/Awais-Tariq/base-KD/data/cifar-10-batches-py/test_batch,1868,bird,horse,0.9905204772949219,False,True,/home/tariq/Desktop/Awais-Tariq/base-KD/reports/cifar10_full_audit/mamba_kd_from_pretrained_vit/failure_images/01868_true-bird_pred-horse.png,false_negative_for_bird;false_positive_for_horse
1886,cifar10_test_01886,/home/tariq/Desktop/Awais-Tariq/base-KD/data/cifar-10-batches-py/test_batch,1886,ship,truck,0.5072011947631836,False,True,/home/tariq/Desktop/Awais-Tariq/base-KD/reports/cifar10_full_audit/mamba_kd_from_pretrained_vit/failure_images/01886_true-ship_pred-truck.png,false_negative_for_ship;false_positive_for_truck
1906,cifar10_test_01906,/home/tariq/Desktop/Awais-Tariq/base-KD/data/cifar-10-batches-py/test_batch,1906,truck,cat,0.9362314939498901,False,True,/home/tariq/Desktop/Awais-Tariq/base-KD/reports/cifar10_full_audit/mamba_kd_from_pretrained_vit/failure_images/01906_true-truck_pred-cat.png,false_negative_for_truck;false_positive_for_cat
1924,cifar10_test_01924,/home/tariq/Desktop/Awais-Tariq/base-KD/data/cifar-10-batches-py/test_batch,1924,truck,airplane,0.999840259552002,False,False,/home/tariq/Desktop/Awais-Tariq/base-KD/reports/cifar10_full_audit/mamba_kd_from_pretrained_vit/failure_images/01924_true-truck_pred-airplane.png,false_negative_for_truck;false_positive_for_airplane
1933,cifar10_test_01933,/home/tariq/Desktop/Awais-Tariq/base-KD/data/cifar-10-batches-py/test_batch,1933,cat,dog,0.9998674392700195,False,True,/home/tariq/Desktop/Awais-Tariq/base-KD/reports/cifar10_full_audit/mamba_kd_from_pretrained_vit/failure_images/01933_true-cat_pred-dog.png,false_negative_for_cat;false_positive_for_dog
1934,cifar10_test_01934,/home/tariq/Desktop/Awais-Tariq/base-KD/data/cifar-10-batches-py/test_batch,1934,horse,bird,0.4564518928527832,False,True,/home/tariq/Desktop/Awais-Tariq/base-KD/reports/cifar10_full_audit/mamba_kd_from_pretrained_vit/failure_images/01934_true-horse_pred-bird.png,false_negative_for_horse;false_positive_for_bird
1935,cifar10_test_01935,/home/tariq/Desktop/Awais-Tariq/base-KD/data/cifar-10-batches-py/test_batch,1935,frog,deer,0.8968722820281982,False,True,/home/tariq/Desktop/Awais-Tariq/base-KD/reports/cifar10_full_audit/mamba_kd_from_pretrained_vit/failure_images/01935_true-frog_pred-deer.png,false_negative_for_frog;false_positive_for_deer
1937,cifar10_test_01937,/home/tariq/Desktop/Awais-Tariq/base-KD/data/cifar-10-batches-py/test_batch,1937,automobile,truck,0.9999982118606567,False,True,/home/tariq/Desktop/Awais-Tariq/base-KD/reports/cifar10_full_audit/mamba_kd_from_pretrained_vit/failure_images/01937_true-automobile_pred-truck.png,false_negative_for_automobile;false_positive_for_truck
1938,cifar10_test_01938,/home/tariq/Desktop/Awais-Tariq/base-KD/data/cifar-10-batches-py/test_batch,1938,ship,airplane,0.9999997615814209,False,True,/home/tariq/Desktop/Awais-Tariq/base-KD/reports/cifar10_full_audit/mamba_kd_from_pretrained_vit/failure_images/01938_true-ship_pred-airplane.png,false_negative_for_ship;false_positive_for_airplane
1939,cifar10_test_01939,/home/tariq/Desktop/Awais-Tariq/base-KD/data/cifar-10-batches-py/test_batch,1939,frog,horse,0.9999245405197144,False,False,/home/tariq/Desktop/Awais-Tariq/base-KD/reports/cifar10_full_audit/mamba_kd_from_pretrained_vit/failure_images/01939_true-frog_pred-horse.png,false_negative_for_frog;false_positive_for_horse
1969,cifar10_test_01969,/home/tariq/Desktop/Awais-Tariq/base-KD/data/cifar-10-batches-py/test_batch,1969,automobile,truck,0.9999953508377075,False,True,/home/tariq/Desktop/Awais-Tariq/base-KD/reports/cifar10_full_audit/mamba_kd_from_pretrained_vit/failure_images/01969_true-automobile_pred-truck.png,false_negative_for_automobile;false_positive_for_truck
1983,cifar10_test_01983,/home/tariq/Desktop/Awais-Tariq/base-KD/data/cifar-10-batches-py/test_batch,1983,ship,bird,0.4279134273529053,False,True,/home/tariq/Desktop/Awais-Tariq/base-KD/reports/cifar10_full_audit/mamba_kd_from_pretrained_vit/failure_images/01983_true-ship_pred-bird.png,false_negative_for_ship;false_positive_for_bird
1996,cifar10_test_01996,/home/tariq/Desktop/Awais-Tariq/base-KD/data/cifar-10-batches-py/test_batch,1996,cat,dog,0.9996556043624878,False,True,/home/tariq/Desktop/Awais-Tariq/base-KD/reports/cifar10_full_audit/mamba_kd_from_pretrained_vit/failure_images/01996_true-cat_pred-dog.png,false_negative_for_cat;false_positive_for_dog
2010,cifar10_test_02010,/home/tariq/Desktop/Awais-Tariq/base-KD/data/cifar-10-batches-py/test_batch,2010,horse,dog,0.9511961936950684,False,True,/home/tariq/Desktop/Awais-Tariq/base-KD/reports/cifar10_full_audit/mamba_kd_from_pretrained_vit/failure_images/02010_true-horse_pred-dog.png,false_negative_for_horse;false_positive_for_dog
2017,cifar10_test_02017,/home/tariq/Desktop/Awais-Tariq/base-KD/data/cifar-10-batches-py/test_batch,2017,dog,bird,0.9452469348907471,False,True,/home/tariq/Desktop/Awais-Tariq/base-KD/reports/cifar10_full_audit/mamba_kd_from_pretrained_vit/failure_images/02017_true-dog_pred-bird.png,false_negative_for_dog;false_positive_for_bird
2022,cifar10_test_02022,/home/tariq/Desktop/Awais-Tariq/base-KD/data/cifar-10-batches-py/test_batch,2022,dog,cat,0.6383662223815918,False,True,/home/tariq/Desktop/Awais-Tariq/base-KD/reports/cifar10_full_audit/mamba_kd_from_pretrained_vit/failure_images/02022_true-dog_pred-cat.png,false_negative_for_dog;false_positive_for_cat
2029,cifar10_test_02029,/home/tariq/Desktop/Awais-Tariq/base-KD/data/cifar-10-batches-py/test_batch,2029,cat,bird,0.5080968141555786,False,True,/home/tariq/Desktop/Awais-Tariq/base-KD/reports/cifar10_full_audit/mamba_kd_from_pretrained_vit/failure_images/02029_true-cat_pred-bird.png,false_negative_for_cat;false_positive_for_bird
2066,cifar10_test_02066,/home/tariq/Desktop/Awais-Tariq/base-KD/data/cifar-10-batches-py/test_batch,2066,bird,horse,0.7178969979286194,False,True,/home/tariq/Desktop/Awais-Tariq/base-KD/reports/cifar10_full_audit/mamba_kd_from_pretrained_vit/failure_images/02066_true-bird_pred-horse.png,false_negative_for_bird;false_positive_for_horse
2067,cifar10_test_02067,/home/tariq/Desktop/Awais-Tariq/base-KD/data/cifar-10-batches-py/test_batch,2067,horse,deer,0.9971866011619568,False,True,/home/tariq/Desktop/Awais-Tariq/base-KD/reports/cifar10_full_audit/mamba_kd_from_pretrained_vit/failure_images/02067_true-horse_pred-deer.png,false_negative_for_horse;false_positive_for_deer
2078,cifar10_test_02078,/home/tariq/Desktop/Awais-Tariq/base-KD/data/cifar-10-batches-py/test_batch,2078,bird,frog,0.9999895095825195,False,True,/home/tariq/Desktop/Awais-Tariq/base-KD/reports/cifar10_full_audit/mamba_kd_from_pretrained_vit/failure_images/02078_true-bird_pred-frog.png,false_negative_for_bird;false_positive_for_frog
2120,cifar10_test_02120,/home/tariq/Desktop/Awais-Tariq/base-KD/data/cifar-10-batches-py/test_batch,2120,deer,ship,0.9221346378326416,False,True,/home/tariq/Desktop/Awais-Tariq/base-KD/reports/cifar10_full_audit/mamba_kd_from_pretrained_vit/failure_images/02120_true-deer_pred-ship.png,false_negative_for_deer;false_positive_for_ship
2127,cifar10_test_02127,/home/tariq/Desktop/Awais-Tariq/base-KD/data/cifar-10-batches-py/test_batch,2127,bird,dog,0.7600703835487366,False,True,/home/tariq/Desktop/Awais-Tariq/base-KD/reports/cifar10_full_audit/mamba_kd_from_pretrained_vit/failure_images/02127_true-bird_pred-dog.png,false_negative_for_bird;false_positive_for_dog
2128,cifar10_test_02128,/home/tariq/Desktop/Awais-Tariq/base-KD/data/cifar-10-batches-py/test_batch,2128,deer,frog,0.999976396560669,False,True,/home/tariq/Desktop/Awais-Tariq/base-KD/reports/cifar10_full_audit/mamba_kd_from_pretrained_vit/failure_images/02128_true-deer_pred-frog.png,false_negative_for_deer;false_positive_for_frog
2129,cifar10_test_02129,/home/tariq/Desktop/Awais-Tariq/base-KD/data/cifar-10-batches-py/test_batch,2129,truck,bird,0.6499201655387878,False,True,/home/tariq/Desktop/Awais-Tariq/base-KD/reports/cifar10_full_audit/mamba_kd_from_pretrained_vit/failure_images/02129_true-truck_pred-bird.png,false_negative_for_truck;false_positive_for_bird
2136,cifar10_test_02136,/home/tariq/Desktop/Awais-Tariq/base-KD/data/cifar-10-batches-py/test_batch,2136,airplane,truck,0.9946812987327576,False,True,/home/tariq/Desktop/Awais-Tariq/base-KD/reports/cifar10_full_audit/mamba_kd_from_pretrained_vit/failure_images/02136_true-airplane_pred-truck.png,false_negative_for_airplane;false_positive_for_truck
2159,cifar10_test_02159,/home/tariq/Desktop/Awais-Tariq/base-KD/data/cifar-10-batches-py/test_batch,2159,ship,deer,0.49133777618408203,False,True,/home/tariq/Desktop/Awais-Tariq/base-KD/reports/cifar10_full_audit/mamba_kd_from_pretrained_vit/failure_images/02159_true-ship_pred-deer.png,false_negative_for_ship;false_positive_for_deer
2165,cifar10_test_02165,/home/tariq/Desktop/Awais-Tariq/base-KD/data/cifar-10-batches-py/test_batch,2165,bird,horse,0.9973406195640564,False,True,/home/tariq/Desktop/Awais-Tariq/base-KD/reports/cifar10_full_audit/mamba_kd_from_pretrained_vit/failure_images/02165_true-bird_pred-horse.png,false_negative_for_bird;false_positive_for_horse
2172,cifar10_test_02172,/home/tariq/Desktop/Awais-Tariq/base-KD/data/cifar-10-batches-py/test_batch,2172,dog,horse,0.9938125610351562,False,True,/home/tariq/Desktop/Awais-Tariq/base-KD/reports/cifar10_full_audit/mamba_kd_from_pretrained_vit/failure_images/02172_true-dog_pred-horse.png,false_negative_for_dog;false_positive_for_horse
2181,cifar10_test_02181,/home/tariq/Desktop/Awais-Tariq/base-KD/data/cifar-10-batches-py/test_batch,2181,cat,bird,0.9158833622932434,False,True,/home/tariq/Desktop/Awais-Tariq/base-KD/reports/cifar10_full_audit/mamba_kd_from_pretrained_vit/failure_images/02181_true-cat_pred-bird.png,false_negative_for_cat;false_positive_for_bird
2187,cifar10_test_02187,/home/tariq/Desktop/Awais-Tariq/base-KD/data/cifar-10-batches-py/test_batch,2187,dog,cat,0.9996501207351685,False,True,/home/tariq/Desktop/Awais-Tariq/base-KD/reports/cifar10_full_audit/mamba_kd_from_pretrained_vit/failure_images/02187_true-dog_pred-cat.png,false_negative_for_dog;false_positive_for_cat
2213,cifar10_test_02213,/home/tariq/Desktop/Awais-Tariq/base-KD/data/cifar-10-batches-py/test_batch,2213,deer,bird,0.9999998807907104,False,True,/home/tariq/Desktop/Awais-Tariq/base-KD/reports/cifar10_full_audit/mamba_kd_from_pretrained_vit/failure_images/02213_true-deer_pred-bird.png,false_negative_for_deer;false_positive_for_bird
2214,cifar10_test_02214,/home/tariq/Desktop/Awais-Tariq/base-KD/data/cifar-10-batches-py/test_batch,2214,deer,dog,0.9998823404312134,False,True,/home/tariq/Desktop/Awais-Tariq/base-KD/reports/cifar10_full_audit/mamba_kd_from_pretrained_vit/failure_images/02214_true-deer_pred-dog.png,false_negative_for_deer;false_positive_for_dog
2226,cifar10_test_02226,/home/tariq/Desktop/Awais-Tariq/base-KD/data/cifar-10-batches-py/test_batch,2226,bird,frog,1.0,False,True,/home/tariq/Desktop/Awais-Tariq/base-KD/reports/cifar10_full_audit/mamba_kd_from_pretrained_vit/failure_images/02226_true-bird_pred-frog.png,false_negative_for_bird;false_positive_for_frog
2232,cifar10_test_02232,/home/tariq/Desktop/Awais-Tariq/base-KD/data/cifar-10-batches-py/test_batch,2232,airplane,cat,0.996471643447876,False,False,/home/tariq/Desktop/Awais-Tariq/base-KD/reports/cifar10_full_audit/mamba_kd_from_pretrained_vit/failure_images/02232_true-airplane_pred-cat.png,false_negative_for_airplane;false_positive_for_cat
2233,cifar10_test_02233,/home/tariq/Desktop/Awais-Tariq/base-KD/data/cifar-10-batches-py/test_batch,2233,cat,airplane,0.9864462614059448,False,False,/home/tariq/Desktop/Awais-Tariq/base-KD/reports/cifar10_full_audit/mamba_kd_from_pretrained_vit/failure_images/02233_true-cat_pred-airplane.png,false_negative_for_cat;false_positive_for_airplane
2242,cifar10_test_02242,/home/tariq/Desktop/Awais-Tariq/base-KD/data/cifar-10-batches-py/test_batch,2242,bird,cat,0.8473327159881592,False,True,/home/tariq/Desktop/Awais-Tariq/base-KD/reports/cifar10_full_audit/mamba_kd_from_pretrained_vit/failure_images/02242_true-bird_pred-cat.png,false_negative_for_bird;false_positive_for_cat
2248,cifar10_test_02248,/home/tariq/Desktop/Awais-Tariq/base-KD/data/cifar-10-batches-py/test_batch,2248,airplane,ship,0.9655604958534241,False,True,/home/tariq/Desktop/Awais-Tariq/base-KD/reports/cifar10_full_audit/mamba_kd_from_pretrained_vit/failure_images/02248_true-airplane_pred-ship.png,false_negative_for_airplane;false_positive_for_ship
2251,cifar10_test_02251,/home/tariq/Desktop/Awais-Tariq/base-KD/data/cifar-10-batches-py/test_batch,2251,frog,dog,0.8147088885307312,False,True,/home/tariq/Desktop/Awais-Tariq/base-KD/reports/cifar10_full_audit/mamba_kd_from_pretrained_vit/failure_images/02251_true-frog_pred-dog.png,false_negative_for_frog;false_positive_for_dog
2253,cifar10_test_02253,/home/tariq/Desktop/Awais-Tariq/base-KD/data/cifar-10-batches-py/test_batch,2253,cat,dog,0.6279688477516174,False,True,/home/tariq/Desktop/Awais-Tariq/base-KD/reports/cifar10_full_audit/mamba_kd_from_pretrained_vit/failure_images/02253_true-cat_pred-dog.png,false_negative_for_cat;false_positive_for_dog
2262,cifar10_test_02262,/home/tariq/Desktop/Awais-Tariq/base-KD/data/cifar-10-batches-py/test_batch,2262,bird,deer,0.8734790682792664,False,True,/home/tariq/Desktop/Awais-Tariq/base-KD/reports/cifar10_full_audit/mamba_kd_from_pretrained_vit/failure_images/02262_true-bird_pred-deer.png,false_negative_for_bird;false_positive_for_deer
2270,cifar10_test_02270,/home/tariq/Desktop/Awais-Tariq/base-KD/data/cifar-10-batches-py/test_batch,2270,bird,cat,0.8130472898483276,False,True,/home/tariq/Desktop/Awais-Tariq/base-KD/reports/cifar10_full_audit/mamba_kd_from_pretrained_vit/failure_images/02270_true-bird_pred-cat.png,false_negative_for_bird;false_positive_for_cat
2271,cifar10_test_02271,/home/tariq/Desktop/Awais-Tariq/base-KD/data/cifar-10-batches-py/test_batch,2271,truck,ship,0.9994220733642578,False,True,/home/tariq/Desktop/Awais-Tariq/base-KD/reports/cifar10_full_audit/mamba_kd_from_pretrained_vit/failure_images/02271_true-truck_pred-ship.png,false_negative_for_truck;false_positive_for_ship
2292,cifar10_test_02292,/home/tariq/Desktop/Awais-Tariq/base-KD/data/cifar-10-batches-py/test_batch,2292,dog,cat,0.9988030195236206,False,True,/home/tariq/Desktop/Awais-Tariq/base-KD/reports/cifar10_full_audit/mamba_kd_from_pretrained_vit/failure_images/02292_true-dog_pred-cat.png,false_negative_for_dog;false_positive_for_cat
2293,cifar10_test_02293,/home/tariq/Desktop/Awais-Tariq/base-KD/data/cifar-10-batches-py/test_batch,2293,ship,automobile,0.9961236119270325,False,True,/home/tariq/Desktop/Awais-Tariq/base-KD/reports/cifar10_full_audit/mamba_kd_from_pretrained_vit/failure_images/02293_true-ship_pred-automobile.png,false_negative_for_ship;false_positive_for_automobile
2299,cifar10_test_02299,/home/tariq/Desktop/Awais-Tariq/base-KD/data/cifar-10-batches-py/test_batch,2299,frog,cat,0.9994747042655945,False,True,/home/tariq/Desktop/Awais-Tariq/base-KD/reports/cifar10_full_audit/mamba_kd_from_pretrained_vit/failure_images/02299_true-frog_pred-cat.png,false_negative_for_frog;false_positive_for_cat
2305,cifar10_test_02305,/home/tariq/Desktop/Awais-Tariq/base-KD/data/cifar-10-batches-py/test_batch,2305,truck,bird,0.9967160224914551,False,True,/home/tariq/Desktop/Awais-Tariq/base-KD/reports/cifar10_full_audit/mamba_kd_from_pretrained_vit/failure_images/02305_true-truck_pred-bird.png,false_negative_for_truck;false_positive_for_bird
2331,cifar10_test_02331,/home/tariq/Desktop/Awais-Tariq/base-KD/data/cifar-10-batches-py/test_batch,2331,bird,deer,0.9998809099197388,False,True,/home/tariq/Desktop/Awais-Tariq/base-KD/reports/cifar10_full_audit/mamba_kd_from_pretrained_vit/failure_images/02331_true-bird_pred-deer.png,false_negative_for_bird;false_positive_for_deer
2350,cifar10_test_02350,/home/tariq/Desktop/Awais-Tariq/base-KD/data/cifar-10-batches-py/test_batch,2350,cat,dog,0.9998593330383301,False,True,/home/tariq/Desktop/Awais-Tariq/base-KD/reports/cifar10_full_audit/mamba_kd_from_pretrained_vit/failure_images/02350_true-cat_pred-dog.png,false_negative_for_cat;false_positive_for_dog
2358,cifar10_test_02358,/home/tariq/Desktop/Awais-Tariq/base-KD/data/cifar-10-batches-py/test_batch,2358,horse,cat,0.9690493941307068,False,True,/home/tariq/Desktop/Awais-Tariq/base-KD/reports/cifar10_full_audit/mamba_kd_from_pretrained_vit/failure_images/02358_true-horse_pred-cat.png,false_negative_for_horse;false_positive_for_cat
2379,cifar10_test_02379,/home/tariq/Desktop/Awais-Tariq/base-KD/data/cifar-10-batches-py/test_batch,2379,airplane,ship,0.9999608993530273,False,True,/home/tariq/Desktop/Awais-Tariq/base-KD/reports/cifar10_full_audit/mamba_kd_from_pretrained_vit/failure_images/02379_true-airplane_pred-ship.png,false_negative_for_airplane;false_positive_for_ship
2381,cifar10_test_02381,/home/tariq/Desktop/Awais-Tariq/base-KD/data/cifar-10-batches-py/test_batch,2381,dog,bird,0.9855970740318298,False,True,/home/tariq/Desktop/Awais-Tariq/base-KD/reports/cifar10_full_audit/mamba_kd_from_pretrained_vit/failure_images/02381_true-dog_pred-bird.png,false_negative_for_dog;false_positive_for_bird
2386,cifar10_test_02386,/home/tariq/Desktop/Awais-Tariq/base-KD/data/cifar-10-batches-py/test_batch,2386,deer,dog,0.934227466583252,False,True,/home/tariq/Desktop/Awais-Tariq/base-KD/reports/cifar10_full_audit/mamba_kd_from_pretrained_vit/failure_images/02386_true-deer_pred-dog.png,false_negative_for_deer;false_positive_for_dog
2405,cifar10_test_02405,/home/tariq/Desktop/Awais-Tariq/base-KD/data/cifar-10-batches-py/test_batch,2405,cat,frog,0.9999998807907104,False,False,/home/tariq/Desktop/Awais-Tariq/base-KD/reports/cifar10_full_audit/mamba_kd_from_pretrained_vit/failure_images/02405_true-cat_pred-frog.png,false_negative_for_cat;false_positive_for_frog
2413,cifar10_test_02413,/home/tariq/Desktop/Awais-Tariq/base-KD/data/cifar-10-batches-py/test_batch,2413,deer,frog,0.9997656941413879,False,True,/home/tariq/Desktop/Awais-Tariq/base-KD/reports/cifar10_full_audit/mamba_kd_from_pretrained_vit/failure_images/02413_true-deer_pred-frog.png,false_negative_for_deer;false_positive_for_frog
2423,cifar10_test_02423,/home/tariq/Desktop/Awais-Tariq/base-KD/data/cifar-10-batches-py/test_batch,2423,bird,cat,0.9913796186447144,False,True,/home/tariq/Desktop/Awais-Tariq/base-KD/reports/cifar10_full_audit/mamba_kd_from_pretrained_vit/failure_images/02423_true-bird_pred-cat.png,false_negative_for_bird;false_positive_for_cat
2444,cifar10_test_02444,/home/tariq/Desktop/Awais-Tariq/base-KD/data/cifar-10-batches-py/test_batch,2444,cat,dog,0.999679684638977,False,True,/home/tariq/Desktop/Awais-Tariq/base-KD/reports/cifar10_full_audit/mamba_kd_from_pretrained_vit/failure_images/02444_true-cat_pred-dog.png,false_negative_for_cat;false_positive_for_dog
2464,cifar10_test_02464,/home/tariq/Desktop/Awais-Tariq/base-KD/data/cifar-10-batches-py/test_batch,2464,bird,airplane,0.9991675615310669,False,True,/home/tariq/Desktop/Awais-Tariq/base-KD/reports/cifar10_full_audit/mamba_kd_from_pretrained_vit/failure_images/02464_true-bird_pred-airplane.png,false_negative_for_bird;false_positive_for_airplane
2473,cifar10_test_02473,/home/tariq/Desktop/Awais-Tariq/base-KD/data/cifar-10-batches-py/test_batch,2473,airplane,ship,0.9993696808815002,False,True,/home/tariq/Desktop/Awais-Tariq/base-KD/reports/cifar10_full_audit/mamba_kd_from_pretrained_vit/failure_images/02473_true-airplane_pred-ship.png,false_negative_for_airplane;false_positive_for_ship
2481,cifar10_test_02481,/home/tariq/Desktop/Awais-Tariq/base-KD/data/cifar-10-batches-py/test_batch,2481,horse,cat,0.8023132085800171,False,True,/home/tariq/Desktop/Awais-Tariq/base-KD/reports/cifar10_full_audit/mamba_kd_from_pretrained_vit/failure_images/02481_true-horse_pred-cat.png,false_negative_for_horse;false_positive_for_cat
2495,cifar10_test_02495,/home/tariq/Desktop/Awais-Tariq/base-KD/data/cifar-10-batches-py/test_batch,2495,truck,ship,0.7847111821174622,False,True,/home/tariq/Desktop/Awais-Tariq/base-KD/reports/cifar10_full_audit/mamba_kd_from_pretrained_vit/failure_images/02495_true-truck_pred-ship.png,false_negative_for_truck;false_positive_for_ship
2508,cifar10_test_02508,/home/tariq/Desktop/Awais-Tariq/base-KD/data/cifar-10-batches-py/test_batch,2508,frog,deer,0.9014981389045715,False,True,/home/tariq/Desktop/Awais-Tariq/base-KD/reports/cifar10_full_audit/mamba_kd_from_pretrained_vit/failure_images/02508_true-frog_pred-deer.png,false_negative_for_frog;false_positive_for_deer
2511,cifar10_test_02511,/home/tariq/Desktop/Awais-Tariq/base-KD/data/cifar-10-batches-py/test_batch,2511,ship,airplane,0.9829453825950623,False,True,/home/tariq/Desktop/Awais-Tariq/base-KD/reports/cifar10_full_audit/mamba_kd_from_pretrained_vit/failure_images/02511_true-ship_pred-airplane.png,false_negative_for_ship;false_positive_for_airplane
2525,cifar10_test_02525,/home/tariq/Desktop/Awais-Tariq/base-KD/data/cifar-10-batches-py/test_batch,2525,dog,bird,0.8407279849052429,False,False,/home/tariq/Desktop/Awais-Tariq/base-KD/reports/cifar10_full_audit/mamba_kd_from_pretrained_vit/failure_images/02525_true-dog_pred-bird.png,false_negative_for_dog;false_positive_for_bird
2532,cifar10_test_02532,/home/tariq/Desktop/Awais-Tariq/base-KD/data/cifar-10-batches-py/test_batch,2532,airplane,automobile,0.9988123178482056,False,True,/home/tariq/Desktop/Awais-Tariq/base-KD/reports/cifar10_full_audit/mamba_kd_from_pretrained_vit/failure_images/02532_true-airplane_pred-automobile.png,false_negative_for_airplane;false_positive_for_automobile
2533,cifar10_test_02533,/home/tariq/Desktop/Awais-Tariq/base-KD/data/cifar-10-batches-py/test_batch,2533,ship,frog,0.6058961749076843,False,False,/home/tariq/Desktop/Awais-Tariq/base-KD/reports/cifar10_full_audit/mamba_kd_from_pretrained_vit/failure_images/02533_true-ship_pred-frog.png,false_negative_for_ship;false_positive_for_frog
2551,cifar10_test_02551,/home/tariq/Desktop/Awais-Tariq/base-KD/data/cifar-10-batches-py/test_batch,2551,bird,frog,0.9059410095214844,False,True,/home/tariq/Desktop/Awais-Tariq/base-KD/reports/cifar10_full_audit/mamba_kd_from_pretrained_vit/failure_images/02551_true-bird_pred-frog.png,false_negative_for_bird;false_positive_for_frog
2554,cifar10_test_02554,/home/tariq/Desktop/Awais-Tariq/base-KD/data/cifar-10-batches-py/test_batch,2554,deer,horse,0.9912235736846924,False,True,/home/tariq/Desktop/Awais-Tariq/base-KD/reports/cifar10_full_audit/mamba_kd_from_pretrained_vit/failure_images/02554_true-deer_pred-horse.png,false_negative_for_deer;false_positive_for_horse
2570,cifar10_test_02570,/home/tariq/Desktop/Awais-Tariq/base-KD/data/cifar-10-batches-py/test_batch,2570,airplane,cat,0.5193710327148438,False,True,/home/tariq/Desktop/Awais-Tariq/base-KD/reports/cifar10_full_audit/mamba_kd_from_pretrained_vit/failure_images/02570_true-airplane_pred-cat.png,false_negative_for_airplane;false_positive_for_cat
2581,cifar10_test_02581,/home/tariq/Desktop/Awais-Tariq/base-KD/data/cifar-10-batches-py/test_batch,2581,deer,truck,0.5938319563865662,False,True,/home/tariq/Desktop/Awais-Tariq/base-KD/reports/cifar10_full_audit/mamba_kd_from_pretrained_vit/failure_images/02581_true-deer_pred-truck.png,false_negative_for_deer;false_positive_for_truck
2590,cifar10_test_02590,/home/tariq/Desktop/Awais-Tariq/base-KD/data/cifar-10-batches-py/test_batch,2590,dog,cat,0.9996631145477295,False,False,/home/tariq/Desktop/Awais-Tariq/base-KD/reports/cifar10_full_audit/mamba_kd_from_pretrained_vit/failure_images/02590_true-dog_pred-cat.png,false_negative_for_dog;false_positive_for_cat
2592,cifar10_test_02592,/home/tariq/Desktop/Awais-Tariq/base-KD/data/cifar-10-batches-py/test_batch,2592,bird,dog,0.9994884729385376,False,True,/home/tariq/Desktop/Awais-Tariq/base-KD/reports/cifar10_full_audit/mamba_kd_from_pretrained_vit/failure_images/02592_true-bird_pred-dog.png,false_negative_for_bird;false_positive_for_dog
2599,cifar10_test_02599,/home/tariq/Desktop/Awais-Tariq/base-KD/data/cifar-10-batches-py/test_batch,2599,frog,cat,0.999527096748352,False,True,/home/tariq/Desktop/Awais-Tariq/base-KD/reports/cifar10_full_audit/mamba_kd_from_pretrained_vit/failure_images/02599_true-frog_pred-cat.png,false_negative_for_frog;false_positive_for_cat
2606,cifar10_test_02606,/home/tariq/Desktop/Awais-Tariq/base-KD/data/cifar-10-batches-py/test_batch,2606,cat,dog,0.9282166957855225,False,True,/home/tariq/Desktop/Awais-Tariq/base-KD/reports/cifar10_full_audit/mamba_kd_from_pretrained_vit/failure_images/02606_true-cat_pred-dog.png,false_negative_for_cat;false_positive_for_dog
2635,cifar10_test_02635,/home/tariq/Desktop/Awais-Tariq/base-KD/data/cifar-10-batches-py/test_batch,2635,frog,cat,0.9586356282234192,False,True,/home/tariq/Desktop/Awais-Tariq/base-KD/reports/cifar10_full_audit/mamba_kd_from_pretrained_vit/failure_images/02635_true-frog_pred-cat.png,false_negative_for_frog;false_positive_for_cat
2642,cifar10_test_02642,/home/tariq/Desktop/Awais-Tariq/base-KD/data/cifar-10-batches-py/test_batch,2642,horse,frog,0.9312440156936646,False,True,/home/tariq/Desktop/Awais-Tariq/base-KD/reports/cifar10_full_audit/mamba_kd_from_pretrained_vit/failure_images/02642_true-horse_pred-frog.png,false_negative_for_horse;false_positive_for_frog
2650,cifar10_test_02650,/home/tariq/Desktop/Awais-Tariq/base-KD/data/cifar-10-batches-py/test_batch,2650,dog,horse,0.9948046803474426,False,True,/home/tariq/Desktop/Awais-Tariq/base-KD/reports/cifar10_full_audit/mamba_kd_from_pretrained_vit/failure_images/02650_true-dog_pred-horse.png,false_negative_for_dog;false_positive_for_horse
2675,cifar10_test_02675,/home/tariq/Desktop/Awais-Tariq/base-KD/data/cifar-10-batches-py/test_batch,2675,bird,frog,0.9868071675300598,False,True,/home/tariq/Desktop/Awais-Tariq/base-KD/reports/cifar10_full_audit/mamba_kd_from_pretrained_vit/failure_images/02675_true-bird_pred-frog.png,false_negative_for_bird;false_positive_for_frog
2688,cifar10_test_02688,/home/tariq/Desktop/Awais-Tariq/base-KD/data/cifar-10-batches-py/test_batch,2688,dog,cat,0.5975185036659241,False,True,/home/tariq/Desktop/Awais-Tariq/base-KD/reports/cifar10_full_audit/mamba_kd_from_pretrained_vit/failure_images/02688_true-dog_pred-cat.png,false_negative_for_dog;false_positive_for_cat
2690,cifar10_test_02690,/home/tariq/Desktop/Awais-Tariq/base-KD/data/cifar-10-batches-py/test_batch,2690,bird,frog,0.9970364570617676,False,True,/home/tariq/Desktop/Awais-Tariq/base-KD/reports/cifar10_full_audit/mamba_kd_from_pretrained_vit/failure_images/02690_true-bird_pred-frog.png,false_negative_for_bird;false_positive_for_frog
2701,cifar10_test_02701,/home/tariq/Desktop/Awais-Tariq/base-KD/data/cifar-10-batches-py/test_batch,2701,automobile,airplane,0.9929506778717041,False,True,/home/tariq/Desktop/Awais-Tariq/base-KD/reports/cifar10_full_audit/mamba_kd_from_pretrained_vit/failure_images/02701_true-automobile_pred-airplane.png,false_negative_for_automobile;false_positive_for_airplane
2719,cifar10_test_02719,/home/tariq/Desktop/Awais-Tariq/base-KD/data/cifar-10-batches-py/test_batch,2719,deer,bird,0.9998515844345093,False,True,/home/tariq/Desktop/Awais-Tariq/base-KD/reports/cifar10_full_audit/mamba_kd_from_pretrained_vit/failure_images/02719_true-deer_pred-bird.png,false_negative_for_deer;false_positive_for_bird
2723,cifar10_test_02723,/home/tariq/Desktop/Awais-Tariq/base-KD/data/cifar-10-batches-py/test_batch,2723,bird,deer,0.6709830164909363,False,True,/home/tariq/Desktop/Awais-Tariq/base-KD/reports/cifar10_full_audit/mamba_kd_from_pretrained_vit/failure_images/02723_true-bird_pred-deer.png,false_negative_for_bird;false_positive_for_deer
2737,cifar10_test_02737,/home/tariq/Desktop/Awais-Tariq/base-KD/data/cifar-10-batches-py/test_batch,2737,ship,airplane,0.9996070265769958,False,True,/home/tariq/Desktop/Awais-Tariq/base-KD/reports/cifar10_full_audit/mamba_kd_from_pretrained_vit/failure_images/02737_true-ship_pred-airplane.png,false_negative_for_ship;false_positive_for_airplane
2756,cifar10_test_02756,/home/tariq/Desktop/Awais-Tariq/base-KD/data/cifar-10-batches-py/test_batch,2756,truck,horse,0.9999195337295532,False,True,/home/tariq/Desktop/Awais-Tariq/base-KD/reports/cifar10_full_audit/mamba_kd_from_pretrained_vit/failure_images/02756_true-truck_pred-horse.png,false_negative_for_truck;false_positive_for_horse
2767,cifar10_test_02767,/home/tariq/Desktop/Awais-Tariq/base-KD/data/cifar-10-batches-py/test_batch,2767,dog,cat,0.5423988699913025,False,True,/home/tariq/Desktop/Awais-Tariq/base-KD/reports/cifar10_full_audit/mamba_kd_from_pretrained_vit/failure_images/02767_true-dog_pred-cat.png,false_negative_for_dog;false_positive_for_cat
2770,cifar10_test_02770,/home/tariq/Desktop/Awais-Tariq/base-KD/data/cifar-10-batches-py/test_batch,2770,horse,bird,0.9999510049819946,False,False,/home/tariq/Desktop/Awais-Tariq/base-KD/reports/cifar10_full_audit/mamba_kd_from_pretrained_vit/failure_images/02770_true-horse_pred-bird.png,false_negative_for_horse;false_positive_for_bird
2779,cifar10_test_02779,/home/tariq/Desktop/Awais-Tariq/base-KD/data/cifar-10-batches-py/test_batch,2779,cat,dog,0.8681122064590454,False,True,/home/tariq/Desktop/Awais-Tariq/base-KD/reports/cifar10_full_audit/mamba_kd_from_pretrained_vit/failure_images/02779_true-cat_pred-dog.png,false_negative_for_cat;false_positive_for_dog
2782,cifar10_test_02782,/home/tariq/Desktop/Awais-Tariq/base-KD/data/cifar-10-batches-py/test_batch,2782,airplane,bird,0.7818307876586914,False,True,/home/tariq/Desktop/Awais-Tariq/base-KD/reports/cifar10_full_audit/mamba_kd_from_pretrained_vit/failure_images/02782_true-airplane_pred-bird.png,false_negative_for_airplane;false_positive_for_bird
2798,cifar10_test_02798,/home/tariq/Desktop/Awais-Tariq/base-KD/data/cifar-10-batches-py/test_batch,2798,cat,dog,0.9361436367034912,False,True,/home/tariq/Desktop/Awais-Tariq/base-KD/reports/cifar10_full_audit/mamba_kd_from_pretrained_vit/failure_images/02798_true-cat_pred-dog.png,false_negative_for_cat;false_positive_for_dog
2804,cifar10_test_02804,/home/tariq/Desktop/Awais-Tariq/base-KD/data/cifar-10-batches-py/test_batch,2804,cat,dog,0.9997681975364685,False,True,/home/tariq/Desktop/Awais-Tariq/base-KD/reports/cifar10_full_audit/mamba_kd_from_pretrained_vit/failure_images/02804_true-cat_pred-dog.png,false_negative_for_cat;false_positive_for_dog
2810,cifar10_test_02810,/home/tariq/Desktop/Awais-Tariq/base-KD/data/cifar-10-batches-py/test_batch,2810,truck,horse,0.9431321620941162,False,True,/home/tariq/Desktop/Awais-Tariq/base-KD/reports/cifar10_full_audit/mamba_kd_from_pretrained_vit/failure_images/02810_true-truck_pred-horse.png,false_negative_for_truck;false_positive_for_horse
2843,cifar10_test_02843,/home/tariq/Desktop/Awais-Tariq/base-KD/data/cifar-10-batches-py/test_batch,2843,automobile,bird,0.6964052319526672,False,False,/home/tariq/Desktop/Awais-Tariq/base-KD/reports/cifar10_full_audit/mamba_kd_from_pretrained_vit/failure_images/02843_true-automobile_pred-bird.png,false_negative_for_automobile;false_positive_for_bird
2844,cifar10_test_02844,/home/tariq/Desktop/Awais-Tariq/base-KD/data/cifar-10-batches-py/test_batch,2844,deer,cat,0.9989598989486694,False,True,/home/tariq/Desktop/Awais-Tariq/base-KD/reports/cifar10_full_audit/mamba_kd_from_pretrained_vit/failure_images/02844_true-deer_pred-cat.png,false_negative_for_deer;false_positive_for_cat
2845,cifar10_test_02845,/home/tariq/Desktop/Awais-Tariq/base-KD/data/cifar-10-batches-py/test_batch,2845,dog,cat,0.9988000392913818,False,True,/home/tariq/Desktop/Awais-Tariq/base-KD/reports/cifar10_full_audit/mamba_kd_from_pretrained_vit/failure_images/02845_true-dog_pred-cat.png,false_negative_for_dog;false_positive_for_cat
2847,cifar10_test_02847,/home/tariq/Desktop/Awais-Tariq/base-KD/data/cifar-10-batches-py/test_batch,2847,ship,airplane,0.9077529907226562,False,True,/home/tariq/Desktop/Awais-Tariq/base-KD/reports/cifar10_full_audit/mamba_kd_from_pretrained_vit/failure_images/02847_true-ship_pred-airplane.png,false_negative_for_ship;false_positive_for_airplane
2854,cifar10_test_02854,/home/tariq/Desktop/Awais-Tariq/base-KD/data/cifar-10-batches-py/test_batch,2854,truck,horse,0.9991920590400696,False,True,/home/tariq/Desktop/Awais-Tariq/base-KD/reports/cifar10_full_audit/mamba_kd_from_pretrained_vit/failure_images/02854_true-truck_pred-horse.png,false_negative_for_truck;false_positive_for_horse
2868,cifar10_test_02868,/home/tariq/Desktop/Awais-Tariq/base-KD/data/cifar-10-batches-py/test_batch,2868,truck,automobile,0.997779905796051,False,True,/home/tariq/Desktop/Awais-Tariq/base-KD/reports/cifar10_full_audit/mamba_kd_from_pretrained_vit/failure_images/02868_true-truck_pred-automobile.png,false_negative_for_truck;false_positive_for_automobile
2895,cifar10_test_02895,/home/tariq/Desktop/Awais-Tariq/base-KD/data/cifar-10-batches-py/test_batch,2895,horse,dog,0.9998989105224609,False,True,/home/tariq/Desktop/Awais-Tariq/base-KD/reports/cifar10_full_audit/mamba_kd_from_pretrained_vit/failure_images/02895_true-horse_pred-dog.png,false_negative_for_horse;false_positive_for_dog
2912,cifar10_test_02912,/home/tariq/Desktop/Awais-Tariq/base-KD/data/cifar-10-batches-py/test_batch,2912,bird,deer,0.9569335579872131,False,True,/home/tariq/Desktop/Awais-Tariq/base-KD/reports/cifar10_full_audit/mamba_kd_from_pretrained_vit/failure_images/02912_true-bird_pred-deer.png,false_negative_for_bird;false_positive_for_deer
2923,cifar10_test_02923,/home/tariq/Desktop/Awais-Tariq/base-KD/data/cifar-10-batches-py/test_batch,2923,cat,horse,0.9994832277297974,False,True,/home/tariq/Desktop/Awais-Tariq/base-KD/reports/cifar10_full_audit/mamba_kd_from_pretrained_vit/failure_images/02923_true-cat_pred-horse.png,false_negative_for_cat;false_positive_for_horse
2940,cifar10_test_02940,/home/tariq/Desktop/Awais-Tariq/base-KD/data/cifar-10-batches-py/test_batch,2940,cat,airplane,0.9596355557441711,False,True,/home/tariq/Desktop/Awais-Tariq/base-KD/reports/cifar10_full_audit/mamba_kd_from_pretrained_vit/failure_images/02940_true-cat_pred-airplane.png,false_negative_for_cat;false_positive_for_airplane
2948,cifar10_test_02948,/home/tariq/Desktop/Awais-Tariq/base-KD/data/cifar-10-batches-py/test_batch,2948,dog,cat,0.6582240462303162,False,True,/home/tariq/Desktop/Awais-Tariq/base-KD/reports/cifar10_full_audit/mamba_kd_from_pretrained_vit/failure_images/02948_true-dog_pred-cat.png,false_negative_for_dog;false_positive_for_cat
2955,cifar10_test_02955,/home/tariq/Desktop/Awais-Tariq/base-KD/data/cifar-10-batches-py/test_batch,2955,bird,cat,0.8978948593139648,False,True,/home/tariq/Desktop/Awais-Tariq/base-KD/reports/cifar10_full_audit/mamba_kd_from_pretrained_vit/failure_images/02955_true-bird_pred-cat.png,false_negative_for_bird;false_positive_for_cat
2957,cifar10_test_02957,/home/tariq/Desktop/Awais-Tariq/base-KD/data/cifar-10-batches-py/test_batch,2957,ship,airplane,0.4170509874820709,False,True,/home/tariq/Desktop/Awais-Tariq/base-KD/reports/cifar10_full_audit/mamba_kd_from_pretrained_vit/failure_images/02957_true-ship_pred-airplane.png,false_negative_for_ship;false_positive_for_airplane
2958,cifar10_test_02958,/home/tariq/Desktop/Awais-Tariq/base-KD/data/cifar-10-batches-py/test_batch,2958,airplane,ship,0.5716869235038757,False,True,/home/tariq/Desktop/Awais-Tariq/base-KD/reports/cifar10_full_audit/mamba_kd_from_pretrained_vit/failure_images/02958_true-airplane_pred-ship.png,false_negative_for_airplane;false_positive_for_ship
2960,cifar10_test_02960,/home/tariq/Desktop/Awais-Tariq/base-KD/data/cifar-10-batches-py/test_batch,2960,truck,airplane,0.9950866103172302,False,True,/home/tariq/Desktop/Awais-Tariq/base-KD/reports/cifar10_full_audit/mamba_kd_from_pretrained_vit/failure_images/02960_true-truck_pred-airplane.png,false_negative_for_truck;false_positive_for_airplane
2974,cifar10_test_02974,/home/tariq/Desktop/Awais-Tariq/base-KD/data/cifar-10-batches-py/test_batch,2974,truck,cat,0.9085779786109924,False,True,/home/tariq/Desktop/Awais-Tariq/base-KD/reports/cifar10_full_audit/mamba_kd_from_pretrained_vit/failure_images/02974_true-truck_pred-cat.png,false_negative_for_truck;false_positive_for_cat
2985,cifar10_test_02985,/home/tariq/Desktop/Awais-Tariq/base-KD/data/cifar-10-batches-py/test_batch,2985,bird,deer,0.6185340881347656,False,True,/home/tariq/Desktop/Awais-Tariq/base-KD/reports/cifar10_full_audit/mamba_kd_from_pretrained_vit/failure_images/02985_true-bird_pred-deer.png,false_negative_for_bird;false_positive_for_deer
2987,cifar10_test_02987,/home/tariq/Desktop/Awais-Tariq/base-KD/data/cifar-10-batches-py/test_batch,2987,automobile,dog,0.9256113171577454,False,True,/home/tariq/Desktop/Awais-Tariq/base-KD/reports/cifar10_full_audit/mamba_kd_from_pretrained_vit/failure_images/02987_true-automobile_pred-dog.png,false_negative_for_automobile;false_positive_for_dog
2997,cifar10_test_02997,/home/tariq/Desktop/Awais-Tariq/base-KD/data/cifar-10-batches-py/test_batch,2997,bird,dog,0.998258650302887,False,True,/home/tariq/Desktop/Awais-Tariq/base-KD/reports/cifar10_full_audit/mamba_kd_from_pretrained_vit/failure_images/02997_true-bird_pred-dog.png,false_negative_for_bird;false_positive_for_dog
3019,cifar10_test_03019,/home/tariq/Desktop/Awais-Tariq/base-KD/data/cifar-10-batches-py/test_batch,3019,dog,cat,0.610706090927124,False,True,/home/tariq/Desktop/Awais-Tariq/base-KD/reports/cifar10_full_audit/mamba_kd_from_pretrained_vit/failure_images/03019_true-dog_pred-cat.png,false_negative_for_dog;false_positive_for_cat
3025,cifar10_test_03025,/home/tariq/Desktop/Awais-Tariq/base-KD/data/cifar-10-batches-py/test_batch,3025,bird,frog,0.725929856300354,False,True,/home/tariq/Desktop/Awais-Tariq/base-KD/reports/cifar10_full_audit/mamba_kd_from_pretrained_vit/failure_images/03025_true-bird_pred-frog.png,false_negative_for_bird;false_positive_for_frog
3059,cifar10_test_03059,/home/tariq/Desktop/Awais-Tariq/base-KD/data/cifar-10-batches-py/test_batch,3059,dog,cat,0.7614689469337463,False,True,/home/tariq/Desktop/Awais-Tariq/base-KD/reports/cifar10_full_audit/mamba_kd_from_pretrained_vit/failure_images/03059_true-dog_pred-cat.png,false_negative_for_dog;false_positive_for_cat
3072,cifar10_test_03072,/home/tariq/Desktop/Awais-Tariq/base-KD/data/cifar-10-batches-py/test_batch,3072,ship,automobile,0.9964509010314941,False,True,/home/tariq/Desktop/Awais-Tariq/base-KD/reports/cifar10_full_audit/mamba_kd_from_pretrained_vit/failure_images/03072_true-ship_pred-automobile.png,false_negative_for_ship;false_positive_for_automobile
3075,cifar10_test_03075,/home/tariq/Desktop/Awais-Tariq/base-KD/data/cifar-10-batches-py/test_batch,3075,frog,cat,0.6529295444488525,False,True,/home/tariq/Desktop/Awais-Tariq/base-KD/reports/cifar10_full_audit/mamba_kd_from_pretrained_vit/failure_images/03075_true-frog_pred-cat.png,false_negative_for_frog;false_positive_for_cat
3083,cifar10_test_03083,/home/tariq/Desktop/Awais-Tariq/base-KD/data/cifar-10-batches-py/test_batch,3083,dog,cat,0.9107877016067505,False,True,/home/tariq/Desktop/Awais-Tariq/base-KD/reports/cifar10_full_audit/mamba_kd_from_pretrained_vit/failure_images/03083_true-dog_pred-cat.png,false_negative_for_dog;false_positive_for_cat
3094,cifar10_test_03094,/home/tariq/Desktop/Awais-Tariq/base-KD/data/cifar-10-batches-py/test_batch,3094,bird,airplane,0.9996757507324219,False,True,/home/tariq/Desktop/Awais-Tariq/base-KD/reports/cifar10_full_audit/mamba_kd_from_pretrained_vit/failure_images/03094_true-bird_pred-airplane.png,false_negative_for_bird;false_positive_for_airplane
3097,cifar10_test_03097,/home/tariq/Desktop/Awais-Tariq/base-KD/data/cifar-10-batches-py/test_batch,3097,airplane,bird,0.8571211695671082,False,True,/home/tariq/Desktop/Awais-Tariq/base-KD/reports/cifar10_full_audit/mamba_kd_from_pretrained_vit/failure_images/03097_true-airplane_pred-bird.png,false_negative_for_airplane;false_positive_for_bird
3110,cifar10_test_03110,/home/tariq/Desktop/Awais-Tariq/base-KD/data/cifar-10-batches-py/test_batch,3110,horse,bird,0.45433297753334045,False,True,/home/tariq/Desktop/Awais-Tariq/base-KD/reports/cifar10_full_audit/mamba_kd_from_pretrained_vit/failure_images/03110_true-horse_pred-bird.png,false_negative_for_horse;false_positive_for_bird
3160,cifar10_test_03160,/home/tariq/Desktop/Awais-Tariq/base-KD/data/cifar-10-batches-py/test_batch,3160,frog,bird,0.9970980882644653,False,True,/home/tariq/Desktop/Awais-Tariq/base-KD/reports/cifar10_full_audit/mamba_kd_from_pretrained_vit/failure_images/03160_true-frog_pred-bird.png,false_negative_for_frog;false_positive_for_bird
3164,cifar10_test_03164,/home/tariq/Desktop/Awais-Tariq/base-KD/data/cifar-10-batches-py/test_batch,3164,airplane,bird,0.9440165758132935,False,True,/home/tariq/Desktop/Awais-Tariq/base-KD/reports/cifar10_full_audit/mamba_kd_from_pretrained_vit/failure_images/03164_true-airplane_pred-bird.png,false_negative_for_airplane;false_positive_for_bird
3168,cifar10_test_03168,/home/tariq/Desktop/Awais-Tariq/base-KD/data/cifar-10-batches-py/test_batch,3168,truck,ship,0.9999628067016602,False,True,/home/tariq/Desktop/Awais-Tariq/base-KD/reports/cifar10_full_audit/mamba_kd_from_pretrained_vit/failure_images/03168_true-truck_pred-ship.png,false_negative_for_truck;false_positive_for_ship
3183,cifar10_test_03183,/home/tariq/Desktop/Awais-Tariq/base-KD/data/cifar-10-batches-py/test_batch,3183,cat,dog,0.9999995231628418,False,True,/home/tariq/Desktop/Awais-Tariq/base-KD/reports/cifar10_full_audit/mamba_kd_from_pretrained_vit/failure_images/03183_true-cat_pred-dog.png,false_negative_for_cat;false_positive_for_dog
3192,cifar10_test_03192,/home/tariq/Desktop/Awais-Tariq/base-KD/data/cifar-10-batches-py/test_batch,3192,dog,deer,0.9824492931365967,False,True,/home/tariq/Desktop/Awais-Tariq/base-KD/reports/cifar10_full_audit/mamba_kd_from_pretrained_vit/failure_images/03192_true-dog_pred-deer.png,false_negative_for_dog;false_positive_for_deer
3209,cifar10_test_03209,/home/tariq/Desktop/Awais-Tariq/base-KD/data/cifar-10-batches-py/test_batch,3209,horse,cat,0.7439092993736267,False,True,/home/tariq/Desktop/Awais-Tariq/base-KD/reports/cifar10_full_audit/mamba_kd_from_pretrained_vit/failure_images/03209_true-horse_pred-cat.png,false_negative_for_horse;false_positive_for_cat
3211,cifar10_test_03211,/home/tariq/Desktop/Awais-Tariq/base-KD/data/cifar-10-batches-py/test_batch,3211,airplane,truck,0.799050509929657,False,True,/home/tariq/Desktop/Awais-Tariq/base-KD/reports/cifar10_full_audit/mamba_kd_from_pretrained_vit/failure_images/03211_true-airplane_pred-truck.png,false_negative_for_airplane;false_positive_for_truck
3218,cifar10_test_03218,/home/tariq/Desktop/Awais-Tariq/base-KD/data/cifar-10-batches-py/test_batch,3218,truck,airplane,0.8569467663764954,False,True,/home/tariq/Desktop/Awais-Tariq/base-KD/reports/cifar10_full_audit/mamba_kd_from_pretrained_vit/failure_images/03218_true-truck_pred-airplane.png,false_negative_for_truck;false_positive_for_airplane
3236,cifar10_test_03236,/home/tariq/Desktop/Awais-Tariq/base-KD/data/cifar-10-batches-py/test_batch,3236,dog,cat,0.9921414852142334,False,True,/home/tariq/Desktop/Awais-Tariq/base-KD/reports/cifar10_full_audit/mamba_kd_from_pretrained_vit/failure_images/03236_true-dog_pred-cat.png,false_negative_for_dog;false_positive_for_cat
3237,cifar10_test_03237,/home/tariq/Desktop/Awais-Tariq/base-KD/data/cifar-10-batches-py/test_batch,3237,truck,automobile,0.8576259016990662,False,True,/home/tariq/Desktop/Awais-Tariq/base-KD/reports/cifar10_full_audit/mamba_kd_from_pretrained_vit/failure_images/03237_true-truck_pred-automobile.png,false_negative_for_truck;false_positive_for_automobile
3246,cifar10_test_03246,/home/tariq/Desktop/Awais-Tariq/base-KD/data/cifar-10-batches-py/test_batch,3246,automobile,ship,0.9185507893562317,False,True,/home/tariq/Desktop/Awais-Tariq/base-KD/reports/cifar10_full_audit/mamba_kd_from_pretrained_vit/failure_images/03246_true-automobile_pred-ship.png,false_negative_for_automobile;false_positive_for_ship
3247,cifar10_test_03247,/home/tariq/Desktop/Awais-Tariq/base-KD/data/cifar-10-batches-py/test_batch,3247,cat,dog,0.999992847442627,False,True,/home/tariq/Desktop/Awais-Tariq/base-KD/reports/cifar10_full_audit/mamba_kd_from_pretrained_vit/failure_images/03247_true-cat_pred-dog.png,false_negative_for_cat;false_positive_for_dog
3275,cifar10_test_03275,/home/tariq/Desktop/Awais-Tariq/base-KD/data/cifar-10-batches-py/test_batch,3275,dog,cat,0.5108566880226135,False,True,/home/tariq/Desktop/Awais-Tariq/base-KD/reports/cifar10_full_audit/mamba_kd_from_pretrained_vit/failure_images/03275_true-dog_pred-cat.png,false_negative_for_dog;false_positive_for_cat
3297,cifar10_test_03297,/home/tariq/Desktop/Awais-Tariq/base-KD/data/cifar-10-batches-py/test_batch,3297,deer,dog,0.8182305693626404,False,True,/home/tariq/Desktop/Awais-Tariq/base-KD/reports/cifar10_full_audit/mamba_kd_from_pretrained_vit/failure_images/03297_true-deer_pred-dog.png,false_negative_for_deer;false_positive_for_dog
3314,cifar10_test_03314,/home/tariq/Desktop/Awais-Tariq/base-KD/data/cifar-10-batches-py/test_batch,3314,truck,automobile,0.9939565658569336,False,True,/home/tariq/Desktop/Awais-Tariq/base-KD/reports/cifar10_full_audit/mamba_kd_from_pretrained_vit/failure_images/03314_true-truck_pred-automobile.png,false_negative_for_truck;false_positive_for_automobile
3325,cifar10_test_03325,/home/tariq/Desktop/Awais-Tariq/base-KD/data/cifar-10-batches-py/test_batch,3325,frog,ship,0.9976951479911804,False,True,/home/tariq/Desktop/Awais-Tariq/base-KD/reports/cifar10_full_audit/mamba_kd_from_pretrained_vit/failure_images/03325_true-frog_pred-ship.png,false_negative_for_frog;false_positive_for_ship
3336,cifar10_test_03336,/home/tariq/Desktop/Awais-Tariq/base-KD/data/cifar-10-batches-py/test_batch,3336,airplane,automobile,0.8047565817832947,False,True,/home/tariq/Desktop/Awais-Tariq/base-KD/reports/cifar10_full_audit/mamba_kd_from_pretrained_vit/failure_images/03336_true-airplane_pred-automobile.png,false_negative_for_airplane;false_positive_for_automobile
3343,cifar10_test_03343,/home/tariq/Desktop/Awais-Tariq/base-KD/data/cifar-10-batches-py/test_batch,3343,cat,dog,0.4567188024520874,False,True,/home/tariq/Desktop/Awais-Tariq/base-KD/reports/cifar10_full_audit/mamba_kd_from_pretrained_vit/failure_images/03343_true-cat_pred-dog.png,false_negative_for_cat;false_positive_for_dog
3346,cifar10_test_03346,/home/tariq/Desktop/Awais-Tariq/base-KD/data/cifar-10-batches-py/test_batch,3346,deer,airplane,0.9252952337265015,False,True,/home/tariq/Desktop/Awais-Tariq/base-KD/reports/cifar10_full_audit/mamba_kd_from_pretrained_vit/failure_images/03346_true-deer_pred-airplane.png,false_negative_for_deer;false_positive_for_airplane
3349,cifar10_test_03349,/home/tariq/Desktop/Awais-Tariq/base-KD/data/cifar-10-batches-py/test_batch,3349,frog,bird,0.9529111385345459,False,True,/home/tariq/Desktop/Awais-Tariq/base-KD/reports/cifar10_full_audit/mamba_kd_from_pretrained_vit/failure_images/03349_true-frog_pred-bird.png,false_negative_for_frog;false_positive_for_bird
3354,cifar10_test_03354,/home/tariq/Desktop/Awais-Tariq/base-KD/data/cifar-10-batches-py/test_batch,3354,cat,ship,0.6608392596244812,False,True,/home/tariq/Desktop/Awais-Tariq/base-KD/reports/cifar10_full_audit/mamba_kd_from_pretrained_vit/failure_images/03354_true-cat_pred-ship.png,false_negative_for_cat;false_positive_for_ship
3359,cifar10_test_03359,/home/tariq/Desktop/Awais-Tariq/base-KD/data/cifar-10-batches-py/test_batch,3359,horse,deer,0.9807631969451904,False,True,/home/tariq/Desktop/Awais-Tariq/base-KD/reports/cifar10_full_audit/mamba_kd_from_pretrained_vit/failure_images/03359_true-horse_pred-deer.png,false_negative_for_horse;false_positive_for_deer
3375,cifar10_test_03375,/home/tariq/Desktop/Awais-Tariq/base-KD/data/cifar-10-batches-py/test_batch,3375,deer,frog,0.9322437644004822,False,True,/home/tariq/Desktop/Awais-Tariq/base-KD/reports/cifar10_full_audit/mamba_kd_from_pretrained_vit/failure_images/03375_true-deer_pred-frog.png,false_negative_for_deer;false_positive_for_frog
3381,cifar10_test_03381,/home/tariq/Desktop/Awais-Tariq/base-KD/data/cifar-10-batches-py/test_batch,3381,dog,cat,0.5450435876846313,False,True,/home/tariq/Desktop/Awais-Tariq/base-KD/reports/cifar10_full_audit/mamba_kd_from_pretrained_vit/failure_images/03381_true-dog_pred-cat.png,false_negative_for_dog;false_positive_for_cat
3416,cifar10_test_03416,/home/tariq/Desktop/Awais-Tariq/base-KD/data/cifar-10-batches-py/test_batch,3416,horse,deer,0.9997116923332214,False,True,/home/tariq/Desktop/Awais-Tariq/base-KD/reports/cifar10_full_audit/mamba_kd_from_pretrained_vit/failure_images/03416_true-horse_pred-deer.png,false_negative_for_horse;false_positive_for_deer
3439,cifar10_test_03439,/home/tariq/Desktop/Awais-Tariq/base-KD/data/cifar-10-batches-py/test_batch,3439,deer,frog,0.9996932744979858,False,True,/home/tariq/Desktop/Awais-Tariq/base-KD/reports/cifar10_full_audit/mamba_kd_from_pretrained_vit/failure_images/03439_true-deer_pred-frog.png,false_negative_for_deer;false_positive_for_frog
3444,cifar10_test_03444,/home/tariq/Desktop/Awais-Tariq/base-KD/data/cifar-10-batches-py/test_batch,3444,airplane,bird,0.9916971921920776,False,True,/home/tariq/Desktop/Awais-Tariq/base-KD/reports/cifar10_full_audit/mamba_kd_from_pretrained_vit/failure_images/03444_true-airplane_pred-bird.png,false_negative_for_airplane;false_positive_for_bird
3450,cifar10_test_03450,/home/tariq/Desktop/Awais-Tariq/base-KD/data/cifar-10-batches-py/test_batch,3450,truck,automobile,0.9999998807907104,False,True,/home/tariq/Desktop/Awais-Tariq/base-KD/reports/cifar10_full_audit/mamba_kd_from_pretrained_vit/failure_images/03450_true-truck_pred-automobile.png,false_negative_for_truck;false_positive_for_automobile
3459,cifar10_test_03459,/home/tariq/Desktop/Awais-Tariq/base-KD/data/cifar-10-batches-py/test_batch,3459,truck,automobile,0.9473934173583984,False,True,/home/tariq/Desktop/Awais-Tariq/base-KD/reports/cifar10_full_audit/mamba_kd_from_pretrained_vit/failure_images/03459_true-truck_pred-automobile.png,false_negative_for_truck;false_positive_for_automobile
3463,cifar10_test_03463,/home/tariq/Desktop/Awais-Tariq/base-KD/data/cifar-10-batches-py/test_batch,3463,cat,dog,0.5716223120689392,False,True,/home/tariq/Desktop/Awais-Tariq/base-KD/reports/cifar10_full_audit/mamba_kd_from_pretrained_vit/failure_images/03463_true-cat_pred-dog.png,false_negative_for_cat;false_positive_for_dog
3491,cifar10_test_03491,/home/tariq/Desktop/Awais-Tariq/base-KD/data/cifar-10-batches-py/test_batch,3491,cat,dog,0.8675829768180847,False,True,/home/tariq/Desktop/Awais-Tariq/base-KD/reports/cifar10_full_audit/mamba_kd_from_pretrained_vit/failure_images/03491_true-cat_pred-dog.png,false_negative_for_cat;false_positive_for_dog
3497,cifar10_test_03497,/home/tariq/Desktop/Awais-Tariq/base-KD/data/cifar-10-batches-py/test_batch,3497,airplane,automobile,0.9987063407897949,False,True,/home/tariq/Desktop/Awais-Tariq/base-KD/reports/cifar10_full_audit/mamba_kd_from_pretrained_vit/failure_images/03497_true-airplane_pred-automobile.png,false_negative_for_airplane;false_positive_for_automobile
3500,cifar10_test_03500,/home/tariq/Desktop/Awais-Tariq/base-KD/data/cifar-10-batches-py/test_batch,3500,automobile,truck,0.9122744202613831,False,True,/home/tariq/Desktop/Awais-Tariq/base-KD/reports/cifar10_full_audit/mamba_kd_from_pretrained_vit/failure_images/03500_true-automobile_pred-truck.png,false_negative_for_automobile;false_positive_for_truck
3501,cifar10_test_03501,/home/tariq/Desktop/Awais-Tariq/base-KD/data/cifar-10-batches-py/test_batch,3501,truck,automobile,0.9978029131889343,False,True,/home/tariq/Desktop/Awais-Tariq/base-KD/reports/cifar10_full_audit/mamba_kd_from_pretrained_vit/failure_images/03501_true-truck_pred-automobile.png,false_negative_for_truck;false_positive_for_automobile
3514,cifar10_test_03514,/home/tariq/Desktop/Awais-Tariq/base-KD/data/cifar-10-batches-py/test_batch,3514,bird,cat,0.9430898427963257,False,True,/home/tariq/Desktop/Awais-Tariq/base-KD/reports/cifar10_full_audit/mamba_kd_from_pretrained_vit/failure_images/03514_true-bird_pred-cat.png,false_negative_for_bird;false_positive_for_cat
3517,cifar10_test_03517,/home/tariq/Desktop/Awais-Tariq/base-KD/data/cifar-10-batches-py/test_batch,3517,automobile,cat,0.9776943922042847,False,True,/home/tariq/Desktop/Awais-Tariq/base-KD/reports/cifar10_full_audit/mamba_kd_from_pretrained_vit/failure_images/03517_true-automobile_pred-cat.png,false_negative_for_automobile;false_positive_for_cat
3524,cifar10_test_03524,/home/tariq/Desktop/Awais-Tariq/base-KD/data/cifar-10-batches-py/test_batch,3524,dog,deer,0.9279682040214539,False,True,/home/tariq/Desktop/Awais-Tariq/base-KD/reports/cifar10_full_audit/mamba_kd_from_pretrained_vit/failure_images/03524_true-dog_pred-deer.png,false_negative_for_dog;false_positive_for_deer
3550,cifar10_test_03550,/home/tariq/Desktop/Awais-Tariq/base-KD/data/cifar-10-batches-py/test_batch,3550,airplane,cat,0.9125540852546692,False,True,/home/tariq/Desktop/Awais-Tariq/base-KD/reports/cifar10_full_audit/mamba_kd_from_pretrained_vit/failure_images/03550_true-airplane_pred-cat.png,false_negative_for_airplane;false_positive_for_cat
3557,cifar10_test_03557,/home/tariq/Desktop/Awais-Tariq/base-KD/data/cifar-10-batches-py/test_batch,3557,truck,airplane,0.9829977750778198,False,False,/home/tariq/Desktop/Awais-Tariq/base-KD/reports/cifar10_full_audit/mamba_kd_from_pretrained_vit/failure_images/03557_true-truck_pred-airplane.png,false_negative_for_truck;false_positive_for_airplane
3560,cifar10_test_03560,/home/tariq/Desktop/Awais-Tariq/base-KD/data/cifar-10-batches-py/test_batch,3560,automobile,truck,0.9999861717224121,False,True,/home/tariq/Desktop/Awais-Tariq/base-KD/reports/cifar10_full_audit/mamba_kd_from_pretrained_vit/failure_images/03560_true-automobile_pred-truck.png,false_negative_for_automobile;false_positive_for_truck
3574,cifar10_test_03574,/home/tariq/Desktop/Awais-Tariq/base-KD/data/cifar-10-batches-py/test_batch,3574,dog,cat,0.6672676205635071,False,True,/home/tariq/Desktop/Awais-Tariq/base-KD/reports/cifar10_full_audit/mamba_kd_from_pretrained_vit/failure_images/03574_true-dog_pred-cat.png,false_negative_for_dog;false_positive_for_cat
3587,cifar10_test_03587,/home/tariq/Desktop/Awais-Tariq/base-KD/data/cifar-10-batches-py/test_batch,3587,airplane,bird,0.7738453149795532,False,True,/home/tariq/Desktop/Awais-Tariq/base-KD/reports/cifar10_full_audit/mamba_kd_from_pretrained_vit/failure_images/03587_true-airplane_pred-bird.png,false_negative_for_airplane;false_positive_for_bird
3596,cifar10_test_03596,/home/tariq/Desktop/Awais-Tariq/base-KD/data/cifar-10-batches-py/test_batch,3596,bird,deer,0.6473218202590942,False,True,/home/tariq/Desktop/Awais-Tariq/base-KD/reports/cifar10_full_audit/mamba_kd_from_pretrained_vit/failure_images/03596_true-bird_pred-deer.png,false_negative_for_bird;false_positive_for_deer
3600,cifar10_test_03600,/home/tariq/Desktop/Awais-Tariq/base-KD/data/cifar-10-batches-py/test_batch,3600,deer,cat,0.9810997843742371,False,True,/home/tariq/Desktop/Awais-Tariq/base-KD/reports/cifar10_full_audit/mamba_kd_from_pretrained_vit/failure_images/03600_true-deer_pred-cat.png,false_negative_for_deer;false_positive_for_cat
3607,cifar10_test_03607,/home/tariq/Desktop/Awais-Tariq/base-KD/data/cifar-10-batches-py/test_batch,3607,cat,bird,0.9992321729660034,False,True,/home/tariq/Desktop/Awais-Tariq/base-KD/reports/cifar10_full_audit/mamba_kd_from_pretrained_vit/failure_images/03607_true-cat_pred-bird.png,false_negative_for_cat;false_positive_for_bird
3615,cifar10_test_03615,/home/tariq/Desktop/Awais-Tariq/base-KD/data/cifar-10-batches-py/test_batch,3615,frog,airplane,0.9961791038513184,False,True,/home/tariq/Desktop/Awais-Tariq/base-KD/reports/cifar10_full_audit/mamba_kd_from_pretrained_vit/failure_images/03615_true-frog_pred-airplane.png,false_negative_for_frog;false_positive_for_airplane
3618,cifar10_test_03618,/home/tariq/Desktop/Awais-Tariq/base-KD/data/cifar-10-batches-py/test_batch,3618,deer,bird,0.999990701675415,False,True,/home/tariq/Desktop/Awais-Tariq/base-KD/reports/cifar10_full_audit/mamba_kd_from_pretrained_vit/failure_images/03618_true-deer_pred-bird.png,false_negative_for_deer;false_positive_for_bird
3627,cifar10_test_03627,/home/tariq/Desktop/Awais-Tariq/base-KD/data/cifar-10-batches-py/test_batch,3627,deer,cat,0.9798546433448792,False,True,/home/tariq/Desktop/Awais-Tariq/base-KD/reports/cifar10_full_audit/mamba_kd_from_pretrained_vit/failure_images/03627_true-deer_pred-cat.png,false_negative_for_deer;false_positive_for_cat
3636,cifar10_test_03636,/home/tariq/Desktop/Awais-Tariq/base-KD/data/cifar-10-batches-py/test_batch,3636,deer,frog,0.994279146194458,False,True,/home/tariq/Desktop/Awais-Tariq/base-KD/reports/cifar10_full_audit/mamba_kd_from_pretrained_vit/failure_images/03636_true-deer_pred-frog.png,false_negative_for_deer;false_positive_for_frog
3637,cifar10_test_03637,/home/tariq/Desktop/Awais-Tariq/base-KD/data/cifar-10-batches-py/test_batch,3637,bird,frog,0.7966325879096985,False,True,/home/tariq/Desktop/Awais-Tariq/base-KD/reports/cifar10_full_audit/mamba_kd_from_pretrained_vit/failure_images/03637_true-bird_pred-frog.png,false_negative_for_bird;false_positive_for_frog
3638,cifar10_test_03638,/home/tariq/Desktop/Awais-Tariq/base-KD/data/cifar-10-batches-py/test_batch,3638,truck,automobile,0.6386318802833557,False,True,/home/tariq/Desktop/Awais-Tariq/base-KD/reports/cifar10_full_audit/mamba_kd_from_pretrained_vit/failure_images/03638_true-truck_pred-automobile.png,false_negative_for_truck;false_positive_for_automobile
3645,cifar10_test_03645,/home/tariq/Desktop/Awais-Tariq/base-KD/data/cifar-10-batches-py/test_batch,3645,automobile,truck,0.9999972581863403,False,True,/home/tariq/Desktop/Awais-Tariq/base-KD/reports/cifar10_full_audit/mamba_kd_from_pretrained_vit/failure_images/03645_true-automobile_pred-truck.png,false_negative_for_automobile;false_positive_for_truck
3669,cifar10_test_03669,/home/tariq/Desktop/Awais-Tariq/base-KD/data/cifar-10-batches-py/test_batch,3669,dog,deer,0.9781718254089355,False,True,/home/tariq/Desktop/Awais-Tariq/base-KD/reports/cifar10_full_audit/mamba_kd_from_pretrained_vit/failure_images/03669_true-dog_pred-deer.png,false_negative_for_dog;false_positive_for_deer
3682,cifar10_test_03682,/home/tariq/Desktop/Awais-Tariq/base-KD/data/cifar-10-batches-py/test_batch,3682,cat,dog,0.8360204100608826,False,True,/home/tariq/Desktop/Awais-Tariq/base-KD/reports/cifar10_full_audit/mamba_kd_from_pretrained_vit/failure_images/03682_true-cat_pred-dog.png,false_negative_for_cat;false_positive_for_dog
3696,cifar10_test_03696,/home/tariq/Desktop/Awais-Tariq/base-KD/data/cifar-10-batches-py/test_batch,3696,deer,cat,1.0,False,True,/home/tariq/Desktop/Awais-Tariq/base-KD/reports/cifar10_full_audit/mamba_kd_from_pretrained_vit/failure_images/03696_true-deer_pred-cat.png,false_negative_for_deer;false_positive_for_cat
3704,cifar10_test_03704,/home/tariq/Desktop/Awais-Tariq/base-KD/data/cifar-10-batches-py/test_batch,3704,dog,cat,0.5110914707183838,False,True,/home/tariq/Desktop/Awais-Tariq/base-KD/reports/cifar10_full_audit/mamba_kd_from_pretrained_vit/failure_images/03704_true-dog_pred-cat.png,false_negative_for_dog;false_positive_for_cat
3711,cifar10_test_03711,/home/tariq/Desktop/Awais-Tariq/base-KD/data/cifar-10-batches-py/test_batch,3711,frog,deer,0.9640402793884277,False,True,/home/tariq/Desktop/Awais-Tariq/base-KD/reports/cifar10_full_audit/mamba_kd_from_pretrained_vit/failure_images/03711_true-frog_pred-deer.png,false_negative_for_frog;false_positive_for_deer
3716,cifar10_test_03716,/home/tariq/Desktop/Awais-Tariq/base-KD/data/cifar-10-batches-py/test_batch,3716,cat,frog,0.9985849857330322,False,True,/home/tariq/Desktop/Awais-Tariq/base-KD/reports/cifar10_full_audit/mamba_kd_from_pretrained_vit/failure_images/03716_true-cat_pred-frog.png,false_negative_for_cat;false_positive_for_frog
3724,cifar10_test_03724,/home/tariq/Desktop/Awais-Tariq/base-KD/data/cifar-10-batches-py/test_batch,3724,frog,deer,0.975888729095459,False,True,/home/tariq/Desktop/Awais-Tariq/base-KD/reports/cifar10_full_audit/mamba_kd_from_pretrained_vit/failure_images/03724_true-frog_pred-deer.png,false_negative_for_frog;false_positive_for_deer
3728,cifar10_test_03728,/home/tariq/Desktop/Awais-Tariq/base-KD/data/cifar-10-batches-py/test_batch,3728,bird,cat,0.9638242721557617,False,True,/home/tariq/Desktop/Awais-Tariq/base-KD/reports/cifar10_full_audit/mamba_kd_from_pretrained_vit/failure_images/03728_true-bird_pred-cat.png,false_negative_for_bird;false_positive_for_cat
3753,cifar10_test_03753,/home/tariq/Desktop/Awais-Tariq/base-KD/data/cifar-10-batches-py/test_batch,3753,deer,cat,0.9951872825622559,False,True,/home/tariq/Desktop/Awais-Tariq/base-KD/reports/cifar10_full_audit/mamba_kd_from_pretrained_vit/failure_images/03753_true-deer_pred-cat.png,false_negative_for_deer;false_positive_for_cat
3755,cifar10_test_03755,/home/tariq/Desktop/Awais-Tariq/base-KD/data/cifar-10-batches-py/test_batch,3755,truck,automobile,0.7382387518882751,False,True,/home/tariq/Desktop/Awais-Tariq/base-KD/reports/cifar10_full_audit/mamba_kd_from_pretrained_vit/failure_images/03755_true-truck_pred-automobile.png,false_negative_for_truck;false_positive_for_automobile
3773,cifar10_test_03773,/home/tariq/Desktop/Awais-Tariq/base-KD/data/cifar-10-batches-py/test_batch,3773,bird,dog,0.9999816417694092,False,True,/home/tariq/Desktop/Awais-Tariq/base-KD/reports/cifar10_full_audit/mamba_kd_from_pretrained_vit/failure_images/03773_true-bird_pred-dog.png,false_negative_for_bird;false_positive_for_dog
3785,cifar10_test_03785,/home/tariq/Desktop/Awais-Tariq/base-KD/data/cifar-10-batches-py/test_batch,3785,frog,bird,0.9462734460830688,False,True,/home/tariq/Desktop/Awais-Tariq/base-KD/reports/cifar10_full_audit/mamba_kd_from_pretrained_vit/failure_images/03785_true-frog_pred-bird.png,false_negative_for_frog;false_positive_for_bird
3787,cifar10_test_03787,/home/tariq/Desktop/Awais-Tariq/base-KD/data/cifar-10-batches-py/test_batch,3787,cat,deer,0.6426392197608948,False,True,/home/tariq/Desktop/Awais-Tariq/base-KD/reports/cifar10_full_audit/mamba_kd_from_pretrained_vit/failure_images/03787_true-cat_pred-deer.png,false_negative_for_cat;false_positive_for_deer
3789,cifar10_test_03789,/home/tariq/Desktop/Awais-Tariq/base-KD/data/cifar-10-batches-py/test_batch,3789,truck,automobile,0.9999998807907104,False,True,/home/tariq/Desktop/Awais-Tariq/base-KD/reports/cifar10_full_audit/mamba_kd_from_pretrained_vit/failure_images/03789_true-truck_pred-automobile.png,false_negative_for_truck;false_positive_for_automobile
3799,cifar10_test_03799,/home/tariq/Desktop/Awais-Tariq/base-KD/data/cifar-10-batches-py/test_batch,3799,cat,dog,0.9928387999534607,False,True,/home/tariq/Desktop/Awais-Tariq/base-KD/reports/cifar10_full_audit/mamba_kd_from_pretrained_vit/failure_images/03799_true-cat_pred-dog.png,false_negative_for_cat;false_positive_for_dog
3821,cifar10_test_03821,/home/tariq/Desktop/Awais-Tariq/base-KD/data/cifar-10-batches-py/test_batch,3821,ship,cat,0.9876010417938232,False,True,/home/tariq/Desktop/Awais-Tariq/base-KD/reports/cifar10_full_audit/mamba_kd_from_pretrained_vit/failure_images/03821_true-ship_pred-cat.png,false_negative_for_ship;false_positive_for_cat
3828,cifar10_test_03828,/home/tariq/Desktop/Awais-Tariq/base-KD/data/cifar-10-batches-py/test_batch,3828,automobile,airplane,0.9972414970397949,False,True,/home/tariq/Desktop/Awais-Tariq/base-KD/reports/cifar10_full_audit/mamba_kd_from_pretrained_vit/failure_images/03828_true-automobile_pred-airplane.png,false_negative_for_automobile;false_positive_for_airplane
3867,cifar10_test_03867,/home/tariq/Desktop/Awais-Tariq/base-KD/data/cifar-10-batches-py/test_batch,3867,cat,dog,1.0,False,True,/home/tariq/Desktop/Awais-Tariq/base-KD/reports/cifar10_full_audit/mamba_kd_from_pretrained_vit/failure_images/03867_true-cat_pred-dog.png,false_negative_for_cat;false_positive_for_dog
3883,cifar10_test_03883,/home/tariq/Desktop/Awais-Tariq/base-KD/data/cifar-10-batches-py/test_batch,3883,horse,bird,0.9431912302970886,False,True,/home/tariq/Desktop/Awais-Tariq/base-KD/reports/cifar10_full_audit/mamba_kd_from_pretrained_vit/failure_images/03883_true-horse_pred-bird.png,false_negative_for_horse;false_positive_for_bird
3887,cifar10_test_03887,/home/tariq/Desktop/Awais-Tariq/base-KD/data/cifar-10-batches-py/test_batch,3887,bird,deer,0.9767462015151978,False,True,/home/tariq/Desktop/Awais-Tariq/base-KD/reports/cifar10_full_audit/mamba_kd_from_pretrained_vit/failure_images/03887_true-bird_pred-deer.png,false_negative_for_bird;false_positive_for_deer
3897,cifar10_test_03897,/home/tariq/Desktop/Awais-Tariq/base-KD/data/cifar-10-batches-py/test_batch,3897,airplane,truck,0.9368957877159119,False,True,/home/tariq/Desktop/Awais-Tariq/base-KD/reports/cifar10_full_audit/mamba_kd_from_pretrained_vit/failure_images/03897_true-airplane_pred-truck.png,false_negative_for_airplane;false_positive_for_truck
3900,cifar10_test_03900,/home/tariq/Desktop/Awais-Tariq/base-KD/data/cifar-10-batches-py/test_batch,3900,cat,frog,0.9877101182937622,False,True,/home/tariq/Desktop/Awais-Tariq/base-KD/reports/cifar10_full_audit/mamba_kd_from_pretrained_vit/failure_images/03900_true-cat_pred-frog.png,false_negative_for_cat;false_positive_for_frog
3906,cifar10_test_03906,/home/tariq/Desktop/Awais-Tariq/base-KD/data/cifar-10-batches-py/test_batch,3906,cat,dog,0.9802771210670471,False,True,/home/tariq/Desktop/Awais-Tariq/base-KD/reports/cifar10_full_audit/mamba_kd_from_pretrained_vit/failure_images/03906_true-cat_pred-dog.png,false_negative_for_cat;false_positive_for_dog
3909,cifar10_test_03909,/home/tariq/Desktop/Awais-Tariq/base-KD/data/cifar-10-batches-py/test_batch,3909,dog,bird,0.9994624257087708,False,True,/home/tariq/Desktop/Awais-Tariq/base-KD/reports/cifar10_full_audit/mamba_kd_from_pretrained_vit/failure_images/03909_true-dog_pred-bird.png,false_negative_for_dog;false_positive_for_bird
3920,cifar10_test_03920,/home/tariq/Desktop/Awais-Tariq/base-KD/data/cifar-10-batches-py/test_batch,3920,horse,dog,0.9972912669181824,False,True,/home/tariq/Desktop/Awais-Tariq/base-KD/reports/cifar10_full_audit/mamba_kd_from_pretrained_vit/failure_images/03920_true-horse_pred-dog.png,false_negative_for_horse;false_positive_for_dog
3923,cifar10_test_03923,/home/tariq/Desktop/Awais-Tariq/base-KD/data/cifar-10-batches-py/test_batch,3923,cat,dog,0.7885258793830872,False,True,/home/tariq/Desktop/Awais-Tariq/base-KD/reports/cifar10_full_audit/mamba_kd_from_pretrained_vit/failure_images/03923_true-cat_pred-dog.png,false_negative_for_cat;false_positive_for_dog
3953,cifar10_test_03953,/home/tariq/Desktop/Awais-Tariq/base-KD/data/cifar-10-batches-py/test_batch,3953,horse,cat,0.9583892822265625,False,True,/home/tariq/Desktop/Awais-Tariq/base-KD/reports/cifar10_full_audit/mamba_kd_from_pretrained_vit/failure_images/03953_true-horse_pred-cat.png,false_negative_for_horse;false_positive_for_cat
3956,cifar10_test_03956,/home/tariq/Desktop/Awais-Tariq/base-KD/data/cifar-10-batches-py/test_batch,3956,cat,frog,0.9999493360519409,False,True,/home/tariq/Desktop/Awais-Tariq/base-KD/reports/cifar10_full_audit/mamba_kd_from_pretrained_vit/failure_images/03956_true-cat_pred-frog.png,false_negative_for_cat;false_positive_for_frog
3957,cifar10_test_03957,/home/tariq/Desktop/Awais-Tariq/base-KD/data/cifar-10-batches-py/test_batch,3957,truck,airplane,0.9999862909317017,False,True,/home/tariq/Desktop/Awais-Tariq/base-KD/reports/cifar10_full_audit/mamba_kd_from_pretrained_vit/failure_images/03957_true-truck_pred-airplane.png,false_negative_for_truck;false_positive_for_airplane
3962,cifar10_test_03962,/home/tariq/Desktop/Awais-Tariq/base-KD/data/cifar-10-batches-py/test_batch,3962,deer,horse,0.9985400438308716,False,True,/home/tariq/Desktop/Awais-Tariq/base-KD/reports/cifar10_full_audit/mamba_kd_from_pretrained_vit/failure_images/03962_true-deer_pred-horse.png,false_negative_for_deer;false_positive_for_horse
3977,cifar10_test_03977,/home/tariq/Desktop/Awais-Tariq/base-KD/data/cifar-10-batches-py/test_batch,3977,cat,frog,0.9999932050704956,False,True,/home/tariq/Desktop/Awais-Tariq/base-KD/reports/cifar10_full_audit/mamba_kd_from_pretrained_vit/failure_images/03977_true-cat_pred-frog.png,false_negative_for_cat;false_positive_for_frog
3980,cifar10_test_03980,/home/tariq/Desktop/Awais-Tariq/base-KD/data/cifar-10-batches-py/test_batch,3980,truck,bird,0.9931011199951172,False,True,/home/tariq/Desktop/Awais-Tariq/base-KD/reports/cifar10_full_audit/mamba_kd_from_pretrained_vit/failure_images/03980_true-truck_pred-bird.png,false_negative_for_truck;false_positive_for_bird
3995,cifar10_test_03995,/home/tariq/Desktop/Awais-Tariq/base-KD/data/cifar-10-batches-py/test_batch,3995,horse,dog,0.7747078537940979,False,True,/home/tariq/Desktop/Awais-Tariq/base-KD/reports/cifar10_full_audit/mamba_kd_from_pretrained_vit/failure_images/03995_true-horse_pred-dog.png,false_negative_for_horse;false_positive_for_dog
4003,cifar10_test_04003,/home/tariq/Desktop/Awais-Tariq/base-KD/data/cifar-10-batches-py/test_batch,4003,bird,airplane,0.9975282549858093,False,True,/home/tariq/Desktop/Awais-Tariq/base-KD/reports/cifar10_full_audit/mamba_kd_from_pretrained_vit/failure_images/04003_true-bird_pred-airplane.png,false_negative_for_bird;false_positive_for_airplane
4012,cifar10_test_04012,/home/tariq/Desktop/Awais-Tariq/base-KD/data/cifar-10-batches-py/test_batch,4012,cat,deer,0.8362901210784912,False,True,/home/tariq/Desktop/Awais-Tariq/base-KD/reports/cifar10_full_audit/mamba_kd_from_pretrained_vit/failure_images/04012_true-cat_pred-deer.png,false_negative_for_cat;false_positive_for_deer
4023,cifar10_test_04023,/home/tariq/Desktop/Awais-Tariq/base-KD/data/cifar-10-batches-py/test_batch,4023,deer,dog,0.9976401329040527,False,True,/home/tariq/Desktop/Awais-Tariq/base-KD/reports/cifar10_full_audit/mamba_kd_from_pretrained_vit/failure_images/04023_true-deer_pred-dog.png,false_negative_for_deer;false_positive_for_dog
4032,cifar10_test_04032,/home/tariq/Desktop/Awais-Tariq/base-KD/data/cifar-10-batches-py/test_batch,4032,cat,dog,0.9644860625267029,False,True,/home/tariq/Desktop/Awais-Tariq/base-KD/reports/cifar10_full_audit/mamba_kd_from_pretrained_vit/failure_images/04032_true-cat_pred-dog.png,false_negative_for_cat;false_positive_for_dog
4036,cifar10_test_04036,/home/tariq/Desktop/Awais-Tariq/base-KD/data/cifar-10-batches-py/test_batch,4036,horse,airplane,0.6447045207023621,False,True,/home/tariq/Desktop/Awais-Tariq/base-KD/reports/cifar10_full_audit/mamba_kd_from_pretrained_vit/failure_images/04036_true-horse_pred-airplane.png,false_negative_for_horse;false_positive_for_airplane
4055,cifar10_test_04055,/home/tariq/Desktop/Awais-Tariq/base-KD/data/cifar-10-batches-py/test_batch,4055,automobile,airplane,0.9978815913200378,False,True,/home/tariq/Desktop/Awais-Tariq/base-KD/reports/cifar10_full_audit/mamba_kd_from_pretrained_vit/failure_images/04055_true-automobile_pred-airplane.png,false_negative_for_automobile;false_positive_for_airplane
4077,cifar10_test_04077,/home/tariq/Desktop/Awais-Tariq/base-KD/data/cifar-10-batches-py/test_batch,4077,cat,dog,0.9951011538505554,False,True,/home/tariq/Desktop/Awais-Tariq/base-KD/reports/cifar10_full_audit/mamba_kd_from_pretrained_vit/failure_images/04077_true-cat_pred-dog.png,false_negative_for_cat;false_positive_for_dog
4094,cifar10_test_04094,/home/tariq/Desktop/Awais-Tariq/base-KD/data/cifar-10-batches-py/test_batch,4094,cat,dog,0.902173638343811,False,True,/home/tariq/Desktop/Awais-Tariq/base-KD/reports/cifar10_full_audit/mamba_kd_from_pretrained_vit/failure_images/04094_true-cat_pred-dog.png,false_negative_for_cat;false_positive_for_dog
4137,cifar10_test_04137,/home/tariq/Desktop/Awais-Tariq/base-KD/data/cifar-10-batches-py/test_batch,4137,deer,cat,0.5885763764381409,False,True,/home/tariq/Desktop/Awais-Tariq/base-KD/reports/cifar10_full_audit/mamba_kd_from_pretrained_vit/failure_images/04137_true-deer_pred-cat.png,false_negative_for_deer;false_positive_for_cat
4139,cifar10_test_04139,/home/tariq/Desktop/Awais-Tariq/base-KD/data/cifar-10-batches-py/test_batch,4139,dog,airplane,0.678129255771637,False,True,/home/tariq/Desktop/Awais-Tariq/base-KD/reports/cifar10_full_audit/mamba_kd_from_pretrained_vit/failure_images/04139_true-dog_pred-airplane.png,false_negative_for_dog;false_positive_for_airplane
4140,cifar10_test_04140,/home/tariq/Desktop/Awais-Tariq/base-KD/data/cifar-10-batches-py/test_batch,4140,dog,cat,0.7931147217750549,False,True,/home/tariq/Desktop/Awais-Tariq/base-KD/reports/cifar10_full_audit/mamba_kd_from_pretrained_vit/failure_images/04140_true-dog_pred-cat.png,false_negative_for_dog;false_positive_for_cat
4147,cifar10_test_04147,/home/tariq/Desktop/Awais-Tariq/base-KD/data/cifar-10-batches-py/test_batch,4147,cat,dog,0.6389287114143372,False,True,/home/tariq/Desktop/Awais-Tariq/base-KD/reports/cifar10_full_audit/mamba_kd_from_pretrained_vit/failure_images/04147_true-cat_pred-dog.png,false_negative_for_cat;false_positive_for_dog
4152,cifar10_test_04152,/home/tariq/Desktop/Awais-Tariq/base-KD/data/cifar-10-batches-py/test_batch,4152,dog,cat,0.9474155902862549,False,True,/home/tariq/Desktop/Awais-Tariq/base-KD/reports/cifar10_full_audit/mamba_kd_from_pretrained_vit/failure_images/04152_true-dog_pred-cat.png,false_negative_for_dog;false_positive_for_cat
4192,cifar10_test_04192,/home/tariq/Desktop/Awais-Tariq/base-KD/data/cifar-10-batches-py/test_batch,4192,airplane,truck,0.9957630634307861,False,True,/home/tariq/Desktop/Awais-Tariq/base-KD/reports/cifar10_full_audit/mamba_kd_from_pretrained_vit/failure_images/04192_true-airplane_pred-truck.png,false_negative_for_airplane;false_positive_for_truck
4198,cifar10_test_04198,/home/tariq/Desktop/Awais-Tariq/base-KD/data/cifar-10-batches-py/test_batch,4198,ship,airplane,0.9999914169311523,False,True,/home/tariq/Desktop/Awais-Tariq/base-KD/reports/cifar10_full_audit/mamba_kd_from_pretrained_vit/failure_images/04198_true-ship_pred-airplane.png,false_negative_for_ship;false_positive_for_airplane
4204,cifar10_test_04204,/home/tariq/Desktop/Awais-Tariq/base-KD/data/cifar-10-batches-py/test_batch,4204,bird,frog,0.9977703094482422,False,True,/home/tariq/Desktop/Awais-Tariq/base-KD/reports/cifar10_full_audit/mamba_kd_from_pretrained_vit/failure_images/04204_true-bird_pred-frog.png,false_negative_for_bird;false_positive_for_frog
4210,cifar10_test_04210,/home/tariq/Desktop/Awais-Tariq/base-KD/data/cifar-10-batches-py/test_batch,4210,cat,dog,0.6537402272224426,False,True,/home/tariq/Desktop/Awais-Tariq/base-KD/reports/cifar10_full_audit/mamba_kd_from_pretrained_vit/failure_images/04210_true-cat_pred-dog.png,false_negative_for_cat;false_positive_for_dog
4238,cifar10_test_04238,/home/tariq/Desktop/Awais-Tariq/base-KD/data/cifar-10-batches-py/test_batch,4238,dog,cat,0.6835458278656006,False,True,/home/tariq/Desktop/Awais-Tariq/base-KD/reports/cifar10_full_audit/mamba_kd_from_pretrained_vit/failure_images/04238_true-dog_pred-cat.png,false_negative_for_dog;false_positive_for_cat
4244,cifar10_test_04244,/home/tariq/Desktop/Awais-Tariq/base-KD/data/cifar-10-batches-py/test_batch,4244,bird,deer,0.9984102249145508,False,True,/home/tariq/Desktop/Awais-Tariq/base-KD/reports/cifar10_full_audit/mamba_kd_from_pretrained_vit/failure_images/04244_true-bird_pred-deer.png,false_negative_for_bird;false_positive_for_deer
4248,cifar10_test_04248,/home/tariq/Desktop/Awais-Tariq/base-KD/data/cifar-10-batches-py/test_batch,4248,cat,dog,0.9999481439590454,False,True,/home/tariq/Desktop/Awais-Tariq/base-KD/reports/cifar10_full_audit/mamba_kd_from_pretrained_vit/failure_images/04248_true-cat_pred-dog.png,false_negative_for_cat;false_positive_for_dog
4251,cifar10_test_04251,/home/tariq/Desktop/Awais-Tariq/base-KD/data/cifar-10-batches-py/test_batch,4251,ship,airplane,0.8179054856300354,False,True,/home/tariq/Desktop/Awais-Tariq/base-KD/reports/cifar10_full_audit/mamba_kd_from_pretrained_vit/failure_images/04251_true-ship_pred-airplane.png,false_negative_for_ship;false_positive_for_airplane
4276,cifar10_test_04276,/home/tariq/Desktop/Awais-Tariq/base-KD/data/cifar-10-batches-py/test_batch,4276,truck,automobile,0.9989759922027588,False,True,/home/tariq/Desktop/Awais-Tariq/base-KD/reports/cifar10_full_audit/mamba_kd_from_pretrained_vit/failure_images/04276_true-truck_pred-automobile.png,false_negative_for_truck;false_positive_for_automobile
4302,cifar10_test_04302,/home/tariq/Desktop/Awais-Tariq/base-KD/data/cifar-10-batches-py/test_batch,4302,bird,dog,0.9993422627449036,False,True,/home/tariq/Desktop/Awais-Tariq/base-KD/reports/cifar10_full_audit/mamba_kd_from_pretrained_vit/failure_images/04302_true-bird_pred-dog.png,false_negative_for_bird;false_positive_for_dog
4309,cifar10_test_04309,/home/tariq/Desktop/Awais-Tariq/base-KD/data/cifar-10-batches-py/test_batch,4309,horse,dog,0.9979978203773499,False,True,/home/tariq/Desktop/Awais-Tariq/base-KD/reports/cifar10_full_audit/mamba_kd_from_pretrained_vit/failure_images/04309_true-horse_pred-dog.png,false_negative_for_horse;false_positive_for_dog
4331,cifar10_test_04331,/home/tariq/Desktop/Awais-Tariq/base-KD/data/cifar-10-batches-py/test_batch,4331,bird,cat,0.8440117835998535,False,True,/home/tariq/Desktop/Awais-Tariq/base-KD/reports/cifar10_full_audit/mamba_kd_from_pretrained_vit/failure_images/04331_true-bird_pred-cat.png,false_negative_for_bird;false_positive_for_cat
4355,cifar10_test_04355,/home/tariq/Desktop/Awais-Tariq/base-KD/data/cifar-10-batches-py/test_batch,4355,airplane,cat,0.9990921020507812,False,True,/home/tariq/Desktop/Awais-Tariq/base-KD/reports/cifar10_full_audit/mamba_kd_from_pretrained_vit/failure_images/04355_true-airplane_pred-cat.png,false_negative_for_airplane;false_positive_for_cat
4366,cifar10_test_04366,/home/tariq/Desktop/Awais-Tariq/base-KD/data/cifar-10-batches-py/test_batch,4366,bird,frog,0.8831313848495483,False,True,/home/tariq/Desktop/Awais-Tariq/base-KD/reports/cifar10_full_audit/mamba_kd_from_pretrained_vit/failure_images/04366_true-bird_pred-frog.png,false_negative_for_bird;false_positive_for_frog
4391,cifar10_test_04391,/home/tariq/Desktop/Awais-Tariq/base-KD/data/cifar-10-batches-py/test_batch,4391,cat,airplane,0.9700970649719238,False,True,/home/tariq/Desktop/Awais-Tariq/base-KD/reports/cifar10_full_audit/mamba_kd_from_pretrained_vit/failure_images/04391_true-cat_pred-airplane.png,false_negative_for_cat;false_positive_for_airplane
4398,cifar10_test_04398,/home/tariq/Desktop/Awais-Tariq/base-KD/data/cifar-10-batches-py/test_batch,4398,deer,bird,0.9521015882492065,False,True,/home/tariq/Desktop/Awais-Tariq/base-KD/reports/cifar10_full_audit/mamba_kd_from_pretrained_vit/failure_images/04398_true-deer_pred-bird.png,false_negative_for_deer;false_positive_for_bird
4404,cifar10_test_04404,/home/tariq/Desktop/Awais-Tariq/base-KD/data/cifar-10-batches-py/test_batch,4404,cat,deer,0.9997586607933044,False,True,/home/tariq/Desktop/Awais-Tariq/base-KD/reports/cifar10_full_audit/mamba_kd_from_pretrained_vit/failure_images/04404_true-cat_pred-deer.png,false_negative_for_cat;false_positive_for_deer
4408,cifar10_test_04408,/home/tariq/Desktop/Awais-Tariq/base-KD/data/cifar-10-batches-py/test_batch,4408,airplane,bird,0.8488654494285583,False,True,/home/tariq/Desktop/Awais-Tariq/base-KD/reports/cifar10_full_audit/mamba_kd_from_pretrained_vit/failure_images/04408_true-airplane_pred-bird.png,false_negative_for_airplane;false_positive_for_bird
4442,cifar10_test_04442,/home/tariq/Desktop/Awais-Tariq/base-KD/data/cifar-10-batches-py/test_batch,4442,cat,airplane,0.41447362303733826,False,True,/home/tariq/Desktop/Awais-Tariq/base-KD/reports/cifar10_full_audit/mamba_kd_from_pretrained_vit/failure_images/04442_true-cat_pred-airplane.png,false_negative_for_cat;false_positive_for_airplane
4468,cifar10_test_04468,/home/tariq/Desktop/Awais-Tariq/base-KD/data/cifar-10-batches-py/test_batch,4468,truck,automobile,0.8734301924705505,False,True,/home/tariq/Desktop/Awais-Tariq/base-KD/reports/cifar10_full_audit/mamba_kd_from_pretrained_vit/failure_images/04468_true-truck_pred-automobile.png,false_negative_for_truck;false_positive_for_automobile
4477,cifar10_test_04477,/home/tariq/Desktop/Awais-Tariq/base-KD/data/cifar-10-batches-py/test_batch,4477,frog,airplane,0.4253038763999939,False,True,/home/tariq/Desktop/Awais-Tariq/base-KD/reports/cifar10_full_audit/mamba_kd_from_pretrained_vit/failure_images/04477_true-frog_pred-airplane.png,false_negative_for_frog;false_positive_for_airplane
4479,cifar10_test_04479,/home/tariq/Desktop/Awais-Tariq/base-KD/data/cifar-10-batches-py/test_batch,4479,horse,deer,0.9731725454330444,False,True,/home/tariq/Desktop/Awais-Tariq/base-KD/reports/cifar10_full_audit/mamba_kd_from_pretrained_vit/failure_images/04479_true-horse_pred-deer.png,false_negative_for_horse;false_positive_for_deer
4485,cifar10_test_04485,/home/tariq/Desktop/Awais-Tariq/base-KD/data/cifar-10-batches-py/test_batch,4485,cat,dog,0.6807395815849304,False,True,/home/tariq/Desktop/Awais-Tariq/base-KD/reports/cifar10_full_audit/mamba_kd_from_pretrained_vit/failure_images/04485_true-cat_pred-dog.png,false_negative_for_cat;false_positive_for_dog
4486,cifar10_test_04486,/home/tariq/Desktop/Awais-Tariq/base-KD/data/cifar-10-batches-py/test_batch,4486,ship,automobile,0.998908519744873,False,True,/home/tariq/Desktop/Awais-Tariq/base-KD/reports/cifar10_full_audit/mamba_kd_from_pretrained_vit/failure_images/04486_true-ship_pred-automobile.png,false_negative_for_ship;false_positive_for_automobile
4495,cifar10_test_04495,/home/tariq/Desktop/Awais-Tariq/base-KD/data/cifar-10-batches-py/test_batch,4495,cat,dog,0.999161958694458,False,True,/home/tariq/Desktop/Awais-Tariq/base-KD/reports/cifar10_full_audit/mamba_kd_from_pretrained_vit/failure_images/04495_true-cat_pred-dog.png,false_negative_for_cat;false_positive_for_dog
4528,cifar10_test_04528,/home/tariq/Desktop/Awais-Tariq/base-KD/data/cifar-10-batches-py/test_batch,4528,dog,deer,0.9992563128471375,False,True,/home/tariq/Desktop/Awais-Tariq/base-KD/reports/cifar10_full_audit/mamba_kd_from_pretrained_vit/failure_images/04528_true-dog_pred-deer.png,false_negative_for_dog;false_positive_for_deer
4536,cifar10_test_04536,/home/tariq/Desktop/Awais-Tariq/base-KD/data/cifar-10-batches-py/test_batch,4536,truck,automobile,0.527226448059082,False,True,/home/tariq/Desktop/Awais-Tariq/base-KD/reports/cifar10_full_audit/mamba_kd_from_pretrained_vit/failure_images/04536_true-truck_pred-automobile.png,false_negative_for_truck;false_positive_for_automobile
4542,cifar10_test_04542,/home/tariq/Desktop/Awais-Tariq/base-KD/data/cifar-10-batches-py/test_batch,4542,cat,bird,0.984434187412262,False,True,/home/tariq/Desktop/Awais-Tariq/base-KD/reports/cifar10_full_audit/mamba_kd_from_pretrained_vit/failure_images/04542_true-cat_pred-bird.png,false_negative_for_cat;false_positive_for_bird
4547,cifar10_test_04547,/home/tariq/Desktop/Awais-Tariq/base-KD/data/cifar-10-batches-py/test_batch,4547,cat,dog,0.9838024377822876,False,True,/home/tariq/Desktop/Awais-Tariq/base-KD/reports/cifar10_full_audit/mamba_kd_from_pretrained_vit/failure_images/04547_true-cat_pred-dog.png,false_negative_for_cat;false_positive_for_dog
4554,cifar10_test_04554,/home/tariq/Desktop/Awais-Tariq/base-KD/data/cifar-10-batches-py/test_batch,4554,deer,horse,0.9851433634757996,False,True,/home/tariq/Desktop/Awais-Tariq/base-KD/reports/cifar10_full_audit/mamba_kd_from_pretrained_vit/failure_images/04554_true-deer_pred-horse.png,false_negative_for_deer;false_positive_for_horse
4562,cifar10_test_04562,/home/tariq/Desktop/Awais-Tariq/base-KD/data/cifar-10-batches-py/test_batch,4562,deer,bird,0.7678717374801636,False,True,/home/tariq/Desktop/Awais-Tariq/base-KD/reports/cifar10_full_audit/mamba_kd_from_pretrained_vit/failure_images/04562_true-deer_pred-bird.png,false_negative_for_deer;false_positive_for_bird
4581,cifar10_test_04581,/home/tariq/Desktop/Awais-Tariq/base-KD/data/cifar-10-batches-py/test_batch,4581,cat,bird,0.8316019177436829,False,True,/home/tariq/Desktop/Awais-Tariq/base-KD/reports/cifar10_full_audit/mamba_kd_from_pretrained_vit/failure_images/04581_true-cat_pred-bird.png,false_negative_for_cat;false_positive_for_bird
4590,cifar10_test_04590,/home/tariq/Desktop/Awais-Tariq/base-KD/data/cifar-10-batches-py/test_batch,4590,truck,automobile,0.571191132068634,False,True,/home/tariq/Desktop/Awais-Tariq/base-KD/reports/cifar10_full_audit/mamba_kd_from_pretrained_vit/failure_images/04590_true-truck_pred-automobile.png,false_negative_for_truck;false_positive_for_automobile
4606,cifar10_test_04606,/home/tariq/Desktop/Awais-Tariq/base-KD/data/cifar-10-batches-py/test_batch,4606,airplane,horse,0.9590421319007874,False,True,/home/tariq/Desktop/Awais-Tariq/base-KD/reports/cifar10_full_audit/mamba_kd_from_pretrained_vit/failure_images/04606_true-airplane_pred-horse.png,false_negative_for_airplane;false_positive_for_horse
4614,cifar10_test_04614,/home/tariq/Desktop/Awais-Tariq/base-KD/data/cifar-10-batches-py/test_batch,4614,cat,dog,0.9999926090240479,False,True,/home/tariq/Desktop/Awais-Tariq/base-KD/reports/cifar10_full_audit/mamba_kd_from_pretrained_vit/failure_images/04614_true-cat_pred-dog.png,false_negative_for_cat;false_positive_for_dog
4615,cifar10_test_04615,/home/tariq/Desktop/Awais-Tariq/base-KD/data/cifar-10-batches-py/test_batch,4615,dog,bird,0.9998522996902466,False,True,/home/tariq/Desktop/Awais-Tariq/base-KD/reports/cifar10_full_audit/mamba_kd_from_pretrained_vit/failure_images/04615_true-dog_pred-bird.png,false_negative_for_dog;false_positive_for_bird
4624,cifar10_test_04624,/home/tariq/Desktop/Awais-Tariq/base-KD/data/cifar-10-batches-py/test_batch,4624,dog,cat,0.5616568326950073,False,True,/home/tariq/Desktop/Awais-Tariq/base-KD/reports/cifar10_full_audit/mamba_kd_from_pretrained_vit/failure_images/04624_true-dog_pred-cat.png,false_negative_for_dog;false_positive_for_cat
4628,cifar10_test_04628,/home/tariq/Desktop/Awais-Tariq/base-KD/data/cifar-10-batches-py/test_batch,4628,dog,bird,0.5608801245689392,False,True,/home/tariq/Desktop/Awais-Tariq/base-KD/reports/cifar10_full_audit/mamba_kd_from_pretrained_vit/failure_images/04628_true-dog_pred-bird.png,false_negative_for_dog;false_positive_for_bird
4630,cifar10_test_04630,/home/tariq/Desktop/Awais-Tariq/base-KD/data/cifar-10-batches-py/test_batch,4630,bird,deer,0.921410322189331,False,True,/home/tariq/Desktop/Awais-Tariq/base-KD/reports/cifar10_full_audit/mamba_kd_from_pretrained_vit/failure_images/04630_true-bird_pred-deer.png,false_negative_for_bird;false_positive_for_deer
4632,cifar10_test_04632,/home/tariq/Desktop/Awais-Tariq/base-KD/data/cifar-10-batches-py/test_batch,4632,dog,deer,0.6967463493347168,False,True,/home/tariq/Desktop/Awais-Tariq/base-KD/reports/cifar10_full_audit/mamba_kd_from_pretrained_vit/failure_images/04632_true-dog_pred-deer.png,false_negative_for_dog;false_positive_for_deer
4634,cifar10_test_04634,/home/tariq/Desktop/Awais-Tariq/base-KD/data/cifar-10-batches-py/test_batch,4634,horse,dog,0.9981623291969299,False,True,/home/tariq/Desktop/Awais-Tariq/base-KD/reports/cifar10_full_audit/mamba_kd_from_pretrained_vit/failure_images/04634_true-horse_pred-dog.png,false_negative_for_horse;false_positive_for_dog
4646,cifar10_test_04646,/home/tariq/Desktop/Awais-Tariq/base-KD/data/cifar-10-batches-py/test_batch,4646,bird,dog,0.9612483978271484,False,True,/home/tariq/Desktop/Awais-Tariq/base-KD/reports/cifar10_full_audit/mamba_kd_from_pretrained_vit/failure_images/04646_true-bird_pred-dog.png,false_negative_for_bird;false_positive_for_dog
4661,cifar10_test_04661,/home/tariq/Desktop/Awais-Tariq/base-KD/data/cifar-10-batches-py/test_batch,4661,deer,cat,0.9999924898147583,False,True,/home/tariq/Desktop/Awais-Tariq/base-KD/reports/cifar10_full_audit/mamba_kd_from_pretrained_vit/failure_images/04661_true-deer_pred-cat.png,false_negative_for_deer;false_positive_for_cat
4682,cifar10_test_04682,/home/tariq/Desktop/Awais-Tariq/base-KD/data/cifar-10-batches-py/test_batch,4682,cat,dog,0.8050641417503357,False,True,/home/tariq/Desktop/Awais-Tariq/base-KD/reports/cifar10_full_audit/mamba_kd_from_pretrained_vit/failure_images/04682_true-cat_pred-dog.png,false_negative_for_cat;false_positive_for_dog
4686,cifar10_test_04686,/home/tariq/Desktop/Awais-Tariq/base-KD/data/cifar-10-batches-py/test_batch,4686,airplane,ship,0.9999513626098633,False,True,/home/tariq/Desktop/Awais-Tariq/base-KD/reports/cifar10_full_audit/mamba_kd_from_pretrained_vit/failure_images/04686_true-airplane_pred-ship.png,false_negative_for_airplane;false_positive_for_ship
4705,cifar10_test_04705,/home/tariq/Desktop/Awais-Tariq/base-KD/data/cifar-10-batches-py/test_batch,4705,cat,deer,0.9982819557189941,False,True,/home/tariq/Desktop/Awais-Tariq/base-KD/reports/cifar10_full_audit/mamba_kd_from_pretrained_vit/failure_images/04705_true-cat_pred-deer.png,false_negative_for_cat;false_positive_for_deer
4725,cifar10_test_04725,/home/tariq/Desktop/Awais-Tariq/base-KD/data/cifar-10-batches-py/test_batch,4725,truck,automobile,0.9975232481956482,False,True,/home/tariq/Desktop/Awais-Tariq/base-KD/reports/cifar10_full_audit/mamba_kd_from_pretrained_vit/failure_images/04725_true-truck_pred-automobile.png,false_negative_for_truck;false_positive_for_automobile
4732,cifar10_test_04732,/home/tariq/Desktop/Awais-Tariq/base-KD/data/cifar-10-batches-py/test_batch,4732,bird,deer,0.9886052012443542,False,True,/home/tariq/Desktop/Awais-Tariq/base-KD/reports/cifar10_full_audit/mamba_kd_from_pretrained_vit/failure_images/04732_true-bird_pred-deer.png,false_negative_for_bird;false_positive_for_deer
4740,cifar10_test_04740,/home/tariq/Desktop/Awais-Tariq/base-KD/data/cifar-10-batches-py/test_batch,4740,dog,cat,0.9996016621589661,False,False,/home/tariq/Desktop/Awais-Tariq/base-KD/reports/cifar10_full_audit/mamba_kd_from_pretrained_vit/failure_images/04740_true-dog_pred-cat.png,false_negative_for_dog;false_positive_for_cat
4744,cifar10_test_04744,/home/tariq/Desktop/Awais-Tariq/base-KD/data/cifar-10-batches-py/test_batch,4744,frog,airplane,0.9997542500495911,False,True,/home/tariq/Desktop/Awais-Tariq/base-KD/reports/cifar10_full_audit/mamba_kd_from_pretrained_vit/failure_images/04744_true-frog_pred-airplane.png,false_negative_for_frog;false_positive_for_airplane
4749,cifar10_test_04749,/home/tariq/Desktop/Awais-Tariq/base-KD/data/cifar-10-batches-py/test_batch,4749,bird,cat,0.7167338132858276,False,True,/home/tariq/Desktop/Awais-Tariq/base-KD/reports/cifar10_full_audit/mamba_kd_from_pretrained_vit/failure_images/04749_true-bird_pred-cat.png,false_negative_for_bird;false_positive_for_cat
4750,cifar10_test_04750,/home/tariq/Desktop/Awais-Tariq/base-KD/data/cifar-10-batches-py/test_batch,4750,horse,truck,0.9972105622291565,False,False,/home/tariq/Desktop/Awais-Tariq/base-KD/reports/cifar10_full_audit/mamba_kd_from_pretrained_vit/failure_images/04750_true-horse_pred-truck.png,false_negative_for_horse;false_positive_for_truck
4754,cifar10_test_04754,/home/tariq/Desktop/Awais-Tariq/base-KD/data/cifar-10-batches-py/test_batch,4754,cat,airplane,0.9773534536361694,False,True,/home/tariq/Desktop/Awais-Tariq/base-KD/reports/cifar10_full_audit/mamba_kd_from_pretrained_vit/failure_images/04754_true-cat_pred-airplane.png,false_negative_for_cat;false_positive_for_airplane
4760,cifar10_test_04760,/home/tariq/Desktop/Awais-Tariq/base-KD/data/cifar-10-batches-py/test_batch,4760,cat,bird,0.5800402164459229,False,True,/home/tariq/Desktop/Awais-Tariq/base-KD/reports/cifar10_full_audit/mamba_kd_from_pretrained_vit/failure_images/04760_true-cat_pred-bird.png,false_negative_for_cat;false_positive_for_bird
4779,cifar10_test_04779,/home/tariq/Desktop/Awais-Tariq/base-KD/data/cifar-10-batches-py/test_batch,4779,truck,automobile,0.5647732019424438,False,True,/home/tariq/Desktop/Awais-Tariq/base-KD/reports/cifar10_full_audit/mamba_kd_from_pretrained_vit/failure_images/04779_true-truck_pred-automobile.png,false_negative_for_truck;false_positive_for_automobile
4786,cifar10_test_04786,/home/tariq/Desktop/Awais-Tariq/base-KD/data/cifar-10-batches-py/test_batch,4786,frog,dog,0.8536127805709839,False,True,/home/tariq/Desktop/Awais-Tariq/base-KD/reports/cifar10_full_audit/mamba_kd_from_pretrained_vit/failure_images/04786_true-frog_pred-dog.png,false_negative_for_frog;false_positive_for_dog
4792,cifar10_test_04792,/home/tariq/Desktop/Awais-Tariq/base-KD/data/cifar-10-batches-py/test_batch,4792,airplane,deer,0.9985841512680054,False,True,/home/tariq/Desktop/Awais-Tariq/base-KD/reports/cifar10_full_audit/mamba_kd_from_pretrained_vit/failure_images/04792_true-airplane_pred-deer.png,false_negative_for_airplane;false_positive_for_deer
4794,cifar10_test_04794,/home/tariq/Desktop/Awais-Tariq/base-KD/data/cifar-10-batches-py/test_batch,4794,deer,bird,0.9999997615814209,False,True,/home/tariq/Desktop/Awais-Tariq/base-KD/reports/cifar10_full_audit/mamba_kd_from_pretrained_vit/failure_images/04794_true-deer_pred-bird.png,false_negative_for_deer;false_positive_for_bird
4795,cifar10_test_04795,/home/tariq/Desktop/Awais-Tariq/base-KD/data/cifar-10-batches-py/test_batch,4795,dog,cat,0.6713459491729736,False,True,/home/tariq/Desktop/Awais-Tariq/base-KD/reports/cifar10_full_audit/mamba_kd_from_pretrained_vit/failure_images/04795_true-dog_pred-cat.png,false_negative_for_dog;false_positive_for_cat
4815,cifar10_test_04815,/home/tariq/Desktop/Awais-Tariq/base-KD/data/cifar-10-batches-py/test_batch,4815,truck,ship,0.6496697068214417,False,True,/home/tariq/Desktop/Awais-Tariq/base-KD/reports/cifar10_full_audit/mamba_kd_from_pretrained_vit/failure_images/04815_true-truck_pred-ship.png,false_negative_for_truck;false_positive_for_ship
4826,cifar10_test_04826,/home/tariq/Desktop/Awais-Tariq/base-KD/data/cifar-10-batches-py/test_batch,4826,cat,bird,0.9954445362091064,False,True,/home/tariq/Desktop/Awais-Tariq/base-KD/reports/cifar10_full_audit/mamba_kd_from_pretrained_vit/failure_images/04826_true-cat_pred-bird.png,false_negative_for_cat;false_positive_for_bird
4849,cifar10_test_04849,/home/tariq/Desktop/Awais-Tariq/base-KD/data/cifar-10-batches-py/test_batch,4849,dog,frog,0.9429751634597778,False,True,/home/tariq/Desktop/Awais-Tariq/base-KD/reports/cifar10_full_audit/mamba_kd_from_pretrained_vit/failure_images/04849_true-dog_pred-frog.png,false_negative_for_dog;false_positive_for_frog
4861,cifar10_test_04861,/home/tariq/Desktop/Awais-Tariq/base-KD/data/cifar-10-batches-py/test_batch,4861,airplane,ship,0.9456270933151245,False,True,/home/tariq/Desktop/Awais-Tariq/base-KD/reports/cifar10_full_audit/mamba_kd_from_pretrained_vit/failure_images/04861_true-airplane_pred-ship.png,false_negative_for_airplane;false_positive_for_ship
4873,cifar10_test_04873,/home/tariq/Desktop/Awais-Tariq/base-KD/data/cifar-10-batches-py/test_batch,4873,bird,cat,0.999534010887146,False,True,/home/tariq/Desktop/Awais-Tariq/base-KD/reports/cifar10_full_audit/mamba_kd_from_pretrained_vit/failure_images/04873_true-bird_pred-cat.png,false_negative_for_bird;false_positive_for_cat
4885,cifar10_test_04885,/home/tariq/Desktop/Awais-Tariq/base-KD/data/cifar-10-batches-py/test_batch,4885,bird,cat,0.9719563126564026,False,True,/home/tariq/Desktop/Awais-Tariq/base-KD/reports/cifar10_full_audit/mamba_kd_from_pretrained_vit/failure_images/04885_true-bird_pred-cat.png,false_negative_for_bird;false_positive_for_cat
4892,cifar10_test_04892,/home/tariq/Desktop/Awais-Tariq/base-KD/data/cifar-10-batches-py/test_batch,4892,horse,deer,0.68584144115448,False,True,/home/tariq/Desktop/Awais-Tariq/base-KD/reports/cifar10_full_audit/mamba_kd_from_pretrained_vit/failure_images/04892_true-horse_pred-deer.png,false_negative_for_horse;false_positive_for_deer
4906,cifar10_test_04906,/home/tariq/Desktop/Awais-Tariq/base-KD/data/cifar-10-batches-py/test_batch,4906,dog,cat,0.9977715015411377,False,True,/home/tariq/Desktop/Awais-Tariq/base-KD/reports/cifar10_full_audit/mamba_kd_from_pretrained_vit/failure_images/04906_true-dog_pred-cat.png,false_negative_for_dog;false_positive_for_cat
4910,cifar10_test_04910,/home/tariq/Desktop/Awais-Tariq/base-KD/data/cifar-10-batches-py/test_batch,4910,ship,truck,0.9999885559082031,False,True,/home/tariq/Desktop/Awais-Tariq/base-KD/reports/cifar10_full_audit/mamba_kd_from_pretrained_vit/failure_images/04910_true-ship_pred-truck.png,false_negative_for_ship;false_positive_for_truck
4917,cifar10_test_04917,/home/tariq/Desktop/Awais-Tariq/base-KD/data/cifar-10-batches-py/test_batch,4917,dog,horse,0.7096841335296631,False,True,/home/tariq/Desktop/Awais-Tariq/base-KD/reports/cifar10_full_audit/mamba_kd_from_pretrained_vit/failure_images/04917_true-dog_pred-horse.png,false_negative_for_dog;false_positive_for_horse
4921,cifar10_test_04921,/home/tariq/Desktop/Awais-Tariq/base-KD/data/cifar-10-batches-py/test_batch,4921,dog,truck,0.9976964592933655,False,True,/home/tariq/Desktop/Awais-Tariq/base-KD/reports/cifar10_full_audit/mamba_kd_from_pretrained_vit/failure_images/04921_true-dog_pred-truck.png,false_negative_for_dog;false_positive_for_truck
4931,cifar10_test_04931,/home/tariq/Desktop/Awais-Tariq/base-KD/data/cifar-10-batches-py/test_batch,4931,truck,automobile,0.9998034834861755,False,True,/home/tariq/Desktop/Awais-Tariq/base-KD/reports/cifar10_full_audit/mamba_kd_from_pretrained_vit/failure_images/04931_true-truck_pred-automobile.png,false_negative_for_truck;false_positive_for_automobile
4942,cifar10_test_04942,/home/tariq/Desktop/Awais-Tariq/base-KD/data/cifar-10-batches-py/test_batch,4942,dog,airplane,0.9999957084655762,False,False,/home/tariq/Desktop/Awais-Tariq/base-KD/reports/cifar10_full_audit/mamba_kd_from_pretrained_vit/failure_images/04942_true-dog_pred-airplane.png,false_negative_for_dog;false_positive_for_airplane
4955,cifar10_test_04955,/home/tariq/Desktop/Awais-Tariq/base-KD/data/cifar-10-batches-py/test_batch,4955,bird,airplane,0.9967772364616394,False,True,/home/tariq/Desktop/Awais-Tariq/base-KD/reports/cifar10_full_audit/mamba_kd_from_pretrained_vit/failure_images/04955_true-bird_pred-airplane.png,false_negative_for_bird;false_positive_for_airplane
4964,cifar10_test_04964,/home/tariq/Desktop/Awais-Tariq/base-KD/data/cifar-10-batches-py/test_batch,4964,dog,bird,0.6210060119628906,False,True,/home/tariq/Desktop/Awais-Tariq/base-KD/reports/cifar10_full_audit/mamba_kd_from_pretrained_vit/failure_images/04964_true-dog_pred-bird.png,false_negative_for_dog;false_positive_for_bird
4965,cifar10_test_04965,/home/tariq/Desktop/Awais-Tariq/base-KD/data/cifar-10-batches-py/test_batch,4965,cat,deer,0.9999936819076538,False,False,/home/tariq/Desktop/Awais-Tariq/base-KD/reports/cifar10_full_audit/mamba_kd_from_pretrained_vit/failure_images/04965_true-cat_pred-deer.png,false_negative_for_cat;false_positive_for_deer
4985,cifar10_test_04985,/home/tariq/Desktop/Awais-Tariq/base-KD/data/cifar-10-batches-py/test_batch,4985,deer,horse,0.6254485249519348,False,True,/home/tariq/Desktop/Awais-Tariq/base-KD/reports/cifar10_full_audit/mamba_kd_from_pretrained_vit/failure_images/04985_true-deer_pred-horse.png,false_negative_for_deer;false_positive_for_horse
4995,cifar10_test_04995,/home/tariq/Desktop/Awais-Tariq/base-KD/data/cifar-10-batches-py/test_batch,4995,bird,cat,0.7850529551506042,False,True,/home/tariq/Desktop/Awais-Tariq/base-KD/reports/cifar10_full_audit/mamba_kd_from_pretrained_vit/failure_images/04995_true-bird_pred-cat.png,false_negative_for_bird;false_positive_for_cat
5006,cifar10_test_05006,/home/tariq/Desktop/Awais-Tariq/base-KD/data/cifar-10-batches-py/test_batch,5006,horse,bird,0.9999995231628418,False,True,/home/tariq/Desktop/Awais-Tariq/base-KD/reports/cifar10_full_audit/mamba_kd_from_pretrained_vit/failure_images/05006_true-horse_pred-bird.png,false_negative_for_horse;false_positive_for_bird
5011,cifar10_test_05011,/home/tariq/Desktop/Awais-Tariq/base-KD/data/cifar-10-batches-py/test_batch,5011,cat,deer,0.5520210862159729,False,True,/home/tariq/Desktop/Awais-Tariq/base-KD/reports/cifar10_full_audit/mamba_kd_from_pretrained_vit/failure_images/05011_true-cat_pred-deer.png,false_negative_for_cat;false_positive_for_deer
5013,cifar10_test_05013,/home/tariq/Desktop/Awais-Tariq/base-KD/data/cifar-10-batches-py/test_batch,5013,airplane,cat,0.8040926456451416,False,True,/home/tariq/Desktop/Awais-Tariq/base-KD/reports/cifar10_full_audit/mamba_kd_from_pretrained_vit/failure_images/05013_true-airplane_pred-cat.png,false_negative_for_airplane;false_positive_for_cat
5029,cifar10_test_05029,/home/tariq/Desktop/Awais-Tariq/base-KD/data/cifar-10-batches-py/test_batch,5029,cat,dog,0.8840465545654297,False,True,/home/tariq/Desktop/Awais-Tariq/base-KD/reports/cifar10_full_audit/mamba_kd_from_pretrained_vit/failure_images/05029_true-cat_pred-dog.png,false_negative_for_cat;false_positive_for_dog
5030,cifar10_test_05030,/home/tariq/Desktop/Awais-Tariq/base-KD/data/cifar-10-batches-py/test_batch,5030,deer,airplane,0.9996947050094604,False,True,/home/tariq/Desktop/Awais-Tariq/base-KD/reports/cifar10_full_audit/mamba_kd_from_pretrained_vit/failure_images/05030_true-deer_pred-airplane.png,false_negative_for_deer;false_positive_for_airplane
5102,cifar10_test_05102,/home/tariq/Desktop/Awais-Tariq/base-KD/data/cifar-10-batches-py/test_batch,5102,dog,cat,0.9042961001396179,False,True,/home/tariq/Desktop/Awais-Tariq/base-KD/reports/cifar10_full_audit/mamba_kd_from_pretrained_vit/failure_images/05102_true-dog_pred-cat.png,false_negative_for_dog;false_positive_for_cat
5115,cifar10_test_05115,/home/tariq/Desktop/Awais-Tariq/base-KD/data/cifar-10-batches-py/test_batch,5115,dog,cat,0.7648526430130005,False,True,/home/tariq/Desktop/Awais-Tariq/base-KD/reports/cifar10_full_audit/mamba_kd_from_pretrained_vit/failure_images/05115_true-dog_pred-cat.png,false_negative_for_dog;false_positive_for_cat
5119,cifar10_test_05119,/home/tariq/Desktop/Awais-Tariq/base-KD/data/cifar-10-batches-py/test_batch,5119,dog,airplane,0.764592707157135,False,True,/home/tariq/Desktop/Awais-Tariq/base-KD/reports/cifar10_full_audit/mamba_kd_from_pretrained_vit/failure_images/05119_true-dog_pred-airplane.png,false_negative_for_dog;false_positive_for_airplane
5123,cifar10_test_05123,/home/tariq/Desktop/Awais-Tariq/base-KD/data/cifar-10-batches-py/test_batch,5123,horse,deer,0.6445705890655518,False,True,/home/tariq/Desktop/Awais-Tariq/base-KD/reports/cifar10_full_audit/mamba_kd_from_pretrained_vit/failure_images/05123_true-horse_pred-deer.png,false_negative_for_horse;false_positive_for_deer
5141,cifar10_test_05141,/home/tariq/Desktop/Awais-Tariq/base-KD/data/cifar-10-batches-py/test_batch,5141,frog,cat,0.996738612651825,False,True,/home/tariq/Desktop/Awais-Tariq/base-KD/reports/cifar10_full_audit/mamba_kd_from_pretrained_vit/failure_images/05141_true-frog_pred-cat.png,false_negative_for_frog;false_positive_for_cat
5151,cifar10_test_05151,/home/tariq/Desktop/Awais-Tariq/base-KD/data/cifar-10-batches-py/test_batch,5151,truck,cat,0.9727019667625427,False,True,/home/tariq/Desktop/Awais-Tariq/base-KD/reports/cifar10_full_audit/mamba_kd_from_pretrained_vit/failure_images/05151_true-truck_pred-cat.png,false_negative_for_truck;false_positive_for_cat
5155,cifar10_test_05155,/home/tariq/Desktop/Awais-Tariq/base-KD/data/cifar-10-batches-py/test_batch,5155,cat,dog,0.9829984307289124,False,True,/home/tariq/Desktop/Awais-Tariq/base-KD/reports/cifar10_full_audit/mamba_kd_from_pretrained_vit/failure_images/05155_true-cat_pred-dog.png,false_negative_for_cat;false_positive_for_dog
5158,cifar10_test_05158,/home/tariq/Desktop/Awais-Tariq/base-KD/data/cifar-10-batches-py/test_batch,5158,deer,cat,0.882851779460907,False,True,/home/tariq/Desktop/Awais-Tariq/base-KD/reports/cifar10_full_audit/mamba_kd_from_pretrained_vit/failure_images/05158_true-deer_pred-cat.png,false_negative_for_deer;false_positive_for_cat
5162,cifar10_test_05162,/home/tariq/Desktop/Awais-Tariq/base-KD/data/cifar-10-batches-py/test_batch,5162,horse,ship,0.7605223655700684,False,True,/home/tariq/Desktop/Awais-Tariq/base-KD/reports/cifar10_full_audit/mamba_kd_from_pretrained_vit/failure_images/05162_true-horse_pred-ship.png,false_negative_for_horse;false_positive_for_ship
5172,cifar10_test_05172,/home/tariq/Desktop/Awais-Tariq/base-KD/data/cifar-10-batches-py/test_batch,5172,deer,dog,0.9074235558509827,False,True,/home/tariq/Desktop/Awais-Tariq/base-KD/reports/cifar10_full_audit/mamba_kd_from_pretrained_vit/failure_images/05172_true-deer_pred-dog.png,false_negative_for_deer;false_positive_for_dog
5183,cifar10_test_05183,/home/tariq/Desktop/Awais-Tariq/base-KD/data/cifar-10-batches-py/test_batch,5183,deer,cat,0.9709175229072571,False,True,/home/tariq/Desktop/Awais-Tariq/base-KD/reports/cifar10_full_audit/mamba_kd_from_pretrained_vit/failure_images/05183_true-deer_pred-cat.png,false_negative_for_deer;false_positive_for_cat
5185,cifar10_test_05185,/home/tariq/Desktop/Awais-Tariq/base-KD/data/cifar-10-batches-py/test_batch,5185,cat,bird,0.9552438855171204,False,True,/home/tariq/Desktop/Awais-Tariq/base-KD/reports/cifar10_full_audit/mamba_kd_from_pretrained_vit/failure_images/05185_true-cat_pred-bird.png,false_negative_for_cat;false_positive_for_bird
5203,cifar10_test_05203,/home/tariq/Desktop/Awais-Tariq/base-KD/data/cifar-10-batches-py/test_batch,5203,frog,dog,0.849609911441803,False,True,/home/tariq/Desktop/Awais-Tariq/base-KD/reports/cifar10_full_audit/mamba_kd_from_pretrained_vit/failure_images/05203_true-frog_pred-dog.png,false_negative_for_frog;false_positive_for_dog
5211,cifar10_test_05211,/home/tariq/Desktop/Awais-Tariq/base-KD/data/cifar-10-batches-py/test_batch,5211,horse,deer,0.996817946434021,False,False,/home/tariq/Desktop/Awais-Tariq/base-KD/reports/cifar10_full_audit/mamba_kd_from_pretrained_vit/failure_images/05211_true-horse_pred-deer.png,false_negative_for_horse;false_positive_for_deer
5213,cifar10_test_05213,/home/tariq/Desktop/Awais-Tariq/base-KD/data/cifar-10-batches-py/test_batch,5213,cat,bird,0.7294566035270691,False,True,/home/tariq/Desktop/Awais-Tariq/base-KD/reports/cifar10_full_audit/mamba_kd_from_pretrained_vit/failure_images/05213_true-cat_pred-bird.png,false_negative_for_cat;false_positive_for_bird
5218,cifar10_test_05218,/home/tariq/Desktop/Awais-Tariq/base-KD/data/cifar-10-batches-py/test_batch,5218,cat,frog,0.9858884215354919,False,True,/home/tariq/Desktop/Awais-Tariq/base-KD/reports/cifar10_full_audit/mamba_kd_from_pretrained_vit/failure_images/05218_true-cat_pred-frog.png,false_negative_for_cat;false_positive_for_frog
5224,cifar10_test_05224,/home/tariq/Desktop/Awais-Tariq/base-KD/data/cifar-10-batches-py/test_batch,5224,airplane,cat,0.7328550219535828,False,True,/home/tariq/Desktop/Awais-Tariq/base-KD/reports/cifar10_full_audit/mamba_kd_from_pretrained_vit/failure_images/05224_true-airplane_pred-cat.png,false_negative_for_airplane;false_positive_for_cat
5227,cifar10_test_05227,/home/tariq/Desktop/Awais-Tariq/base-KD/data/cifar-10-batches-py/test_batch,5227,deer,frog,0.9940885305404663,False,True,/home/tariq/Desktop/Awais-Tariq/base-KD/reports/cifar10_full_audit/mamba_kd_from_pretrained_vit/failure_images/05227_true-deer_pred-frog.png,false_negative_for_deer;false_positive_for_frog
5229,cifar10_test_05229,/home/tariq/Desktop/Awais-Tariq/base-KD/data/cifar-10-batches-py/test_batch,5229,dog,cat,0.848480761051178,False,True,/home/tariq/Desktop/Awais-Tariq/base-KD/reports/cifar10_full_audit/mamba_kd_from_pretrained_vit/failure_images/05229_true-dog_pred-cat.png,false_negative_for_dog;false_positive_for_cat
5238,cifar10_test_05238,/home/tariq/Desktop/Awais-Tariq/base-KD/data/cifar-10-batches-py/test_batch,5238,bird,airplane,0.9992159605026245,False,True,/home/tariq/Desktop/Awais-Tariq/base-KD/reports/cifar10_full_audit/mamba_kd_from_pretrained_vit/failure_images/05238_true-bird_pred-airplane.png,false_negative_for_bird;false_positive_for_airplane
5272,cifar10_test_05272,/home/tariq/Desktop/Awais-Tariq/base-KD/data/cifar-10-batches-py/test_batch,5272,cat,airplane,0.6141102910041809,False,True,/home/tariq/Desktop/Awais-Tariq/base-KD/reports/cifar10_full_audit/mamba_kd_from_pretrained_vit/failure_images/05272_true-cat_pred-airplane.png,false_negative_for_cat;false_positive_for_airplane
5283,cifar10_test_05283,/home/tariq/Desktop/Awais-Tariq/base-KD/data/cifar-10-batches-py/test_batch,5283,deer,bird,0.9987768530845642,False,True,/home/tariq/Desktop/Awais-Tariq/base-KD/reports/cifar10_full_audit/mamba_kd_from_pretrained_vit/failure_images/05283_true-deer_pred-bird.png,false_negative_for_deer;false_positive_for_bird
5287,cifar10_test_05287,/home/tariq/Desktop/Awais-Tariq/base-KD/data/cifar-10-batches-py/test_batch,5287,horse,dog,0.972082793712616,False,True,/home/tariq/Desktop/Awais-Tariq/base-KD/reports/cifar10_full_audit/mamba_kd_from_pretrained_vit/failure_images/05287_true-horse_pred-dog.png,false_negative_for_horse;false_positive_for_dog
5290,cifar10_test_05290,/home/tariq/Desktop/Awais-Tariq/base-KD/data/cifar-10-batches-py/test_batch,5290,cat,dog,0.9917157292366028,False,True,/home/tariq/Desktop/Awais-Tariq/base-KD/reports/cifar10_full_audit/mamba_kd_from_pretrained_vit/failure_images/05290_true-cat_pred-dog.png,false_negative_for_cat;false_positive_for_dog
5292,cifar10_test_05292,/home/tariq/Desktop/Awais-Tariq/base-KD/data/cifar-10-batches-py/test_batch,5292,deer,horse,0.98665851354599,False,True,/home/tariq/Desktop/Awais-Tariq/base-KD/reports/cifar10_full_audit/mamba_kd_from_pretrained_vit/failure_images/05292_true-deer_pred-horse.png,false_negative_for_deer;false_positive_for_horse
5298,cifar10_test_05298,/home/tariq/Desktop/Awais-Tariq/base-KD/data/cifar-10-batches-py/test_batch,5298,dog,bird,0.7501866817474365,False,True,/home/tariq/Desktop/Awais-Tariq/base-KD/reports/cifar10_full_audit/mamba_kd_from_pretrained_vit/failure_images/05298_true-dog_pred-bird.png,false_negative_for_dog;false_positive_for_bird
5327,cifar10_test_05327,/home/tariq/Desktop/Awais-Tariq/base-KD/data/cifar-10-batches-py/test_batch,5327,airplane,ship,0.9982138872146606,False,True,/home/tariq/Desktop/Awais-Tariq/base-KD/reports/cifar10_full_audit/mamba_kd_from_pretrained_vit/failure_images/05327_true-airplane_pred-ship.png,false_negative_for_airplane;false_positive_for_ship
5330,cifar10_test_05330,/home/tariq/Desktop/Awais-Tariq/base-KD/data/cifar-10-batches-py/test_batch,5330,horse,cat,0.9936031699180603,False,True,/home/tariq/Desktop/Awais-Tariq/base-KD/reports/cifar10_full_audit/mamba_kd_from_pretrained_vit/failure_images/05330_true-horse_pred-cat.png,false_negative_for_horse;false_positive_for_cat
5340,cifar10_test_05340,/home/tariq/Desktop/Awais-Tariq/base-KD/data/cifar-10-batches-py/test_batch,5340,cat,deer,0.9999841451644897,False,True,/home/tariq/Desktop/Awais-Tariq/base-KD/reports/cifar10_full_audit/mamba_kd_from_pretrained_vit/failure_images/05340_true-cat_pred-deer.png,false_negative_for_cat;false_positive_for_deer
5385,cifar10_test_05385,/home/tariq/Desktop/Awais-Tariq/base-KD/data/cifar-10-batches-py/test_batch,5385,bird,dog,0.6286528706550598,False,True,/home/tariq/Desktop/Awais-Tariq/base-KD/reports/cifar10_full_audit/mamba_kd_from_pretrained_vit/failure_images/05385_true-bird_pred-dog.png,false_negative_for_bird;false_positive_for_dog
5387,cifar10_test_05387,/home/tariq/Desktop/Awais-Tariq/base-KD/data/cifar-10-batches-py/test_batch,5387,cat,frog,0.9990625977516174,False,True,/home/tariq/Desktop/Awais-Tariq/base-KD/reports/cifar10_full_audit/mamba_kd_from_pretrained_vit/failure_images/05387_true-cat_pred-frog.png,false_negative_for_cat;false_positive_for_frog
5388,cifar10_test_05388,/home/tariq/Desktop/Awais-Tariq/base-KD/data/cifar-10-batches-py/test_batch,5388,frog,deer,0.32157909870147705,False,True,/home/tariq/Desktop/Awais-Tariq/base-KD/reports/cifar10_full_audit/mamba_kd_from_pretrained_vit/failure_images/05388_true-frog_pred-deer.png,false_negative_for_frog;false_positive_for_deer
5393,cifar10_test_05393,/home/tariq/Desktop/Awais-Tariq/base-KD/data/cifar-10-batches-py/test_batch,5393,deer,bird,0.9998250603675842,False,True,/home/tariq/Desktop/Awais-Tariq/base-KD/reports/cifar10_full_audit/mamba_kd_from_pretrained_vit/failure_images/05393_true-deer_pred-bird.png,false_negative_for_deer;false_positive_for_bird
5410,cifar10_test_05410,/home/tariq/Desktop/Awais-Tariq/base-KD/data/cifar-10-batches-py/test_batch,5410,cat,dog,0.9851926565170288,False,True,/home/tariq/Desktop/Awais-Tariq/base-KD/reports/cifar10_full_audit/mamba_kd_from_pretrained_vit/failure_images/05410_true-cat_pred-dog.png,false_negative_for_cat;false_positive_for_dog
5413,cifar10_test_05413,/home/tariq/Desktop/Awais-Tariq/base-KD/data/cifar-10-batches-py/test_batch,5413,cat,dog,0.5458436608314514,False,True,/home/tariq/Desktop/Awais-Tariq/base-KD/reports/cifar10_full_audit/mamba_kd_from_pretrained_vit/failure_images/05413_true-cat_pred-dog.png,false_negative_for_cat;false_positive_for_dog
5416,cifar10_test_05416,/home/tariq/Desktop/Awais-Tariq/base-KD/data/cifar-10-batches-py/test_batch,5416,truck,automobile,0.9999971389770508,False,True,/home/tariq/Desktop/Awais-Tariq/base-KD/reports/cifar10_full_audit/mamba_kd_from_pretrained_vit/failure_images/05416_true-truck_pred-automobile.png,false_negative_for_truck;false_positive_for_automobile
5417,cifar10_test_05417,/home/tariq/Desktop/Awais-Tariq/base-KD/data/cifar-10-batches-py/test_batch,5417,deer,cat,0.9963471293449402,False,True,/home/tariq/Desktop/Awais-Tariq/base-KD/reports/cifar10_full_audit/mamba_kd_from_pretrained_vit/failure_images/05417_true-deer_pred-cat.png,false_negative_for_deer;false_positive_for_cat
5426,cifar10_test_05426,/home/tariq/Desktop/Awais-Tariq/base-KD/data/cifar-10-batches-py/test_batch,5426,dog,cat,0.9999969005584717,False,True,/home/tariq/Desktop/Awais-Tariq/base-KD/reports/cifar10_full_audit/mamba_kd_from_pretrained_vit/failure_images/05426_true-dog_pred-cat.png,false_negative_for_dog;false_positive_for_cat
5433,cifar10_test_05433,/home/tariq/Desktop/Awais-Tariq/base-KD/data/cifar-10-batches-py/test_batch,5433,cat,dog,0.9999256134033203,False,True,/home/tariq/Desktop/Awais-Tariq/base-KD/reports/cifar10_full_audit/mamba_kd_from_pretrained_vit/failure_images/05433_true-cat_pred-dog.png,false_negative_for_cat;false_positive_for_dog
5455,cifar10_test_05455,/home/tariq/Desktop/Awais-Tariq/base-KD/data/cifar-10-batches-py/test_batch,5455,truck,airplane,0.9956186413764954,False,True,/home/tariq/Desktop/Awais-Tariq/base-KD/reports/cifar10_full_audit/mamba_kd_from_pretrained_vit/failure_images/05455_true-truck_pred-airplane.png,false_negative_for_truck;false_positive_for_airplane
5458,cifar10_test_05458,/home/tariq/Desktop/Awais-Tariq/base-KD/data/cifar-10-batches-py/test_batch,5458,cat,frog,0.9998959302902222,False,True,/home/tariq/Desktop/Awais-Tariq/base-KD/reports/cifar10_full_audit/mamba_kd_from_pretrained_vit/failure_images/05458_true-cat_pred-frog.png,false_negative_for_cat;false_positive_for_frog
5467,cifar10_test_05467,/home/tariq/Desktop/Awais-Tariq/base-KD/data/cifar-10-batches-py/test_batch,5467,dog,airplane,0.6160377264022827,False,True,/home/tariq/Desktop/Awais-Tariq/base-KD/reports/cifar10_full_audit/mamba_kd_from_pretrained_vit/failure_images/05467_true-dog_pred-airplane.png,false_negative_for_dog;false_positive_for_airplane
5468,cifar10_test_05468,/home/tariq/Desktop/Awais-Tariq/base-KD/data/cifar-10-batches-py/test_batch,5468,dog,cat,0.9896311163902283,False,True,/home/tariq/Desktop/Awais-Tariq/base-KD/reports/cifar10_full_audit/mamba_kd_from_pretrained_vit/failure_images/05468_true-dog_pred-cat.png,false_negative_for_dog;false_positive_for_cat
5487,cifar10_test_05487,/home/tariq/Desktop/Awais-Tariq/base-KD/data/cifar-10-batches-py/test_batch,5487,frog,cat,0.9984837174415588,False,True,/home/tariq/Desktop/Awais-Tariq/base-KD/reports/cifar10_full_audit/mamba_kd_from_pretrained_vit/failure_images/05487_true-frog_pred-cat.png,false_negative_for_frog;false_positive_for_cat
5488,cifar10_test_05488,/home/tariq/Desktop/Awais-Tariq/base-KD/data/cifar-10-batches-py/test_batch,5488,truck,deer,0.6520387530326843,False,True,/home/tariq/Desktop/Awais-Tariq/base-KD/reports/cifar10_full_audit/mamba_kd_from_pretrained_vit/failure_images/05488_true-truck_pred-deer.png,false_negative_for_truck;false_positive_for_deer
5506,cifar10_test_05506,/home/tariq/Desktop/Awais-Tariq/base-KD/data/cifar-10-batches-py/test_batch,5506,cat,deer,0.8272942900657654,False,True,/home/tariq/Desktop/Awais-Tariq/base-KD/reports/cifar10_full_audit/mamba_kd_from_pretrained_vit/failure_images/05506_true-cat_pred-deer.png,false_negative_for_cat;false_positive_for_deer
5511,cifar10_test_05511,/home/tariq/Desktop/Awais-Tariq/base-KD/data/cifar-10-batches-py/test_batch,5511,cat,frog,0.9999808073043823,False,True,/home/tariq/Desktop/Awais-Tariq/base-KD/reports/cifar10_full_audit/mamba_kd_from_pretrained_vit/failure_images/05511_true-cat_pred-frog.png,false_negative_for_cat;false_positive_for_frog
5525,cifar10_test_05525,/home/tariq/Desktop/Awais-Tariq/base-KD/data/cifar-10-batches-py/test_batch,5525,cat,deer,0.9954623579978943,False,True,/home/tariq/Desktop/Awais-Tariq/base-KD/reports/cifar10_full_audit/mamba_kd_from_pretrained_vit/failure_images/05525_true-cat_pred-deer.png,false_negative_for_cat;false_positive_for_deer
5534,cifar10_test_05534,/home/tariq/Desktop/Awais-Tariq/base-KD/data/cifar-10-batches-py/test_batch,5534,frog,bird,0.8961026668548584,False,True,/home/tariq/Desktop/Awais-Tariq/base-KD/reports/cifar10_full_audit/mamba_kd_from_pretrained_vit/failure_images/05534_true-frog_pred-bird.png,false_negative_for_frog;false_positive_for_bird
5537,cifar10_test_05537,/home/tariq/Desktop/Awais-Tariq/base-KD/data/cifar-10-batches-py/test_batch,5537,bird,dog,0.9286366701126099,False,True,/home/tariq/Desktop/Awais-Tariq/base-KD/reports/cifar10_full_audit/mamba_kd_from_pretrained_vit/failure_images/05537_true-bird_pred-dog.png,false_negative_for_bird;false_positive_for_dog
5548,cifar10_test_05548,/home/tariq/Desktop/Awais-Tariq/base-KD/data/cifar-10-batches-py/test_batch,5548,ship,airplane,0.9999951124191284,False,True,/home/tariq/Desktop/Awais-Tariq/base-KD/reports/cifar10_full_audit/mamba_kd_from_pretrained_vit/failure_images/05548_true-ship_pred-airplane.png,false_negative_for_ship;false_positive_for_airplane
5562,cifar10_test_05562,/home/tariq/Desktop/Awais-Tariq/base-KD/data/cifar-10-batches-py/test_batch,5562,deer,horse,0.9979566335678101,False,True,/home/tariq/Desktop/Awais-Tariq/base-KD/reports/cifar10_full_audit/mamba_kd_from_pretrained_vit/failure_images/05562_true-deer_pred-horse.png,false_negative_for_deer;false_positive_for_horse
5571,cifar10_test_05571,/home/tariq/Desktop/Awais-Tariq/base-KD/data/cifar-10-batches-py/test_batch,5571,airplane,bird,0.9869786500930786,False,True,/home/tariq/Desktop/Awais-Tariq/base-KD/reports/cifar10_full_audit/mamba_kd_from_pretrained_vit/failure_images/05571_true-airplane_pred-bird.png,false_negative_for_airplane;false_positive_for_bird
5582,cifar10_test_05582,/home/tariq/Desktop/Awais-Tariq/base-KD/data/cifar-10-batches-py/test_batch,5582,deer,bird,0.9999915361404419,False,False,/home/tariq/Desktop/Awais-Tariq/base-KD/reports/cifar10_full_audit/mamba_kd_from_pretrained_vit/failure_images/05582_true-deer_pred-bird.png,false_negative_for_deer;false_positive_for_bird
5607,cifar10_test_05607,/home/tariq/Desktop/Awais-Tariq/base-KD/data/cifar-10-batches-py/test_batch,5607,frog,airplane,0.9362965226173401,False,True,/home/tariq/Desktop/Awais-Tariq/base-KD/reports/cifar10_full_audit/mamba_kd_from_pretrained_vit/failure_images/05607_true-frog_pred-airplane.png,false_negative_for_frog;false_positive_for_airplane
5609,cifar10_test_05609,/home/tariq/Desktop/Awais-Tariq/base-KD/data/cifar-10-batches-py/test_batch,5609,dog,cat,0.7386084198951721,False,True,/home/tariq/Desktop/Awais-Tariq/base-KD/reports/cifar10_full_audit/mamba_kd_from_pretrained_vit/failure_images/05609_true-dog_pred-cat.png,false_negative_for_dog;false_positive_for_cat
5620,cifar10_test_05620,/home/tariq/Desktop/Awais-Tariq/base-KD/data/cifar-10-batches-py/test_batch,5620,cat,bird,0.6731120944023132,False,True,/home/tariq/Desktop/Awais-Tariq/base-KD/reports/cifar10_full_audit/mamba_kd_from_pretrained_vit/failure_images/05620_true-cat_pred-bird.png,false_negative_for_cat;false_positive_for_bird
5634,cifar10_test_05634,/home/tariq/Desktop/Awais-Tariq/base-KD/data/cifar-10-batches-py/test_batch,5634,deer,dog,0.5128775835037231,False,True,/home/tariq/Desktop/Awais-Tariq/base-KD/reports/cifar10_full_audit/mamba_kd_from_pretrained_vit/failure_images/05634_true-deer_pred-dog.png,false_negative_for_deer;false_positive_for_dog
5642,cifar10_test_05642,/home/tariq/Desktop/Awais-Tariq/base-KD/data/cifar-10-batches-py/test_batch,5642,dog,deer,0.5708624720573425,False,True,/home/tariq/Desktop/Awais-Tariq/base-KD/reports/cifar10_full_audit/mamba_kd_from_pretrained_vit/failure_images/05642_true-dog_pred-deer.png,false_negative_for_dog;false_positive_for_deer
5690,cifar10_test_05690,/home/tariq/Desktop/Awais-Tariq/base-KD/data/cifar-10-batches-py/test_batch,5690,horse,deer,0.998551070690155,False,True,/home/tariq/Desktop/Awais-Tariq/base-KD/reports/cifar10_full_audit/mamba_kd_from_pretrained_vit/failure_images/05690_true-horse_pred-deer.png,false_negative_for_horse;false_positive_for_deer
5698,cifar10_test_05698,/home/tariq/Desktop/Awais-Tariq/base-KD/data/cifar-10-batches-py/test_batch,5698,horse,cat,0.8590230345726013,False,True,/home/tariq/Desktop/Awais-Tariq/base-KD/reports/cifar10_full_audit/mamba_kd_from_pretrained_vit/failure_images/05698_true-horse_pred-cat.png,false_negative_for_horse;false_positive_for_cat
5730,cifar10_test_05730,/home/tariq/Desktop/Awais-Tariq/base-KD/data/cifar-10-batches-py/test_batch,5730,dog,deer,0.5926158428192139,False,False,/home/tariq/Desktop/Awais-Tariq/base-KD/reports/cifar10_full_audit/mamba_kd_from_pretrained_vit/failure_images/05730_true-dog_pred-deer.png,false_negative_for_dog;false_positive_for_deer
5732,cifar10_test_05732,/home/tariq/Desktop/Awais-Tariq/base-KD/data/cifar-10-batches-py/test_batch,5732,cat,dog,0.8459877371788025,False,True,/home/tariq/Desktop/Awais-Tariq/base-KD/reports/cifar10_full_audit/mamba_kd_from_pretrained_vit/failure_images/05732_true-cat_pred-dog.png,false_negative_for_cat;false_positive_for_dog
5749,cifar10_test_05749,/home/tariq/Desktop/Awais-Tariq/base-KD/data/cifar-10-batches-py/test_batch,5749,dog,cat,0.9799361228942871,False,True,/home/tariq/Desktop/Awais-Tariq/base-KD/reports/cifar10_full_audit/mamba_kd_from_pretrained_vit/failure_images/05749_true-dog_pred-cat.png,false_negative_for_dog;false_positive_for_cat
5774,cifar10_test_05774,/home/tariq/Desktop/Awais-Tariq/base-KD/data/cifar-10-batches-py/test_batch,5774,dog,cat,0.9971128702163696,False,True,/home/tariq/Desktop/Awais-Tariq/base-KD/reports/cifar10_full_audit/mamba_kd_from_pretrained_vit/failure_images/05774_true-dog_pred-cat.png,false_negative_for_dog;false_positive_for_cat
5806,cifar10_test_05806,/home/tariq/Desktop/Awais-Tariq/base-KD/data/cifar-10-batches-py/test_batch,5806,airplane,ship,0.9995105266571045,False,True,/home/tariq/Desktop/Awais-Tariq/base-KD/reports/cifar10_full_audit/mamba_kd_from_pretrained_vit/failure_images/05806_true-airplane_pred-ship.png,false_negative_for_airplane;false_positive_for_ship
5812,cifar10_test_05812,/home/tariq/Desktop/Awais-Tariq/base-KD/data/cifar-10-batches-py/test_batch,5812,deer,cat,0.9930312633514404,False,True,/home/tariq/Desktop/Awais-Tariq/base-KD/reports/cifar10_full_audit/mamba_kd_from_pretrained_vit/failure_images/05812_true-deer_pred-cat.png,false_negative_for_deer;false_positive_for_cat
5830,cifar10_test_05830,/home/tariq/Desktop/Awais-Tariq/base-KD/data/cifar-10-batches-py/test_batch,5830,dog,cat,0.9998770952224731,False,True,/home/tariq/Desktop/Awais-Tariq/base-KD/reports/cifar10_full_audit/mamba_kd_from_pretrained_vit/failure_images/05830_true-dog_pred-cat.png,false_negative_for_dog;false_positive_for_cat
5850,cifar10_test_05850,/home/tariq/Desktop/Awais-Tariq/base-KD/data/cifar-10-batches-py/test_batch,5850,frog,bird,0.9830912947654724,False,True,/home/tariq/Desktop/Awais-Tariq/base-KD/reports/cifar10_full_audit/mamba_kd_from_pretrained_vit/failure_images/05850_true-frog_pred-bird.png,false_negative_for_frog;false_positive_for_bird
5860,cifar10_test_05860,/home/tariq/Desktop/Awais-Tariq/base-KD/data/cifar-10-batches-py/test_batch,5860,airplane,ship,0.9917505383491516,False,True,/home/tariq/Desktop/Awais-Tariq/base-KD/reports/cifar10_full_audit/mamba_kd_from_pretrained_vit/failure_images/05860_true-airplane_pred-ship.png,false_negative_for_airplane;false_positive_for_ship
5864,cifar10_test_05864,/home/tariq/Desktop/Awais-Tariq/base-KD/data/cifar-10-batches-py/test_batch,5864,truck,automobile,0.9973599314689636,False,True,/home/tariq/Desktop/Awais-Tariq/base-KD/reports/cifar10_full_audit/mamba_kd_from_pretrained_vit/failure_images/05864_true-truck_pred-automobile.png,false_negative_for_truck;false_positive_for_automobile
5871,cifar10_test_05871,/home/tariq/Desktop/Awais-Tariq/base-KD/data/cifar-10-batches-py/test_batch,5871,frog,cat,0.9650678634643555,False,True,/home/tariq/Desktop/Awais-Tariq/base-KD/reports/cifar10_full_audit/mamba_kd_from_pretrained_vit/failure_images/05871_true-frog_pred-cat.png,false_negative_for_frog;false_positive_for_cat
5881,cifar10_test_05881,/home/tariq/Desktop/Awais-Tariq/base-KD/data/cifar-10-batches-py/test_batch,5881,cat,dog,1.0,False,True,/home/tariq/Desktop/Awais-Tariq/base-KD/reports/cifar10_full_audit/mamba_kd_from_pretrained_vit/failure_images/05881_true-cat_pred-dog.png,false_negative_for_cat;false_positive_for_dog
5896,cifar10_test_05896,/home/tariq/Desktop/Awais-Tariq/base-KD/data/cifar-10-batches-py/test_batch,5896,ship,automobile,0.8273557424545288,False,True,/home/tariq/Desktop/Awais-Tariq/base-KD/reports/cifar10_full_audit/mamba_kd_from_pretrained_vit/failure_images/05896_true-ship_pred-automobile.png,false_negative_for_ship;false_positive_for_automobile
5908,cifar10_test_05908,/home/tariq/Desktop/Awais-Tariq/base-KD/data/cifar-10-batches-py/test_batch,5908,cat,bird,0.9999974966049194,False,True,/home/tariq/Desktop/Awais-Tariq/base-KD/reports/cifar10_full_audit/mamba_kd_from_pretrained_vit/failure_images/05908_true-cat_pred-bird.png,false_negative_for_cat;false_positive_for_bird
5910,cifar10_test_05910,/home/tariq/Desktop/Awais-Tariq/base-KD/data/cifar-10-batches-py/test_batch,5910,bird,cat,0.9911295175552368,False,True,/home/tariq/Desktop/Awais-Tariq/base-KD/reports/cifar10_full_audit/mamba_kd_from_pretrained_vit/failure_images/05910_true-bird_pred-cat.png,false_negative_for_bird;false_positive_for_cat
5915,cifar10_test_05915,/home/tariq/Desktop/Awais-Tariq/base-KD/data/cifar-10-batches-py/test_batch,5915,dog,cat,0.9863337874412537,False,True,/home/tariq/Desktop/Awais-Tariq/base-KD/reports/cifar10_full_audit/mamba_kd_from_pretrained_vit/failure_images/05915_true-dog_pred-cat.png,false_negative_for_dog;false_positive_for_cat
5917,cifar10_test_05917,/home/tariq/Desktop/Awais-Tariq/base-KD/data/cifar-10-batches-py/test_batch,5917,cat,bird,0.9999986886978149,False,False,/home/tariq/Desktop/Awais-Tariq/base-KD/reports/cifar10_full_audit/mamba_kd_from_pretrained_vit/failure_images/05917_true-cat_pred-bird.png,false_negative_for_cat;false_positive_for_bird
5924,cifar10_test_05924,/home/tariq/Desktop/Awais-Tariq/base-KD/data/cifar-10-batches-py/test_batch,5924,deer,bird,0.9999849796295166,False,True,/home/tariq/Desktop/Awais-Tariq/base-KD/reports/cifar10_full_audit/mamba_kd_from_pretrained_vit/failure_images/05924_true-deer_pred-bird.png,false_negative_for_deer;false_positive_for_bird
5927,cifar10_test_05927,/home/tariq/Desktop/Awais-Tariq/base-KD/data/cifar-10-batches-py/test_batch,5927,frog,bird,0.9974225759506226,False,True,/home/tariq/Desktop/Awais-Tariq/base-KD/reports/cifar10_full_audit/mamba_kd_from_pretrained_vit/failure_images/05927_true-frog_pred-bird.png,false_negative_for_frog;false_positive_for_bird
5930,cifar10_test_05930,/home/tariq/Desktop/Awais-Tariq/base-KD/data/cifar-10-batches-py/test_batch,5930,dog,bird,0.8923872709274292,False,True,/home/tariq/Desktop/Awais-Tariq/base-KD/reports/cifar10_full_audit/mamba_kd_from_pretrained_vit/failure_images/05930_true-dog_pred-bird.png,false_negative_for_dog;false_positive_for_bird
5932,cifar10_test_05932,/home/tariq/Desktop/Awais-Tariq/base-KD/data/cifar-10-batches-py/test_batch,5932,deer,bird,0.5936934351921082,False,True,/home/tariq/Desktop/Awais-Tariq/base-KD/reports/cifar10_full_audit/mamba_kd_from_pretrained_vit/failure_images/05932_true-deer_pred-bird.png,false_negative_for_deer;false_positive_for_bird
5960,cifar10_test_05960,/home/tariq/Desktop/Awais-Tariq/base-KD/data/cifar-10-batches-py/test_batch,5960,bird,cat,0.5851078629493713,False,True,/home/tariq/Desktop/Awais-Tariq/base-KD/reports/cifar10_full_audit/mamba_kd_from_pretrained_vit/failure_images/05960_true-bird_pred-cat.png,false_negative_for_bird;false_positive_for_cat
5986,cifar10_test_05986,/home/tariq/Desktop/Awais-Tariq/base-KD/data/cifar-10-batches-py/test_batch,5986,cat,dog,0.9965447783470154,False,True,/home/tariq/Desktop/Awais-Tariq/base-KD/reports/cifar10_full_audit/mamba_kd_from_pretrained_vit/failure_images/05986_true-cat_pred-dog.png,false_negative_for_cat;false_positive_for_dog
6008,cifar10_test_06008,/home/tariq/Desktop/Awais-Tariq/base-KD/data/cifar-10-batches-py/test_batch,6008,cat,bird,0.9696612358093262,False,True,/home/tariq/Desktop/Awais-Tariq/base-KD/reports/cifar10_full_audit/mamba_kd_from_pretrained_vit/failure_images/06008_true-cat_pred-bird.png,false_negative_for_cat;false_positive_for_bird
6014,cifar10_test_06014,/home/tariq/Desktop/Awais-Tariq/base-KD/data/cifar-10-batches-py/test_batch,6014,dog,deer,0.6003508567810059,False,True,/home/tariq/Desktop/Awais-Tariq/base-KD/reports/cifar10_full_audit/mamba_kd_from_pretrained_vit/failure_images/06014_true-dog_pred-deer.png,false_negative_for_dog;false_positive_for_deer
6016,cifar10_test_06016,/home/tariq/Desktop/Awais-Tariq/base-KD/data/cifar-10-batches-py/test_batch,6016,deer,frog,0.8153507113456726,False,True,/home/tariq/Desktop/Awais-Tariq/base-KD/reports/cifar10_full_audit/mamba_kd_from_pretrained_vit/failure_images/06016_true-deer_pred-frog.png,false_negative_for_deer;false_positive_for_frog
6064,cifar10_test_06064,/home/tariq/Desktop/Awais-Tariq/base-KD/data/cifar-10-batches-py/test_batch,6064,dog,cat,0.9816998839378357,False,True,/home/tariq/Desktop/Awais-Tariq/base-KD/reports/cifar10_full_audit/mamba_kd_from_pretrained_vit/failure_images/06064_true-dog_pred-cat.png,false_negative_for_dog;false_positive_for_cat
6068,cifar10_test_06068,/home/tariq/Desktop/Awais-Tariq/base-KD/data/cifar-10-batches-py/test_batch,6068,dog,cat,0.9995601773262024,False,True,/home/tariq/Desktop/Awais-Tariq/base-KD/reports/cifar10_full_audit/mamba_kd_from_pretrained_vit/failure_images/06068_true-dog_pred-cat.png,false_negative_for_dog;false_positive_for_cat
6070,cifar10_test_06070,/home/tariq/Desktop/Awais-Tariq/base-KD/data/cifar-10-batches-py/test_batch,6070,ship,truck,0.9992488026618958,False,True,/home/tariq/Desktop/Awais-Tariq/base-KD/reports/cifar10_full_audit/mamba_kd_from_pretrained_vit/failure_images/06070_true-ship_pred-truck.png,false_negative_for_ship;false_positive_for_truck
6083,cifar10_test_06083,/home/tariq/Desktop/Awais-Tariq/base-KD/data/cifar-10-batches-py/test_batch,6083,bird,cat,0.8219899535179138,False,True,/home/tariq/Desktop/Awais-Tariq/base-KD/reports/cifar10_full_audit/mamba_kd_from_pretrained_vit/failure_images/06083_true-bird_pred-cat.png,false_negative_for_bird;false_positive_for_cat
6111,cifar10_test_06111,/home/tariq/Desktop/Awais-Tariq/base-KD/data/cifar-10-batches-py/test_batch,6111,cat,bird,0.9662603139877319,False,True,/home/tariq/Desktop/Awais-Tariq/base-KD/reports/cifar10_full_audit/mamba_kd_from_pretrained_vit/failure_images/06111_true-cat_pred-bird.png,false_negative_for_cat;false_positive_for_bird
6127,cifar10_test_06127,/home/tariq/Desktop/Awais-Tariq/base-KD/data/cifar-10-batches-py/test_batch,6127,dog,bird,0.9755402207374573,False,True,/home/tariq/Desktop/Awais-Tariq/base-KD/reports/cifar10_full_audit/mamba_kd_from_pretrained_vit/failure_images/06127_true-dog_pred-bird.png,false_negative_for_dog;false_positive_for_bird
6134,cifar10_test_06134,/home/tariq/Desktop/Awais-Tariq/base-KD/data/cifar-10-batches-py/test_batch,6134,cat,truck,0.8995214700698853,False,True,/home/tariq/Desktop/Awais-Tariq/base-KD/reports/cifar10_full_audit/mamba_kd_from_pretrained_vit/failure_images/06134_true-cat_pred-truck.png,false_negative_for_cat;false_positive_for_truck
6142,cifar10_test_06142,/home/tariq/Desktop/Awais-Tariq/base-KD/data/cifar-10-batches-py/test_batch,6142,dog,horse,0.5059317946434021,False,True,/home/tariq/Desktop/Awais-Tariq/base-KD/reports/cifar10_full_audit/mamba_kd_from_pretrained_vit/failure_images/06142_true-dog_pred-horse.png,false_negative_for_dog;false_positive_for_horse
6146,cifar10_test_06146,/home/tariq/Desktop/Awais-Tariq/base-KD/data/cifar-10-batches-py/test_batch,6146,airplane,truck,0.9999842643737793,False,True,/home/tariq/Desktop/Awais-Tariq/base-KD/reports/cifar10_full_audit/mamba_kd_from_pretrained_vit/failure_images/06146_true-airplane_pred-truck.png,false_negative_for_airplane;false_positive_for_truck
6153,cifar10_test_06153,/home/tariq/Desktop/Awais-Tariq/base-KD/data/cifar-10-batches-py/test_batch,6153,deer,horse,0.925930380821228,False,True,/home/tariq/Desktop/Awais-Tariq/base-KD/reports/cifar10_full_audit/mamba_kd_from_pretrained_vit/failure_images/06153_true-deer_pred-horse.png,false_negative_for_deer;false_positive_for_horse
6174,cifar10_test_06174,/home/tariq/Desktop/Awais-Tariq/base-KD/data/cifar-10-batches-py/test_batch,6174,cat,dog,0.9983194470405579,False,True,/home/tariq/Desktop/Awais-Tariq/base-KD/reports/cifar10_full_audit/mamba_kd_from_pretrained_vit/failure_images/06174_true-cat_pred-dog.png,false_negative_for_cat;false_positive_for_dog
6197,cifar10_test_06197,/home/tariq/Desktop/Awais-Tariq/base-KD/data/cifar-10-batches-py/test_batch,6197,deer,cat,0.896023154258728,False,True,/home/tariq/Desktop/Awais-Tariq/base-KD/reports/cifar10_full_audit/mamba_kd_from_pretrained_vit/failure_images/06197_true-deer_pred-cat.png,false_negative_for_deer;false_positive_for_cat
6202,cifar10_test_06202,/home/tariq/Desktop/Awais-Tariq/base-KD/data/cifar-10-batches-py/test_batch,6202,cat,dog,0.4697924256324768,False,True,/home/tariq/Desktop/Awais-Tariq/base-KD/reports/cifar10_full_audit/mamba_kd_from_pretrained_vit/failure_images/06202_true-cat_pred-dog.png,false_negative_for_cat;false_positive_for_dog
6206,cifar10_test_06206,/home/tariq/Desktop/Awais-Tariq/base-KD/data/cifar-10-batches-py/test_batch,6206,dog,cat,0.9985558390617371,False,True,/home/tariq/Desktop/Awais-Tariq/base-KD/reports/cifar10_full_audit/mamba_kd_from_pretrained_vit/failure_images/06206_true-dog_pred-cat.png,false_negative_for_dog;false_positive_for_cat
6210,cifar10_test_06210,/home/tariq/Desktop/Awais-Tariq/base-KD/data/cifar-10-batches-py/test_batch,6210,deer,dog,0.930144727230072,False,True,/home/tariq/Desktop/Awais-Tariq/base-KD/reports/cifar10_full_audit/mamba_kd_from_pretrained_vit/failure_images/06210_true-deer_pred-dog.png,false_negative_for_deer;false_positive_for_dog
6213,cifar10_test_06213,/home/tariq/Desktop/Awais-Tariq/base-KD/data/cifar-10-batches-py/test_batch,6213,cat,deer,0.9622094035148621,False,True,/home/tariq/Desktop/Awais-Tariq/base-KD/reports/cifar10_full_audit/mamba_kd_from_pretrained_vit/failure_images/06213_true-cat_pred-deer.png,false_negative_for_cat;false_positive_for_deer
6218,cifar10_test_06218,/home/tariq/Desktop/Awais-Tariq/base-KD/data/cifar-10-batches-py/test_batch,6218,truck,cat,0.8521513938903809,False,False,/home/tariq/Desktop/Awais-Tariq/base-KD/reports/cifar10_full_audit/mamba_kd_from_pretrained_vit/failure_images/06218_true-truck_pred-cat.png,false_negative_for_truck;false_positive_for_cat
6253,cifar10_test_06253,/home/tariq/Desktop/Awais-Tariq/base-KD/data/cifar-10-batches-py/test_batch,6253,dog,deer,0.7572494745254517,False,True,/home/tariq/Desktop/Awais-Tariq/base-KD/reports/cifar10_full_audit/mamba_kd_from_pretrained_vit/failure_images/06253_true-dog_pred-deer.png,false_negative_for_dog;false_positive_for_deer
6257,cifar10_test_06257,/home/tariq/Desktop/Awais-Tariq/base-KD/data/cifar-10-batches-py/test_batch,6257,dog,cat,0.9998576641082764,False,True,/home/tariq/Desktop/Awais-Tariq/base-KD/reports/cifar10_full_audit/mamba_kd_from_pretrained_vit/failure_images/06257_true-dog_pred-cat.png,false_negative_for_dog;false_positive_for_cat
6283,cifar10_test_06283,/home/tariq/Desktop/Awais-Tariq/base-KD/data/cifar-10-batches-py/test_batch,6283,cat,dog,0.9987499713897705,False,True,/home/tariq/Desktop/Awais-Tariq/base-KD/reports/cifar10_full_audit/mamba_kd_from_pretrained_vit/failure_images/06283_true-cat_pred-dog.png,false_negative_for_cat;false_positive_for_dog
6294,cifar10_test_06294,/home/tariq/Desktop/Awais-Tariq/base-KD/data/cifar-10-batches-py/test_batch,6294,airplane,ship,0.8604612350463867,False,True,/home/tariq/Desktop/Awais-Tariq/base-KD/reports/cifar10_full_audit/mamba_kd_from_pretrained_vit/failure_images/06294_true-airplane_pred-ship.png,false_negative_for_airplane;false_positive_for_ship
6298,cifar10_test_06298,/home/tariq/Desktop/Awais-Tariq/base-KD/data/cifar-10-batches-py/test_batch,6298,cat,dog,0.8303765654563904,False,True,/home/tariq/Desktop/Awais-Tariq/base-KD/reports/cifar10_full_audit/mamba_kd_from_pretrained_vit/failure_images/06298_true-cat_pred-dog.png,false_negative_for_cat;false_positive_for_dog
6299,cifar10_test_06299,/home/tariq/Desktop/Awais-Tariq/base-KD/data/cifar-10-batches-py/test_batch,6299,cat,bird,0.9994795918464661,False,True,/home/tariq/Desktop/Awais-Tariq/base-KD/reports/cifar10_full_audit/mamba_kd_from_pretrained_vit/failure_images/06299_true-cat_pred-bird.png,false_negative_for_cat;false_positive_for_bird
6305,cifar10_test_06305,/home/tariq/Desktop/Awais-Tariq/base-KD/data/cifar-10-batches-py/test_batch,6305,frog,bird,0.9874797463417053,False,True,/home/tariq/Desktop/Awais-Tariq/base-KD/reports/cifar10_full_audit/mamba_kd_from_pretrained_vit/failure_images/06305_true-frog_pred-bird.png,false_negative_for_frog;false_positive_for_bird
6326,cifar10_test_06326,/home/tariq/Desktop/Awais-Tariq/base-KD/data/cifar-10-batches-py/test_batch,6326,horse,truck,0.7294988036155701,False,True,/home/tariq/Desktop/Awais-Tariq/base-KD/reports/cifar10_full_audit/mamba_kd_from_pretrained_vit/failure_images/06326_true-horse_pred-truck.png,false_negative_for_horse;false_positive_for_truck
6329,cifar10_test_06329,/home/tariq/Desktop/Awais-Tariq/base-KD/data/cifar-10-batches-py/test_batch,6329,automobile,cat,0.5186075568199158,False,True,/home/tariq/Desktop/Awais-Tariq/base-KD/reports/cifar10_full_audit/mamba_kd_from_pretrained_vit/failure_images/06329_true-automobile_pred-cat.png,false_negative_for_automobile;false_positive_for_cat
6345,cifar10_test_06345,/home/tariq/Desktop/Awais-Tariq/base-KD/data/cifar-10-batches-py/test_batch,6345,cat,dog,0.8797059655189514,False,True,/home/tariq/Desktop/Awais-Tariq/base-KD/reports/cifar10_full_audit/mamba_kd_from_pretrained_vit/failure_images/06345_true-cat_pred-dog.png,false_negative_for_cat;false_positive_for_dog
6381,cifar10_test_06381,/home/tariq/Desktop/Awais-Tariq/base-KD/data/cifar-10-batches-py/test_batch,6381,truck,automobile,0.999852180480957,False,True,/home/tariq/Desktop/Awais-Tariq/base-KD/reports/cifar10_full_audit/mamba_kd_from_pretrained_vit/failure_images/06381_true-truck_pred-automobile.png,false_negative_for_truck;false_positive_for_automobile
6383,cifar10_test_06383,/home/tariq/Desktop/Awais-Tariq/base-KD/data/cifar-10-batches-py/test_batch,6383,cat,bird,0.9887547492980957,False,True,/home/tariq/Desktop/Awais-Tariq/base-KD/reports/cifar10_full_audit/mamba_kd_from_pretrained_vit/failure_images/06383_true-cat_pred-bird.png,false_negative_for_cat;false_positive_for_bird
6387,cifar10_test_06387,/home/tariq/Desktop/Awais-Tariq/base-KD/data/cifar-10-batches-py/test_batch,6387,bird,deer,0.8851925730705261,False,True,/home/tariq/Desktop/Awais-Tariq/base-KD/reports/cifar10_full_audit/mamba_kd_from_pretrained_vit/failure_images/06387_true-bird_pred-deer.png,false_negative_for_bird;false_positive_for_deer
6393,cifar10_test_06393,/home/tariq/Desktop/Awais-Tariq/base-KD/data/cifar-10-batches-py/test_batch,6393,cat,dog,0.5933011770248413,False,True,/home/tariq/Desktop/Awais-Tariq/base-KD/reports/cifar10_full_audit/mamba_kd_from_pretrained_vit/failure_images/06393_true-cat_pred-dog.png,false_negative_for_cat;false_positive_for_dog
6401,cifar10_test_06401,/home/tariq/Desktop/Awais-Tariq/base-KD/data/cifar-10-batches-py/test_batch,6401,deer,dog,0.9936331510543823,False,True,/home/tariq/Desktop/Awais-Tariq/base-KD/reports/cifar10_full_audit/mamba_kd_from_pretrained_vit/failure_images/06401_true-deer_pred-dog.png,false_negative_for_deer;false_positive_for_dog
6419,cifar10_test_06419,/home/tariq/Desktop/Awais-Tariq/base-KD/data/cifar-10-batches-py/test_batch,6419,truck,ship,0.9663292765617371,False,True,/home/tariq/Desktop/Awais-Tariq/base-KD/reports/cifar10_full_audit/mamba_kd_from_pretrained_vit/failure_images/06419_true-truck_pred-ship.png,false_negative_for_truck;false_positive_for_ship
6428,cifar10_test_06428,/home/tariq/Desktop/Awais-Tariq/base-KD/data/cifar-10-batches-py/test_batch,6428,dog,frog,0.9987406134605408,False,False,/home/tariq/Desktop/Awais-Tariq/base-KD/reports/cifar10_full_audit/mamba_kd_from_pretrained_vit/failure_images/06428_true-dog_pred-frog.png,false_negative_for_dog;false_positive_for_frog
6434,cifar10_test_06434,/home/tariq/Desktop/Awais-Tariq/base-KD/data/cifar-10-batches-py/test_batch,6434,airplane,ship,0.999342143535614,False,True,/home/tariq/Desktop/Awais-Tariq/base-KD/reports/cifar10_full_audit/mamba_kd_from_pretrained_vit/failure_images/06434_true-airplane_pred-ship.png,false_negative_for_airplane;false_positive_for_ship
6439,cifar10_test_06439,/home/tariq/Desktop/Awais-Tariq/base-KD/data/cifar-10-batches-py/test_batch,6439,cat,deer,0.5910257697105408,False,True,/home/tariq/Desktop/Awais-Tariq/base-KD/reports/cifar10_full_audit/mamba_kd_from_pretrained_vit/failure_images/06439_true-cat_pred-deer.png,false_negative_for_cat;false_positive_for_deer
6444,cifar10_test_06444,/home/tariq/Desktop/Awais-Tariq/base-KD/data/cifar-10-batches-py/test_batch,6444,cat,dog,0.9850131273269653,False,True,/home/tariq/Desktop/Awais-Tariq/base-KD/reports/cifar10_full_audit/mamba_kd_from_pretrained_vit/failure_images/06444_true-cat_pred-dog.png,false_negative_for_cat;false_positive_for_dog
6481,cifar10_test_06481,/home/tariq/Desktop/Awais-Tariq/base-KD/data/cifar-10-batches-py/test_batch,6481,airplane,ship,0.9964297413825989,False,True,/home/tariq/Desktop/Awais-Tariq/base-KD/reports/cifar10_full_audit/mamba_kd_from_pretrained_vit/failure_images/06481_true-airplane_pred-ship.png,false_negative_for_airplane;false_positive_for_ship
6491,cifar10_test_06491,/home/tariq/Desktop/Awais-Tariq/base-KD/data/cifar-10-batches-py/test_batch,6491,airplane,ship,0.8480367064476013,False,True,/home/tariq/Desktop/Awais-Tariq/base-KD/reports/cifar10_full_audit/mamba_kd_from_pretrained_vit/failure_images/06491_true-airplane_pred-ship.png,false_negative_for_airplane;false_positive_for_ship
6497,cifar10_test_06497,/home/tariq/Desktop/Awais-Tariq/base-KD/data/cifar-10-batches-py/test_batch,6497,deer,horse,0.9505192637443542,False,True,/home/tariq/Desktop/Awais-Tariq/base-KD/reports/cifar10_full_audit/mamba_kd_from_pretrained_vit/failure_images/06497_true-deer_pred-horse.png,false_negative_for_deer;false_positive_for_horse
6498,cifar10_test_06498,/home/tariq/Desktop/Awais-Tariq/base-KD/data/cifar-10-batches-py/test_batch,6498,deer,cat,0.44173821806907654,False,True,/home/tariq/Desktop/Awais-Tariq/base-KD/reports/cifar10_full_audit/mamba_kd_from_pretrained_vit/failure_images/06498_true-deer_pred-cat.png,false_negative_for_deer;false_positive_for_cat
6500,cifar10_test_06500,/home/tariq/Desktop/Awais-Tariq/base-KD/data/cifar-10-batches-py/test_batch,6500,horse,dog,0.9633880257606506,False,True,/home/tariq/Desktop/Awais-Tariq/base-KD/reports/cifar10_full_audit/mamba_kd_from_pretrained_vit/failure_images/06500_true-horse_pred-dog.png,false_negative_for_horse;false_positive_for_dog
6545,cifar10_test_06545,/home/tariq/Desktop/Awais-Tariq/base-KD/data/cifar-10-batches-py/test_batch,6545,truck,ship,0.6612435579299927,False,True,/home/tariq/Desktop/Awais-Tariq/base-KD/reports/cifar10_full_audit/mamba_kd_from_pretrained_vit/failure_images/06545_true-truck_pred-ship.png,false_negative_for_truck;false_positive_for_ship
6581,cifar10_test_06581,/home/tariq/Desktop/Awais-Tariq/base-KD/data/cifar-10-batches-py/test_batch,6581,automobile,truck,0.6234853863716125,False,True,/home/tariq/Desktop/Awais-Tariq/base-KD/reports/cifar10_full_audit/mamba_kd_from_pretrained_vit/failure_images/06581_true-automobile_pred-truck.png,false_negative_for_automobile;false_positive_for_truck
6590,cifar10_test_06590,/home/tariq/Desktop/Awais-Tariq/base-KD/data/cifar-10-batches-py/test_batch,6590,dog,deer,0.6251267194747925,False,True,/home/tariq/Desktop/Awais-Tariq/base-KD/reports/cifar10_full_audit/mamba_kd_from_pretrained_vit/failure_images/06590_true-dog_pred-deer.png,false_negative_for_dog;false_positive_for_deer
6596,cifar10_test_06596,/home/tariq/Desktop/Awais-Tariq/base-KD/data/cifar-10-batches-py/test_batch,6596,cat,bird,0.8696326613426208,False,True,/home/tariq/Desktop/Awais-Tariq/base-KD/reports/cifar10_full_audit/mamba_kd_from_pretrained_vit/failure_images/06596_true-cat_pred-bird.png,false_negative_for_cat;false_positive_for_bird
6653,cifar10_test_06653,/home/tariq/Desktop/Awais-Tariq/base-KD/data/cifar-10-batches-py/test_batch,6653,airplane,bird,0.9891858696937561,False,True,/home/tariq/Desktop/Awais-Tariq/base-KD/reports/cifar10_full_audit/mamba_kd_from_pretrained_vit/failure_images/06653_true-airplane_pred-bird.png,false_negative_for_airplane;false_positive_for_bird
6669,cifar10_test_06669,/home/tariq/Desktop/Awais-Tariq/base-KD/data/cifar-10-batches-py/test_batch,6669,dog,bird,0.9977570176124573,False,True,/home/tariq/Desktop/Awais-Tariq/base-KD/reports/cifar10_full_audit/mamba_kd_from_pretrained_vit/failure_images/06669_true-dog_pred-bird.png,false_negative_for_dog;false_positive_for_bird
6684,cifar10_test_06684,/home/tariq/Desktop/Awais-Tariq/base-KD/data/cifar-10-batches-py/test_batch,6684,ship,airplane,0.6253169775009155,False,True,/home/tariq/Desktop/Awais-Tariq/base-KD/reports/cifar10_full_audit/mamba_kd_from_pretrained_vit/failure_images/06684_true-ship_pred-airplane.png,false_negative_for_ship;false_positive_for_airplane
6706,cifar10_test_06706,/home/tariq/Desktop/Awais-Tariq/base-KD/data/cifar-10-batches-py/test_batch,6706,frog,cat,0.9932657480239868,False,False,/home/tariq/Desktop/Awais-Tariq/base-KD/reports/cifar10_full_audit/mamba_kd_from_pretrained_vit/failure_images/06706_true-frog_pred-cat.png,false_negative_for_frog;false_positive_for_cat
6726,cifar10_test_06726,/home/tariq/Desktop/Awais-Tariq/base-KD/data/cifar-10-batches-py/test_batch,6726,cat,deer,0.9185923933982849,False,True,/home/tariq/Desktop/Awais-Tariq/base-KD/reports/cifar10_full_audit/mamba_kd_from_pretrained_vit/failure_images/06726_true-cat_pred-deer.png,false_negative_for_cat;false_positive_for_deer
6729,cifar10_test_06729,/home/tariq/Desktop/Awais-Tariq/base-KD/data/cifar-10-batches-py/test_batch,6729,airplane,frog,0.984489917755127,False,True,/home/tariq/Desktop/Awais-Tariq/base-KD/reports/cifar10_full_audit/mamba_kd_from_pretrained_vit/failure_images/06729_true-airplane_pred-frog.png,false_negative_for_airplane;false_positive_for_frog
6732,cifar10_test_06732,/home/tariq/Desktop/Awais-Tariq/base-KD/data/cifar-10-batches-py/test_batch,6732,cat,deer,0.7859407663345337,False,True,/home/tariq/Desktop/Awais-Tariq/base-KD/reports/cifar10_full_audit/mamba_kd_from_pretrained_vit/failure_images/06732_true-cat_pred-deer.png,false_negative_for_cat;false_positive_for_deer
6741,cifar10_test_06741,/home/tariq/Desktop/Awais-Tariq/base-KD/data/cifar-10-batches-py/test_batch,6741,truck,airplane,0.8914938569068909,False,True,/home/tariq/Desktop/Awais-Tariq/base-KD/reports/cifar10_full_audit/mamba_kd_from_pretrained_vit/failure_images/06741_true-truck_pred-airplane.png,false_negative_for_truck;false_positive_for_airplane
6748,cifar10_test_06748,/home/tariq/Desktop/Awais-Tariq/base-KD/data/cifar-10-batches-py/test_batch,6748,airplane,bird,0.9983166456222534,False,True,/home/tariq/Desktop/Awais-Tariq/base-KD/reports/cifar10_full_audit/mamba_kd_from_pretrained_vit/failure_images/06748_true-airplane_pred-bird.png,false_negative_for_airplane;false_positive_for_bird
6753,cifar10_test_06753,/home/tariq/Desktop/Awais-Tariq/base-KD/data/cifar-10-batches-py/test_batch,6753,deer,bird,0.91019606590271,False,False,/home/tariq/Desktop/Awais-Tariq/base-KD/reports/cifar10_full_audit/mamba_kd_from_pretrained_vit/failure_images/06753_true-deer_pred-bird.png,false_negative_for_deer;false_positive_for_bird
6756,cifar10_test_06756,/home/tariq/Desktop/Awais-Tariq/base-KD/data/cifar-10-batches-py/test_batch,6756,dog,horse,0.8514208793640137,False,True,/home/tariq/Desktop/Awais-Tariq/base-KD/reports/cifar10_full_audit/mamba_kd_from_pretrained_vit/failure_images/06756_true-dog_pred-horse.png,false_negative_for_dog;false_positive_for_horse
6759,cifar10_test_06759,/home/tariq/Desktop/Awais-Tariq/base-KD/data/cifar-10-batches-py/test_batch,6759,automobile,truck,0.999983549118042,False,True,/home/tariq/Desktop/Awais-Tariq/base-KD/reports/cifar10_full_audit/mamba_kd_from_pretrained_vit/failure_images/06759_true-automobile_pred-truck.png,false_negative_for_automobile;false_positive_for_truck
6778,cifar10_test_06778,/home/tariq/Desktop/Awais-Tariq/base-KD/data/cifar-10-batches-py/test_batch,6778,bird,deer,0.9995470643043518,False,True,/home/tariq/Desktop/Awais-Tariq/base-KD/reports/cifar10_full_audit/mamba_kd_from_pretrained_vit/failure_images/06778_true-bird_pred-deer.png,false_negative_for_bird;false_positive_for_deer
6783,cifar10_test_06783,/home/tariq/Desktop/Awais-Tariq/base-KD/data/cifar-10-batches-py/test_batch,6783,cat,frog,0.9999994039535522,False,True,/home/tariq/Desktop/Awais-Tariq/base-KD/reports/cifar10_full_audit/mamba_kd_from_pretrained_vit/failure_images/06783_true-cat_pred-frog.png,false_negative_for_cat;false_positive_for_frog
6786,cifar10_test_06786,/home/tariq/Desktop/Awais-Tariq/base-KD/data/cifar-10-batches-py/test_batch,6786,cat,bird,0.9996525049209595,False,True,/home/tariq/Desktop/Awais-Tariq/base-KD/reports/cifar10_full_audit/mamba_kd_from_pretrained_vit/failure_images/06786_true-cat_pred-bird.png,false_negative_for_cat;false_positive_for_bird
6790,cifar10_test_06790,/home/tariq/Desktop/Awais-Tariq/base-KD/data/cifar-10-batches-py/test_batch,6790,horse,cat,0.5562587380409241,False,True,/home/tariq/Desktop/Awais-Tariq/base-KD/reports/cifar10_full_audit/mamba_kd_from_pretrained_vit/failure_images/06790_true-horse_pred-cat.png,false_negative_for_horse;false_positive_for_cat
6792,cifar10_test_06792,/home/tariq/Desktop/Awais-Tariq/base-KD/data/cifar-10-batches-py/test_batch,6792,cat,ship,0.9958742260932922,False,True,/home/tariq/Desktop/Awais-Tariq/base-KD/reports/cifar10_full_audit/mamba_kd_from_pretrained_vit/failure_images/06792_true-cat_pred-ship.png,false_negative_for_cat;false_positive_for_ship
6812,cifar10_test_06812,/home/tariq/Desktop/Awais-Tariq/base-KD/data/cifar-10-batches-py/test_batch,6812,airplane,truck,0.5874302387237549,False,True,/home/tariq/Desktop/Awais-Tariq/base-KD/reports/cifar10_full_audit/mamba_kd_from_pretrained_vit/failure_images/06812_true-airplane_pred-truck.png,false_negative_for_airplane;false_positive_for_truck
6822,cifar10_test_06822,/home/tariq/Desktop/Awais-Tariq/base-KD/data/cifar-10-batches-py/test_batch,6822,deer,bird,0.9999921321868896,False,True,/home/tariq/Desktop/Awais-Tariq/base-KD/reports/cifar10_full_audit/mamba_kd_from_pretrained_vit/failure_images/06822_true-deer_pred-bird.png,false_negative_for_deer;false_positive_for_bird
6833,cifar10_test_06833,/home/tariq/Desktop/Awais-Tariq/base-KD/data/cifar-10-batches-py/test_batch,6833,cat,frog,0.9999943971633911,False,True,/home/tariq/Desktop/Awais-Tariq/base-KD/reports/cifar10_full_audit/mamba_kd_from_pretrained_vit/failure_images/06833_true-cat_pred-frog.png,false_negative_for_cat;false_positive_for_frog
6859,cifar10_test_06859,/home/tariq/Desktop/Awais-Tariq/base-KD/data/cifar-10-batches-py/test_batch,6859,cat,dog,0.877346396446228,False,True,/home/tariq/Desktop/Awais-Tariq/base-KD/reports/cifar10_full_audit/mamba_kd_from_pretrained_vit/failure_images/06859_true-cat_pred-dog.png,false_negative_for_cat;false_positive_for_dog
6866,cifar10_test_06866,/home/tariq/Desktop/Awais-Tariq/base-KD/data/cifar-10-batches-py/test_batch,6866,deer,horse,0.9515033960342407,False,True,/home/tariq/Desktop/Awais-Tariq/base-KD/reports/cifar10_full_audit/mamba_kd_from_pretrained_vit/failure_images/06866_true-deer_pred-horse.png,false_negative_for_deer;false_positive_for_horse
6869,cifar10_test_06869,/home/tariq/Desktop/Awais-Tariq/base-KD/data/cifar-10-batches-py/test_batch,6869,dog,cat,0.9896155595779419,False,True,/home/tariq/Desktop/Awais-Tariq/base-KD/reports/cifar10_full_audit/mamba_kd_from_pretrained_vit/failure_images/06869_true-dog_pred-cat.png,false_negative_for_dog;false_positive_for_cat
6872,cifar10_test_06872,/home/tariq/Desktop/Awais-Tariq/base-KD/data/cifar-10-batches-py/test_batch,6872,airplane,frog,0.9731436371803284,False,True,/home/tariq/Desktop/Awais-Tariq/base-KD/reports/cifar10_full_audit/mamba_kd_from_pretrained_vit/failure_images/06872_true-airplane_pred-frog.png,false_negative_for_airplane;false_positive_for_frog
6877,cifar10_test_06877,/home/tariq/Desktop/Awais-Tariq/base-KD/data/cifar-10-batches-py/test_batch,6877,airplane,ship,0.8494539856910706,False,True,/home/tariq/Desktop/Awais-Tariq/base-KD/reports/cifar10_full_audit/mamba_kd_from_pretrained_vit/failure_images/06877_true-airplane_pred-ship.png,false_negative_for_airplane;false_positive_for_ship
6901,cifar10_test_06901,/home/tariq/Desktop/Awais-Tariq/base-KD/data/cifar-10-batches-py/test_batch,6901,bird,cat,0.8084692358970642,False,True,/home/tariq/Desktop/Awais-Tariq/base-KD/reports/cifar10_full_audit/mamba_kd_from_pretrained_vit/failure_images/06901_true-bird_pred-cat.png,false_negative_for_bird;false_positive_for_cat
6912,cifar10_test_06912,/home/tariq/Desktop/Awais-Tariq/base-KD/data/cifar-10-batches-py/test_batch,6912,cat,horse,0.7039353251457214,False,True,/home/tariq/Desktop/Awais-Tariq/base-KD/reports/cifar10_full_audit/mamba_kd_from_pretrained_vit/failure_images/06912_true-cat_pred-horse.png,false_negative_for_cat;false_positive_for_horse
6942,cifar10_test_06942,/home/tariq/Desktop/Awais-Tariq/base-KD/data/cifar-10-batches-py/test_batch,6942,cat,bird,0.896737277507782,False,True,/home/tariq/Desktop/Awais-Tariq/base-KD/reports/cifar10_full_audit/mamba_kd_from_pretrained_vit/failure_images/06942_true-cat_pred-bird.png,false_negative_for_cat;false_positive_for_bird
6962,cifar10_test_06962,/home/tariq/Desktop/Awais-Tariq/base-KD/data/cifar-10-batches-py/test_batch,6962,horse,deer,0.4588647782802582,False,True,/home/tariq/Desktop/Awais-Tariq/base-KD/reports/cifar10_full_audit/mamba_kd_from_pretrained_vit/failure_images/06962_true-horse_pred-deer.png,false_negative_for_horse;false_positive_for_deer
6966,cifar10_test_06966,/home/tariq/Desktop/Awais-Tariq/base-KD/data/cifar-10-batches-py/test_batch,6966,airplane,ship,0.35689082741737366,False,True,/home/tariq/Desktop/Awais-Tariq/base-KD/reports/cifar10_full_audit/mamba_kd_from_pretrained_vit/failure_images/06966_true-airplane_pred-ship.png,false_negative_for_airplane;false_positive_for_ship
6969,cifar10_test_06969,/home/tariq/Desktop/Awais-Tariq/base-KD/data/cifar-10-batches-py/test_batch,6969,bird,airplane,0.6406063437461853,False,True,/home/tariq/Desktop/Awais-Tariq/base-KD/reports/cifar10_full_audit/mamba_kd_from_pretrained_vit/failure_images/06969_true-bird_pred-airplane.png,false_negative_for_bird;false_positive_for_airplane
6970,cifar10_test_06970,/home/tariq/Desktop/Awais-Tariq/base-KD/data/cifar-10-batches-py/test_batch,6970,airplane,bird,0.9496895670890808,False,True,/home/tariq/Desktop/Awais-Tariq/base-KD/reports/cifar10_full_audit/mamba_kd_from_pretrained_vit/failure_images/06970_true-airplane_pred-bird.png,false_negative_for_airplane;false_positive_for_bird
6980,cifar10_test_06980,/home/tariq/Desktop/Awais-Tariq/base-KD/data/cifar-10-batches-py/test_batch,6980,airplane,ship,0.8245262503623962,False,True,/home/tariq/Desktop/Awais-Tariq/base-KD/reports/cifar10_full_audit/mamba_kd_from_pretrained_vit/failure_images/06980_true-airplane_pred-ship.png,false_negative_for_airplane;false_positive_for_ship
6983,cifar10_test_06983,/home/tariq/Desktop/Awais-Tariq/base-KD/data/cifar-10-batches-py/test_batch,6983,truck,automobile,0.8603753447532654,False,True,/home/tariq/Desktop/Awais-Tariq/base-KD/reports/cifar10_full_audit/mamba_kd_from_pretrained_vit/failure_images/06983_true-truck_pred-automobile.png,false_negative_for_truck;false_positive_for_automobile
6986,cifar10_test_06986,/home/tariq/Desktop/Awais-Tariq/base-KD/data/cifar-10-batches-py/test_batch,6986,dog,frog,0.9267837405204773,False,True,/home/tariq/Desktop/Awais-Tariq/base-KD/reports/cifar10_full_audit/mamba_kd_from_pretrained_vit/failure_images/06986_true-dog_pred-frog.png,false_negative_for_dog;false_positive_for_frog
6993,cifar10_test_06993,/home/tariq/Desktop/Awais-Tariq/base-KD/data/cifar-10-batches-py/test_batch,6993,dog,cat,0.9986085295677185,False,True,/home/tariq/Desktop/Awais-Tariq/base-KD/reports/cifar10_full_audit/mamba_kd_from_pretrained_vit/failure_images/06993_true-dog_pred-cat.png,false_negative_for_dog;false_positive_for_cat
6994,cifar10_test_06994,/home/tariq/Desktop/Awais-Tariq/base-KD/data/cifar-10-batches-py/test_batch,6994,cat,deer,0.9999922513961792,False,True,/home/tariq/Desktop/Awais-Tariq/base-KD/reports/cifar10_full_audit/mamba_kd_from_pretrained_vit/failure_images/06994_true-cat_pred-deer.png,false_negative_for_cat;false_positive_for_deer
7000,cifar10_test_07000,/home/tariq/Desktop/Awais-Tariq/base-KD/data/cifar-10-batches-py/test_batch,7000,bird,ship,0.9993327260017395,False,True,/home/tariq/Desktop/Awais-Tariq/base-KD/reports/cifar10_full_audit/mamba_kd_from_pretrained_vit/failure_images/07000_true-bird_pred-ship.png,false_negative_for_bird;false_positive_for_ship
7002,cifar10_test_07002,/home/tariq/Desktop/Awais-Tariq/base-KD/data/cifar-10-batches-py/test_batch,7002,cat,frog,0.9999847412109375,False,True,/home/tariq/Desktop/Awais-Tariq/base-KD/reports/cifar10_full_audit/mamba_kd_from_pretrained_vit/failure_images/07002_true-cat_pred-frog.png,false_negative_for_cat;false_positive_for_frog
7005,cifar10_test_07005,/home/tariq/Desktop/Awais-Tariq/base-KD/data/cifar-10-batches-py/test_batch,7005,automobile,ship,0.9371461868286133,False,True,/home/tariq/Desktop/Awais-Tariq/base-KD/reports/cifar10_full_audit/mamba_kd_from_pretrained_vit/failure_images/07005_true-automobile_pred-ship.png,false_negative_for_automobile;false_positive_for_ship
7021,cifar10_test_07021,/home/tariq/Desktop/Awais-Tariq/base-KD/data/cifar-10-batches-py/test_batch,7021,automobile,truck,0.5305505990982056,False,True,/home/tariq/Desktop/Awais-Tariq/base-KD/reports/cifar10_full_audit/mamba_kd_from_pretrained_vit/failure_images/07021_true-automobile_pred-truck.png,false_negative_for_automobile;false_positive_for_truck
7032,cifar10_test_07032,/home/tariq/Desktop/Awais-Tariq/base-KD/data/cifar-10-batches-py/test_batch,7032,deer,bird,0.9947214126586914,False,True,/home/tariq/Desktop/Awais-Tariq/base-KD/reports/cifar10_full_audit/mamba_kd_from_pretrained_vit/failure_images/07032_true-deer_pred-bird.png,false_negative_for_deer;false_positive_for_bird
7040,cifar10_test_07040,/home/tariq/Desktop/Awais-Tariq/base-KD/data/cifar-10-batches-py/test_batch,7040,horse,airplane,0.9999704360961914,False,True,/home/tariq/Desktop/Awais-Tariq/base-KD/reports/cifar10_full_audit/mamba_kd_from_pretrained_vit/failure_images/07040_true-horse_pred-airplane.png,false_negative_for_horse;false_positive_for_airplane
7059,cifar10_test_07059,/home/tariq/Desktop/Awais-Tariq/base-KD/data/cifar-10-batches-py/test_batch,7059,deer,frog,0.997113823890686,False,True,/home/tariq/Desktop/Awais-Tariq/base-KD/reports/cifar10_full_audit/mamba_kd_from_pretrained_vit/failure_images/07059_true-deer_pred-frog.png,false_negative_for_deer;false_positive_for_frog
7062,cifar10_test_07062,/home/tariq/Desktop/Awais-Tariq/base-KD/data/cifar-10-batches-py/test_batch,7062,deer,frog,0.9999769926071167,False,True,/home/tariq/Desktop/Awais-Tariq/base-KD/reports/cifar10_full_audit/mamba_kd_from_pretrained_vit/failure_images/07062_true-deer_pred-frog.png,false_negative_for_deer;false_positive_for_frog
7068,cifar10_test_07068,/home/tariq/Desktop/Awais-Tariq/base-KD/data/cifar-10-batches-py/test_batch,7068,bird,airplane,0.9893701076507568,False,True,/home/tariq/Desktop/Awais-Tariq/base-KD/reports/cifar10_full_audit/mamba_kd_from_pretrained_vit/failure_images/07068_true-bird_pred-airplane.png,false_negative_for_bird;false_positive_for_airplane
7080,cifar10_test_07080,/home/tariq/Desktop/Awais-Tariq/base-KD/data/cifar-10-batches-py/test_batch,7080,dog,bird,0.42693132162094116,False,False,/home/tariq/Desktop/Awais-Tariq/base-KD/reports/cifar10_full_audit/mamba_kd_from_pretrained_vit/failure_images/07080_true-dog_pred-bird.png,false_negative_for_dog;false_positive_for_bird
7090,cifar10_test_07090,/home/tariq/Desktop/Awais-Tariq/base-KD/data/cifar-10-batches-py/test_batch,7090,bird,cat,0.9643526673316956,False,True,/home/tariq/Desktop/Awais-Tariq/base-KD/reports/cifar10_full_audit/mamba_kd_from_pretrained_vit/failure_images/07090_true-bird_pred-cat.png,false_negative_for_bird;false_positive_for_cat
7099,cifar10_test_07099,/home/tariq/Desktop/Awais-Tariq/base-KD/data/cifar-10-batches-py/test_batch,7099,cat,dog,0.9999991655349731,False,True,/home/tariq/Desktop/Awais-Tariq/base-KD/reports/cifar10_full_audit/mamba_kd_from_pretrained_vit/failure_images/07099_true-cat_pred-dog.png,false_negative_for_cat;false_positive_for_dog
7107,cifar10_test_07107,/home/tariq/Desktop/Awais-Tariq/base-KD/data/cifar-10-batches-py/test_batch,7107,bird,cat,0.9794197678565979,False,True,/home/tariq/Desktop/Awais-Tariq/base-KD/reports/cifar10_full_audit/mamba_kd_from_pretrained_vit/failure_images/07107_true-bird_pred-cat.png,false_negative_for_bird;false_positive_for_cat
7119,cifar10_test_07119,/home/tariq/Desktop/Awais-Tariq/base-KD/data/cifar-10-batches-py/test_batch,7119,dog,truck,0.9905954599380493,False,True,/home/tariq/Desktop/Awais-Tariq/base-KD/reports/cifar10_full_audit/mamba_kd_from_pretrained_vit/failure_images/07119_true-dog_pred-truck.png,false_negative_for_dog;false_positive_for_truck
7126,cifar10_test_07126,/home/tariq/Desktop/Awais-Tariq/base-KD/data/cifar-10-batches-py/test_batch,7126,airplane,ship,0.6695261001586914,False,True,/home/tariq/Desktop/Awais-Tariq/base-KD/reports/cifar10_full_audit/mamba_kd_from_pretrained_vit/failure_images/07126_true-airplane_pred-ship.png,false_negative_for_airplane;false_positive_for_ship
7145,cifar10_test_07145,/home/tariq/Desktop/Awais-Tariq/base-KD/data/cifar-10-batches-py/test_batch,7145,cat,dog,0.9630852937698364,False,True,/home/tariq/Desktop/Awais-Tariq/base-KD/reports/cifar10_full_audit/mamba_kd_from_pretrained_vit/failure_images/07145_true-cat_pred-dog.png,false_negative_for_cat;false_positive_for_dog
7150,cifar10_test_07150,/home/tariq/Desktop/Awais-Tariq/base-KD/data/cifar-10-batches-py/test_batch,7150,cat,horse,0.9726888537406921,False,True,/home/tariq/Desktop/Awais-Tariq/base-KD/reports/cifar10_full_audit/mamba_kd_from_pretrained_vit/failure_images/07150_true-cat_pred-horse.png,false_negative_for_cat;false_positive_for_horse
7168,cifar10_test_07168,/home/tariq/Desktop/Awais-Tariq/base-KD/data/cifar-10-batches-py/test_batch,7168,dog,cat,0.9999996423721313,False,True,/home/tariq/Desktop/Awais-Tariq/base-KD/reports/cifar10_full_audit/mamba_kd_from_pretrained_vit/failure_images/07168_true-dog_pred-cat.png,false_negative_for_dog;false_positive_for_cat
7174,cifar10_test_07174,/home/tariq/Desktop/Awais-Tariq/base-KD/data/cifar-10-batches-py/test_batch,7174,cat,frog,0.8895624876022339,False,True,/home/tariq/Desktop/Awais-Tariq/base-KD/reports/cifar10_full_audit/mamba_kd_from_pretrained_vit/failure_images/07174_true-cat_pred-frog.png,false_negative_for_cat;false_positive_for_frog
7202,cifar10_test_07202,/home/tariq/Desktop/Awais-Tariq/base-KD/data/cifar-10-batches-py/test_batch,7202,cat,dog,0.9150571227073669,False,True,/home/tariq/Desktop/Awais-Tariq/base-KD/reports/cifar10_full_audit/mamba_kd_from_pretrained_vit/failure_images/07202_true-cat_pred-dog.png,false_negative_for_cat;false_positive_for_dog
7214,cifar10_test_07214,/home/tariq/Desktop/Awais-Tariq/base-KD/data/cifar-10-batches-py/test_batch,7214,cat,dog,0.9999442100524902,False,True,/home/tariq/Desktop/Awais-Tariq/base-KD/reports/cifar10_full_audit/mamba_kd_from_pretrained_vit/failure_images/07214_true-cat_pred-dog.png,false_negative_for_cat;false_positive_for_dog
7217,cifar10_test_07217,/home/tariq/Desktop/Awais-Tariq/base-KD/data/cifar-10-batches-py/test_batch,7217,ship,airplane,0.9992375373840332,False,True,/home/tariq/Desktop/Awais-Tariq/base-KD/reports/cifar10_full_audit/mamba_kd_from_pretrained_vit/failure_images/07217_true-ship_pred-airplane.png,false_negative_for_ship;false_positive_for_airplane
7229,cifar10_test_07229,/home/tariq/Desktop/Awais-Tariq/base-KD/data/cifar-10-batches-py/test_batch,7229,bird,cat,0.8136806488037109,False,True,/home/tariq/Desktop/Awais-Tariq/base-KD/reports/cifar10_full_audit/mamba_kd_from_pretrained_vit/failure_images/07229_true-bird_pred-cat.png,false_negative_for_bird;false_positive_for_cat
7242,cifar10_test_07242,/home/tariq/Desktop/Awais-Tariq/base-KD/data/cifar-10-batches-py/test_batch,7242,horse,bird,0.5315381288528442,False,True,/home/tariq/Desktop/Awais-Tariq/base-KD/reports/cifar10_full_audit/mamba_kd_from_pretrained_vit/failure_images/07242_true-horse_pred-bird.png,false_negative_for_horse;false_positive_for_bird
7274,cifar10_test_07274,/home/tariq/Desktop/Awais-Tariq/base-KD/data/cifar-10-batches-py/test_batch,7274,automobile,truck,0.9999686479568481,False,True,/home/tariq/Desktop/Awais-Tariq/base-KD/reports/cifar10_full_audit/mamba_kd_from_pretrained_vit/failure_images/07274_true-automobile_pred-truck.png,false_negative_for_automobile;false_positive_for_truck
7311,cifar10_test_07311,/home/tariq/Desktop/Awais-Tariq/base-KD/data/cifar-10-batches-py/test_batch,7311,automobile,truck,0.999947190284729,False,True,/home/tariq/Desktop/Awais-Tariq/base-KD/reports/cifar10_full_audit/mamba_kd_from_pretrained_vit/failure_images/07311_true-automobile_pred-truck.png,false_negative_for_automobile;false_positive_for_truck
7318,cifar10_test_07318,/home/tariq/Desktop/Awais-Tariq/base-KD/data/cifar-10-batches-py/test_batch,7318,deer,horse,0.7420252561569214,False,True,/home/tariq/Desktop/Awais-Tariq/base-KD/reports/cifar10_full_audit/mamba_kd_from_pretrained_vit/failure_images/07318_true-deer_pred-horse.png,false_negative_for_deer;false_positive_for_horse
7370,cifar10_test_07370,/home/tariq/Desktop/Awais-Tariq/base-KD/data/cifar-10-batches-py/test_batch,7370,cat,dog,0.6164389252662659,False,True,/home/tariq/Desktop/Awais-Tariq/base-KD/reports/cifar10_full_audit/mamba_kd_from_pretrained_vit/failure_images/07370_true-cat_pred-dog.png,false_negative_for_cat;false_positive_for_dog
7378,cifar10_test_07378,/home/tariq/Desktop/Awais-Tariq/base-KD/data/cifar-10-batches-py/test_batch,7378,cat,dog,0.9805354475975037,False,True,/home/tariq/Desktop/Awais-Tariq/base-KD/reports/cifar10_full_audit/mamba_kd_from_pretrained_vit/failure_images/07378_true-cat_pred-dog.png,false_negative_for_cat;false_positive_for_dog
7384,cifar10_test_07384,/home/tariq/Desktop/Awais-Tariq/base-KD/data/cifar-10-batches-py/test_batch,7384,cat,dog,0.9999932050704956,False,True,/home/tariq/Desktop/Awais-Tariq/base-KD/reports/cifar10_full_audit/mamba_kd_from_pretrained_vit/failure_images/07384_true-cat_pred-dog.png,false_negative_for_cat;false_positive_for_dog
7398,cifar10_test_07398,/home/tariq/Desktop/Awais-Tariq/base-KD/data/cifar-10-batches-py/test_batch,7398,dog,cat,0.9970755577087402,False,True,/home/tariq/Desktop/Awais-Tariq/base-KD/reports/cifar10_full_audit/mamba_kd_from_pretrained_vit/failure_images/07398_true-dog_pred-cat.png,false_negative_for_dog;false_positive_for_cat
7402,cifar10_test_07402,/home/tariq/Desktop/Awais-Tariq/base-KD/data/cifar-10-batches-py/test_batch,7402,airplane,truck,0.9999974966049194,False,True,/home/tariq/Desktop/Awais-Tariq/base-KD/reports/cifar10_full_audit/mamba_kd_from_pretrained_vit/failure_images/07402_true-airplane_pred-truck.png,false_negative_for_airplane;false_positive_for_truck
7406,cifar10_test_07406,/home/tariq/Desktop/Awais-Tariq/base-KD/data/cifar-10-batches-py/test_batch,7406,horse,bird,0.9969016313552856,False,True,/home/tariq/Desktop/Awais-Tariq/base-KD/reports/cifar10_full_audit/mamba_kd_from_pretrained_vit/failure_images/07406_true-horse_pred-bird.png,false_negative_for_horse;false_positive_for_bird
7408,cifar10_test_07408,/home/tariq/Desktop/Awais-Tariq/base-KD/data/cifar-10-batches-py/test_batch,7408,deer,cat,0.9965379238128662,False,True,/home/tariq/Desktop/Awais-Tariq/base-KD/reports/cifar10_full_audit/mamba_kd_from_pretrained_vit/failure_images/07408_true-deer_pred-cat.png,false_negative_for_deer;false_positive_for_cat
7414,cifar10_test_07414,/home/tariq/Desktop/Awais-Tariq/base-KD/data/cifar-10-batches-py/test_batch,7414,ship,airplane,0.5402514338493347,False,True,/home/tariq/Desktop/Awais-Tariq/base-KD/reports/cifar10_full_audit/mamba_kd_from_pretrained_vit/failure_images/07414_true-ship_pred-airplane.png,false_negative_for_ship;false_positive_for_airplane
7419,cifar10_test_07419,/home/tariq/Desktop/Awais-Tariq/base-KD/data/cifar-10-batches-py/test_batch,7419,airplane,bird,0.8242601752281189,False,True,/home/tariq/Desktop/Awais-Tariq/base-KD/reports/cifar10_full_audit/mamba_kd_from_pretrained_vit/failure_images/07419_true-airplane_pred-bird.png,false_negative_for_airplane;false_positive_for_bird
7420,cifar10_test_07420,/home/tariq/Desktop/Awais-Tariq/base-KD/data/cifar-10-batches-py/test_batch,7420,cat,deer,0.5055283904075623,False,True,/home/tariq/Desktop/Awais-Tariq/base-KD/reports/cifar10_full_audit/mamba_kd_from_pretrained_vit/failure_images/07420_true-cat_pred-deer.png,false_negative_for_cat;false_positive_for_deer
7429,cifar10_test_07429,/home/tariq/Desktop/Awais-Tariq/base-KD/data/cifar-10-batches-py/test_batch,7429,dog,cat,0.9836763739585876,False,True,/home/tariq/Desktop/Awais-Tariq/base-KD/reports/cifar10_full_audit/mamba_kd_from_pretrained_vit/failure_images/07429_true-dog_pred-cat.png,false_negative_for_dog;false_positive_for_cat
7443,cifar10_test_07443,/home/tariq/Desktop/Awais-Tariq/base-KD/data/cifar-10-batches-py/test_batch,7443,horse,cat,0.984683096408844,False,True,/home/tariq/Desktop/Awais-Tariq/base-KD/reports/cifar10_full_audit/mamba_kd_from_pretrained_vit/failure_images/07443_true-horse_pred-cat.png,false_negative_for_horse;false_positive_for_cat
7444,cifar10_test_07444,/home/tariq/Desktop/Awais-Tariq/base-KD/data/cifar-10-batches-py/test_batch,7444,truck,automobile,0.5538854598999023,False,True,/home/tariq/Desktop/Awais-Tariq/base-KD/reports/cifar10_full_audit/mamba_kd_from_pretrained_vit/failure_images/07444_true-truck_pred-automobile.png,false_negative_for_truck;false_positive_for_automobile
7455,cifar10_test_07455,/home/tariq/Desktop/Awais-Tariq/base-KD/data/cifar-10-batches-py/test_batch,7455,automobile,truck,0.9866930842399597,False,True,/home/tariq/Desktop/Awais-Tariq/base-KD/reports/cifar10_full_audit/mamba_kd_from_pretrained_vit/failure_images/07455_true-automobile_pred-truck.png,false_negative_for_automobile;false_positive_for_truck
7458,cifar10_test_07458,/home/tariq/Desktop/Awais-Tariq/base-KD/data/cifar-10-batches-py/test_batch,7458,bird,dog,0.9403871893882751,False,True,/home/tariq/Desktop/Awais-Tariq/base-KD/reports/cifar10_full_audit/mamba_kd_from_pretrained_vit/failure_images/07458_true-bird_pred-dog.png,false_negative_for_bird;false_positive_for_dog
7496,cifar10_test_07496,/home/tariq/Desktop/Awais-Tariq/base-KD/data/cifar-10-batches-py/test_batch,7496,cat,deer,0.9981426000595093,False,True,/home/tariq/Desktop/Awais-Tariq/base-KD/reports/cifar10_full_audit/mamba_kd_from_pretrained_vit/failure_images/07496_true-cat_pred-deer.png,false_negative_for_cat;false_positive_for_deer
7509,cifar10_test_07509,/home/tariq/Desktop/Awais-Tariq/base-KD/data/cifar-10-batches-py/test_batch,7509,cat,dog,0.8123486638069153,False,True,/home/tariq/Desktop/Awais-Tariq/base-KD/reports/cifar10_full_audit/mamba_kd_from_pretrained_vit/failure_images/07509_true-cat_pred-dog.png,false_negative_for_cat;false_positive_for_dog
7513,cifar10_test_07513,/home/tariq/Desktop/Awais-Tariq/base-KD/data/cifar-10-batches-py/test_batch,7513,airplane,truck,0.5363520979881287,False,True,/home/tariq/Desktop/Awais-Tariq/base-KD/reports/cifar10_full_audit/mamba_kd_from_pretrained_vit/failure_images/07513_true-airplane_pred-truck.png,false_negative_for_airplane;false_positive_for_truck
7524,cifar10_test_07524,/home/tariq/Desktop/Awais-Tariq/base-KD/data/cifar-10-batches-py/test_batch,7524,cat,ship,0.9999865293502808,False,True,/home/tariq/Desktop/Awais-Tariq/base-KD/reports/cifar10_full_audit/mamba_kd_from_pretrained_vit/failure_images/07524_true-cat_pred-ship.png,false_negative_for_cat;false_positive_for_ship
7536,cifar10_test_07536,/home/tariq/Desktop/Awais-Tariq/base-KD/data/cifar-10-batches-py/test_batch,7536,ship,automobile,0.9302070140838623,False,True,/home/tariq/Desktop/Awais-Tariq/base-KD/reports/cifar10_full_audit/mamba_kd_from_pretrained_vit/failure_images/07536_true-ship_pred-automobile.png,false_negative_for_ship;false_positive_for_automobile
7549,cifar10_test_07549,/home/tariq/Desktop/Awais-Tariq/base-KD/data/cifar-10-batches-py/test_batch,7549,cat,dog,0.9000595211982727,False,True,/home/tariq/Desktop/Awais-Tariq/base-KD/reports/cifar10_full_audit/mamba_kd_from_pretrained_vit/failure_images/07549_true-cat_pred-dog.png,false_negative_for_cat;false_positive_for_dog
7559,cifar10_test_07559,/home/tariq/Desktop/Awais-Tariq/base-KD/data/cifar-10-batches-py/test_batch,7559,ship,automobile,0.6568297743797302,False,True,/home/tariq/Desktop/Awais-Tariq/base-KD/reports/cifar10_full_audit/mamba_kd_from_pretrained_vit/failure_images/07559_true-ship_pred-automobile.png,false_negative_for_ship;false_positive_for_automobile
7561,cifar10_test_07561,/home/tariq/Desktop/Awais-Tariq/base-KD/data/cifar-10-batches-py/test_batch,7561,bird,cat,0.662489116191864,False,True,/home/tariq/Desktop/Awais-Tariq/base-KD/reports/cifar10_full_audit/mamba_kd_from_pretrained_vit/failure_images/07561_true-bird_pred-cat.png,false_negative_for_bird;false_positive_for_cat
7562,cifar10_test_07562,/home/tariq/Desktop/Awais-Tariq/base-KD/data/cifar-10-batches-py/test_batch,7562,bird,cat,0.7865015268325806,False,True,/home/tariq/Desktop/Awais-Tariq/base-KD/reports/cifar10_full_audit/mamba_kd_from_pretrained_vit/failure_images/07562_true-bird_pred-cat.png,false_negative_for_bird;false_positive_for_cat
7571,cifar10_test_07571,/home/tariq/Desktop/Awais-Tariq/base-KD/data/cifar-10-batches-py/test_batch,7571,deer,frog,0.8894494771957397,False,True,/home/tariq/Desktop/Awais-Tariq/base-KD/reports/cifar10_full_audit/mamba_kd_from_pretrained_vit/failure_images/07571_true-deer_pred-frog.png,false_negative_for_deer;false_positive_for_frog
7590,cifar10_test_07590,/home/tariq/Desktop/Awais-Tariq/base-KD/data/cifar-10-batches-py/test_batch,7590,bird,deer,0.9975205063819885,False,True,/home/tariq/Desktop/Awais-Tariq/base-KD/reports/cifar10_full_audit/mamba_kd_from_pretrained_vit/failure_images/07590_true-bird_pred-deer.png,false_negative_for_bird;false_positive_for_deer
7596,cifar10_test_07596,/home/tariq/Desktop/Awais-Tariq/base-KD/data/cifar-10-batches-py/test_batch,7596,cat,dog,0.6054256558418274,False,True,/home/tariq/Desktop/Awais-Tariq/base-KD/reports/cifar10_full_audit/mamba_kd_from_pretrained_vit/failure_images/07596_true-cat_pred-dog.png,false_negative_for_cat;false_positive_for_dog
7600,cifar10_test_07600,/home/tariq/Desktop/Awais-Tariq/base-KD/data/cifar-10-batches-py/test_batch,7600,ship,automobile,0.8982579112052917,False,True,/home/tariq/Desktop/Awais-Tariq/base-KD/reports/cifar10_full_audit/mamba_kd_from_pretrained_vit/failure_images/07600_true-ship_pred-automobile.png,false_negative_for_ship;false_positive_for_automobile
7605,cifar10_test_07605,/home/tariq/Desktop/Awais-Tariq/base-KD/data/cifar-10-batches-py/test_batch,7605,bird,frog,0.7094943523406982,False,True,/home/tariq/Desktop/Awais-Tariq/base-KD/reports/cifar10_full_audit/mamba_kd_from_pretrained_vit/failure_images/07605_true-bird_pred-frog.png,false_negative_for_bird;false_positive_for_frog
7611,cifar10_test_07611,/home/tariq/Desktop/Awais-Tariq/base-KD/data/cifar-10-batches-py/test_batch,7611,horse,bird,0.9997521042823792,False,True,/home/tariq/Desktop/Awais-Tariq/base-KD/reports/cifar10_full_audit/mamba_kd_from_pretrained_vit/failure_images/07611_true-horse_pred-bird.png,false_negative_for_horse;false_positive_for_bird
7620,cifar10_test_07620,/home/tariq/Desktop/Awais-Tariq/base-KD/data/cifar-10-batches-py/test_batch,7620,dog,cat,0.8032122254371643,False,True,/home/tariq/Desktop/Awais-Tariq/base-KD/reports/cifar10_full_audit/mamba_kd_from_pretrained_vit/failure_images/07620_true-dog_pred-cat.png,false_negative_for_dog;false_positive_for_cat
7627,cifar10_test_07627,/home/tariq/Desktop/Awais-Tariq/base-KD/data/cifar-10-batches-py/test_batch,7627,cat,frog,0.6161981225013733,False,True,/home/tariq/Desktop/Awais-Tariq/base-KD/reports/cifar10_full_audit/mamba_kd_from_pretrained_vit/failure_images/07627_true-cat_pred-frog.png,false_negative_for_cat;false_positive_for_frog
7628,cifar10_test_07628,/home/tariq/Desktop/Awais-Tariq/base-KD/data/cifar-10-batches-py/test_batch,7628,deer,horse,0.8024845719337463,False,True,/home/tariq/Desktop/Awais-Tariq/base-KD/reports/cifar10_full_audit/mamba_kd_from_pretrained_vit/failure_images/07628_true-deer_pred-horse.png,false_negative_for_deer;false_positive_for_horse
7641,cifar10_test_07641,/home/tariq/Desktop/Awais-Tariq/base-KD/data/cifar-10-batches-py/test_batch,7641,horse,dog,0.5653155446052551,False,True,/home/tariq/Desktop/Awais-Tariq/base-KD/reports/cifar10_full_audit/mamba_kd_from_pretrained_vit/failure_images/07641_true-horse_pred-dog.png,false_negative_for_horse;false_positive_for_dog
7657,cifar10_test_07657,/home/tariq/Desktop/Awais-Tariq/base-KD/data/cifar-10-batches-py/test_batch,7657,bird,dog,0.5348554253578186,False,False,/home/tariq/Desktop/Awais-Tariq/base-KD/reports/cifar10_full_audit/mamba_kd_from_pretrained_vit/failure_images/07657_true-bird_pred-dog.png,false_negative_for_bird;false_positive_for_dog
7666,cifar10_test_07666,/home/tariq/Desktop/Awais-Tariq/base-KD/data/cifar-10-batches-py/test_batch,7666,bird,deer,0.8360335230827332,False,True,/home/tariq/Desktop/Awais-Tariq/base-KD/reports/cifar10_full_audit/mamba_kd_from_pretrained_vit/failure_images/07666_true-bird_pred-deer.png,false_negative_for_bird;false_positive_for_deer
7685,cifar10_test_07685,/home/tariq/Desktop/Awais-Tariq/base-KD/data/cifar-10-batches-py/test_batch,7685,truck,airplane,0.9999369382858276,False,True,/home/tariq/Desktop/Awais-Tariq/base-KD/reports/cifar10_full_audit/mamba_kd_from_pretrained_vit/failure_images/07685_true-truck_pred-airplane.png,false_negative_for_truck;false_positive_for_airplane
7716,cifar10_test_07716,/home/tariq/Desktop/Awais-Tariq/base-KD/data/cifar-10-batches-py/test_batch,7716,dog,horse,0.7825515270233154,False,True,/home/tariq/Desktop/Awais-Tariq/base-KD/reports/cifar10_full_audit/mamba_kd_from_pretrained_vit/failure_images/07716_true-dog_pred-horse.png,false_negative_for_dog;false_positive_for_horse
7730,cifar10_test_07730,/home/tariq/Desktop/Awais-Tariq/base-KD/data/cifar-10-batches-py/test_batch,7730,deer,dog,0.6393540501594543,False,True,/home/tariq/Desktop/Awais-Tariq/base-KD/reports/cifar10_full_audit/mamba_kd_from_pretrained_vit/failure_images/07730_true-deer_pred-dog.png,false_negative_for_deer;false_positive_for_dog
7744,cifar10_test_07744,/home/tariq/Desktop/Awais-Tariq/base-KD/data/cifar-10-batches-py/test_batch,7744,deer,cat,0.9999804496765137,False,True,/home/tariq/Desktop/Awais-Tariq/base-KD/reports/cifar10_full_audit/mamba_kd_from_pretrained_vit/failure_images/07744_true-deer_pred-cat.png,false_negative_for_deer;false_positive_for_cat
7750,cifar10_test_07750,/home/tariq/Desktop/Awais-Tariq/base-KD/data/cifar-10-batches-py/test_batch,7750,cat,deer,0.9181690216064453,False,True,/home/tariq/Desktop/Awais-Tariq/base-KD/reports/cifar10_full_audit/mamba_kd_from_pretrained_vit/failure_images/07750_true-cat_pred-deer.png,false_negative_for_cat;false_positive_for_deer
7760,cifar10_test_07760,/home/tariq/Desktop/Awais-Tariq/base-KD/data/cifar-10-batches-py/test_batch,7760,bird,airplane,0.8172903060913086,False,True,/home/tariq/Desktop/Awais-Tariq/base-KD/reports/cifar10_full_audit/mamba_kd_from_pretrained_vit/failure_images/07760_true-bird_pred-airplane.png,false_negative_for_bird;false_positive_for_airplane
7761,cifar10_test_07761,/home/tariq/Desktop/Awais-Tariq/base-KD/data/cifar-10-batches-py/test_batch,7761,bird,cat,0.9999967813491821,False,False,/home/tariq/Desktop/Awais-Tariq/base-KD/reports/cifar10_full_audit/mamba_kd_from_pretrained_vit/failure_images/07761_true-bird_pred-cat.png,false_negative_for_bird;false_positive_for_cat
7769,cifar10_test_07769,/home/tariq/Desktop/Awais-Tariq/base-KD/data/cifar-10-batches-py/test_batch,7769,deer,horse,0.9999678134918213,False,True,/home/tariq/Desktop/Awais-Tariq/base-KD/reports/cifar10_full_audit/mamba_kd_from_pretrained_vit/failure_images/07769_true-deer_pred-horse.png,false_negative_for_deer;false_positive_for_horse
7780,cifar10_test_07780,/home/tariq/Desktop/Awais-Tariq/base-KD/data/cifar-10-batches-py/test_batch,7780,cat,dog,0.5262007117271423,False,True,/home/tariq/Desktop/Awais-Tariq/base-KD/reports/cifar10_full_audit/mamba_kd_from_pretrained_vit/failure_images/07780_true-cat_pred-dog.png,false_negative_for_cat;false_positive_for_dog
7785,cifar10_test_07785,/home/tariq/Desktop/Awais-Tariq/base-KD/data/cifar-10-batches-py/test_batch,7785,deer,bird,0.9912461638450623,False,True,/home/tariq/Desktop/Awais-Tariq/base-KD/reports/cifar10_full_audit/mamba_kd_from_pretrained_vit/failure_images/07785_true-deer_pred-bird.png,false_negative_for_deer;false_positive_for_bird
7792,cifar10_test_07792,/home/tariq/Desktop/Awais-Tariq/base-KD/data/cifar-10-batches-py/test_batch,7792,truck,automobile,0.9968644976615906,False,True,/home/tariq/Desktop/Awais-Tariq/base-KD/reports/cifar10_full_audit/mamba_kd_from_pretrained_vit/failure_images/07792_true-truck_pred-automobile.png,false_negative_for_truck;false_positive_for_automobile
7797,cifar10_test_07797,/home/tariq/Desktop/Awais-Tariq/base-KD/data/cifar-10-batches-py/test_batch,7797,cat,frog,0.9999982118606567,False,True,/home/tariq/Desktop/Awais-Tariq/base-KD/reports/cifar10_full_audit/mamba_kd_from_pretrained_vit/failure_images/07797_true-cat_pred-frog.png,false_negative_for_cat;false_positive_for_frog
7798,cifar10_test_07798,/home/tariq/Desktop/Awais-Tariq/base-KD/data/cifar-10-batches-py/test_batch,7798,dog,cat,0.6771568059921265,False,True,/home/tariq/Desktop/Awais-Tariq/base-KD/reports/cifar10_full_audit/mamba_kd_from_pretrained_vit/failure_images/07798_true-dog_pred-cat.png,false_negative_for_dog;false_positive_for_cat
7806,cifar10_test_07806,/home/tariq/Desktop/Awais-Tariq/base-KD/data/cifar-10-batches-py/test_batch,7806,truck,automobile,0.9075165390968323,False,True,/home/tariq/Desktop/Awais-Tariq/base-KD/reports/cifar10_full_audit/mamba_kd_from_pretrained_vit/failure_images/07806_true-truck_pred-automobile.png,false_negative_for_truck;false_positive_for_automobile
7813,cifar10_test_07813,/home/tariq/Desktop/Awais-Tariq/base-KD/data/cifar-10-batches-py/test_batch,7813,cat,dog,0.9435116052627563,False,True,/home/tariq/Desktop/Awais-Tariq/base-KD/reports/cifar10_full_audit/mamba_kd_from_pretrained_vit/failure_images/07813_true-cat_pred-dog.png,false_negative_for_cat;false_positive_for_dog
7816,cifar10_test_07816,/home/tariq/Desktop/Awais-Tariq/base-KD/data/cifar-10-batches-py/test_batch,7816,airplane,cat,0.9475077390670776,False,True,/home/tariq/Desktop/Awais-Tariq/base-KD/reports/cifar10_full_audit/mamba_kd_from_pretrained_vit/failure_images/07816_true-airplane_pred-cat.png,false_negative_for_airplane;false_positive_for_cat
7831,cifar10_test_07831,/home/tariq/Desktop/Awais-Tariq/base-KD/data/cifar-10-batches-py/test_batch,7831,bird,cat,0.7934932112693787,False,True,/home/tariq/Desktop/Awais-Tariq/base-KD/reports/cifar10_full_audit/mamba_kd_from_pretrained_vit/failure_images/07831_true-bird_pred-cat.png,false_negative_for_bird;false_positive_for_cat
7839,cifar10_test_07839,/home/tariq/Desktop/Awais-Tariq/base-KD/data/cifar-10-batches-py/test_batch,7839,cat,deer,0.9973432421684265,False,True,/home/tariq/Desktop/Awais-Tariq/base-KD/reports/cifar10_full_audit/mamba_kd_from_pretrained_vit/failure_images/07839_true-cat_pred-deer.png,false_negative_for_cat;false_positive_for_deer
7841,cifar10_test_07841,/home/tariq/Desktop/Awais-Tariq/base-KD/data/cifar-10-batches-py/test_batch,7841,frog,cat,0.44071948528289795,False,True,/home/tariq/Desktop/Awais-Tariq/base-KD/reports/cifar10_full_audit/mamba_kd_from_pretrained_vit/failure_images/07841_true-frog_pred-cat.png,false_negative_for_frog;false_positive_for_cat
7842,cifar10_test_07842,/home/tariq/Desktop/Awais-Tariq/base-KD/data/cifar-10-batches-py/test_batch,7842,dog,deer,0.9763078689575195,False,True,/home/tariq/Desktop/Awais-Tariq/base-KD/reports/cifar10_full_audit/mamba_kd_from_pretrained_vit/failure_images/07842_true-dog_pred-deer.png,false_negative_for_dog;false_positive_for_deer
7852,cifar10_test_07852,/home/tariq/Desktop/Awais-Tariq/base-KD/data/cifar-10-batches-py/test_batch,7852,dog,horse,0.845203697681427,False,True,/home/tariq/Desktop/Awais-Tariq/base-KD/reports/cifar10_full_audit/mamba_kd_from_pretrained_vit/failure_images/07852_true-dog_pred-horse.png,false_negative_for_dog;false_positive_for_horse
7853,cifar10_test_07853,/home/tariq/Desktop/Awais-Tariq/base-KD/data/cifar-10-batches-py/test_batch,7853,cat,deer,0.7943710684776306,False,True,/home/tariq/Desktop/Awais-Tariq/base-KD/reports/cifar10_full_audit/mamba_kd_from_pretrained_vit/failure_images/07853_true-cat_pred-deer.png,false_negative_for_cat;false_positive_for_deer
7861,cifar10_test_07861,/home/tariq/Desktop/Awais-Tariq/base-KD/data/cifar-10-batches-py/test_batch,7861,airplane,truck,0.4398040473461151,False,True,/home/tariq/Desktop/Awais-Tariq/base-KD/reports/cifar10_full_audit/mamba_kd_from_pretrained_vit/failure_images/07861_true-airplane_pred-truck.png,false_negative_for_airplane;false_positive_for_truck
7875,cifar10_test_07875,/home/tariq/Desktop/Awais-Tariq/base-KD/data/cifar-10-batches-py/test_batch,7875,bird,dog,0.9848617315292358,False,True,/home/tariq/Desktop/Awais-Tariq/base-KD/reports/cifar10_full_audit/mamba_kd_from_pretrained_vit/failure_images/07875_true-bird_pred-dog.png,false_negative_for_bird;false_positive_for_dog
7881,cifar10_test_07881,/home/tariq/Desktop/Awais-Tariq/base-KD/data/cifar-10-batches-py/test_batch,7881,cat,deer,0.9912930130958557,False,True,/home/tariq/Desktop/Awais-Tariq/base-KD/reports/cifar10_full_audit/mamba_kd_from_pretrained_vit/failure_images/07881_true-cat_pred-deer.png,false_negative_for_cat;false_positive_for_deer
7892,cifar10_test_07892,/home/tariq/Desktop/Awais-Tariq/base-KD/data/cifar-10-batches-py/test_batch,7892,automobile,truck,0.9999747276306152,False,True,/home/tariq/Desktop/Awais-Tariq/base-KD/reports/cifar10_full_audit/mamba_kd_from_pretrained_vit/failure_images/07892_true-automobile_pred-truck.png,false_negative_for_automobile;false_positive_for_truck
7906,cifar10_test_07906,/home/tariq/Desktop/Awais-Tariq/base-KD/data/cifar-10-batches-py/test_batch,7906,bird,deer,0.7700632214546204,False,True,/home/tariq/Desktop/Awais-Tariq/base-KD/reports/cifar10_full_audit/mamba_kd_from_pretrained_vit/failure_images/07906_true-bird_pred-deer.png,false_negative_for_bird;false_positive_for_deer
7909,cifar10_test_07909,/home/tariq/Desktop/Awais-Tariq/base-KD/data/cifar-10-batches-py/test_batch,7909,automobile,ship,0.9933533668518066,False,True,/home/tariq/Desktop/Awais-Tariq/base-KD/reports/cifar10_full_audit/mamba_kd_from_pretrained_vit/failure_images/07909_true-automobile_pred-ship.png,false_negative_for_automobile;false_positive_for_ship
7913,cifar10_test_07913,/home/tariq/Desktop/Awais-Tariq/base-KD/data/cifar-10-batches-py/test_batch,7913,ship,airplane,0.946994423866272,False,True,/home/tariq/Desktop/Awais-Tariq/base-KD/reports/cifar10_full_audit/mamba_kd_from_pretrained_vit/failure_images/07913_true-ship_pred-airplane.png,false_negative_for_ship;false_positive_for_airplane
7931,cifar10_test_07931,/home/tariq/Desktop/Awais-Tariq/base-KD/data/cifar-10-batches-py/test_batch,7931,truck,ship,0.984463095664978,False,True,/home/tariq/Desktop/Awais-Tariq/base-KD/reports/cifar10_full_audit/mamba_kd_from_pretrained_vit/failure_images/07931_true-truck_pred-ship.png,false_negative_for_truck;false_positive_for_ship
7941,cifar10_test_07941,/home/tariq/Desktop/Awais-Tariq/base-KD/data/cifar-10-batches-py/test_batch,7941,dog,frog,0.9949004054069519,False,True,/home/tariq/Desktop/Awais-Tariq/base-KD/reports/cifar10_full_audit/mamba_kd_from_pretrained_vit/failure_images/07941_true-dog_pred-frog.png,false_negative_for_dog;false_positive_for_frog
7956,cifar10_test_07956,/home/tariq/Desktop/Awais-Tariq/base-KD/data/cifar-10-batches-py/test_batch,7956,deer,horse,0.956825315952301,False,True,/home/tariq/Desktop/Awais-Tariq/base-KD/reports/cifar10_full_audit/mamba_kd_from_pretrained_vit/failure_images/07956_true-deer_pred-horse.png,false_negative_for_deer;false_positive_for_horse
7962,cifar10_test_07962,/home/tariq/Desktop/Awais-Tariq/base-KD/data/cifar-10-batches-py/test_batch,7962,cat,horse,0.5620291829109192,False,True,/home/tariq/Desktop/Awais-Tariq/base-KD/reports/cifar10_full_audit/mamba_kd_from_pretrained_vit/failure_images/07962_true-cat_pred-horse.png,false_negative_for_cat;false_positive_for_horse
7967,cifar10_test_07967,/home/tariq/Desktop/Awais-Tariq/base-KD/data/cifar-10-batches-py/test_batch,7967,truck,automobile,0.8046642541885376,False,True,/home/tariq/Desktop/Awais-Tariq/base-KD/reports/cifar10_full_audit/mamba_kd_from_pretrained_vit/failure_images/07967_true-truck_pred-automobile.png,false_negative_for_truck;false_positive_for_automobile
7989,cifar10_test_07989,/home/tariq/Desktop/Awais-Tariq/base-KD/data/cifar-10-batches-py/test_batch,7989,horse,cat,0.7299218773841858,False,True,/home/tariq/Desktop/Awais-Tariq/base-KD/reports/cifar10_full_audit/mamba_kd_from_pretrained_vit/failure_images/07989_true-horse_pred-cat.png,false_negative_for_horse;false_positive_for_cat
7990,cifar10_test_07990,/home/tariq/Desktop/Awais-Tariq/base-KD/data/cifar-10-batches-py/test_batch,7990,airplane,bird,0.8806847929954529,False,True,/home/tariq/Desktop/Awais-Tariq/base-KD/reports/cifar10_full_audit/mamba_kd_from_pretrained_vit/failure_images/07990_true-airplane_pred-bird.png,false_negative_for_airplane;false_positive_for_bird
7993,cifar10_test_07993,/home/tariq/Desktop/Awais-Tariq/base-KD/data/cifar-10-batches-py/test_batch,7993,bird,cat,0.6230480670928955,False,True,/home/tariq/Desktop/Awais-Tariq/base-KD/reports/cifar10_full_audit/mamba_kd_from_pretrained_vit/failure_images/07993_true-bird_pred-cat.png,false_negative_for_bird;false_positive_for_cat
8046,cifar10_test_08046,/home/tariq/Desktop/Awais-Tariq/base-KD/data/cifar-10-batches-py/test_batch,8046,ship,airplane,0.9999247789382935,False,True,/home/tariq/Desktop/Awais-Tariq/base-KD/reports/cifar10_full_audit/mamba_kd_from_pretrained_vit/failure_images/08046_true-ship_pred-airplane.png,false_negative_for_ship;false_positive_for_airplane
8058,cifar10_test_08058,/home/tariq/Desktop/Awais-Tariq/base-KD/data/cifar-10-batches-py/test_batch,8058,deer,horse,0.9774836301803589,False,True,/home/tariq/Desktop/Awais-Tariq/base-KD/reports/cifar10_full_audit/mamba_kd_from_pretrained_vit/failure_images/08058_true-deer_pred-horse.png,false_negative_for_deer;false_positive_for_horse
8066,cifar10_test_08066,/home/tariq/Desktop/Awais-Tariq/base-KD/data/cifar-10-batches-py/test_batch,8066,truck,cat,0.8085679411888123,False,True,/home/tariq/Desktop/Awais-Tariq/base-KD/reports/cifar10_full_audit/mamba_kd_from_pretrained_vit/failure_images/08066_true-truck_pred-cat.png,false_negative_for_truck;false_positive_for_cat
8071,cifar10_test_08071,/home/tariq/Desktop/Awais-Tariq/base-KD/data/cifar-10-batches-py/test_batch,8071,deer,cat,0.8994830846786499,False,True,/home/tariq/Desktop/Awais-Tariq/base-KD/reports/cifar10_full_audit/mamba_kd_from_pretrained_vit/failure_images/08071_true-deer_pred-cat.png,false_negative_for_deer;false_positive_for_cat
8119,cifar10_test_08119,/home/tariq/Desktop/Awais-Tariq/base-KD/data/cifar-10-batches-py/test_batch,8119,frog,bird,0.7512938976287842,False,True,/home/tariq/Desktop/Awais-Tariq/base-KD/reports/cifar10_full_audit/mamba_kd_from_pretrained_vit/failure_images/08119_true-frog_pred-bird.png,false_negative_for_frog;false_positive_for_bird
8128,cifar10_test_08128,/home/tariq/Desktop/Awais-Tariq/base-KD/data/cifar-10-batches-py/test_batch,8128,horse,cat,0.4275524318218231,False,True,/home/tariq/Desktop/Awais-Tariq/base-KD/reports/cifar10_full_audit/mamba_kd_from_pretrained_vit/failure_images/08128_true-horse_pred-cat.png,false_negative_for_horse;false_positive_for_cat
8145,cifar10_test_08145,/home/tariq/Desktop/Awais-Tariq/base-KD/data/cifar-10-batches-py/test_batch,8145,truck,airplane,0.556244432926178,False,True,/home/tariq/Desktop/Awais-Tariq/base-KD/reports/cifar10_full_audit/mamba_kd_from_pretrained_vit/failure_images/08145_true-truck_pred-airplane.png,false_negative_for_truck;false_positive_for_airplane
8166,cifar10_test_08166,/home/tariq/Desktop/Awais-Tariq/base-KD/data/cifar-10-batches-py/test_batch,8166,bird,dog,0.9737253785133362,False,True,/home/tariq/Desktop/Awais-Tariq/base-KD/reports/cifar10_full_audit/mamba_kd_from_pretrained_vit/failure_images/08166_true-bird_pred-dog.png,false_negative_for_bird;false_positive_for_dog
8172,cifar10_test_08172,/home/tariq/Desktop/Awais-Tariq/base-KD/data/cifar-10-batches-py/test_batch,8172,dog,cat,0.9970346689224243,False,True,/home/tariq/Desktop/Awais-Tariq/base-KD/reports/cifar10_full_audit/mamba_kd_from_pretrained_vit/failure_images/08172_true-dog_pred-cat.png,false_negative_for_dog;false_positive_for_cat
8173,cifar10_test_08173,/home/tariq/Desktop/Awais-Tariq/base-KD/data/cifar-10-batches-py/test_batch,8173,dog,cat,0.9404861330986023,False,True,/home/tariq/Desktop/Awais-Tariq/base-KD/reports/cifar10_full_audit/mamba_kd_from_pretrained_vit/failure_images/08173_true-dog_pred-cat.png,false_negative_for_dog;false_positive_for_cat
8174,cifar10_test_08174,/home/tariq/Desktop/Awais-Tariq/base-KD/data/cifar-10-batches-py/test_batch,8174,cat,dog,0.9756026268005371,False,True,/home/tariq/Desktop/Awais-Tariq/base-KD/reports/cifar10_full_audit/mamba_kd_from_pretrained_vit/failure_images/08174_true-cat_pred-dog.png,false_negative_for_cat;false_positive_for_dog
8180,cifar10_test_08180,/home/tariq/Desktop/Awais-Tariq/base-KD/data/cifar-10-batches-py/test_batch,8180,deer,bird,0.9586637616157532,False,True,/home/tariq/Desktop/Awais-Tariq/base-KD/reports/cifar10_full_audit/mamba_kd_from_pretrained_vit/failure_images/08180_true-deer_pred-bird.png,false_negative_for_deer;false_positive_for_bird
8222,cifar10_test_08222,/home/tariq/Desktop/Awais-Tariq/base-KD/data/cifar-10-batches-py/test_batch,8222,automobile,ship,0.9995887875556946,False,True,/home/tariq/Desktop/Awais-Tariq/base-KD/reports/cifar10_full_audit/mamba_kd_from_pretrained_vit/failure_images/08222_true-automobile_pred-ship.png,false_negative_for_automobile;false_positive_for_ship
8268,cifar10_test_08268,/home/tariq/Desktop/Awais-Tariq/base-KD/data/cifar-10-batches-py/test_batch,8268,dog,cat,0.960921585559845,False,True,/home/tariq/Desktop/Awais-Tariq/base-KD/reports/cifar10_full_audit/mamba_kd_from_pretrained_vit/failure_images/08268_true-dog_pred-cat.png,false_negative_for_dog;false_positive_for_cat
8269,cifar10_test_08269,/home/tariq/Desktop/Awais-Tariq/base-KD/data/cifar-10-batches-py/test_batch,8269,ship,airplane,0.9997895359992981,False,True,/home/tariq/Desktop/Awais-Tariq/base-KD/reports/cifar10_full_audit/mamba_kd_from_pretrained_vit/failure_images/08269_true-ship_pred-airplane.png,false_negative_for_ship;false_positive_for_airplane
8272,cifar10_test_08272,/home/tariq/Desktop/Awais-Tariq/base-KD/data/cifar-10-batches-py/test_batch,8272,truck,automobile,0.9793343544006348,False,True,/home/tariq/Desktop/Awais-Tariq/base-KD/reports/cifar10_full_audit/mamba_kd_from_pretrained_vit/failure_images/08272_true-truck_pred-automobile.png,false_negative_for_truck;false_positive_for_automobile
8281,cifar10_test_08281,/home/tariq/Desktop/Awais-Tariq/base-KD/data/cifar-10-batches-py/test_batch,8281,cat,dog,0.9995133876800537,False,True,/home/tariq/Desktop/Awais-Tariq/base-KD/reports/cifar10_full_audit/mamba_kd_from_pretrained_vit/failure_images/08281_true-cat_pred-dog.png,false_negative_for_cat;false_positive_for_dog
8295,cifar10_test_08295,/home/tariq/Desktop/Awais-Tariq/base-KD/data/cifar-10-batches-py/test_batch,8295,cat,airplane,0.9999985694885254,False,True,/home/tariq/Desktop/Awais-Tariq/base-KD/reports/cifar10_full_audit/mamba_kd_from_pretrained_vit/failure_images/08295_true-cat_pred-airplane.png,false_negative_for_cat;false_positive_for_airplane
8296,cifar10_test_08296,/home/tariq/Desktop/Awais-Tariq/base-KD/data/cifar-10-batches-py/test_batch,8296,dog,frog,0.7957426905632019,False,True,/home/tariq/Desktop/Awais-Tariq/base-KD/reports/cifar10_full_audit/mamba_kd_from_pretrained_vit/failure_images/08296_true-dog_pred-frog.png,false_negative_for_dog;false_positive_for_frog
8298,cifar10_test_08298,/home/tariq/Desktop/Awais-Tariq/base-KD/data/cifar-10-batches-py/test_batch,8298,cat,bird,0.6090667247772217,False,True,/home/tariq/Desktop/Awais-Tariq/base-KD/reports/cifar10_full_audit/mamba_kd_from_pretrained_vit/failure_images/08298_true-cat_pred-bird.png,false_negative_for_cat;false_positive_for_bird
8304,cifar10_test_08304,/home/tariq/Desktop/Awais-Tariq/base-KD/data/cifar-10-batches-py/test_batch,8304,automobile,truck,0.5709033012390137,False,True,/home/tariq/Desktop/Awais-Tariq/base-KD/reports/cifar10_full_audit/mamba_kd_from_pretrained_vit/failure_images/08304_true-automobile_pred-truck.png,false_negative_for_automobile;false_positive_for_truck
8316,cifar10_test_08316,/home/tariq/Desktop/Awais-Tariq/base-KD/data/cifar-10-batches-py/test_batch,8316,dog,cat,0.8459054827690125,False,True,/home/tariq/Desktop/Awais-Tariq/base-KD/reports/cifar10_full_audit/mamba_kd_from_pretrained_vit/failure_images/08316_true-dog_pred-cat.png,false_negative_for_dog;false_positive_for_cat
8326,cifar10_test_08326,/home/tariq/Desktop/Awais-Tariq/base-KD/data/cifar-10-batches-py/test_batch,8326,cat,dog,0.8600087761878967,False,True,/home/tariq/Desktop/Awais-Tariq/base-KD/reports/cifar10_full_audit/mamba_kd_from_pretrained_vit/failure_images/08326_true-cat_pred-dog.png,false_negative_for_cat;false_positive_for_dog
8335,cifar10_test_08335,/home/tariq/Desktop/Awais-Tariq/base-KD/data/cifar-10-batches-py/test_batch,8335,horse,cat,0.9986773133277893,False,True,/home/tariq/Desktop/Awais-Tariq/base-KD/reports/cifar10_full_audit/mamba_kd_from_pretrained_vit/failure_images/08335_true-horse_pred-cat.png,false_negative_for_horse;false_positive_for_cat
8357,cifar10_test_08357,/home/tariq/Desktop/Awais-Tariq/base-KD/data/cifar-10-batches-py/test_batch,8357,airplane,ship,0.987185537815094,False,True,/home/tariq/Desktop/Awais-Tariq/base-KD/reports/cifar10_full_audit/mamba_kd_from_pretrained_vit/failure_images/08357_true-airplane_pred-ship.png,false_negative_for_airplane;false_positive_for_ship
8361,cifar10_test_08361,/home/tariq/Desktop/Awais-Tariq/base-KD/data/cifar-10-batches-py/test_batch,8361,ship,automobile,0.9830728769302368,False,True,/home/tariq/Desktop/Awais-Tariq/base-KD/reports/cifar10_full_audit/mamba_kd_from_pretrained_vit/failure_images/08361_true-ship_pred-automobile.png,false_negative_for_ship;false_positive_for_automobile
8362,cifar10_test_08362,/home/tariq/Desktop/Awais-Tariq/base-KD/data/cifar-10-batches-py/test_batch,8362,cat,dog,0.9851287603378296,False,True,/home/tariq/Desktop/Awais-Tariq/base-KD/reports/cifar10_full_audit/mamba_kd_from_pretrained_vit/failure_images/08362_true-cat_pred-dog.png,false_negative_for_cat;false_positive_for_dog
8364,cifar10_test_08364,/home/tariq/Desktop/Awais-Tariq/base-KD/data/cifar-10-batches-py/test_batch,8364,horse,ship,0.6091522574424744,False,True,/home/tariq/Desktop/Awais-Tariq/base-KD/reports/cifar10_full_audit/mamba_kd_from_pretrained_vit/failure_images/08364_true-horse_pred-ship.png,false_negative_for_horse;false_positive_for_ship
8384,cifar10_test_08384,/home/tariq/Desktop/Awais-Tariq/base-KD/data/cifar-10-batches-py/test_batch,8384,bird,cat,0.9316221475601196,False,True,/home/tariq/Desktop/Awais-Tariq/base-KD/reports/cifar10_full_audit/mamba_kd_from_pretrained_vit/failure_images/08384_true-bird_pred-cat.png,false_negative_for_bird;false_positive_for_cat
8428,cifar10_test_08428,/home/tariq/Desktop/Awais-Tariq/base-KD/data/cifar-10-batches-py/test_batch,8428,dog,deer,0.972028374671936,False,True,/home/tariq/Desktop/Awais-Tariq/base-KD/reports/cifar10_full_audit/mamba_kd_from_pretrained_vit/failure_images/08428_true-dog_pred-deer.png,false_negative_for_dog;false_positive_for_deer
8440,cifar10_test_08440,/home/tariq/Desktop/Awais-Tariq/base-KD/data/cifar-10-batches-py/test_batch,8440,dog,bird,0.9945021867752075,False,False,/home/tariq/Desktop/Awais-Tariq/base-KD/reports/cifar10_full_audit/mamba_kd_from_pretrained_vit/failure_images/08440_true-dog_pred-bird.png,false_negative_for_dog;false_positive_for_bird
8451,cifar10_test_08451,/home/tariq/Desktop/Awais-Tariq/base-KD/data/cifar-10-batches-py/test_batch,8451,dog,horse,0.9628672003746033,False,True,/home/tariq/Desktop/Awais-Tariq/base-KD/reports/cifar10_full_audit/mamba_kd_from_pretrained_vit/failure_images/08451_true-dog_pred-horse.png,false_negative_for_dog;false_positive_for_horse
8457,cifar10_test_08457,/home/tariq/Desktop/Awais-Tariq/base-KD/data/cifar-10-batches-py/test_batch,8457,bird,deer,0.9817171096801758,False,True,/home/tariq/Desktop/Awais-Tariq/base-KD/reports/cifar10_full_audit/mamba_kd_from_pretrained_vit/failure_images/08457_true-bird_pred-deer.png,false_negative_for_bird;false_positive_for_deer
8469,cifar10_test_08469,/home/tariq/Desktop/Awais-Tariq/base-KD/data/cifar-10-batches-py/test_batch,8469,dog,cat,0.999997615814209,False,True,/home/tariq/Desktop/Awais-Tariq/base-KD/reports/cifar10_full_audit/mamba_kd_from_pretrained_vit/failure_images/08469_true-dog_pred-cat.png,false_negative_for_dog;false_positive_for_cat
8484,cifar10_test_08484,/home/tariq/Desktop/Awais-Tariq/base-KD/data/cifar-10-batches-py/test_batch,8484,cat,airplane,0.5528398156166077,False,True,/home/tariq/Desktop/Awais-Tariq/base-KD/reports/cifar10_full_audit/mamba_kd_from_pretrained_vit/failure_images/08484_true-cat_pred-airplane.png,false_negative_for_cat;false_positive_for_airplane
8487,cifar10_test_08487,/home/tariq/Desktop/Awais-Tariq/base-KD/data/cifar-10-batches-py/test_batch,8487,deer,bird,0.5324490666389465,False,True,/home/tariq/Desktop/Awais-Tariq/base-KD/reports/cifar10_full_audit/mamba_kd_from_pretrained_vit/failure_images/08487_true-deer_pred-bird.png,false_negative_for_deer;false_positive_for_bird
8488,cifar10_test_08488,/home/tariq/Desktop/Awais-Tariq/base-KD/data/cifar-10-batches-py/test_batch,8488,truck,automobile,0.9386159777641296,False,True,/home/tariq/Desktop/Awais-Tariq/base-KD/reports/cifar10_full_audit/mamba_kd_from_pretrained_vit/failure_images/08488_true-truck_pred-automobile.png,false_negative_for_truck;false_positive_for_automobile
8490,cifar10_test_08490,/home/tariq/Desktop/Awais-Tariq/base-KD/data/cifar-10-batches-py/test_batch,8490,cat,frog,0.9920944571495056,False,True,/home/tariq/Desktop/Awais-Tariq/base-KD/reports/cifar10_full_audit/mamba_kd_from_pretrained_vit/failure_images/08490_true-cat_pred-frog.png,false_negative_for_cat;false_positive_for_frog
8491,cifar10_test_08491,/home/tariq/Desktop/Awais-Tariq/base-KD/data/cifar-10-batches-py/test_batch,8491,cat,bird,0.9983091354370117,False,True,/home/tariq/Desktop/Awais-Tariq/base-KD/reports/cifar10_full_audit/mamba_kd_from_pretrained_vit/failure_images/08491_true-cat_pred-bird.png,false_negative_for_cat;false_positive_for_bird
8514,cifar10_test_08514,/home/tariq/Desktop/Awais-Tariq/base-KD/data/cifar-10-batches-py/test_batch,8514,horse,dog,0.7054997682571411,False,True,/home/tariq/Desktop/Awais-Tariq/base-KD/reports/cifar10_full_audit/mamba_kd_from_pretrained_vit/failure_images/08514_true-horse_pred-dog.png,false_negative_for_horse;false_positive_for_dog
8521,cifar10_test_08521,/home/tariq/Desktop/Awais-Tariq/base-KD/data/cifar-10-batches-py/test_batch,8521,truck,ship,0.9992465972900391,False,True,/home/tariq/Desktop/Awais-Tariq/base-KD/reports/cifar10_full_audit/mamba_kd_from_pretrained_vit/failure_images/08521_true-truck_pred-ship.png,false_negative_for_truck;false_positive_for_ship
8546,cifar10_test_08546,/home/tariq/Desktop/Awais-Tariq/base-KD/data/cifar-10-batches-py/test_batch,8546,ship,airplane,0.9999996423721313,False,True,/home/tariq/Desktop/Awais-Tariq/base-KD/reports/cifar10_full_audit/mamba_kd_from_pretrained_vit/failure_images/08546_true-ship_pred-airplane.png,false_negative_for_ship;false_positive_for_airplane
8573,cifar10_test_08573,/home/tariq/Desktop/Awais-Tariq/base-KD/data/cifar-10-batches-py/test_batch,8573,frog,airplane,0.7920368313789368,False,True,/home/tariq/Desktop/Awais-Tariq/base-KD/reports/cifar10_full_audit/mamba_kd_from_pretrained_vit/failure_images/08573_true-frog_pred-airplane.png,false_negative_for_frog;false_positive_for_airplane
8576,cifar10_test_08576,/home/tariq/Desktop/Awais-Tariq/base-KD/data/cifar-10-batches-py/test_batch,8576,bird,airplane,0.9997990727424622,False,True,/home/tariq/Desktop/Awais-Tariq/base-KD/reports/cifar10_full_audit/mamba_kd_from_pretrained_vit/failure_images/08576_true-bird_pred-airplane.png,false_negative_for_bird;false_positive_for_airplane
8577,cifar10_test_08577,/home/tariq/Desktop/Awais-Tariq/base-KD/data/cifar-10-batches-py/test_batch,8577,cat,dog,0.9872273206710815,False,True,/home/tariq/Desktop/Awais-Tariq/base-KD/reports/cifar10_full_audit/mamba_kd_from_pretrained_vit/failure_images/08577_true-cat_pred-dog.png,false_negative_for_cat;false_positive_for_dog
8580,cifar10_test_08580,/home/tariq/Desktop/Awais-Tariq/base-KD/data/cifar-10-batches-py/test_batch,8580,cat,dog,0.923111617565155,False,True,/home/tariq/Desktop/Awais-Tariq/base-KD/reports/cifar10_full_audit/mamba_kd_from_pretrained_vit/failure_images/08580_true-cat_pred-dog.png,false_negative_for_cat;false_positive_for_dog
8589,cifar10_test_08589,/home/tariq/Desktop/Awais-Tariq/base-KD/data/cifar-10-batches-py/test_batch,8589,dog,cat,0.9987775683403015,False,True,/home/tariq/Desktop/Awais-Tariq/base-KD/reports/cifar10_full_audit/mamba_kd_from_pretrained_vit/failure_images/08589_true-dog_pred-cat.png,false_negative_for_dog;false_positive_for_cat
8598,cifar10_test_08598,/home/tariq/Desktop/Awais-Tariq/base-KD/data/cifar-10-batches-py/test_batch,8598,cat,bird,0.7555321455001831,False,True,/home/tariq/Desktop/Awais-Tariq/base-KD/reports/cifar10_full_audit/mamba_kd_from_pretrained_vit/failure_images/08598_true-cat_pred-bird.png,false_negative_for_cat;false_positive_for_bird
8599,cifar10_test_08599,/home/tariq/Desktop/Awais-Tariq/base-KD/data/cifar-10-batches-py/test_batch,8599,deer,bird,0.4324023723602295,False,True,/home/tariq/Desktop/Awais-Tariq/base-KD/reports/cifar10_full_audit/mamba_kd_from_pretrained_vit/failure_images/08599_true-deer_pred-bird.png,false_negative_for_deer;false_positive_for_bird
8611,cifar10_test_08611,/home/tariq/Desktop/Awais-Tariq/base-KD/data/cifar-10-batches-py/test_batch,8611,horse,dog,0.9605346918106079,False,True,/home/tariq/Desktop/Awais-Tariq/base-KD/reports/cifar10_full_audit/mamba_kd_from_pretrained_vit/failure_images/08611_true-horse_pred-dog.png,false_negative_for_horse;false_positive_for_dog
8617,cifar10_test_08617,/home/tariq/Desktop/Awais-Tariq/base-KD/data/cifar-10-batches-py/test_batch,8617,cat,dog,0.7145719528198242,False,True,/home/tariq/Desktop/Awais-Tariq/base-KD/reports/cifar10_full_audit/mamba_kd_from_pretrained_vit/failure_images/08617_true-cat_pred-dog.png,false_negative_for_cat;false_positive_for_dog
8633,cifar10_test_08633,/home/tariq/Desktop/Awais-Tariq/base-KD/data/cifar-10-batches-py/test_batch,8633,cat,frog,0.4725198447704315,False,True,/home/tariq/Desktop/Awais-Tariq/base-KD/reports/cifar10_full_audit/mamba_kd_from_pretrained_vit/failure_images/08633_true-cat_pred-frog.png,false_negative_for_cat;false_positive_for_frog
8669,cifar10_test_08669,/home/tariq/Desktop/Awais-Tariq/base-KD/data/cifar-10-batches-py/test_batch,8669,deer,horse,0.8756746053695679,False,True,/home/tariq/Desktop/Awais-Tariq/base-KD/reports/cifar10_full_audit/mamba_kd_from_pretrained_vit/failure_images/08669_true-deer_pred-horse.png,false_negative_for_deer;false_positive_for_horse
8699,cifar10_test_08699,/home/tariq/Desktop/Awais-Tariq/base-KD/data/cifar-10-batches-py/test_batch,8699,deer,dog,0.7165348529815674,False,True,/home/tariq/Desktop/Awais-Tariq/base-KD/reports/cifar10_full_audit/mamba_kd_from_pretrained_vit/failure_images/08699_true-deer_pred-dog.png,false_negative_for_deer;false_positive_for_dog
8702,cifar10_test_08702,/home/tariq/Desktop/Awais-Tariq/base-KD/data/cifar-10-batches-py/test_batch,8702,airplane,ship,0.9892237782478333,False,True,/home/tariq/Desktop/Awais-Tariq/base-KD/reports/cifar10_full_audit/mamba_kd_from_pretrained_vit/failure_images/08702_true-airplane_pred-ship.png,false_negative_for_airplane;false_positive_for_ship
8721,cifar10_test_08721,/home/tariq/Desktop/Awais-Tariq/base-KD/data/cifar-10-batches-py/test_batch,8721,frog,dog,0.9997814297676086,False,True,/home/tariq/Desktop/Awais-Tariq/base-KD/reports/cifar10_full_audit/mamba_kd_from_pretrained_vit/failure_images/08721_true-frog_pred-dog.png,false_negative_for_frog;false_positive_for_dog
8723,cifar10_test_08723,/home/tariq/Desktop/Awais-Tariq/base-KD/data/cifar-10-batches-py/test_batch,8723,dog,horse,0.9997443556785583,False,True,/home/tariq/Desktop/Awais-Tariq/base-KD/reports/cifar10_full_audit/mamba_kd_from_pretrained_vit/failure_images/08723_true-dog_pred-horse.png,false_negative_for_dog;false_positive_for_horse
8749,cifar10_test_08749,/home/tariq/Desktop/Awais-Tariq/base-KD/data/cifar-10-batches-py/test_batch,8749,dog,cat,0.9688670635223389,False,True,/home/tariq/Desktop/Awais-Tariq/base-KD/reports/cifar10_full_audit/mamba_kd_from_pretrained_vit/failure_images/08749_true-dog_pred-cat.png,false_negative_for_dog;false_positive_for_cat
8774,cifar10_test_08774,/home/tariq/Desktop/Awais-Tariq/base-KD/data/cifar-10-batches-py/test_batch,8774,cat,horse,0.9995030164718628,False,True,/home/tariq/Desktop/Awais-Tariq/base-KD/reports/cifar10_full_audit/mamba_kd_from_pretrained_vit/failure_images/08774_true-cat_pred-horse.png,false_negative_for_cat;false_positive_for_horse
8781,cifar10_test_08781,/home/tariq/Desktop/Awais-Tariq/base-KD/data/cifar-10-batches-py/test_batch,8781,frog,bird,0.8808119297027588,False,True,/home/tariq/Desktop/Awais-Tariq/base-KD/reports/cifar10_full_audit/mamba_kd_from_pretrained_vit/failure_images/08781_true-frog_pred-bird.png,false_negative_for_frog;false_positive_for_bird
8788,cifar10_test_08788,/home/tariq/Desktop/Awais-Tariq/base-KD/data/cifar-10-batches-py/test_batch,8788,dog,cat,0.9161372780799866,False,True,/home/tariq/Desktop/Awais-Tariq/base-KD/reports/cifar10_full_audit/mamba_kd_from_pretrained_vit/failure_images/08788_true-dog_pred-cat.png,false_negative_for_dog;false_positive_for_cat
8790,cifar10_test_08790,/home/tariq/Desktop/Awais-Tariq/base-KD/data/cifar-10-batches-py/test_batch,8790,airplane,cat,0.9386303424835205,False,True,/home/tariq/Desktop/Awais-Tariq/base-KD/reports/cifar10_full_audit/mamba_kd_from_pretrained_vit/failure_images/08790_true-airplane_pred-cat.png,false_negative_for_airplane;false_positive_for_cat
8794,cifar10_test_08794,/home/tariq/Desktop/Awais-Tariq/base-KD/data/cifar-10-batches-py/test_batch,8794,dog,cat,0.7587063312530518,False,True,/home/tariq/Desktop/Awais-Tariq/base-KD/reports/cifar10_full_audit/mamba_kd_from_pretrained_vit/failure_images/08794_true-dog_pred-cat.png,false_negative_for_dog;false_positive_for_cat
8803,cifar10_test_08803,/home/tariq/Desktop/Awais-Tariq/base-KD/data/cifar-10-batches-py/test_batch,8803,cat,dog,0.999422550201416,False,True,/home/tariq/Desktop/Awais-Tariq/base-KD/reports/cifar10_full_audit/mamba_kd_from_pretrained_vit/failure_images/08803_true-cat_pred-dog.png,false_negative_for_cat;false_positive_for_dog
8809,cifar10_test_08809,/home/tariq/Desktop/Awais-Tariq/base-KD/data/cifar-10-batches-py/test_batch,8809,ship,bird,0.9983524084091187,False,True,/home/tariq/Desktop/Awais-Tariq/base-KD/reports/cifar10_full_audit/mamba_kd_from_pretrained_vit/failure_images/08809_true-ship_pred-bird.png,false_negative_for_ship;false_positive_for_bird
8811,cifar10_test_08811,/home/tariq/Desktop/Awais-Tariq/base-KD/data/cifar-10-batches-py/test_batch,8811,automobile,horse,0.7328440546989441,False,True,/home/tariq/Desktop/Awais-Tariq/base-KD/reports/cifar10_full_audit/mamba_kd_from_pretrained_vit/failure_images/08811_true-automobile_pred-horse.png,false_negative_for_automobile;false_positive_for_horse
8828,cifar10_test_08828,/home/tariq/Desktop/Awais-Tariq/base-KD/data/cifar-10-batches-py/test_batch,8828,airplane,deer,0.6555356383323669,False,True,/home/tariq/Desktop/Awais-Tariq/base-KD/reports/cifar10_full_audit/mamba_kd_from_pretrained_vit/failure_images/08828_true-airplane_pred-deer.png,false_negative_for_airplane;false_positive_for_deer
8836,cifar10_test_08836,/home/tariq/Desktop/Awais-Tariq/base-KD/data/cifar-10-batches-py/test_batch,8836,deer,frog,0.5104215741157532,False,True,/home/tariq/Desktop/Awais-Tariq/base-KD/reports/cifar10_full_audit/mamba_kd_from_pretrained_vit/failure_images/08836_true-deer_pred-frog.png,false_negative_for_deer;false_positive_for_frog
8850,cifar10_test_08850,/home/tariq/Desktop/Awais-Tariq/base-KD/data/cifar-10-batches-py/test_batch,8850,automobile,truck,0.5456172227859497,False,True,/home/tariq/Desktop/Awais-Tariq/base-KD/reports/cifar10_full_audit/mamba_kd_from_pretrained_vit/failure_images/08850_true-automobile_pred-truck.png,false_negative_for_automobile;false_positive_for_truck
8861,cifar10_test_08861,/home/tariq/Desktop/Awais-Tariq/base-KD/data/cifar-10-batches-py/test_batch,8861,deer,cat,0.8404763340950012,False,True,/home/tariq/Desktop/Awais-Tariq/base-KD/reports/cifar10_full_audit/mamba_kd_from_pretrained_vit/failure_images/08861_true-deer_pred-cat.png,false_negative_for_deer;false_positive_for_cat
8876,cifar10_test_08876,/home/tariq/Desktop/Awais-Tariq/base-KD/data/cifar-10-batches-py/test_batch,8876,airplane,truck,0.8440804481506348,False,True,/home/tariq/Desktop/Awais-Tariq/base-KD/reports/cifar10_full_audit/mamba_kd_from_pretrained_vit/failure_images/08876_true-airplane_pred-truck.png,false_negative_for_airplane;false_positive_for_truck
8923,cifar10_test_08923,/home/tariq/Desktop/Awais-Tariq/base-KD/data/cifar-10-batches-py/test_batch,8923,frog,bird,0.9999492168426514,False,True,/home/tariq/Desktop/Awais-Tariq/base-KD/reports/cifar10_full_audit/mamba_kd_from_pretrained_vit/failure_images/08923_true-frog_pred-bird.png,false_negative_for_frog;false_positive_for_bird
8928,cifar10_test_08928,/home/tariq/Desktop/Awais-Tariq/base-KD/data/cifar-10-batches-py/test_batch,8928,deer,bird,0.9998145699501038,False,True,/home/tariq/Desktop/Awais-Tariq/base-KD/reports/cifar10_full_audit/mamba_kd_from_pretrained_vit/failure_images/08928_true-deer_pred-bird.png,false_negative_for_deer;false_positive_for_bird
8943,cifar10_test_08943,/home/tariq/Desktop/Awais-Tariq/base-KD/data/cifar-10-batches-py/test_batch,8943,horse,deer,0.9646503329277039,False,True,/home/tariq/Desktop/Awais-Tariq/base-KD/reports/cifar10_full_audit/mamba_kd_from_pretrained_vit/failure_images/08943_true-horse_pred-deer.png,false_negative_for_horse;false_positive_for_deer
8958,cifar10_test_08958,/home/tariq/Desktop/Awais-Tariq/base-KD/data/cifar-10-batches-py/test_batch,8958,frog,deer,0.9999946355819702,False,True,/home/tariq/Desktop/Awais-Tariq/base-KD/reports/cifar10_full_audit/mamba_kd_from_pretrained_vit/failure_images/08958_true-frog_pred-deer.png,false_negative_for_frog;false_positive_for_deer
8983,cifar10_test_08983,/home/tariq/Desktop/Awais-Tariq/base-KD/data/cifar-10-batches-py/test_batch,8983,cat,dog,0.9967567324638367,False,True,/home/tariq/Desktop/Awais-Tariq/base-KD/reports/cifar10_full_audit/mamba_kd_from_pretrained_vit/failure_images/08983_true-cat_pred-dog.png,false_negative_for_cat;false_positive_for_dog
8993,cifar10_test_08993,/home/tariq/Desktop/Awais-Tariq/base-KD/data/cifar-10-batches-py/test_batch,8993,airplane,truck,0.999581515789032,False,True,/home/tariq/Desktop/Awais-Tariq/base-KD/reports/cifar10_full_audit/mamba_kd_from_pretrained_vit/failure_images/08993_true-airplane_pred-truck.png,false_negative_for_airplane;false_positive_for_truck
8996,cifar10_test_08996,/home/tariq/Desktop/Awais-Tariq/base-KD/data/cifar-10-batches-py/test_batch,8996,cat,horse,0.8122642636299133,False,True,/home/tariq/Desktop/Awais-Tariq/base-KD/reports/cifar10_full_audit/mamba_kd_from_pretrained_vit/failure_images/08996_true-cat_pred-horse.png,false_negative_for_cat;false_positive_for_horse
9009,cifar10_test_09009,/home/tariq/Desktop/Awais-Tariq/base-KD/data/cifar-10-batches-py/test_batch,9009,bird,frog,0.7370185256004333,False,True,/home/tariq/Desktop/Awais-Tariq/base-KD/reports/cifar10_full_audit/mamba_kd_from_pretrained_vit/failure_images/09009_true-bird_pred-frog.png,false_negative_for_bird;false_positive_for_frog
9036,cifar10_test_09036,/home/tariq/Desktop/Awais-Tariq/base-KD/data/cifar-10-batches-py/test_batch,9036,deer,horse,0.9999955892562866,False,True,/home/tariq/Desktop/Awais-Tariq/base-KD/reports/cifar10_full_audit/mamba_kd_from_pretrained_vit/failure_images/09036_true-deer_pred-horse.png,false_negative_for_deer;false_positive_for_horse
9039,cifar10_test_09039,/home/tariq/Desktop/Awais-Tariq/base-KD/data/cifar-10-batches-py/test_batch,9039,bird,frog,0.9966630339622498,False,True,/home/tariq/Desktop/Awais-Tariq/base-KD/reports/cifar10_full_audit/mamba_kd_from_pretrained_vit/failure_images/09039_true-bird_pred-frog.png,false_negative_for_bird;false_positive_for_frog
9040,cifar10_test_09040,/home/tariq/Desktop/Awais-Tariq/base-KD/data/cifar-10-batches-py/test_batch,9040,bird,dog,0.9999462366104126,False,True,/home/tariq/Desktop/Awais-Tariq/base-KD/reports/cifar10_full_audit/mamba_kd_from_pretrained_vit/failure_images/09040_true-bird_pred-dog.png,false_negative_for_bird;false_positive_for_dog
9041,cifar10_test_09041,/home/tariq/Desktop/Awais-Tariq/base-KD/data/cifar-10-batches-py/test_batch,9041,dog,cat,0.9860507845878601,False,True,/home/tariq/Desktop/Awais-Tariq/base-KD/reports/cifar10_full_audit/mamba_kd_from_pretrained_vit/failure_images/09041_true-dog_pred-cat.png,false_negative_for_dog;false_positive_for_cat
9065,cifar10_test_09065,/home/tariq/Desktop/Awais-Tariq/base-KD/data/cifar-10-batches-py/test_batch,9065,airplane,bird,0.9832360148429871,False,False,/home/tariq/Desktop/Awais-Tariq/base-KD/reports/cifar10_full_audit/mamba_kd_from_pretrained_vit/failure_images/09065_true-airplane_pred-bird.png,false_negative_for_airplane;false_positive_for_bird
9067,cifar10_test_09067,/home/tariq/Desktop/Awais-Tariq/base-KD/data/cifar-10-batches-py/test_batch,9067,truck,airplane,0.9840818643569946,False,True,/home/tariq/Desktop/Awais-Tariq/base-KD/reports/cifar10_full_audit/mamba_kd_from_pretrained_vit/failure_images/09067_true-truck_pred-airplane.png,false_negative_for_truck;false_positive_for_airplane
9080,cifar10_test_09080,/home/tariq/Desktop/Awais-Tariq/base-KD/data/cifar-10-batches-py/test_batch,9080,cat,dog,0.9756520986557007,False,True,/home/tariq/Desktop/Awais-Tariq/base-KD/reports/cifar10_full_audit/mamba_kd_from_pretrained_vit/failure_images/09080_true-cat_pred-dog.png,false_negative_for_cat;false_positive_for_dog
9100,cifar10_test_09100,/home/tariq/Desktop/Awais-Tariq/base-KD/data/cifar-10-batches-py/test_batch,9100,truck,automobile,0.7228225469589233,False,True,/home/tariq/Desktop/Awais-Tariq/base-KD/reports/cifar10_full_audit/mamba_kd_from_pretrained_vit/failure_images/09100_true-truck_pred-automobile.png,false_negative_for_truck;false_positive_for_automobile
9105,cifar10_test_09105,/home/tariq/Desktop/Awais-Tariq/base-KD/data/cifar-10-batches-py/test_batch,9105,ship,airplane,0.8117399215698242,False,True,/home/tariq/Desktop/Awais-Tariq/base-KD/reports/cifar10_full_audit/mamba_kd_from_pretrained_vit/failure_images/09105_true-ship_pred-airplane.png,false_negative_for_ship;false_positive_for_airplane
9107,cifar10_test_09107,/home/tariq/Desktop/Awais-Tariq/base-KD/data/cifar-10-batches-py/test_batch,9107,dog,bird,0.9916525483131409,False,True,/home/tariq/Desktop/Awais-Tariq/base-KD/reports/cifar10_full_audit/mamba_kd_from_pretrained_vit/failure_images/09107_true-dog_pred-bird.png,false_negative_for_dog;false_positive_for_bird
9132,cifar10_test_09132,/home/tariq/Desktop/Awais-Tariq/base-KD/data/cifar-10-batches-py/test_batch,9132,bird,frog,0.7421947121620178,False,True,/home/tariq/Desktop/Awais-Tariq/base-KD/reports/cifar10_full_audit/mamba_kd_from_pretrained_vit/failure_images/09132_true-bird_pred-frog.png,false_negative_for_bird;false_positive_for_frog
9148,cifar10_test_09148,/home/tariq/Desktop/Awais-Tariq/base-KD/data/cifar-10-batches-py/test_batch,9148,cat,dog,0.9907656908035278,False,True,/home/tariq/Desktop/Awais-Tariq/base-KD/reports/cifar10_full_audit/mamba_kd_from_pretrained_vit/failure_images/09148_true-cat_pred-dog.png,false_negative_for_cat;false_positive_for_dog
9160,cifar10_test_09160,/home/tariq/Desktop/Awais-Tariq/base-KD/data/cifar-10-batches-py/test_batch,9160,dog,deer,0.690229594707489,False,True,/home/tariq/Desktop/Awais-Tariq/base-KD/reports/cifar10_full_audit/mamba_kd_from_pretrained_vit/failure_images/09160_true-dog_pred-deer.png,false_negative_for_dog;false_positive_for_deer
9216,cifar10_test_09216,/home/tariq/Desktop/Awais-Tariq/base-KD/data/cifar-10-batches-py/test_batch,9216,frog,bird,0.9766270518302917,False,True,/home/tariq/Desktop/Awais-Tariq/base-KD/reports/cifar10_full_audit/mamba_kd_from_pretrained_vit/failure_images/09216_true-frog_pred-bird.png,false_negative_for_frog;false_positive_for_bird
9225,cifar10_test_09225,/home/tariq/Desktop/Awais-Tariq/base-KD/data/cifar-10-batches-py/test_batch,9225,dog,bird,0.7343814969062805,False,True,/home/tariq/Desktop/Awais-Tariq/base-KD/reports/cifar10_full_audit/mamba_kd_from_pretrained_vit/failure_images/09225_true-dog_pred-bird.png,false_negative_for_dog;false_positive_for_bird
9227,cifar10_test_09227,/home/tariq/Desktop/Awais-Tariq/base-KD/data/cifar-10-batches-py/test_batch,9227,automobile,truck,0.9999984502792358,False,True,/home/tariq/Desktop/Awais-Tariq/base-KD/reports/cifar10_full_audit/mamba_kd_from_pretrained_vit/failure_images/09227_true-automobile_pred-truck.png,false_negative_for_automobile;false_positive_for_truck
9230,cifar10_test_09230,/home/tariq/Desktop/Awais-Tariq/base-KD/data/cifar-10-batches-py/test_batch,9230,bird,deer,0.9878398776054382,False,True,/home/tariq/Desktop/Awais-Tariq/base-KD/reports/cifar10_full_audit/mamba_kd_from_pretrained_vit/failure_images/09230_true-bird_pred-deer.png,false_negative_for_bird;false_positive_for_deer
9254,cifar10_test_09254,/home/tariq/Desktop/Awais-Tariq/base-KD/data/cifar-10-batches-py/test_batch,9254,horse,dog,0.8456940054893494,False,True,/home/tariq/Desktop/Awais-Tariq/base-KD/reports/cifar10_full_audit/mamba_kd_from_pretrained_vit/failure_images/09254_true-horse_pred-dog.png,false_negative_for_horse;false_positive_for_dog
9255,cifar10_test_09255,/home/tariq/Desktop/Awais-Tariq/base-KD/data/cifar-10-batches-py/test_batch,9255,cat,airplane,0.8265253901481628,False,True,/home/tariq/Desktop/Awais-Tariq/base-KD/reports/cifar10_full_audit/mamba_kd_from_pretrained_vit/failure_images/09255_true-cat_pred-airplane.png,false_negative_for_cat;false_positive_for_airplane
9260,cifar10_test_09260,/home/tariq/Desktop/Awais-Tariq/base-KD/data/cifar-10-batches-py/test_batch,9260,dog,cat,0.7988015413284302,False,True,/home/tariq/Desktop/Awais-Tariq/base-KD/reports/cifar10_full_audit/mamba_kd_from_pretrained_vit/failure_images/09260_true-dog_pred-cat.png,false_negative_for_dog;false_positive_for_cat
9269,cifar10_test_09269,/home/tariq/Desktop/Awais-Tariq/base-KD/data/cifar-10-batches-py/test_batch,9269,dog,cat,0.7588552832603455,False,True,/home/tariq/Desktop/Awais-Tariq/base-KD/reports/cifar10_full_audit/mamba_kd_from_pretrained_vit/failure_images/09269_true-dog_pred-cat.png,false_negative_for_dog;false_positive_for_cat
9292,cifar10_test_09292,/home/tariq/Desktop/Awais-Tariq/base-KD/data/cifar-10-batches-py/test_batch,9292,cat,horse,0.9990164041519165,False,True,/home/tariq/Desktop/Awais-Tariq/base-KD/reports/cifar10_full_audit/mamba_kd_from_pretrained_vit/failure_images/09292_true-cat_pred-horse.png,false_negative_for_cat;false_positive_for_horse
9294,cifar10_test_09294,/home/tariq/Desktop/Awais-Tariq/base-KD/data/cifar-10-batches-py/test_batch,9294,frog,cat,0.5982478260993958,False,True,/home/tariq/Desktop/Awais-Tariq/base-KD/reports/cifar10_full_audit/mamba_kd_from_pretrained_vit/failure_images/09294_true-frog_pred-cat.png,false_negative_for_frog;false_positive_for_cat
9295,cifar10_test_09295,/home/tariq/Desktop/Awais-Tariq/base-KD/data/cifar-10-batches-py/test_batch,9295,cat,frog,0.6656844615936279,False,True,/home/tariq/Desktop/Awais-Tariq/base-KD/reports/cifar10_full_audit/mamba_kd_from_pretrained_vit/failure_images/09295_true-cat_pred-frog.png,false_negative_for_cat;false_positive_for_frog
9300,cifar10_test_09300,/home/tariq/Desktop/Awais-Tariq/base-KD/data/cifar-10-batches-py/test_batch,9300,dog,cat,0.9999977350234985,False,True,/home/tariq/Desktop/Awais-Tariq/base-KD/reports/cifar10_full_audit/mamba_kd_from_pretrained_vit/failure_images/09300_true-dog_pred-cat.png,false_negative_for_dog;false_positive_for_cat
9301,cifar10_test_09301,/home/tariq/Desktop/Awais-Tariq/base-KD/data/cifar-10-batches-py/test_batch,9301,horse,dog,0.9924618601799011,False,True,/home/tariq/Desktop/Awais-Tariq/base-KD/reports/cifar10_full_audit/mamba_kd_from_pretrained_vit/failure_images/09301_true-horse_pred-dog.png,false_negative_for_horse;false_positive_for_dog
9305,cifar10_test_09305,/home/tariq/Desktop/Awais-Tariq/base-KD/data/cifar-10-batches-py/test_batch,9305,dog,horse,0.8984385132789612,False,True,/home/tariq/Desktop/Awais-Tariq/base-KD/reports/cifar10_full_audit/mamba_kd_from_pretrained_vit/failure_images/09305_true-dog_pred-horse.png,false_negative_for_dog;false_positive_for_horse
9336,cifar10_test_09336,/home/tariq/Desktop/Awais-Tariq/base-KD/data/cifar-10-batches-py/test_batch,9336,cat,dog,0.967312753200531,False,True,/home/tariq/Desktop/Awais-Tariq/base-KD/reports/cifar10_full_audit/mamba_kd_from_pretrained_vit/failure_images/09336_true-cat_pred-dog.png,false_negative_for_cat;false_positive_for_dog
9346,cifar10_test_09346,/home/tariq/Desktop/Awais-Tariq/base-KD/data/cifar-10-batches-py/test_batch,9346,horse,frog,0.7675805687904358,False,True,/home/tariq/Desktop/Awais-Tariq/base-KD/reports/cifar10_full_audit/mamba_kd_from_pretrained_vit/failure_images/09346_true-horse_pred-frog.png,false_negative_for_horse;false_positive_for_frog
9349,cifar10_test_09349,/home/tariq/Desktop/Awais-Tariq/base-KD/data/cifar-10-batches-py/test_batch,9349,truck,automobile,0.6876938343048096,False,True,/home/tariq/Desktop/Awais-Tariq/base-KD/reports/cifar10_full_audit/mamba_kd_from_pretrained_vit/failure_images/09349_true-truck_pred-automobile.png,false_negative_for_truck;false_positive_for_automobile
9363,cifar10_test_09363,/home/tariq/Desktop/Awais-Tariq/base-KD/data/cifar-10-batches-py/test_batch,9363,dog,cat,0.9067183136940002,False,True,/home/tariq/Desktop/Awais-Tariq/base-KD/reports/cifar10_full_audit/mamba_kd_from_pretrained_vit/failure_images/09363_true-dog_pred-cat.png,false_negative_for_dog;false_positive_for_cat
9369,cifar10_test_09369,/home/tariq/Desktop/Awais-Tariq/base-KD/data/cifar-10-batches-py/test_batch,9369,dog,deer,0.33797553181648254,False,True,/home/tariq/Desktop/Awais-Tariq/base-KD/reports/cifar10_full_audit/mamba_kd_from_pretrained_vit/failure_images/09369_true-dog_pred-deer.png,false_negative_for_dog;false_positive_for_deer
9370,cifar10_test_09370,/home/tariq/Desktop/Awais-Tariq/base-KD/data/cifar-10-batches-py/test_batch,9370,ship,automobile,0.881817102432251,False,True,/home/tariq/Desktop/Awais-Tariq/base-KD/reports/cifar10_full_audit/mamba_kd_from_pretrained_vit/failure_images/09370_true-ship_pred-automobile.png,false_negative_for_ship;false_positive_for_automobile
9376,cifar10_test_09376,/home/tariq/Desktop/Awais-Tariq/base-KD/data/cifar-10-batches-py/test_batch,9376,dog,horse,0.6098312139511108,False,True,/home/tariq/Desktop/Awais-Tariq/base-KD/reports/cifar10_full_audit/mamba_kd_from_pretrained_vit/failure_images/09376_true-dog_pred-horse.png,false_negative_for_dog;false_positive_for_horse
9385,cifar10_test_09385,/home/tariq/Desktop/Awais-Tariq/base-KD/data/cifar-10-batches-py/test_batch,9385,horse,cat,0.8227609992027283,False,True,/home/tariq/Desktop/Awais-Tariq/base-KD/reports/cifar10_full_audit/mamba_kd_from_pretrained_vit/failure_images/09385_true-horse_pred-cat.png,false_negative_for_horse;false_positive_for_cat
9386,cifar10_test_09386,/home/tariq/Desktop/Awais-Tariq/base-KD/data/cifar-10-batches-py/test_batch,9386,deer,bird,0.999244213104248,False,True,/home/tariq/Desktop/Awais-Tariq/base-KD/reports/cifar10_full_audit/mamba_kd_from_pretrained_vit/failure_images/09386_true-deer_pred-bird.png,false_negative_for_deer;false_positive_for_bird
9414,cifar10_test_09414,/home/tariq/Desktop/Awais-Tariq/base-KD/data/cifar-10-batches-py/test_batch,9414,dog,cat,0.999929666519165,False,True,/home/tariq/Desktop/Awais-Tariq/base-KD/reports/cifar10_full_audit/mamba_kd_from_pretrained_vit/failure_images/09414_true-dog_pred-cat.png,false_negative_for_dog;false_positive_for_cat
9421,cifar10_test_09421,/home/tariq/Desktop/Awais-Tariq/base-KD/data/cifar-10-batches-py/test_batch,9421,automobile,truck,0.9901727437973022,False,True,/home/tariq/Desktop/Awais-Tariq/base-KD/reports/cifar10_full_audit/mamba_kd_from_pretrained_vit/failure_images/09421_true-automobile_pred-truck.png,false_negative_for_automobile;false_positive_for_truck
9429,cifar10_test_09429,/home/tariq/Desktop/Awais-Tariq/base-KD/data/cifar-10-batches-py/test_batch,9429,deer,bird,0.8415358662605286,False,True,/home/tariq/Desktop/Awais-Tariq/base-KD/reports/cifar10_full_audit/mamba_kd_from_pretrained_vit/failure_images/09429_true-deer_pred-bird.png,false_negative_for_deer;false_positive_for_bird
9430,cifar10_test_09430,/home/tariq/Desktop/Awais-Tariq/base-KD/data/cifar-10-batches-py/test_batch,9430,frog,deer,0.8165432810783386,False,True,/home/tariq/Desktop/Awais-Tariq/base-KD/reports/cifar10_full_audit/mamba_kd_from_pretrained_vit/failure_images/09430_true-frog_pred-deer.png,false_negative_for_frog;false_positive_for_deer
9431,cifar10_test_09431,/home/tariq/Desktop/Awais-Tariq/base-KD/data/cifar-10-batches-py/test_batch,9431,cat,dog,0.9996353387832642,False,True,/home/tariq/Desktop/Awais-Tariq/base-KD/reports/cifar10_full_audit/mamba_kd_from_pretrained_vit/failure_images/09431_true-cat_pred-dog.png,false_negative_for_cat;false_positive_for_dog
9434,cifar10_test_09434,/home/tariq/Desktop/Awais-Tariq/base-KD/data/cifar-10-batches-py/test_batch,9434,horse,dog,0.9276072978973389,False,True,/home/tariq/Desktop/Awais-Tariq/base-KD/reports/cifar10_full_audit/mamba_kd_from_pretrained_vit/failure_images/09434_true-horse_pred-dog.png,false_negative_for_horse;false_positive_for_dog
9449,cifar10_test_09449,/home/tariq/Desktop/Awais-Tariq/base-KD/data/cifar-10-batches-py/test_batch,9449,truck,automobile,0.6460281014442444,False,True,/home/tariq/Desktop/Awais-Tariq/base-KD/reports/cifar10_full_audit/mamba_kd_from_pretrained_vit/failure_images/09449_true-truck_pred-automobile.png,false_negative_for_truck;false_positive_for_automobile
9467,cifar10_test_09467,/home/tariq/Desktop/Awais-Tariq/base-KD/data/cifar-10-batches-py/test_batch,9467,bird,horse,0.9938030242919922,False,True,/home/tariq/Desktop/Awais-Tariq/base-KD/reports/cifar10_full_audit/mamba_kd_from_pretrained_vit/failure_images/09467_true-bird_pred-horse.png,false_negative_for_bird;false_positive_for_horse
9497,cifar10_test_09497,/home/tariq/Desktop/Awais-Tariq/base-KD/data/cifar-10-batches-py/test_batch,9497,cat,airplane,0.5668448209762573,False,True,/home/tariq/Desktop/Awais-Tariq/base-KD/reports/cifar10_full_audit/mamba_kd_from_pretrained_vit/failure_images/09497_true-cat_pred-airplane.png,false_negative_for_cat;false_positive_for_airplane
9501,cifar10_test_09501,/home/tariq/Desktop/Awais-Tariq/base-KD/data/cifar-10-batches-py/test_batch,9501,frog,bird,0.9956320524215698,False,True,/home/tariq/Desktop/Awais-Tariq/base-KD/reports/cifar10_full_audit/mamba_kd_from_pretrained_vit/failure_images/09501_true-frog_pred-bird.png,false_negative_for_frog;false_positive_for_bird
9506,cifar10_test_09506,/home/tariq/Desktop/Awais-Tariq/base-KD/data/cifar-10-batches-py/test_batch,9506,deer,automobile,0.9878582954406738,False,True,/home/tariq/Desktop/Awais-Tariq/base-KD/reports/cifar10_full_audit/mamba_kd_from_pretrained_vit/failure_images/09506_true-deer_pred-automobile.png,false_negative_for_deer;false_positive_for_automobile
9507,cifar10_test_09507,/home/tariq/Desktop/Awais-Tariq/base-KD/data/cifar-10-batches-py/test_batch,9507,airplane,ship,1.0,False,True,/home/tariq/Desktop/Awais-Tariq/base-KD/reports/cifar10_full_audit/mamba_kd_from_pretrained_vit/failure_images/09507_true-airplane_pred-ship.png,false_negative_for_airplane;false_positive_for_ship
9518,cifar10_test_09518,/home/tariq/Desktop/Awais-Tariq/base-KD/data/cifar-10-batches-py/test_batch,9518,truck,automobile,0.9999427795410156,False,True,/home/tariq/Desktop/Awais-Tariq/base-KD/reports/cifar10_full_audit/mamba_kd_from_pretrained_vit/failure_images/09518_true-truck_pred-automobile.png,false_negative_for_truck;false_positive_for_automobile
9535,cifar10_test_09535,/home/tariq/Desktop/Awais-Tariq/base-KD/data/cifar-10-batches-py/test_batch,9535,automobile,cat,0.6916565299034119,False,False,/home/tariq/Desktop/Awais-Tariq/base-KD/reports/cifar10_full_audit/mamba_kd_from_pretrained_vit/failure_images/09535_true-automobile_pred-cat.png,false_negative_for_automobile;false_positive_for_cat
9563,cifar10_test_09563,/home/tariq/Desktop/Awais-Tariq/base-KD/data/cifar-10-batches-py/test_batch,9563,automobile,cat,0.8418931365013123,False,True,/home/tariq/Desktop/Awais-Tariq/base-KD/reports/cifar10_full_audit/mamba_kd_from_pretrained_vit/failure_images/09563_true-automobile_pred-cat.png,false_negative_for_automobile;false_positive_for_cat
9587,cifar10_test_09587,/home/tariq/Desktop/Awais-Tariq/base-KD/data/cifar-10-batches-py/test_batch,9587,horse,dog,0.9964700937271118,False,True,/home/tariq/Desktop/Awais-Tariq/base-KD/reports/cifar10_full_audit/mamba_kd_from_pretrained_vit/failure_images/09587_true-horse_pred-dog.png,false_negative_for_horse;false_positive_for_dog
9606,cifar10_test_09606,/home/tariq/Desktop/Awais-Tariq/base-KD/data/cifar-10-batches-py/test_batch,9606,frog,airplane,0.9639853239059448,False,True,/home/tariq/Desktop/Awais-Tariq/base-KD/reports/cifar10_full_audit/mamba_kd_from_pretrained_vit/failure_images/09606_true-frog_pred-airplane.png,false_negative_for_frog;false_positive_for_airplane
9622,cifar10_test_09622,/home/tariq/Desktop/Awais-Tariq/base-KD/data/cifar-10-batches-py/test_batch,9622,dog,cat,0.6823245882987976,False,True,/home/tariq/Desktop/Awais-Tariq/base-KD/reports/cifar10_full_audit/mamba_kd_from_pretrained_vit/failure_images/09622_true-dog_pred-cat.png,false_negative_for_dog;false_positive_for_cat
9633,cifar10_test_09633,/home/tariq/Desktop/Awais-Tariq/base-KD/data/cifar-10-batches-py/test_batch,9633,airplane,cat,0.6798412799835205,False,True,/home/tariq/Desktop/Awais-Tariq/base-KD/reports/cifar10_full_audit/mamba_kd_from_pretrained_vit/failure_images/09633_true-airplane_pred-cat.png,false_negative_for_airplane;false_positive_for_cat
9641,cifar10_test_09641,/home/tariq/Desktop/Awais-Tariq/base-KD/data/cifar-10-batches-py/test_batch,9641,frog,cat,0.9999855756759644,False,True,/home/tariq/Desktop/Awais-Tariq/base-KD/reports/cifar10_full_audit/mamba_kd_from_pretrained_vit/failure_images/09641_true-frog_pred-cat.png,false_negative_for_frog;false_positive_for_cat
9643,cifar10_test_09643,/home/tariq/Desktop/Awais-Tariq/base-KD/data/cifar-10-batches-py/test_batch,9643,truck,airplane,0.9976186156272888,False,True,/home/tariq/Desktop/Awais-Tariq/base-KD/reports/cifar10_full_audit/mamba_kd_from_pretrained_vit/failure_images/09643_true-truck_pred-airplane.png,false_negative_for_truck;false_positive_for_airplane
9646,cifar10_test_09646,/home/tariq/Desktop/Awais-Tariq/base-KD/data/cifar-10-batches-py/test_batch,9646,dog,cat,0.5995544791221619,False,True,/home/tariq/Desktop/Awais-Tariq/base-KD/reports/cifar10_full_audit/mamba_kd_from_pretrained_vit/failure_images/09646_true-dog_pred-cat.png,false_negative_for_dog;false_positive_for_cat
9665,cifar10_test_09665,/home/tariq/Desktop/Awais-Tariq/base-KD/data/cifar-10-batches-py/test_batch,9665,cat,dog,0.9999996423721313,False,True,/home/tariq/Desktop/Awais-Tariq/base-KD/reports/cifar10_full_audit/mamba_kd_from_pretrained_vit/failure_images/09665_true-cat_pred-dog.png,false_negative_for_cat;false_positive_for_dog
9678,cifar10_test_09678,/home/tariq/Desktop/Awais-Tariq/base-KD/data/cifar-10-batches-py/test_batch,9678,cat,bird,0.6024472713470459,False,True,/home/tariq/Desktop/Awais-Tariq/base-KD/reports/cifar10_full_audit/mamba_kd_from_pretrained_vit/failure_images/09678_true-cat_pred-bird.png,false_negative_for_cat;false_positive_for_bird
9704,cifar10_test_09704,/home/tariq/Desktop/Awais-Tariq/base-KD/data/cifar-10-batches-py/test_batch,9704,bird,cat,0.6434512138366699,False,True,/home/tariq/Desktop/Awais-Tariq/base-KD/reports/cifar10_full_audit/mamba_kd_from_pretrained_vit/failure_images/09704_true-bird_pred-cat.png,false_negative_for_bird;false_positive_for_cat
9707,cifar10_test_09707,/home/tariq/Desktop/Awais-Tariq/base-KD/data/cifar-10-batches-py/test_batch,9707,dog,horse,0.984973669052124,False,True,/home/tariq/Desktop/Awais-Tariq/base-KD/reports/cifar10_full_audit/mamba_kd_from_pretrained_vit/failure_images/09707_true-dog_pred-horse.png,false_negative_for_dog;false_positive_for_horse
9734,cifar10_test_09734,/home/tariq/Desktop/Awais-Tariq/base-KD/data/cifar-10-batches-py/test_batch,9734,deer,horse,0.5548799633979797,False,True,/home/tariq/Desktop/Awais-Tariq/base-KD/reports/cifar10_full_audit/mamba_kd_from_pretrained_vit/failure_images/09734_true-deer_pred-horse.png,false_negative_for_deer;false_positive_for_horse
9744,cifar10_test_09744,/home/tariq/Desktop/Awais-Tariq/base-KD/data/cifar-10-batches-py/test_batch,9744,automobile,truck,0.616950511932373,False,True,/home/tariq/Desktop/Awais-Tariq/base-KD/reports/cifar10_full_audit/mamba_kd_from_pretrained_vit/failure_images/09744_true-automobile_pred-truck.png,false_negative_for_automobile;false_positive_for_truck
9746,cifar10_test_09746,/home/tariq/Desktop/Awais-Tariq/base-KD/data/cifar-10-batches-py/test_batch,9746,bird,airplane,0.7604911923408508,False,True,/home/tariq/Desktop/Awais-Tariq/base-KD/reports/cifar10_full_audit/mamba_kd_from_pretrained_vit/failure_images/09746_true-bird_pred-airplane.png,false_negative_for_bird;false_positive_for_airplane
9750,cifar10_test_09750,/home/tariq/Desktop/Awais-Tariq/base-KD/data/cifar-10-batches-py/test_batch,9750,bird,frog,0.5374624729156494,False,True,/home/tariq/Desktop/Awais-Tariq/base-KD/reports/cifar10_full_audit/mamba_kd_from_pretrained_vit/failure_images/09750_true-bird_pred-frog.png,false_negative_for_bird;false_positive_for_frog
9753,cifar10_test_09753,/home/tariq/Desktop/Awais-Tariq/base-KD/data/cifar-10-batches-py/test_batch,9753,cat,dog,0.9949265718460083,False,True,/home/tariq/Desktop/Awais-Tariq/base-KD/reports/cifar10_full_audit/mamba_kd_from_pretrained_vit/failure_images/09753_true-cat_pred-dog.png,false_negative_for_cat;false_positive_for_dog
9787,cifar10_test_09787,/home/tariq/Desktop/Awais-Tariq/base-KD/data/cifar-10-batches-py/test_batch,9787,ship,airplane,0.5935978293418884,False,True,/home/tariq/Desktop/Awais-Tariq/base-KD/reports/cifar10_full_audit/mamba_kd_from_pretrained_vit/failure_images/09787_true-ship_pred-airplane.png,false_negative_for_ship;false_positive_for_airplane
9791,cifar10_test_09791,/home/tariq/Desktop/Awais-Tariq/base-KD/data/cifar-10-batches-py/test_batch,9791,truck,frog,0.9984075427055359,False,True,/home/tariq/Desktop/Awais-Tariq/base-KD/reports/cifar10_full_audit/mamba_kd_from_pretrained_vit/failure_images/09791_true-truck_pred-frog.png,false_negative_for_truck;false_positive_for_frog
9793,cifar10_test_09793,/home/tariq/Desktop/Awais-Tariq/base-KD/data/cifar-10-batches-py/test_batch,9793,bird,dog,0.9708707928657532,False,False,/home/tariq/Desktop/Awais-Tariq/base-KD/reports/cifar10_full_audit/mamba_kd_from_pretrained_vit/failure_images/09793_true-bird_pred-dog.png,false_negative_for_bird;false_positive_for_dog
9794,cifar10_test_09794,/home/tariq/Desktop/Awais-Tariq/base-KD/data/cifar-10-batches-py/test_batch,9794,automobile,airplane,0.9485418200492859,False,True,/home/tariq/Desktop/Awais-Tariq/base-KD/reports/cifar10_full_audit/mamba_kd_from_pretrained_vit/failure_images/09794_true-automobile_pred-airplane.png,false_negative_for_automobile;false_positive_for_airplane
9812,cifar10_test_09812,/home/tariq/Desktop/Awais-Tariq/base-KD/data/cifar-10-batches-py/test_batch,9812,cat,ship,0.9630769491195679,False,True,/home/tariq/Desktop/Awais-Tariq/base-KD/reports/cifar10_full_audit/mamba_kd_from_pretrained_vit/failure_images/09812_true-cat_pred-ship.png,false_negative_for_cat;false_positive_for_ship
9817,cifar10_test_09817,/home/tariq/Desktop/Awais-Tariq/base-KD/data/cifar-10-batches-py/test_batch,9817,truck,automobile,0.9642283320426941,False,True,/home/tariq/Desktop/Awais-Tariq/base-KD/reports/cifar10_full_audit/mamba_kd_from_pretrained_vit/failure_images/09817_true-truck_pred-automobile.png,false_negative_for_truck;false_positive_for_automobile
9819,cifar10_test_09819,/home/tariq/Desktop/Awais-Tariq/base-KD/data/cifar-10-batches-py/test_batch,9819,cat,dog,0.9991756081581116,False,True,/home/tariq/Desktop/Awais-Tariq/base-KD/reports/cifar10_full_audit/mamba_kd_from_pretrained_vit/failure_images/09819_true-cat_pred-dog.png,false_negative_for_cat;false_positive_for_dog
9832,cifar10_test_09832,/home/tariq/Desktop/Awais-Tariq/base-KD/data/cifar-10-batches-py/test_batch,9832,bird,frog,0.9862513542175293,False,False,/home/tariq/Desktop/Awais-Tariq/base-KD/reports/cifar10_full_audit/mamba_kd_from_pretrained_vit/failure_images/09832_true-bird_pred-frog.png,false_negative_for_bird;false_positive_for_frog
9840,cifar10_test_09840,/home/tariq/Desktop/Awais-Tariq/base-KD/data/cifar-10-batches-py/test_batch,9840,deer,horse,0.9572567939758301,False,True,/home/tariq/Desktop/Awais-Tariq/base-KD/reports/cifar10_full_audit/mamba_kd_from_pretrained_vit/failure_images/09840_true-deer_pred-horse.png,false_negative_for_deer;false_positive_for_horse
9853,cifar10_test_09853,/home/tariq/Desktop/Awais-Tariq/base-KD/data/cifar-10-batches-py/test_batch,9853,dog,cat,0.9952713847160339,False,True,/home/tariq/Desktop/Awais-Tariq/base-KD/reports/cifar10_full_audit/mamba_kd_from_pretrained_vit/failure_images/09853_true-dog_pred-cat.png,false_negative_for_dog;false_positive_for_cat
9857,cifar10_test_09857,/home/tariq/Desktop/Awais-Tariq/base-KD/data/cifar-10-batches-py/test_batch,9857,airplane,automobile,0.9274252653121948,False,True,/home/tariq/Desktop/Awais-Tariq/base-KD/reports/cifar10_full_audit/mamba_kd_from_pretrained_vit/failure_images/09857_true-airplane_pred-automobile.png,false_negative_for_airplane;false_positive_for_automobile
9862,cifar10_test_09862,/home/tariq/Desktop/Awais-Tariq/base-KD/data/cifar-10-batches-py/test_batch,9862,cat,frog,0.9638236165046692,False,True,/home/tariq/Desktop/Awais-Tariq/base-KD/reports/cifar10_full_audit/mamba_kd_from_pretrained_vit/failure_images/09862_true-cat_pred-frog.png,false_negative_for_cat;false_positive_for_frog
9901,cifar10_test_09901,/home/tariq/Desktop/Awais-Tariq/base-KD/data/cifar-10-batches-py/test_batch,9901,cat,dog,0.9914003610610962,False,True,/home/tariq/Desktop/Awais-Tariq/base-KD/reports/cifar10_full_audit/mamba_kd_from_pretrained_vit/failure_images/09901_true-cat_pred-dog.png,false_negative_for_cat;false_positive_for_dog
9910,cifar10_test_09910,/home/tariq/Desktop/Awais-Tariq/base-KD/data/cifar-10-batches-py/test_batch,9910,deer,horse,0.9980816841125488,False,True,/home/tariq/Desktop/Awais-Tariq/base-KD/reports/cifar10_full_audit/mamba_kd_from_pretrained_vit/failure_images/09910_true-deer_pred-horse.png,false_negative_for_deer;false_positive_for_horse
9918,cifar10_test_09918,/home/tariq/Desktop/Awais-Tariq/base-KD/data/cifar-10-batches-py/test_batch,9918,dog,truck,0.9970621466636658,False,True,/home/tariq/Desktop/Awais-Tariq/base-KD/reports/cifar10_full_audit/mamba_kd_from_pretrained_vit/failure_images/09918_true-dog_pred-truck.png,false_negative_for_dog;false_positive_for_truck
9926,cifar10_test_09926,/home/tariq/Desktop/Awais-Tariq/base-KD/data/cifar-10-batches-py/test_batch,9926,cat,airplane,0.9607326984405518,False,True,/home/tariq/Desktop/Awais-Tariq/base-KD/reports/cifar10_full_audit/mamba_kd_from_pretrained_vit/failure_images/09926_true-cat_pred-airplane.png,false_negative_for_cat;false_positive_for_airplane
9953,cifar10_test_09953,/home/tariq/Desktop/Awais-Tariq/base-KD/data/cifar-10-batches-py/test_batch,9953,horse,dog,0.5459396839141846,False,True,/home/tariq/Desktop/Awais-Tariq/base-KD/reports/cifar10_full_audit/mamba_kd_from_pretrained_vit/failure_images/09953_true-horse_pred-dog.png,false_negative_for_horse;false_positive_for_dog
9956,cifar10_test_09956,/home/tariq/Desktop/Awais-Tariq/base-KD/data/cifar-10-batches-py/test_batch,9956,airplane,bird,0.6297684907913208,False,True,/home/tariq/Desktop/Awais-Tariq/base-KD/reports/cifar10_full_audit/mamba_kd_from_pretrained_vit/failure_images/09956_true-airplane_pred-bird.png,false_negative_for_airplane;false_positive_for_bird
9960,cifar10_test_09960,/home/tariq/Desktop/Awais-Tariq/base-KD/data/cifar-10-batches-py/test_batch,9960,bird,airplane,0.9627487659454346,False,True,/home/tariq/Desktop/Awais-Tariq/base-KD/reports/cifar10_full_audit/mamba_kd_from_pretrained_vit/failure_images/09960_true-bird_pred-airplane.png,false_negative_for_bird;false_positive_for_airplane
9968,cifar10_test_09968,/home/tariq/Desktop/Awais-Tariq/base-KD/data/cifar-10-batches-py/test_batch,9968,cat,dog,0.9882780909538269,False,True,/home/tariq/Desktop/Awais-Tariq/base-KD/reports/cifar10_full_audit/mamba_kd_from_pretrained_vit/failure_images/09968_true-cat_pred-dog.png,false_negative_for_cat;false_positive_for_dog
9989,cifar10_test_09989,/home/tariq/Desktop/Awais-Tariq/base-KD/data/cifar-10-batches-py/test_batch,9989,bird,deer,0.9998840093612671,False,True,/home/tariq/Desktop/Awais-Tariq/base-KD/reports/cifar10_full_audit/mamba_kd_from_pretrained_vit/failure_images/09989_true-bird_pred-deer.png,false_negative_for_bird;false_positive_for_deer
