test_index,image_id,source_path,source_record_index,true_class,predicted_class,confidence,top1_correct,top5_correct,saved_image,error_type
2,cifar10_test_00002,/home/tariq/Desktop/Awais-Tariq/base-KD/data/cifar-10-batches-py/test_batch,2,ship,airplane,0.6490621566772461,False,True,/home/tariq/Desktop/Awais-Tariq/base-KD/reports/cifar10_full_audit/vit_scratch/failure_images/00002_true-ship_pred-airplane.png,false_negative_for_ship;false_positive_for_airplane
6,cifar10_test_00006,/home/tariq/Desktop/Awais-Tariq/base-KD/data/cifar-10-batches-py/test_batch,6,automobile,dog,0.8882904052734375,False,True,/home/tariq/Desktop/Awais-Tariq/base-KD/reports/cifar10_full_audit/vit_scratch/failure_images/00006_true-automobile_pred-dog.png,false_negative_for_automobile;false_positive_for_dog
27,cifar10_test_00027,/home/tariq/Desktop/Awais-Tariq/base-KD/data/cifar-10-batches-py/test_batch,27,airplane,frog,0.8292045593261719,False,False,/home/tariq/Desktop/Awais-Tariq/base-KD/reports/cifar10_full_audit/vit_scratch/failure_images/00027_true-airplane_pred-frog.png,false_negative_for_airplane;false_positive_for_frog
35,cifar10_test_00035,/home/tariq/Desktop/Awais-Tariq/base-KD/data/cifar-10-batches-py/test_batch,35,bird,cat,0.5365921854972839,False,False,/home/tariq/Desktop/Awais-Tariq/base-KD/reports/cifar10_full_audit/vit_scratch/failure_images/00035_true-bird_pred-cat.png,false_negative_for_bird;false_positive_for_cat
36,cifar10_test_00036,/home/tariq/Desktop/Awais-Tariq/base-KD/data/cifar-10-batches-py/test_batch,36,deer,horse,0.9559328556060791,False,True,/home/tariq/Desktop/Awais-Tariq/base-KD/reports/cifar10_full_audit/vit_scratch/failure_images/00036_true-deer_pred-horse.png,false_negative_for_deer;false_positive_for_horse
46,cifar10_test_00046,/home/tariq/Desktop/Awais-Tariq/base-KD/data/cifar-10-batches-py/test_batch,46,cat,dog,0.9195250272750854,False,True,/home/tariq/Desktop/Awais-Tariq/base-KD/reports/cifar10_full_audit/vit_scratch/failure_images/00046_true-cat_pred-dog.png,false_negative_for_cat;false_positive_for_dog
52,cifar10_test_00052,/home/tariq/Desktop/Awais-Tariq/base-KD/data/cifar-10-batches-py/test_batch,52,airplane,frog,0.6783310174942017,False,True,/home/tariq/Desktop/Awais-Tariq/base-KD/reports/cifar10_full_audit/vit_scratch/failure_images/00052_true-airplane_pred-frog.png,false_negative_for_airplane;false_positive_for_frog
57,cifar10_test_00057,/home/tariq/Desktop/Awais-Tariq/base-KD/data/cifar-10-batches-py/test_batch,57,horse,cat,0.8625379204750061,False,False,/home/tariq/Desktop/Awais-Tariq/base-KD/reports/cifar10_full_audit/vit_scratch/failure_images/00057_true-horse_pred-cat.png,false_negative_for_horse;false_positive_for_cat
58,cifar10_test_00058,/home/tariq/Desktop/Awais-Tariq/base-KD/data/cifar-10-batches-py/test_batch,58,deer,frog,0.9834270477294922,False,True,/home/tariq/Desktop/Awais-Tariq/base-KD/reports/cifar10_full_audit/vit_scratch/failure_images/00058_true-deer_pred-frog.png,false_negative_for_deer;false_positive_for_frog
59,cifar10_test_00059,/home/tariq/Desktop/Awais-Tariq/base-KD/data/cifar-10-batches-py/test_batch,59,frog,dog,0.5030473470687866,False,True,/home/tariq/Desktop/Awais-Tariq/base-KD/reports/cifar10_full_audit/vit_scratch/failure_images/00059_true-frog_pred-dog.png,false_negative_for_frog;false_positive_for_dog
68,cifar10_test_00068,/home/tariq/Desktop/Awais-Tariq/base-KD/data/cifar-10-batches-py/test_batch,68,cat,deer,0.859287440776825,False,True,/home/tariq/Desktop/Awais-Tariq/base-KD/reports/cifar10_full_audit/vit_scratch/failure_images/00068_true-cat_pred-deer.png,false_negative_for_cat;false_positive_for_deer
71,cifar10_test_00071,/home/tariq/Desktop/Awais-Tariq/base-KD/data/cifar-10-batches-py/test_batch,71,frog,cat,0.9907399415969849,False,True,/home/tariq/Desktop/Awais-Tariq/base-KD/reports/cifar10_full_audit/vit_scratch/failure_images/00071_true-frog_pred-cat.png,false_negative_for_frog;false_positive_for_cat
77,cifar10_test_00077,/home/tariq/Desktop/Awais-Tariq/base-KD/data/cifar-10-batches-py/test_batch,77,cat,dog,0.8225728869438171,False,True,/home/tariq/Desktop/Awais-Tariq/base-KD/reports/cifar10_full_audit/vit_scratch/failure_images/00077_true-cat_pred-dog.png,false_negative_for_cat;false_positive_for_dog
78,cifar10_test_00078,/home/tariq/Desktop/Awais-Tariq/base-KD/data/cifar-10-batches-py/test_batch,78,cat,dog,0.9936732053756714,False,True,/home/tariq/Desktop/Awais-Tariq/base-KD/reports/cifar10_full_audit/vit_scratch/failure_images/00078_true-cat_pred-dog.png,false_negative_for_cat;false_positive_for_dog
81,cifar10_test_00081,/home/tariq/Desktop/Awais-Tariq/base-KD/data/cifar-10-batches-py/test_batch,81,automobile,truck,0.7802392840385437,False,True,/home/tariq/Desktop/Awais-Tariq/base-KD/reports/cifar10_full_audit/vit_scratch/failure_images/00081_true-automobile_pred-truck.png,false_negative_for_automobile;false_positive_for_truck
85,cifar10_test_00085,/home/tariq/Desktop/Awais-Tariq/base-KD/data/cifar-10-batches-py/test_batch,85,dog,horse,0.4198792576789856,False,True,/home/tariq/Desktop/Awais-Tariq/base-KD/reports/cifar10_full_audit/vit_scratch/failure_images/00085_true-dog_pred-horse.png,false_negative_for_dog;false_positive_for_horse
101,cifar10_test_00101,/home/tariq/Desktop/Awais-Tariq/base-KD/data/cifar-10-batches-py/test_batch,101,dog,deer,0.9825129508972168,False,True,/home/tariq/Desktop/Awais-Tariq/base-KD/reports/cifar10_full_audit/vit_scratch/failure_images/00101_true-dog_pred-deer.png,false_negative_for_dog;false_positive_for_deer
108,cifar10_test_00108,/home/tariq/Desktop/Awais-Tariq/base-KD/data/cifar-10-batches-py/test_batch,108,ship,cat,0.45012110471725464,False,True,/home/tariq/Desktop/Awais-Tariq/base-KD/reports/cifar10_full_audit/vit_scratch/failure_images/00108_true-ship_pred-cat.png,false_negative_for_ship;false_positive_for_cat
117,cifar10_test_00117,/home/tariq/Desktop/Awais-Tariq/base-KD/data/cifar-10-batches-py/test_batch,117,deer,horse,0.5949572324752808,False,True,/home/tariq/Desktop/Awais-Tariq/base-KD/reports/cifar10_full_audit/vit_scratch/failure_images/00117_true-deer_pred-horse.png,false_negative_for_deer;false_positive_for_horse
118,cifar10_test_00118,/home/tariq/Desktop/Awais-Tariq/base-KD/data/cifar-10-batches-py/test_batch,118,bird,cat,0.9810173511505127,False,False,/home/tariq/Desktop/Awais-Tariq/base-KD/reports/cifar10_full_audit/vit_scratch/failure_images/00118_true-bird_pred-cat.png,false_negative_for_bird;false_positive_for_cat
125,cifar10_test_00125,/home/tariq/Desktop/Awais-Tariq/base-KD/data/cifar-10-batches-py/test_batch,125,airplane,bird,0.5763949155807495,False,True,/home/tariq/Desktop/Awais-Tariq/base-KD/reports/cifar10_full_audit/vit_scratch/failure_images/00125_true-airplane_pred-bird.png,false_negative_for_airplane;false_positive_for_bird
127,cifar10_test_00127,/home/tariq/Desktop/Awais-Tariq/base-KD/data/cifar-10-batches-py/test_batch,127,cat,frog,0.9682860970497131,False,True,/home/tariq/Desktop/Awais-Tariq/base-KD/reports/cifar10_full_audit/vit_scratch/failure_images/00127_true-cat_pred-frog.png,false_negative_for_cat;false_positive_for_frog
129,cifar10_test_00129,/home/tariq/Desktop/Awais-Tariq/base-KD/data/cifar-10-batches-py/test_batch,129,bird,airplane,0.9727373719215393,False,True,/home/tariq/Desktop/Awais-Tariq/base-KD/reports/cifar10_full_audit/vit_scratch/failure_images/00129_true-bird_pred-airplane.png,false_negative_for_bird;false_positive_for_airplane
139,cifar10_test_00139,/home/tariq/Desktop/Awais-Tariq/base-KD/data/cifar-10-batches-py/test_batch,139,truck,ship,0.9999939203262329,False,True,/home/tariq/Desktop/Awais-Tariq/base-KD/reports/cifar10_full_audit/vit_scratch/failure_images/00139_true-truck_pred-ship.png,false_negative_for_truck;false_positive_for_ship
145,cifar10_test_00145,/home/tariq/Desktop/Awais-Tariq/base-KD/data/cifar-10-batches-py/test_batch,145,horse,cat,0.7770205140113831,False,True,/home/tariq/Desktop/Awais-Tariq/base-KD/reports/cifar10_full_audit/vit_scratch/failure_images/00145_true-horse_pred-cat.png,false_negative_for_horse;false_positive_for_cat
147,cifar10_test_00147,/home/tariq/Desktop/Awais-Tariq/base-KD/data/cifar-10-batches-py/test_batch,147,bird,cat,0.5435674786567688,False,False,/home/tariq/Desktop/Awais-Tariq/base-KD/reports/cifar10_full_audit/vit_scratch/failure_images/00147_true-bird_pred-cat.png,false_negative_for_bird;false_positive_for_cat
149,cifar10_test_00149,/home/tariq/Desktop/Awais-Tariq/base-KD/data/cifar-10-batches-py/test_batch,149,bird,cat,0.5234233736991882,False,True,/home/tariq/Desktop/Awais-Tariq/base-KD/reports/cifar10_full_audit/vit_scratch/failure_images/00149_true-bird_pred-cat.png,false_negative_for_bird;false_positive_for_cat
150,cifar10_test_00150,/home/tariq/Desktop/Awais-Tariq/base-KD/data/cifar-10-batches-py/test_batch,150,ship,airplane,0.9758086204528809,False,True,/home/tariq/Desktop/Awais-Tariq/base-KD/reports/cifar10_full_audit/vit_scratch/failure_images/00150_true-ship_pred-airplane.png,false_negative_for_ship;false_positive_for_airplane
164,cifar10_test_00164,/home/tariq/Desktop/Awais-Tariq/base-KD/data/cifar-10-batches-py/test_batch,164,ship,airplane,0.7357725501060486,False,True,/home/tariq/Desktop/Awais-Tariq/base-KD/reports/cifar10_full_audit/vit_scratch/failure_images/00164_true-ship_pred-airplane.png,false_negative_for_ship;false_positive_for_airplane
165,cifar10_test_00165,/home/tariq/Desktop/Awais-Tariq/base-KD/data/cifar-10-batches-py/test_batch,165,deer,bird,0.9770259261131287,False,True,/home/tariq/Desktop/Awais-Tariq/base-KD/reports/cifar10_full_audit/vit_scratch/failure_images/00165_true-deer_pred-bird.png,false_negative_for_deer;false_positive_for_bird
169,cifar10_test_00169,/home/tariq/Desktop/Awais-Tariq/base-KD/data/cifar-10-batches-py/test_batch,169,airplane,ship,0.6704633831977844,False,True,/home/tariq/Desktop/Awais-Tariq/base-KD/reports/cifar10_full_audit/vit_scratch/failure_images/00169_true-airplane_pred-ship.png,false_negative_for_airplane;false_positive_for_ship
171,cifar10_test_00171,/home/tariq/Desktop/Awais-Tariq/base-KD/data/cifar-10-batches-py/test_batch,171,truck,horse,0.6689960956573486,False,True,/home/tariq/Desktop/Awais-Tariq/base-KD/reports/cifar10_full_audit/vit_scratch/failure_images/00171_true-truck_pred-horse.png,false_negative_for_truck;false_positive_for_horse
178,cifar10_test_00178,/home/tariq/Desktop/Awais-Tariq/base-KD/data/cifar-10-batches-py/test_batch,178,dog,cat,0.9166356921195984,False,True,/home/tariq/Desktop/Awais-Tariq/base-KD/reports/cifar10_full_audit/vit_scratch/failure_images/00178_true-dog_pred-cat.png,false_negative_for_dog;false_positive_for_cat
188,cifar10_test_00188,/home/tariq/Desktop/Awais-Tariq/base-KD/data/cifar-10-batches-py/test_batch,188,deer,cat,0.9999032020568848,False,True,/home/tariq/Desktop/Awais-Tariq/base-KD/reports/cifar10_full_audit/vit_scratch/failure_images/00188_true-deer_pred-cat.png,false_negative_for_deer;false_positive_for_cat
195,cifar10_test_00195,/home/tariq/Desktop/Awais-Tariq/base-KD/data/cifar-10-batches-py/test_batch,195,bird,deer,0.9993430972099304,False,True,/home/tariq/Desktop/Awais-Tariq/base-KD/reports/cifar10_full_audit/vit_scratch/failure_images/00195_true-bird_pred-deer.png,false_negative_for_bird;false_positive_for_deer
201,cifar10_test_00201,/home/tariq/Desktop/Awais-Tariq/base-KD/data/cifar-10-batches-py/test_batch,201,automobile,airplane,0.702755331993103,False,True,/home/tariq/Desktop/Awais-Tariq/base-KD/reports/cifar10_full_audit/vit_scratch/failure_images/00201_true-automobile_pred-airplane.png,false_negative_for_automobile;false_positive_for_airplane
206,cifar10_test_00206,/home/tariq/Desktop/Awais-Tariq/base-KD/data/cifar-10-batches-py/test_batch,206,airplane,bird,0.5005252957344055,False,True,/home/tariq/Desktop/Awais-Tariq/base-KD/reports/cifar10_full_audit/vit_scratch/failure_images/00206_true-airplane_pred-bird.png,false_negative_for_airplane;false_positive_for_bird
210,cifar10_test_00210,/home/tariq/Desktop/Awais-Tariq/base-KD/data/cifar-10-batches-py/test_batch,210,horse,deer,0.9202726483345032,False,True,/home/tariq/Desktop/Awais-Tariq/base-KD/reports/cifar10_full_audit/vit_scratch/failure_images/00210_true-horse_pred-deer.png,false_negative_for_horse;false_positive_for_deer
218,cifar10_test_00218,/home/tariq/Desktop/Awais-Tariq/base-KD/data/cifar-10-batches-py/test_batch,218,ship,airplane,0.7972855567932129,False,False,/home/tariq/Desktop/Awais-Tariq/base-KD/reports/cifar10_full_audit/vit_scratch/failure_images/00218_true-ship_pred-airplane.png,false_negative_for_ship;false_positive_for_airplane
226,cifar10_test_00226,/home/tariq/Desktop/Awais-Tariq/base-KD/data/cifar-10-batches-py/test_batch,226,frog,deer,0.9757776260375977,False,True,/home/tariq/Desktop/Awais-Tariq/base-KD/reports/cifar10_full_audit/vit_scratch/failure_images/00226_true-frog_pred-deer.png,false_negative_for_frog;false_positive_for_deer
228,cifar10_test_00228,/home/tariq/Desktop/Awais-Tariq/base-KD/data/cifar-10-batches-py/test_batch,228,horse,deer,0.9407803416252136,False,True,/home/tariq/Desktop/Awais-Tariq/base-KD/reports/cifar10_full_audit/vit_scratch/failure_images/00228_true-horse_pred-deer.png,false_negative_for_horse;false_positive_for_deer
232,cifar10_test_00232,/home/tariq/Desktop/Awais-Tariq/base-KD/data/cifar-10-batches-py/test_batch,232,dog,cat,0.9988974332809448,False,True,/home/tariq/Desktop/Awais-Tariq/base-KD/reports/cifar10_full_audit/vit_scratch/failure_images/00232_true-dog_pred-cat.png,false_negative_for_dog;false_positive_for_cat
239,cifar10_test_00239,/home/tariq/Desktop/Awais-Tariq/base-KD/data/cifar-10-batches-py/test_batch,239,dog,frog,0.7007598280906677,False,True,/home/tariq/Desktop/Awais-Tariq/base-KD/reports/cifar10_full_audit/vit_scratch/failure_images/00239_true-dog_pred-frog.png,false_negative_for_dog;false_positive_for_frog
242,cifar10_test_00242,/home/tariq/Desktop/Awais-Tariq/base-KD/data/cifar-10-batches-py/test_batch,242,ship,airplane,0.6340785622596741,False,True,/home/tariq/Desktop/Awais-Tariq/base-KD/reports/cifar10_full_audit/vit_scratch/failure_images/00242_true-ship_pred-airplane.png,false_negative_for_ship;false_positive_for_airplane
245,cifar10_test_00245,/home/tariq/Desktop/Awais-Tariq/base-KD/data/cifar-10-batches-py/test_batch,245,cat,frog,0.9961827397346497,False,True,/home/tariq/Desktop/Awais-Tariq/base-KD/reports/cifar10_full_audit/vit_scratch/failure_images/00245_true-cat_pred-frog.png,false_negative_for_cat;false_positive_for_frog
247,cifar10_test_00247,/home/tariq/Desktop/Awais-Tariq/base-KD/data/cifar-10-batches-py/test_batch,247,truck,ship,0.6161684393882751,False,True,/home/tariq/Desktop/Awais-Tariq/base-KD/reports/cifar10_full_audit/vit_scratch/failure_images/00247_true-truck_pred-ship.png,false_negative_for_truck;false_positive_for_ship
254,cifar10_test_00254,/home/tariq/Desktop/Awais-Tariq/base-KD/data/cifar-10-batches-py/test_batch,254,deer,bird,0.9988640546798706,False,True,/home/tariq/Desktop/Awais-Tariq/base-KD/reports/cifar10_full_audit/vit_scratch/failure_images/00254_true-deer_pred-bird.png,false_negative_for_deer;false_positive_for_bird
255,cifar10_test_00255,/home/tariq/Desktop/Awais-Tariq/base-KD/data/cifar-10-batches-py/test_batch,255,airplane,ship,0.9349492788314819,False,True,/home/tariq/Desktop/Awais-Tariq/base-KD/reports/cifar10_full_audit/vit_scratch/failure_images/00255_true-airplane_pred-ship.png,false_negative_for_airplane;false_positive_for_ship
258,cifar10_test_00258,/home/tariq/Desktop/Awais-Tariq/base-KD/data/cifar-10-batches-py/test_batch,258,airplane,ship,0.9353539943695068,False,True,/home/tariq/Desktop/Awais-Tariq/base-KD/reports/cifar10_full_audit/vit_scratch/failure_images/00258_true-airplane_pred-ship.png,false_negative_for_airplane;false_positive_for_ship
262,cifar10_test_00262,/home/tariq/Desktop/Awais-Tariq/base-KD/data/cifar-10-batches-py/test_batch,262,dog,automobile,0.7904483675956726,False,True,/home/tariq/Desktop/Awais-Tariq/base-KD/reports/cifar10_full_audit/vit_scratch/failure_images/00262_true-dog_pred-automobile.png,false_negative_for_dog;false_positive_for_automobile
263,cifar10_test_00263,/home/tariq/Desktop/Awais-Tariq/base-KD/data/cifar-10-batches-py/test_batch,263,horse,dog,0.8064890503883362,False,True,/home/tariq/Desktop/Awais-Tariq/base-KD/reports/cifar10_full_audit/vit_scratch/failure_images/00263_true-horse_pred-dog.png,false_negative_for_horse;false_positive_for_dog
271,cifar10_test_00271,/home/tariq/Desktop/Awais-Tariq/base-KD/data/cifar-10-batches-py/test_batch,271,cat,bird,0.8938266038894653,False,True,/home/tariq/Desktop/Awais-Tariq/base-KD/reports/cifar10_full_audit/vit_scratch/failure_images/00271_true-cat_pred-bird.png,false_negative_for_cat;false_positive_for_bird
275,cifar10_test_00275,/home/tariq/Desktop/Awais-Tariq/base-KD/data/cifar-10-batches-py/test_batch,275,dog,cat,0.55023193359375,False,True,/home/tariq/Desktop/Awais-Tariq/base-KD/reports/cifar10_full_audit/vit_scratch/failure_images/00275_true-dog_pred-cat.png,false_negative_for_dog;false_positive_for_cat
281,cifar10_test_00281,/home/tariq/Desktop/Awais-Tariq/base-KD/data/cifar-10-batches-py/test_batch,281,airplane,frog,0.6451617479324341,False,True,/home/tariq/Desktop/Awais-Tariq/base-KD/reports/cifar10_full_audit/vit_scratch/failure_images/00281_true-airplane_pred-frog.png,false_negative_for_airplane;false_positive_for_frog
287,cifar10_test_00287,/home/tariq/Desktop/Awais-Tariq/base-KD/data/cifar-10-batches-py/test_batch,287,airplane,ship,0.9999864101409912,False,True,/home/tariq/Desktop/Awais-Tariq/base-KD/reports/cifar10_full_audit/vit_scratch/failure_images/00287_true-airplane_pred-ship.png,false_negative_for_airplane;false_positive_for_ship
294,cifar10_test_00294,/home/tariq/Desktop/Awais-Tariq/base-KD/data/cifar-10-batches-py/test_batch,294,cat,dog,0.6961119771003723,False,True,/home/tariq/Desktop/Awais-Tariq/base-KD/reports/cifar10_full_audit/vit_scratch/failure_images/00294_true-cat_pred-dog.png,false_negative_for_cat;false_positive_for_dog
302,cifar10_test_00302,/home/tariq/Desktop/Awais-Tariq/base-KD/data/cifar-10-batches-py/test_batch,302,cat,horse,0.7872660756111145,False,True,/home/tariq/Desktop/Awais-Tariq/base-KD/reports/cifar10_full_audit/vit_scratch/failure_images/00302_true-cat_pred-horse.png,false_negative_for_cat;false_positive_for_horse
303,cifar10_test_00303,/home/tariq/Desktop/Awais-Tariq/base-KD/data/cifar-10-batches-py/test_batch,303,bird,cat,0.8649246096611023,False,True,/home/tariq/Desktop/Awais-Tariq/base-KD/reports/cifar10_full_audit/vit_scratch/failure_images/00303_true-bird_pred-cat.png,false_negative_for_bird;false_positive_for_cat
306,cifar10_test_00306,/home/tariq/Desktop/Awais-Tariq/base-KD/data/cifar-10-batches-py/test_batch,306,ship,automobile,0.5057985782623291,False,True,/home/tariq/Desktop/Awais-Tariq/base-KD/reports/cifar10_full_audit/vit_scratch/failure_images/00306_true-ship_pred-automobile.png,false_negative_for_ship;false_positive_for_automobile
308,cifar10_test_00308,/home/tariq/Desktop/Awais-Tariq/base-KD/data/cifar-10-batches-py/test_batch,308,automobile,truck,0.5396113991737366,False,True,/home/tariq/Desktop/Awais-Tariq/base-KD/reports/cifar10_full_audit/vit_scratch/failure_images/00308_true-automobile_pred-truck.png,false_negative_for_automobile;false_positive_for_truck
309,cifar10_test_00309,/home/tariq/Desktop/Awais-Tariq/base-KD/data/cifar-10-batches-py/test_batch,309,frog,deer,0.8311293125152588,False,True,/home/tariq/Desktop/Awais-Tariq/base-KD/reports/cifar10_full_audit/vit_scratch/failure_images/00309_true-frog_pred-deer.png,false_negative_for_frog;false_positive_for_deer
322,cifar10_test_00322,/home/tariq/Desktop/Awais-Tariq/base-KD/data/cifar-10-batches-py/test_batch,322,bird,frog,0.9188976287841797,False,True,/home/tariq/Desktop/Awais-Tariq/base-KD/reports/cifar10_full_audit/vit_scratch/failure_images/00322_true-bird_pred-frog.png,false_negative_for_bird;false_positive_for_frog
324,cifar10_test_00324,/home/tariq/Desktop/Awais-Tariq/base-KD/data/cifar-10-batches-py/test_batch,324,deer,horse,0.9905478358268738,False,True,/home/tariq/Desktop/Awais-Tariq/base-KD/reports/cifar10_full_audit/vit_scratch/failure_images/00324_true-deer_pred-horse.png,false_negative_for_deer;false_positive_for_horse
325,cifar10_test_00325,/home/tariq/Desktop/Awais-Tariq/base-KD/data/cifar-10-batches-py/test_batch,325,automobile,airplane,0.7739797234535217,False,True,/home/tariq/Desktop/Awais-Tariq/base-KD/reports/cifar10_full_audit/vit_scratch/failure_images/00325_true-automobile_pred-airplane.png,false_negative_for_automobile;false_positive_for_airplane
340,cifar10_test_00340,/home/tariq/Desktop/Awais-Tariq/base-KD/data/cifar-10-batches-py/test_batch,340,bird,frog,0.9905208349227905,False,True,/home/tariq/Desktop/Awais-Tariq/base-KD/reports/cifar10_full_audit/vit_scratch/failure_images/00340_true-bird_pred-frog.png,false_negative_for_bird;false_positive_for_frog
345,cifar10_test_00345,/home/tariq/Desktop/Awais-Tariq/base-KD/data/cifar-10-batches-py/test_batch,345,dog,cat,0.5568970441818237,False,True,/home/tariq/Desktop/Awais-Tariq/base-KD/reports/cifar10_full_audit/vit_scratch/failure_images/00345_true-dog_pred-cat.png,false_negative_for_dog;false_positive_for_cat
352,cifar10_test_00352,/home/tariq/Desktop/Awais-Tariq/base-KD/data/cifar-10-batches-py/test_batch,352,airplane,ship,0.9467816948890686,False,True,/home/tariq/Desktop/Awais-Tariq/base-KD/reports/cifar10_full_audit/vit_scratch/failure_images/00352_true-airplane_pred-ship.png,false_negative_for_airplane;false_positive_for_ship
355,cifar10_test_00355,/home/tariq/Desktop/Awais-Tariq/base-KD/data/cifar-10-batches-py/test_batch,355,horse,deer,0.9652464985847473,False,True,/home/tariq/Desktop/Awais-Tariq/base-KD/reports/cifar10_full_audit/vit_scratch/failure_images/00355_true-horse_pred-deer.png,false_negative_for_horse;false_positive_for_deer
356,cifar10_test_00356,/home/tariq/Desktop/Awais-Tariq/base-KD/data/cifar-10-batches-py/test_batch,356,cat,dog,0.9672885537147522,False,True,/home/tariq/Desktop/Awais-Tariq/base-KD/reports/cifar10_full_audit/vit_scratch/failure_images/00356_true-cat_pred-dog.png,false_negative_for_cat;false_positive_for_dog
357,cifar10_test_00357,/home/tariq/Desktop/Awais-Tariq/base-KD/data/cifar-10-batches-py/test_batch,357,bird,dog,0.7170361876487732,False,True,/home/tariq/Desktop/Awais-Tariq/base-KD/reports/cifar10_full_audit/vit_scratch/failure_images/00357_true-bird_pred-dog.png,false_negative_for_bird;false_positive_for_dog
361,cifar10_test_00361,/home/tariq/Desktop/Awais-Tariq/base-KD/data/cifar-10-batches-py/test_batch,361,dog,cat,0.9935818910598755,False,True,/home/tariq/Desktop/Awais-Tariq/base-KD/reports/cifar10_full_audit/vit_scratch/failure_images/00361_true-dog_pred-cat.png,false_negative_for_dog;false_positive_for_cat
363,cifar10_test_00363,/home/tariq/Desktop/Awais-Tariq/base-KD/data/cifar-10-batches-py/test_batch,363,automobile,airplane,0.9999274015426636,False,True,/home/tariq/Desktop/Awais-Tariq/base-KD/reports/cifar10_full_audit/vit_scratch/failure_images/00363_true-automobile_pred-airplane.png,false_negative_for_automobile;false_positive_for_airplane
367,cifar10_test_00367,/home/tariq/Desktop/Awais-Tariq/base-KD/data/cifar-10-batches-py/test_batch,367,cat,horse,0.9685568809509277,False,True,/home/tariq/Desktop/Awais-Tariq/base-KD/reports/cifar10_full_audit/vit_scratch/failure_images/00367_true-cat_pred-horse.png,false_negative_for_cat;false_positive_for_horse
368,cifar10_test_00368,/home/tariq/Desktop/Awais-Tariq/base-KD/data/cifar-10-batches-py/test_batch,368,ship,airplane,0.9961793422698975,False,True,/home/tariq/Desktop/Awais-Tariq/base-KD/reports/cifar10_full_audit/vit_scratch/failure_images/00368_true-ship_pred-airplane.png,false_negative_for_ship;false_positive_for_airplane
376,cifar10_test_00376,/home/tariq/Desktop/Awais-Tariq/base-KD/data/cifar-10-batches-py/test_batch,376,airplane,truck,0.32065343856811523,False,True,/home/tariq/Desktop/Awais-Tariq/base-KD/reports/cifar10_full_audit/vit_scratch/failure_images/00376_true-airplane_pred-truck.png,false_negative_for_airplane;false_positive_for_truck
384,cifar10_test_00384,/home/tariq/Desktop/Awais-Tariq/base-KD/data/cifar-10-batches-py/test_batch,384,bird,deer,0.9611464142799377,False,True,/home/tariq/Desktop/Awais-Tariq/base-KD/reports/cifar10_full_audit/vit_scratch/failure_images/00384_true-bird_pred-deer.png,false_negative_for_bird;false_positive_for_deer
387,cifar10_test_00387,/home/tariq/Desktop/Awais-Tariq/base-KD/data/cifar-10-batches-py/test_batch,387,bird,horse,0.9870539307594299,False,True,/home/tariq/Desktop/Awais-Tariq/base-KD/reports/cifar10_full_audit/vit_scratch/failure_images/00387_true-bird_pred-horse.png,false_negative_for_bird;false_positive_for_horse
393,cifar10_test_00393,/home/tariq/Desktop/Awais-Tariq/base-KD/data/cifar-10-batches-py/test_batch,393,bird,horse,0.9580555558204651,False,True,/home/tariq/Desktop/Awais-Tariq/base-KD/reports/cifar10_full_audit/vit_scratch/failure_images/00393_true-bird_pred-horse.png,false_negative_for_bird;false_positive_for_horse
394,cifar10_test_00394,/home/tariq/Desktop/Awais-Tariq/base-KD/data/cifar-10-batches-py/test_batch,394,truck,cat,0.7228434085845947,False,True,/home/tariq/Desktop/Awais-Tariq/base-KD/reports/cifar10_full_audit/vit_scratch/failure_images/00394_true-truck_pred-cat.png,false_negative_for_truck;false_positive_for_cat
396,cifar10_test_00396,/home/tariq/Desktop/Awais-Tariq/base-KD/data/cifar-10-batches-py/test_batch,396,bird,deer,0.993399977684021,False,True,/home/tariq/Desktop/Awais-Tariq/base-KD/reports/cifar10_full_audit/vit_scratch/failure_images/00396_true-bird_pred-deer.png,false_negative_for_bird;false_positive_for_deer
397,cifar10_test_00397,/home/tariq/Desktop/Awais-Tariq/base-KD/data/cifar-10-batches-py/test_batch,397,cat,dog,0.6635866165161133,False,True,/home/tariq/Desktop/Awais-Tariq/base-KD/reports/cifar10_full_audit/vit_scratch/failure_images/00397_true-cat_pred-dog.png,false_negative_for_cat;false_positive_for_dog
405,cifar10_test_00405,/home/tariq/Desktop/Awais-Tariq/base-KD/data/cifar-10-batches-py/test_batch,405,deer,cat,0.7983033061027527,False,True,/home/tariq/Desktop/Awais-Tariq/base-KD/reports/cifar10_full_audit/vit_scratch/failure_images/00405_true-deer_pred-cat.png,false_negative_for_deer;false_positive_for_cat
412,cifar10_test_00412,/home/tariq/Desktop/Awais-Tariq/base-KD/data/cifar-10-batches-py/test_batch,412,cat,dog,0.7611284852027893,False,True,/home/tariq/Desktop/Awais-Tariq/base-KD/reports/cifar10_full_audit/vit_scratch/failure_images/00412_true-cat_pred-dog.png,false_negative_for_cat;false_positive_for_dog
416,cifar10_test_00416,/home/tariq/Desktop/Awais-Tariq/base-KD/data/cifar-10-batches-py/test_batch,416,airplane,deer,0.9225434064865112,False,True,/home/tariq/Desktop/Awais-Tariq/base-KD/reports/cifar10_full_audit/vit_scratch/failure_images/00416_true-airplane_pred-deer.png,false_negative_for_airplane;false_positive_for_deer
417,cifar10_test_00417,/home/tariq/Desktop/Awais-Tariq/base-KD/data/cifar-10-batches-py/test_batch,417,horse,dog,0.9658153057098389,False,True,/home/tariq/Desktop/Awais-Tariq/base-KD/reports/cifar10_full_audit/vit_scratch/failure_images/00417_true-horse_pred-dog.png,false_negative_for_horse;false_positive_for_dog
419,cifar10_test_00419,/home/tariq/Desktop/Awais-Tariq/base-KD/data/cifar-10-batches-py/test_batch,419,horse,bird,0.729616105556488,False,True,/home/tariq/Desktop/Awais-Tariq/base-KD/reports/cifar10_full_audit/vit_scratch/failure_images/00419_true-horse_pred-bird.png,false_negative_for_horse;false_positive_for_bird
423,cifar10_test_00423,/home/tariq/Desktop/Awais-Tariq/base-KD/data/cifar-10-batches-py/test_batch,423,airplane,cat,0.9552903175354004,False,True,/home/tariq/Desktop/Awais-Tariq/base-KD/reports/cifar10_full_audit/vit_scratch/failure_images/00423_true-airplane_pred-cat.png,false_negative_for_airplane;false_positive_for_cat
428,cifar10_test_00428,/home/tariq/Desktop/Awais-Tariq/base-KD/data/cifar-10-batches-py/test_batch,428,airplane,frog,0.7252320647239685,False,True,/home/tariq/Desktop/Awais-Tariq/base-KD/reports/cifar10_full_audit/vit_scratch/failure_images/00428_true-airplane_pred-frog.png,false_negative_for_airplane;false_positive_for_frog
432,cifar10_test_00432,/home/tariq/Desktop/Awais-Tariq/base-KD/data/cifar-10-batches-py/test_batch,432,cat,deer,0.6898455023765564,False,True,/home/tariq/Desktop/Awais-Tariq/base-KD/reports/cifar10_full_audit/vit_scratch/failure_images/00432_true-cat_pred-deer.png,false_negative_for_cat;false_positive_for_deer
433,cifar10_test_00433,/home/tariq/Desktop/Awais-Tariq/base-KD/data/cifar-10-batches-py/test_batch,433,horse,deer,0.9996911287307739,False,True,/home/tariq/Desktop/Awais-Tariq/base-KD/reports/cifar10_full_audit/vit_scratch/failure_images/00433_true-horse_pred-deer.png,false_negative_for_horse;false_positive_for_deer
444,cifar10_test_00444,/home/tariq/Desktop/Awais-Tariq/base-KD/data/cifar-10-batches-py/test_batch,444,dog,cat,0.9951068162918091,False,True,/home/tariq/Desktop/Awais-Tariq/base-KD/reports/cifar10_full_audit/vit_scratch/failure_images/00444_true-dog_pred-cat.png,false_negative_for_dog;false_positive_for_cat
452,cifar10_test_00452,/home/tariq/Desktop/Awais-Tariq/base-KD/data/cifar-10-batches-py/test_batch,452,horse,deer,0.7142480611801147,False,True,/home/tariq/Desktop/Awais-Tariq/base-KD/reports/cifar10_full_audit/vit_scratch/failure_images/00452_true-horse_pred-deer.png,false_negative_for_horse;false_positive_for_deer
453,cifar10_test_00453,/home/tariq/Desktop/Awais-Tariq/base-KD/data/cifar-10-batches-py/test_batch,453,cat,dog,0.5474557876586914,False,True,/home/tariq/Desktop/Awais-Tariq/base-KD/reports/cifar10_full_audit/vit_scratch/failure_images/00453_true-cat_pred-dog.png,false_negative_for_cat;false_positive_for_dog
455,cifar10_test_00455,/home/tariq/Desktop/Awais-Tariq/base-KD/data/cifar-10-batches-py/test_batch,455,deer,bird,0.8196066617965698,False,True,/home/tariq/Desktop/Awais-Tariq/base-KD/reports/cifar10_full_audit/vit_scratch/failure_images/00455_true-deer_pred-bird.png,false_negative_for_deer;false_positive_for_bird
456,cifar10_test_00456,/home/tariq/Desktop/Awais-Tariq/base-KD/data/cifar-10-batches-py/test_batch,456,cat,frog,0.9985760450363159,False,True,/home/tariq/Desktop/Awais-Tariq/base-KD/reports/cifar10_full_audit/vit_scratch/failure_images/00456_true-cat_pred-frog.png,false_negative_for_cat;false_positive_for_frog
457,cifar10_test_00457,/home/tariq/Desktop/Awais-Tariq/base-KD/data/cifar-10-batches-py/test_batch,457,dog,cat,0.9372851848602295,False,True,/home/tariq/Desktop/Awais-Tariq/base-KD/reports/cifar10_full_audit/vit_scratch/failure_images/00457_true-dog_pred-cat.png,false_negative_for_dog;false_positive_for_cat
458,cifar10_test_00458,/home/tariq/Desktop/Awais-Tariq/base-KD/data/cifar-10-batches-py/test_batch,458,deer,frog,0.5102534294128418,False,True,/home/tariq/Desktop/Awais-Tariq/base-KD/reports/cifar10_full_audit/vit_scratch/failure_images/00458_true-deer_pred-frog.png,false_negative_for_deer;false_positive_for_frog
467,cifar10_test_00467,/home/tariq/Desktop/Awais-Tariq/base-KD/data/cifar-10-batches-py/test_batch,467,cat,frog,0.8122178316116333,False,True,/home/tariq/Desktop/Awais-Tariq/base-KD/reports/cifar10_full_audit/vit_scratch/failure_images/00467_true-cat_pred-frog.png,false_negative_for_cat;false_positive_for_frog
470,cifar10_test_00470,/home/tariq/Desktop/Awais-Tariq/base-KD/data/cifar-10-batches-py/test_batch,470,cat,deer,0.9186491370201111,False,True,/home/tariq/Desktop/Awais-Tariq/base-KD/reports/cifar10_full_audit/vit_scratch/failure_images/00470_true-cat_pred-deer.png,false_negative_for_cat;false_positive_for_deer
473,cifar10_test_00473,/home/tariq/Desktop/Awais-Tariq/base-KD/data/cifar-10-batches-py/test_batch,473,airplane,ship,0.8557659387588501,False,True,/home/tariq/Desktop/Awais-Tariq/base-KD/reports/cifar10_full_audit/vit_scratch/failure_images/00473_true-airplane_pred-ship.png,false_negative_for_airplane;false_positive_for_ship
474,cifar10_test_00474,/home/tariq/Desktop/Awais-Tariq/base-KD/data/cifar-10-batches-py/test_batch,474,dog,cat,0.9191811680793762,False,True,/home/tariq/Desktop/Awais-Tariq/base-KD/reports/cifar10_full_audit/vit_scratch/failure_images/00474_true-dog_pred-cat.png,false_negative_for_dog;false_positive_for_cat
480,cifar10_test_00480,/home/tariq/Desktop/Awais-Tariq/base-KD/data/cifar-10-batches-py/test_batch,480,ship,truck,0.8288649320602417,False,True,/home/tariq/Desktop/Awais-Tariq/base-KD/reports/cifar10_full_audit/vit_scratch/failure_images/00480_true-ship_pred-truck.png,false_negative_for_ship;false_positive_for_truck
485,cifar10_test_00485,/home/tariq/Desktop/Awais-Tariq/base-KD/data/cifar-10-batches-py/test_batch,485,truck,automobile,0.5999108552932739,False,True,/home/tariq/Desktop/Awais-Tariq/base-KD/reports/cifar10_full_audit/vit_scratch/failure_images/00485_true-truck_pred-automobile.png,false_negative_for_truck;false_positive_for_automobile
488,cifar10_test_00488,/home/tariq/Desktop/Awais-Tariq/base-KD/data/cifar-10-batches-py/test_batch,488,dog,deer,0.9333510994911194,False,True,/home/tariq/Desktop/Awais-Tariq/base-KD/reports/cifar10_full_audit/vit_scratch/failure_images/00488_true-dog_pred-deer.png,false_negative_for_dog;false_positive_for_deer
494,cifar10_test_00494,/home/tariq/Desktop/Awais-Tariq/base-KD/data/cifar-10-batches-py/test_batch,494,automobile,airplane,0.9078754782676697,False,True,/home/tariq/Desktop/Awais-Tariq/base-KD/reports/cifar10_full_audit/vit_scratch/failure_images/00494_true-automobile_pred-airplane.png,false_negative_for_automobile;false_positive_for_airplane
496,cifar10_test_00496,/home/tariq/Desktop/Awais-Tariq/base-KD/data/cifar-10-batches-py/test_batch,496,airplane,frog,0.596550703048706,False,True,/home/tariq/Desktop/Awais-Tariq/base-KD/reports/cifar10_full_audit/vit_scratch/failure_images/00496_true-airplane_pred-frog.png,false_negative_for_airplane;false_positive_for_frog
497,cifar10_test_00497,/home/tariq/Desktop/Awais-Tariq/base-KD/data/cifar-10-batches-py/test_batch,497,bird,dog,0.9930751323699951,False,True,/home/tariq/Desktop/Awais-Tariq/base-KD/reports/cifar10_full_audit/vit_scratch/failure_images/00497_true-bird_pred-dog.png,false_negative_for_bird;false_positive_for_dog
498,cifar10_test_00498,/home/tariq/Desktop/Awais-Tariq/base-KD/data/cifar-10-batches-py/test_batch,498,bird,deer,0.817500114440918,False,True,/home/tariq/Desktop/Awais-Tariq/base-KD/reports/cifar10_full_audit/vit_scratch/failure_images/00498_true-bird_pred-deer.png,false_negative_for_bird;false_positive_for_deer
500,cifar10_test_00500,/home/tariq/Desktop/Awais-Tariq/base-KD/data/cifar-10-batches-py/test_batch,500,deer,frog,0.7566587328910828,False,True,/home/tariq/Desktop/Awais-Tariq/base-KD/reports/cifar10_full_audit/vit_scratch/failure_images/00500_true-deer_pred-frog.png,false_negative_for_deer;false_positive_for_frog
508,cifar10_test_00508,/home/tariq/Desktop/Awais-Tariq/base-KD/data/cifar-10-batches-py/test_batch,508,truck,airplane,0.617239773273468,False,False,/home/tariq/Desktop/Awais-Tariq/base-KD/reports/cifar10_full_audit/vit_scratch/failure_images/00508_true-truck_pred-airplane.png,false_negative_for_truck;false_positive_for_airplane
515,cifar10_test_00515,/home/tariq/Desktop/Awais-Tariq/base-KD/data/cifar-10-batches-py/test_batch,515,cat,horse,0.7903453707695007,False,True,/home/tariq/Desktop/Awais-Tariq/base-KD/reports/cifar10_full_audit/vit_scratch/failure_images/00515_true-cat_pred-horse.png,false_negative_for_cat;false_positive_for_horse
518,cifar10_test_00518,/home/tariq/Desktop/Awais-Tariq/base-KD/data/cifar-10-batches-py/test_batch,518,dog,cat,0.7120798230171204,False,True,/home/tariq/Desktop/Awais-Tariq/base-KD/reports/cifar10_full_audit/vit_scratch/failure_images/00518_true-dog_pred-cat.png,false_negative_for_dog;false_positive_for_cat
522,cifar10_test_00522,/home/tariq/Desktop/Awais-Tariq/base-KD/data/cifar-10-batches-py/test_batch,522,airplane,truck,0.8557549715042114,False,True,/home/tariq/Desktop/Awais-Tariq/base-KD/reports/cifar10_full_audit/vit_scratch/failure_images/00522_true-airplane_pred-truck.png,false_negative_for_airplane;false_positive_for_truck
526,cifar10_test_00526,/home/tariq/Desktop/Awais-Tariq/base-KD/data/cifar-10-batches-py/test_batch,526,airplane,deer,0.8505841493606567,False,True,/home/tariq/Desktop/Awais-Tariq/base-KD/reports/cifar10_full_audit/vit_scratch/failure_images/00526_true-airplane_pred-deer.png,false_negative_for_airplane;false_positive_for_deer
531,cifar10_test_00531,/home/tariq/Desktop/Awais-Tariq/base-KD/data/cifar-10-batches-py/test_batch,531,airplane,dog,0.6937105059623718,False,True,/home/tariq/Desktop/Awais-Tariq/base-KD/reports/cifar10_full_audit/vit_scratch/failure_images/00531_true-airplane_pred-dog.png,false_negative_for_airplane;false_positive_for_dog
537,cifar10_test_00537,/home/tariq/Desktop/Awais-Tariq/base-KD/data/cifar-10-batches-py/test_batch,537,bird,frog,0.6542620062828064,False,True,/home/tariq/Desktop/Awais-Tariq/base-KD/reports/cifar10_full_audit/vit_scratch/failure_images/00537_true-bird_pred-frog.png,false_negative_for_bird;false_positive_for_frog
539,cifar10_test_00539,/home/tariq/Desktop/Awais-Tariq/base-KD/data/cifar-10-batches-py/test_batch,539,airplane,truck,0.9989948868751526,False,True,/home/tariq/Desktop/Awais-Tariq/base-KD/reports/cifar10_full_audit/vit_scratch/failure_images/00539_true-airplane_pred-truck.png,false_negative_for_airplane;false_positive_for_truck
542,cifar10_test_00542,/home/tariq/Desktop/Awais-Tariq/base-KD/data/cifar-10-batches-py/test_batch,542,frog,deer,0.7835212349891663,False,True,/home/tariq/Desktop/Awais-Tariq/base-KD/reports/cifar10_full_audit/vit_scratch/failure_images/00542_true-frog_pred-deer.png,false_negative_for_frog;false_positive_for_deer
548,cifar10_test_00548,/home/tariq/Desktop/Awais-Tariq/base-KD/data/cifar-10-batches-py/test_batch,548,bird,cat,0.6314385533332825,False,True,/home/tariq/Desktop/Awais-Tariq/base-KD/reports/cifar10_full_audit/vit_scratch/failure_images/00548_true-bird_pred-cat.png,false_negative_for_bird;false_positive_for_cat
549,cifar10_test_00549,/home/tariq/Desktop/Awais-Tariq/base-KD/data/cifar-10-batches-py/test_batch,549,dog,cat,0.8681269884109497,False,True,/home/tariq/Desktop/Awais-Tariq/base-KD/reports/cifar10_full_audit/vit_scratch/failure_images/00549_true-dog_pred-cat.png,false_negative_for_dog;false_positive_for_cat
550,cifar10_test_00550,/home/tariq/Desktop/Awais-Tariq/base-KD/data/cifar-10-batches-py/test_batch,550,dog,cat,0.7738246917724609,False,True,/home/tariq/Desktop/Awais-Tariq/base-KD/reports/cifar10_full_audit/vit_scratch/failure_images/00550_true-dog_pred-cat.png,false_negative_for_dog;false_positive_for_cat
553,cifar10_test_00553,/home/tariq/Desktop/Awais-Tariq/base-KD/data/cifar-10-batches-py/test_batch,553,dog,cat,0.9784198999404907,False,True,/home/tariq/Desktop/Awais-Tariq/base-KD/reports/cifar10_full_audit/vit_scratch/failure_images/00553_true-dog_pred-cat.png,false_negative_for_dog;false_positive_for_cat
556,cifar10_test_00556,/home/tariq/Desktop/Awais-Tariq/base-KD/data/cifar-10-batches-py/test_batch,556,frog,cat,0.9864717125892639,False,True,/home/tariq/Desktop/Awais-Tariq/base-KD/reports/cifar10_full_audit/vit_scratch/failure_images/00556_true-frog_pred-cat.png,false_negative_for_frog;false_positive_for_cat
565,cifar10_test_00565,/home/tariq/Desktop/Awais-Tariq/base-KD/data/cifar-10-batches-py/test_batch,565,cat,dog,0.9958781003952026,False,True,/home/tariq/Desktop/Awais-Tariq/base-KD/reports/cifar10_full_audit/vit_scratch/failure_images/00565_true-cat_pred-dog.png,false_negative_for_cat;false_positive_for_dog
567,cifar10_test_00567,/home/tariq/Desktop/Awais-Tariq/base-KD/data/cifar-10-batches-py/test_batch,567,horse,cat,0.9003783464431763,False,True,/home/tariq/Desktop/Awais-Tariq/base-KD/reports/cifar10_full_audit/vit_scratch/failure_images/00567_true-horse_pred-cat.png,false_negative_for_horse;false_positive_for_cat
569,cifar10_test_00569,/home/tariq/Desktop/Awais-Tariq/base-KD/data/cifar-10-batches-py/test_batch,569,bird,frog,0.9640067219734192,False,True,/home/tariq/Desktop/Awais-Tariq/base-KD/reports/cifar10_full_audit/vit_scratch/failure_images/00569_true-bird_pred-frog.png,false_negative_for_bird;false_positive_for_frog
577,cifar10_test_00577,/home/tariq/Desktop/Awais-Tariq/base-KD/data/cifar-10-batches-py/test_batch,577,truck,ship,0.9547670483589172,False,True,/home/tariq/Desktop/Awais-Tariq/base-KD/reports/cifar10_full_audit/vit_scratch/failure_images/00577_true-truck_pred-ship.png,false_negative_for_truck;false_positive_for_ship
579,cifar10_test_00579,/home/tariq/Desktop/Awais-Tariq/base-KD/data/cifar-10-batches-py/test_batch,579,dog,bird,0.6810950040817261,False,True,/home/tariq/Desktop/Awais-Tariq/base-KD/reports/cifar10_full_audit/vit_scratch/failure_images/00579_true-dog_pred-bird.png,false_negative_for_dog;false_positive_for_bird
581,cifar10_test_00581,/home/tariq/Desktop/Awais-Tariq/base-KD/data/cifar-10-batches-py/test_batch,581,airplane,ship,0.9980955719947815,False,True,/home/tariq/Desktop/Awais-Tariq/base-KD/reports/cifar10_full_audit/vit_scratch/failure_images/00581_true-airplane_pred-ship.png,false_negative_for_airplane;false_positive_for_ship
585,cifar10_test_00585,/home/tariq/Desktop/Awais-Tariq/base-KD/data/cifar-10-batches-py/test_batch,585,truck,automobile,0.9989715814590454,False,True,/home/tariq/Desktop/Awais-Tariq/base-KD/reports/cifar10_full_audit/vit_scratch/failure_images/00585_true-truck_pred-automobile.png,false_negative_for_truck;false_positive_for_automobile
607,cifar10_test_00607,/home/tariq/Desktop/Awais-Tariq/base-KD/data/cifar-10-batches-py/test_batch,607,cat,dog,0.9267705678939819,False,True,/home/tariq/Desktop/Awais-Tariq/base-KD/reports/cifar10_full_audit/vit_scratch/failure_images/00607_true-cat_pred-dog.png,false_negative_for_cat;false_positive_for_dog
623,cifar10_test_00623,/home/tariq/Desktop/Awais-Tariq/base-KD/data/cifar-10-batches-py/test_batch,623,bird,deer,0.504799485206604,False,True,/home/tariq/Desktop/Awais-Tariq/base-KD/reports/cifar10_full_audit/vit_scratch/failure_images/00623_true-bird_pred-deer.png,false_negative_for_bird;false_positive_for_deer
628,cifar10_test_00628,/home/tariq/Desktop/Awais-Tariq/base-KD/data/cifar-10-batches-py/test_batch,628,deer,horse,0.9941641688346863,False,True,/home/tariq/Desktop/Awais-Tariq/base-KD/reports/cifar10_full_audit/vit_scratch/failure_images/00628_true-deer_pred-horse.png,false_negative_for_deer;false_positive_for_horse
631,cifar10_test_00631,/home/tariq/Desktop/Awais-Tariq/base-KD/data/cifar-10-batches-py/test_batch,631,dog,bird,0.9776284098625183,False,True,/home/tariq/Desktop/Awais-Tariq/base-KD/reports/cifar10_full_audit/vit_scratch/failure_images/00631_true-dog_pred-bird.png,false_negative_for_dog;false_positive_for_bird
633,cifar10_test_00633,/home/tariq/Desktop/Awais-Tariq/base-KD/data/cifar-10-batches-py/test_batch,633,ship,horse,0.42641574144363403,False,True,/home/tariq/Desktop/Awais-Tariq/base-KD/reports/cifar10_full_audit/vit_scratch/failure_images/00633_true-ship_pred-horse.png,false_negative_for_ship;false_positive_for_horse
634,cifar10_test_00634,/home/tariq/Desktop/Awais-Tariq/base-KD/data/cifar-10-batches-py/test_batch,634,horse,deer,0.9360760450363159,False,True,/home/tariq/Desktop/Awais-Tariq/base-KD/reports/cifar10_full_audit/vit_scratch/failure_images/00634_true-horse_pred-deer.png,false_negative_for_horse;false_positive_for_deer
637,cifar10_test_00637,/home/tariq/Desktop/Awais-Tariq/base-KD/data/cifar-10-batches-py/test_batch,637,cat,bird,0.7005981802940369,False,True,/home/tariq/Desktop/Awais-Tariq/base-KD/reports/cifar10_full_audit/vit_scratch/failure_images/00637_true-cat_pred-bird.png,false_negative_for_cat;false_positive_for_bird
642,cifar10_test_00642,/home/tariq/Desktop/Awais-Tariq/base-KD/data/cifar-10-batches-py/test_batch,642,airplane,bird,0.9911252856254578,False,True,/home/tariq/Desktop/Awais-Tariq/base-KD/reports/cifar10_full_audit/vit_scratch/failure_images/00642_true-airplane_pred-bird.png,false_negative_for_airplane;false_positive_for_bird
655,cifar10_test_00655,/home/tariq/Desktop/Awais-Tariq/base-KD/data/cifar-10-batches-py/test_batch,655,bird,deer,0.9945099353790283,False,False,/home/tariq/Desktop/Awais-Tariq/base-KD/reports/cifar10_full_audit/vit_scratch/failure_images/00655_true-bird_pred-deer.png,false_negative_for_bird;false_positive_for_deer
657,cifar10_test_00657,/home/tariq/Desktop/Awais-Tariq/base-KD/data/cifar-10-batches-py/test_batch,657,automobile,truck,0.8360413312911987,False,True,/home/tariq/Desktop/Awais-Tariq/base-KD/reports/cifar10_full_audit/vit_scratch/failure_images/00657_true-automobile_pred-truck.png,false_negative_for_automobile;false_positive_for_truck
669,cifar10_test_00669,/home/tariq/Desktop/Awais-Tariq/base-KD/data/cifar-10-batches-py/test_batch,669,cat,bird,0.804930567741394,False,True,/home/tariq/Desktop/Awais-Tariq/base-KD/reports/cifar10_full_audit/vit_scratch/failure_images/00669_true-cat_pred-bird.png,false_negative_for_cat;false_positive_for_bird
671,cifar10_test_00671,/home/tariq/Desktop/Awais-Tariq/base-KD/data/cifar-10-batches-py/test_batch,671,cat,dog,0.4783317446708679,False,True,/home/tariq/Desktop/Awais-Tariq/base-KD/reports/cifar10_full_audit/vit_scratch/failure_images/00671_true-cat_pred-dog.png,false_negative_for_cat;false_positive_for_dog
672,cifar10_test_00672,/home/tariq/Desktop/Awais-Tariq/base-KD/data/cifar-10-batches-py/test_batch,672,frog,automobile,0.9980124235153198,False,True,/home/tariq/Desktop/Awais-Tariq/base-KD/reports/cifar10_full_audit/vit_scratch/failure_images/00672_true-frog_pred-automobile.png,false_negative_for_frog;false_positive_for_automobile
675,cifar10_test_00675,/home/tariq/Desktop/Awais-Tariq/base-KD/data/cifar-10-batches-py/test_batch,675,airplane,frog,0.9997087121009827,False,False,/home/tariq/Desktop/Awais-Tariq/base-KD/reports/cifar10_full_audit/vit_scratch/failure_images/00675_true-airplane_pred-frog.png,false_negative_for_airplane;false_positive_for_frog
676,cifar10_test_00676,/home/tariq/Desktop/Awais-Tariq/base-KD/data/cifar-10-batches-py/test_batch,676,cat,frog,0.6660403609275818,False,True,/home/tariq/Desktop/Awais-Tariq/base-KD/reports/cifar10_full_audit/vit_scratch/failure_images/00676_true-cat_pred-frog.png,false_negative_for_cat;false_positive_for_frog
677,cifar10_test_00677,/home/tariq/Desktop/Awais-Tariq/base-KD/data/cifar-10-batches-py/test_batch,677,automobile,truck,0.9997106194496155,False,False,/home/tariq/Desktop/Awais-Tariq/base-KD/reports/cifar10_full_audit/vit_scratch/failure_images/00677_true-automobile_pred-truck.png,false_negative_for_automobile;false_positive_for_truck
679,cifar10_test_00679,/home/tariq/Desktop/Awais-Tariq/base-KD/data/cifar-10-batches-py/test_batch,679,dog,cat,0.9866559505462646,False,True,/home/tariq/Desktop/Awais-Tariq/base-KD/reports/cifar10_full_audit/vit_scratch/failure_images/00679_true-dog_pred-cat.png,false_negative_for_dog;false_positive_for_cat
682,cifar10_test_00682,/home/tariq/Desktop/Awais-Tariq/base-KD/data/cifar-10-batches-py/test_batch,682,deer,horse,0.9399842023849487,False,True,/home/tariq/Desktop/Awais-Tariq/base-KD/reports/cifar10_full_audit/vit_scratch/failure_images/00682_true-deer_pred-horse.png,false_negative_for_deer;false_positive_for_horse
683,cifar10_test_00683,/home/tariq/Desktop/Awais-Tariq/base-KD/data/cifar-10-batches-py/test_batch,683,ship,airplane,0.9999014139175415,False,True,/home/tariq/Desktop/Awais-Tariq/base-KD/reports/cifar10_full_audit/vit_scratch/failure_images/00683_true-ship_pred-airplane.png,false_negative_for_ship;false_positive_for_airplane
685,cifar10_test_00685,/home/tariq/Desktop/Awais-Tariq/base-KD/data/cifar-10-batches-py/test_batch,685,frog,cat,0.9854722619056702,False,True,/home/tariq/Desktop/Awais-Tariq/base-KD/reports/cifar10_full_audit/vit_scratch/failure_images/00685_true-frog_pred-cat.png,false_negative_for_frog;false_positive_for_cat
687,cifar10_test_00687,/home/tariq/Desktop/Awais-Tariq/base-KD/data/cifar-10-batches-py/test_batch,687,frog,deer,0.6136224865913391,False,True,/home/tariq/Desktop/Awais-Tariq/base-KD/reports/cifar10_full_audit/vit_scratch/failure_images/00687_true-frog_pred-deer.png,false_negative_for_frog;false_positive_for_deer
689,cifar10_test_00689,/home/tariq/Desktop/Awais-Tariq/base-KD/data/cifar-10-batches-py/test_batch,689,airplane,truck,0.35607799887657166,False,True,/home/tariq/Desktop/Awais-Tariq/base-KD/reports/cifar10_full_audit/vit_scratch/failure_images/00689_true-airplane_pred-truck.png,false_negative_for_airplane;false_positive_for_truck
690,cifar10_test_00690,/home/tariq/Desktop/Awais-Tariq/base-KD/data/cifar-10-batches-py/test_batch,690,cat,deer,0.9881159067153931,False,True,/home/tariq/Desktop/Awais-Tariq/base-KD/reports/cifar10_full_audit/vit_scratch/failure_images/00690_true-cat_pred-deer.png,false_negative_for_cat;false_positive_for_deer
692,cifar10_test_00692,/home/tariq/Desktop/Awais-Tariq/base-KD/data/cifar-10-batches-py/test_batch,692,bird,airplane,0.9773902297019958,False,True,/home/tariq/Desktop/Awais-Tariq/base-KD/reports/cifar10_full_audit/vit_scratch/failure_images/00692_true-bird_pred-airplane.png,false_negative_for_bird;false_positive_for_airplane
696,cifar10_test_00696,/home/tariq/Desktop/Awais-Tariq/base-KD/data/cifar-10-batches-py/test_batch,696,ship,automobile,0.8763512969017029,False,True,/home/tariq/Desktop/Awais-Tariq/base-KD/reports/cifar10_full_audit/vit_scratch/failure_images/00696_true-ship_pred-automobile.png,false_negative_for_ship;false_positive_for_automobile
703,cifar10_test_00703,/home/tariq/Desktop/Awais-Tariq/base-KD/data/cifar-10-batches-py/test_batch,703,ship,airplane,0.889422595500946,False,True,/home/tariq/Desktop/Awais-Tariq/base-KD/reports/cifar10_full_audit/vit_scratch/failure_images/00703_true-ship_pred-airplane.png,false_negative_for_ship;false_positive_for_airplane
710,cifar10_test_00710,/home/tariq/Desktop/Awais-Tariq/base-KD/data/cifar-10-batches-py/test_batch,710,frog,bird,0.7935981154441833,False,True,/home/tariq/Desktop/Awais-Tariq/base-KD/reports/cifar10_full_audit/vit_scratch/failure_images/00710_true-frog_pred-bird.png,false_negative_for_frog;false_positive_for_bird
718,cifar10_test_00718,/home/tariq/Desktop/Awais-Tariq/base-KD/data/cifar-10-batches-py/test_batch,718,deer,cat,0.8267552852630615,False,True,/home/tariq/Desktop/Awais-Tariq/base-KD/reports/cifar10_full_audit/vit_scratch/failure_images/00718_true-deer_pred-cat.png,false_negative_for_deer;false_positive_for_cat
725,cifar10_test_00725,/home/tariq/Desktop/Awais-Tariq/base-KD/data/cifar-10-batches-py/test_batch,725,bird,airplane,0.9126547574996948,False,True,/home/tariq/Desktop/Awais-Tariq/base-KD/reports/cifar10_full_audit/vit_scratch/failure_images/00725_true-bird_pred-airplane.png,false_negative_for_bird;false_positive_for_airplane
731,cifar10_test_00731,/home/tariq/Desktop/Awais-Tariq/base-KD/data/cifar-10-batches-py/test_batch,731,bird,airplane,0.6840296387672424,False,True,/home/tariq/Desktop/Awais-Tariq/base-KD/reports/cifar10_full_audit/vit_scratch/failure_images/00731_true-bird_pred-airplane.png,false_negative_for_bird;false_positive_for_airplane
734,cifar10_test_00734,/home/tariq/Desktop/Awais-Tariq/base-KD/data/cifar-10-batches-py/test_batch,734,truck,automobile,0.9929022192955017,False,True,/home/tariq/Desktop/Awais-Tariq/base-KD/reports/cifar10_full_audit/vit_scratch/failure_images/00734_true-truck_pred-automobile.png,false_negative_for_truck;false_positive_for_automobile
735,cifar10_test_00735,/home/tariq/Desktop/Awais-Tariq/base-KD/data/cifar-10-batches-py/test_batch,735,deer,bird,0.9996546506881714,False,True,/home/tariq/Desktop/Awais-Tariq/base-KD/reports/cifar10_full_audit/vit_scratch/failure_images/00735_true-deer_pred-bird.png,false_negative_for_deer;false_positive_for_bird
737,cifar10_test_00737,/home/tariq/Desktop/Awais-Tariq/base-KD/data/cifar-10-batches-py/test_batch,737,deer,airplane,0.9812104105949402,False,True,/home/tariq/Desktop/Awais-Tariq/base-KD/reports/cifar10_full_audit/vit_scratch/failure_images/00737_true-deer_pred-airplane.png,false_negative_for_deer;false_positive_for_airplane
740,cifar10_test_00740,/home/tariq/Desktop/Awais-Tariq/base-KD/data/cifar-10-batches-py/test_batch,740,bird,dog,0.9998972415924072,False,True,/home/tariq/Desktop/Awais-Tariq/base-KD/reports/cifar10_full_audit/vit_scratch/failure_images/00740_true-bird_pred-dog.png,false_negative_for_bird;false_positive_for_dog
742,cifar10_test_00742,/home/tariq/Desktop/Awais-Tariq/base-KD/data/cifar-10-batches-py/test_batch,742,airplane,truck,0.5698014497756958,False,True,/home/tariq/Desktop/Awais-Tariq/base-KD/reports/cifar10_full_audit/vit_scratch/failure_images/00742_true-airplane_pred-truck.png,false_negative_for_airplane;false_positive_for_truck
751,cifar10_test_00751,/home/tariq/Desktop/Awais-Tariq/base-KD/data/cifar-10-batches-py/test_batch,751,bird,airplane,0.9284800291061401,False,True,/home/tariq/Desktop/Awais-Tariq/base-KD/reports/cifar10_full_audit/vit_scratch/failure_images/00751_true-bird_pred-airplane.png,false_negative_for_bird;false_positive_for_airplane
755,cifar10_test_00755,/home/tariq/Desktop/Awais-Tariq/base-KD/data/cifar-10-batches-py/test_batch,755,bird,airplane,0.9908411502838135,False,True,/home/tariq/Desktop/Awais-Tariq/base-KD/reports/cifar10_full_audit/vit_scratch/failure_images/00755_true-bird_pred-airplane.png,false_negative_for_bird;false_positive_for_airplane
760,cifar10_test_00760,/home/tariq/Desktop/Awais-Tariq/base-KD/data/cifar-10-batches-py/test_batch,760,cat,truck,0.8490146994590759,False,True,/home/tariq/Desktop/Awais-Tariq/base-KD/reports/cifar10_full_audit/vit_scratch/failure_images/00760_true-cat_pred-truck.png,false_negative_for_cat;false_positive_for_truck
767,cifar10_test_00767,/home/tariq/Desktop/Awais-Tariq/base-KD/data/cifar-10-batches-py/test_batch,767,airplane,truck,0.9586440324783325,False,True,/home/tariq/Desktop/Awais-Tariq/base-KD/reports/cifar10_full_audit/vit_scratch/failure_images/00767_true-airplane_pred-truck.png,false_negative_for_airplane;false_positive_for_truck
773,cifar10_test_00773,/home/tariq/Desktop/Awais-Tariq/base-KD/data/cifar-10-batches-py/test_batch,773,deer,frog,0.9981936812400818,False,True,/home/tariq/Desktop/Awais-Tariq/base-KD/reports/cifar10_full_audit/vit_scratch/failure_images/00773_true-deer_pred-frog.png,false_negative_for_deer;false_positive_for_frog
785,cifar10_test_00785,/home/tariq/Desktop/Awais-Tariq/base-KD/data/cifar-10-batches-py/test_batch,785,airplane,ship,0.9459900856018066,False,True,/home/tariq/Desktop/Awais-Tariq/base-KD/reports/cifar10_full_audit/vit_scratch/failure_images/00785_true-airplane_pred-ship.png,false_negative_for_airplane;false_positive_for_ship
788,cifar10_test_00788,/home/tariq/Desktop/Awais-Tariq/base-KD/data/cifar-10-batches-py/test_batch,788,frog,deer,0.9941296577453613,False,True,/home/tariq/Desktop/Awais-Tariq/base-KD/reports/cifar10_full_audit/vit_scratch/failure_images/00788_true-frog_pred-deer.png,false_negative_for_frog;false_positive_for_deer
790,cifar10_test_00790,/home/tariq/Desktop/Awais-Tariq/base-KD/data/cifar-10-batches-py/test_batch,790,cat,bird,0.7690751552581787,False,True,/home/tariq/Desktop/Awais-Tariq/base-KD/reports/cifar10_full_audit/vit_scratch/failure_images/00790_true-cat_pred-bird.png,false_negative_for_cat;false_positive_for_bird
792,cifar10_test_00792,/home/tariq/Desktop/Awais-Tariq/base-KD/data/cifar-10-batches-py/test_batch,792,cat,horse,0.9271987080574036,False,True,/home/tariq/Desktop/Awais-Tariq/base-KD/reports/cifar10_full_audit/vit_scratch/failure_images/00792_true-cat_pred-horse.png,false_negative_for_cat;false_positive_for_horse
793,cifar10_test_00793,/home/tariq/Desktop/Awais-Tariq/base-KD/data/cifar-10-batches-py/test_batch,793,deer,horse,0.6168109774589539,False,True,/home/tariq/Desktop/Awais-Tariq/base-KD/reports/cifar10_full_audit/vit_scratch/failure_images/00793_true-deer_pred-horse.png,false_negative_for_deer;false_positive_for_horse
794,cifar10_test_00794,/home/tariq/Desktop/Awais-Tariq/base-KD/data/cifar-10-batches-py/test_batch,794,horse,deer,0.997481644153595,False,True,/home/tariq/Desktop/Awais-Tariq/base-KD/reports/cifar10_full_audit/vit_scratch/failure_images/00794_true-horse_pred-deer.png,false_negative_for_horse;false_positive_for_deer
796,cifar10_test_00796,/home/tariq/Desktop/Awais-Tariq/base-KD/data/cifar-10-batches-py/test_batch,796,automobile,truck,0.9099215865135193,False,True,/home/tariq/Desktop/Awais-Tariq/base-KD/reports/cifar10_full_audit/vit_scratch/failure_images/00796_true-automobile_pred-truck.png,false_negative_for_automobile;false_positive_for_truck
798,cifar10_test_00798,/home/tariq/Desktop/Awais-Tariq/base-KD/data/cifar-10-batches-py/test_batch,798,horse,bird,0.5916133522987366,False,True,/home/tariq/Desktop/Awais-Tariq/base-KD/reports/cifar10_full_audit/vit_scratch/failure_images/00798_true-horse_pred-bird.png,false_negative_for_horse;false_positive_for_bird
799,cifar10_test_00799,/home/tariq/Desktop/Awais-Tariq/base-KD/data/cifar-10-batches-py/test_batch,799,bird,deer,0.9706360101699829,False,True,/home/tariq/Desktop/Awais-Tariq/base-KD/reports/cifar10_full_audit/vit_scratch/failure_images/00799_true-bird_pred-deer.png,false_negative_for_bird;false_positive_for_deer
809,cifar10_test_00809,/home/tariq/Desktop/Awais-Tariq/base-KD/data/cifar-10-batches-py/test_batch,809,horse,ship,0.8425102233886719,False,False,/home/tariq/Desktop/Awais-Tariq/base-KD/reports/cifar10_full_audit/vit_scratch/failure_images/00809_true-horse_pred-ship.png,false_negative_for_horse;false_positive_for_ship
810,cifar10_test_00810,/home/tariq/Desktop/Awais-Tariq/base-KD/data/cifar-10-batches-py/test_batch,810,dog,cat,0.9997757077217102,False,True,/home/tariq/Desktop/Awais-Tariq/base-KD/reports/cifar10_full_audit/vit_scratch/failure_images/00810_true-dog_pred-cat.png,false_negative_for_dog;false_positive_for_cat
817,cifar10_test_00817,/home/tariq/Desktop/Awais-Tariq/base-KD/data/cifar-10-batches-py/test_batch,817,dog,deer,0.7045426964759827,False,True,/home/tariq/Desktop/Awais-Tariq/base-KD/reports/cifar10_full_audit/vit_scratch/failure_images/00817_true-dog_pred-deer.png,false_negative_for_dog;false_positive_for_deer
819,cifar10_test_00819,/home/tariq/Desktop/Awais-Tariq/base-KD/data/cifar-10-batches-py/test_batch,819,cat,bird,0.41295549273490906,False,True,/home/tariq/Desktop/Awais-Tariq/base-KD/reports/cifar10_full_audit/vit_scratch/failure_images/00819_true-cat_pred-bird.png,false_negative_for_cat;false_positive_for_bird
825,cifar10_test_00825,/home/tariq/Desktop/Awais-Tariq/base-KD/data/cifar-10-batches-py/test_batch,825,cat,bird,0.7123679518699646,False,True,/home/tariq/Desktop/Awais-Tariq/base-KD/reports/cifar10_full_audit/vit_scratch/failure_images/00825_true-cat_pred-bird.png,false_negative_for_cat;false_positive_for_bird
833,cifar10_test_00833,/home/tariq/Desktop/Awais-Tariq/base-KD/data/cifar-10-batches-py/test_batch,833,bird,dog,0.9794002175331116,False,True,/home/tariq/Desktop/Awais-Tariq/base-KD/reports/cifar10_full_audit/vit_scratch/failure_images/00833_true-bird_pred-dog.png,false_negative_for_bird;false_positive_for_dog
845,cifar10_test_00845,/home/tariq/Desktop/Awais-Tariq/base-KD/data/cifar-10-batches-py/test_batch,845,cat,horse,0.7219624519348145,False,True,/home/tariq/Desktop/Awais-Tariq/base-KD/reports/cifar10_full_audit/vit_scratch/failure_images/00845_true-cat_pred-horse.png,false_negative_for_cat;false_positive_for_horse
862,cifar10_test_00862,/home/tariq/Desktop/Awais-Tariq/base-KD/data/cifar-10-batches-py/test_batch,862,cat,frog,0.9258246421813965,False,True,/home/tariq/Desktop/Awais-Tariq/base-KD/reports/cifar10_full_audit/vit_scratch/failure_images/00862_true-cat_pred-frog.png,false_negative_for_cat;false_positive_for_frog
866,cifar10_test_00866,/home/tariq/Desktop/Awais-Tariq/base-KD/data/cifar-10-batches-py/test_batch,866,cat,automobile,0.4934920072555542,False,True,/home/tariq/Desktop/Awais-Tariq/base-KD/reports/cifar10_full_audit/vit_scratch/failure_images/00866_true-cat_pred-automobile.png,false_negative_for_cat;false_positive_for_automobile
881,cifar10_test_00881,/home/tariq/Desktop/Awais-Tariq/base-KD/data/cifar-10-batches-py/test_batch,881,deer,cat,0.446332186460495,False,True,/home/tariq/Desktop/Awais-Tariq/base-KD/reports/cifar10_full_audit/vit_scratch/failure_images/00881_true-deer_pred-cat.png,false_negative_for_deer;false_positive_for_cat
884,cifar10_test_00884,/home/tariq/Desktop/Awais-Tariq/base-KD/data/cifar-10-batches-py/test_batch,884,truck,automobile,0.8808766007423401,False,True,/home/tariq/Desktop/Awais-Tariq/base-KD/reports/cifar10_full_audit/vit_scratch/failure_images/00884_true-truck_pred-automobile.png,false_negative_for_truck;false_positive_for_automobile
886,cifar10_test_00886,/home/tariq/Desktop/Awais-Tariq/base-KD/data/cifar-10-batches-py/test_batch,886,airplane,truck,0.5362119674682617,False,True,/home/tariq/Desktop/Awais-Tariq/base-KD/reports/cifar10_full_audit/vit_scratch/failure_images/00886_true-airplane_pred-truck.png,false_negative_for_airplane;false_positive_for_truck
888,cifar10_test_00888,/home/tariq/Desktop/Awais-Tariq/base-KD/data/cifar-10-batches-py/test_batch,888,airplane,ship,0.9942962527275085,False,True,/home/tariq/Desktop/Awais-Tariq/base-KD/reports/cifar10_full_audit/vit_scratch/failure_images/00888_true-airplane_pred-ship.png,false_negative_for_airplane;false_positive_for_ship
889,cifar10_test_00889,/home/tariq/Desktop/Awais-Tariq/base-KD/data/cifar-10-batches-py/test_batch,889,deer,frog,0.637364387512207,False,True,/home/tariq/Desktop/Awais-Tariq/base-KD/reports/cifar10_full_audit/vit_scratch/failure_images/00889_true-deer_pred-frog.png,false_negative_for_deer;false_positive_for_frog
893,cifar10_test_00893,/home/tariq/Desktop/Awais-Tariq/base-KD/data/cifar-10-batches-py/test_batch,893,frog,cat,0.8995412588119507,False,True,/home/tariq/Desktop/Awais-Tariq/base-KD/reports/cifar10_full_audit/vit_scratch/failure_images/00893_true-frog_pred-cat.png,false_negative_for_frog;false_positive_for_cat
912,cifar10_test_00912,/home/tariq/Desktop/Awais-Tariq/base-KD/data/cifar-10-batches-py/test_batch,912,airplane,bird,0.9910445213317871,False,True,/home/tariq/Desktop/Awais-Tariq/base-KD/reports/cifar10_full_audit/vit_scratch/failure_images/00912_true-airplane_pred-bird.png,false_negative_for_airplane;false_positive_for_bird
914,cifar10_test_00914,/home/tariq/Desktop/Awais-Tariq/base-KD/data/cifar-10-batches-py/test_batch,914,airplane,deer,0.8687236905097961,False,True,/home/tariq/Desktop/Awais-Tariq/base-KD/reports/cifar10_full_audit/vit_scratch/failure_images/00914_true-airplane_pred-deer.png,false_negative_for_airplane;false_positive_for_deer
916,cifar10_test_00916,/home/tariq/Desktop/Awais-Tariq/base-KD/data/cifar-10-batches-py/test_batch,916,cat,deer,0.9560737013816833,False,False,/home/tariq/Desktop/Awais-Tariq/base-KD/reports/cifar10_full_audit/vit_scratch/failure_images/00916_true-cat_pred-deer.png,false_negative_for_cat;false_positive_for_deer
924,cifar10_test_00924,/home/tariq/Desktop/Awais-Tariq/base-KD/data/cifar-10-batches-py/test_batch,924,dog,cat,0.4753861129283905,False,True,/home/tariq/Desktop/Awais-Tariq/base-KD/reports/cifar10_full_audit/vit_scratch/failure_images/00924_true-dog_pred-cat.png,false_negative_for_dog;false_positive_for_cat
925,cifar10_test_00925,/home/tariq/Desktop/Awais-Tariq/base-KD/data/cifar-10-batches-py/test_batch,925,dog,cat,0.9986481070518494,False,True,/home/tariq/Desktop/Awais-Tariq/base-KD/reports/cifar10_full_audit/vit_scratch/failure_images/00925_true-dog_pred-cat.png,false_negative_for_dog;false_positive_for_cat
935,cifar10_test_00935,/home/tariq/Desktop/Awais-Tariq/base-KD/data/cifar-10-batches-py/test_batch,935,bird,cat,0.9948813915252686,False,True,/home/tariq/Desktop/Awais-Tariq/base-KD/reports/cifar10_full_audit/vit_scratch/failure_images/00935_true-bird_pred-cat.png,false_negative_for_bird;false_positive_for_cat
937,cifar10_test_00937,/home/tariq/Desktop/Awais-Tariq/base-KD/data/cifar-10-batches-py/test_batch,937,dog,cat,0.5020185112953186,False,True,/home/tariq/Desktop/Awais-Tariq/base-KD/reports/cifar10_full_audit/vit_scratch/failure_images/00937_true-dog_pred-cat.png,false_negative_for_dog;false_positive_for_cat
943,cifar10_test_00943,/home/tariq/Desktop/Awais-Tariq/base-KD/data/cifar-10-batches-py/test_batch,943,deer,frog,0.9834839701652527,False,True,/home/tariq/Desktop/Awais-Tariq/base-KD/reports/cifar10_full_audit/vit_scratch/failure_images/00943_true-deer_pred-frog.png,false_negative_for_deer;false_positive_for_frog
962,cifar10_test_00962,/home/tariq/Desktop/Awais-Tariq/base-KD/data/cifar-10-batches-py/test_batch,962,automobile,truck,0.6554766297340393,False,True,/home/tariq/Desktop/Awais-Tariq/base-KD/reports/cifar10_full_audit/vit_scratch/failure_images/00962_true-automobile_pred-truck.png,false_negative_for_automobile;false_positive_for_truck
974,cifar10_test_00974,/home/tariq/Desktop/Awais-Tariq/base-KD/data/cifar-10-batches-py/test_batch,974,horse,airplane,0.9903374910354614,False,True,/home/tariq/Desktop/Awais-Tariq/base-KD/reports/cifar10_full_audit/vit_scratch/failure_images/00974_true-horse_pred-airplane.png,false_negative_for_horse;false_positive_for_airplane
980,cifar10_test_00980,/home/tariq/Desktop/Awais-Tariq/base-KD/data/cifar-10-batches-py/test_batch,980,bird,frog,0.9717711210250854,False,True,/home/tariq/Desktop/Awais-Tariq/base-KD/reports/cifar10_full_audit/vit_scratch/failure_images/00980_true-bird_pred-frog.png,false_negative_for_bird;false_positive_for_frog
982,cifar10_test_00982,/home/tariq/Desktop/Awais-Tariq/base-KD/data/cifar-10-batches-py/test_batch,982,airplane,bird,0.9456027150154114,False,False,/home/tariq/Desktop/Awais-Tariq/base-KD/reports/cifar10_full_audit/vit_scratch/failure_images/00982_true-airplane_pred-bird.png,false_negative_for_airplane;false_positive_for_bird
991,cifar10_test_00991,/home/tariq/Desktop/Awais-Tariq/base-KD/data/cifar-10-batches-py/test_batch,991,dog,horse,0.9294334650039673,False,True,/home/tariq/Desktop/Awais-Tariq/base-KD/reports/cifar10_full_audit/vit_scratch/failure_images/00991_true-dog_pred-horse.png,false_negative_for_dog;false_positive_for_horse
995,cifar10_test_00995,/home/tariq/Desktop/Awais-Tariq/base-KD/data/cifar-10-batches-py/test_batch,995,cat,bird,0.990536630153656,False,True,/home/tariq/Desktop/Awais-Tariq/base-KD/reports/cifar10_full_audit/vit_scratch/failure_images/00995_true-cat_pred-bird.png,false_negative_for_cat;false_positive_for_bird
1001,cifar10_test_01001,/home/tariq/Desktop/Awais-Tariq/base-KD/data/cifar-10-batches-py/test_batch,1001,airplane,ship,0.9736905694007874,False,True,/home/tariq/Desktop/Awais-Tariq/base-KD/reports/cifar10_full_audit/vit_scratch/failure_images/01001_true-airplane_pred-ship.png,false_negative_for_airplane;false_positive_for_ship
1002,cifar10_test_01002,/home/tariq/Desktop/Awais-Tariq/base-KD/data/cifar-10-batches-py/test_batch,1002,ship,truck,0.9860947132110596,False,True,/home/tariq/Desktop/Awais-Tariq/base-KD/reports/cifar10_full_audit/vit_scratch/failure_images/01002_true-ship_pred-truck.png,false_negative_for_ship;false_positive_for_truck
1026,cifar10_test_01026,/home/tariq/Desktop/Awais-Tariq/base-KD/data/cifar-10-batches-py/test_batch,1026,airplane,bird,0.45785385370254517,False,True,/home/tariq/Desktop/Awais-Tariq/base-KD/reports/cifar10_full_audit/vit_scratch/failure_images/01026_true-airplane_pred-bird.png,false_negative_for_airplane;false_positive_for_bird
1032,cifar10_test_01032,/home/tariq/Desktop/Awais-Tariq/base-KD/data/cifar-10-batches-py/test_batch,1032,frog,bird,0.8016464710235596,False,True,/home/tariq/Desktop/Awais-Tariq/base-KD/reports/cifar10_full_audit/vit_scratch/failure_images/01032_true-frog_pred-bird.png,false_negative_for_frog;false_positive_for_bird
1035,cifar10_test_01035,/home/tariq/Desktop/Awais-Tariq/base-KD/data/cifar-10-batches-py/test_batch,1035,frog,horse,0.6717736124992371,False,True,/home/tariq/Desktop/Awais-Tariq/base-KD/reports/cifar10_full_audit/vit_scratch/failure_images/01035_true-frog_pred-horse.png,false_negative_for_frog;false_positive_for_horse
1042,cifar10_test_01042,/home/tariq/Desktop/Awais-Tariq/base-KD/data/cifar-10-batches-py/test_batch,1042,dog,horse,0.585006058216095,False,True,/home/tariq/Desktop/Awais-Tariq/base-KD/reports/cifar10_full_audit/vit_scratch/failure_images/01042_true-dog_pred-horse.png,false_negative_for_dog;false_positive_for_horse
1045,cifar10_test_01045,/home/tariq/Desktop/Awais-Tariq/base-KD/data/cifar-10-batches-py/test_batch,1045,dog,horse,0.8581358790397644,False,True,/home/tariq/Desktop/Awais-Tariq/base-KD/reports/cifar10_full_audit/vit_scratch/failure_images/01045_true-dog_pred-horse.png,false_negative_for_dog;false_positive_for_horse
1050,cifar10_test_01050,/home/tariq/Desktop/Awais-Tariq/base-KD/data/cifar-10-batches-py/test_batch,1050,cat,horse,0.9617231488227844,False,True,/home/tariq/Desktop/Awais-Tariq/base-KD/reports/cifar10_full_audit/vit_scratch/failure_images/01050_true-cat_pred-horse.png,false_negative_for_cat;false_positive_for_horse
1057,cifar10_test_01057,/home/tariq/Desktop/Awais-Tariq/base-KD/data/cifar-10-batches-py/test_batch,1057,horse,dog,0.5617629289627075,False,True,/home/tariq/Desktop/Awais-Tariq/base-KD/reports/cifar10_full_audit/vit_scratch/failure_images/01057_true-horse_pred-dog.png,false_negative_for_horse;false_positive_for_dog
1058,cifar10_test_01058,/home/tariq/Desktop/Awais-Tariq/base-KD/data/cifar-10-batches-py/test_batch,1058,frog,automobile,0.5603302717208862,False,True,/home/tariq/Desktop/Awais-Tariq/base-KD/reports/cifar10_full_audit/vit_scratch/failure_images/01058_true-frog_pred-automobile.png,false_negative_for_frog;false_positive_for_automobile
1064,cifar10_test_01064,/home/tariq/Desktop/Awais-Tariq/base-KD/data/cifar-10-batches-py/test_batch,1064,truck,automobile,0.6718934774398804,False,True,/home/tariq/Desktop/Awais-Tariq/base-KD/reports/cifar10_full_audit/vit_scratch/failure_images/01064_true-truck_pred-automobile.png,false_negative_for_truck;false_positive_for_automobile
1080,cifar10_test_01080,/home/tariq/Desktop/Awais-Tariq/base-KD/data/cifar-10-batches-py/test_batch,1080,frog,automobile,0.8640223145484924,False,True,/home/tariq/Desktop/Awais-Tariq/base-KD/reports/cifar10_full_audit/vit_scratch/failure_images/01080_true-frog_pred-automobile.png,false_negative_for_frog;false_positive_for_automobile
1084,cifar10_test_01084,/home/tariq/Desktop/Awais-Tariq/base-KD/data/cifar-10-batches-py/test_batch,1084,dog,cat,0.833593487739563,False,True,/home/tariq/Desktop/Awais-Tariq/base-KD/reports/cifar10_full_audit/vit_scratch/failure_images/01084_true-dog_pred-cat.png,false_negative_for_dog;false_positive_for_cat
1086,cifar10_test_01086,/home/tariq/Desktop/Awais-Tariq/base-KD/data/cifar-10-batches-py/test_batch,1086,deer,horse,0.9979382157325745,False,True,/home/tariq/Desktop/Awais-Tariq/base-KD/reports/cifar10_full_audit/vit_scratch/failure_images/01086_true-deer_pred-horse.png,false_negative_for_deer;false_positive_for_horse
1088,cifar10_test_01088,/home/tariq/Desktop/Awais-Tariq/base-KD/data/cifar-10-batches-py/test_batch,1088,cat,dog,0.8083969950675964,False,True,/home/tariq/Desktop/Awais-Tariq/base-KD/reports/cifar10_full_audit/vit_scratch/failure_images/01088_true-cat_pred-dog.png,false_negative_for_cat;false_positive_for_dog
1094,cifar10_test_01094,/home/tariq/Desktop/Awais-Tariq/base-KD/data/cifar-10-batches-py/test_batch,1094,frog,horse,0.46051087975502014,False,True,/home/tariq/Desktop/Awais-Tariq/base-KD/reports/cifar10_full_audit/vit_scratch/failure_images/01094_true-frog_pred-horse.png,false_negative_for_frog;false_positive_for_horse
1100,cifar10_test_01100,/home/tariq/Desktop/Awais-Tariq/base-KD/data/cifar-10-batches-py/test_batch,1100,horse,airplane,0.8401581645011902,False,True,/home/tariq/Desktop/Awais-Tariq/base-KD/reports/cifar10_full_audit/vit_scratch/failure_images/01100_true-horse_pred-airplane.png,false_negative_for_horse;false_positive_for_airplane
1105,cifar10_test_01105,/home/tariq/Desktop/Awais-Tariq/base-KD/data/cifar-10-batches-py/test_batch,1105,deer,cat,0.9966048002243042,False,True,/home/tariq/Desktop/Awais-Tariq/base-KD/reports/cifar10_full_audit/vit_scratch/failure_images/01105_true-deer_pred-cat.png,false_negative_for_deer;false_positive_for_cat
1109,cifar10_test_01109,/home/tariq/Desktop/Awais-Tariq/base-KD/data/cifar-10-batches-py/test_batch,1109,airplane,automobile,0.9992663264274597,False,True,/home/tariq/Desktop/Awais-Tariq/base-KD/reports/cifar10_full_audit/vit_scratch/failure_images/01109_true-airplane_pred-automobile.png,false_negative_for_airplane;false_positive_for_automobile
1112,cifar10_test_01112,/home/tariq/Desktop/Awais-Tariq/base-KD/data/cifar-10-batches-py/test_batch,1112,cat,dog,0.6478070020675659,False,True,/home/tariq/Desktop/Awais-Tariq/base-KD/reports/cifar10_full_audit/vit_scratch/failure_images/01112_true-cat_pred-dog.png,false_negative_for_cat;false_positive_for_dog
1124,cifar10_test_01124,/home/tariq/Desktop/Awais-Tariq/base-KD/data/cifar-10-batches-py/test_batch,1124,cat,bird,0.9791178703308105,False,True,/home/tariq/Desktop/Awais-Tariq/base-KD/reports/cifar10_full_audit/vit_scratch/failure_images/01124_true-cat_pred-bird.png,false_negative_for_cat;false_positive_for_bird
1128,cifar10_test_01128,/home/tariq/Desktop/Awais-Tariq/base-KD/data/cifar-10-batches-py/test_batch,1128,deer,cat,0.9005518555641174,False,True,/home/tariq/Desktop/Awais-Tariq/base-KD/reports/cifar10_full_audit/vit_scratch/failure_images/01128_true-deer_pred-cat.png,false_negative_for_deer;false_positive_for_cat
1129,cifar10_test_01129,/home/tariq/Desktop/Awais-Tariq/base-KD/data/cifar-10-batches-py/test_batch,1129,cat,dog,0.5203381776809692,False,True,/home/tariq/Desktop/Awais-Tariq/base-KD/reports/cifar10_full_audit/vit_scratch/failure_images/01129_true-cat_pred-dog.png,false_negative_for_cat;false_positive_for_dog
1130,cifar10_test_01130,/home/tariq/Desktop/Awais-Tariq/base-KD/data/cifar-10-batches-py/test_batch,1130,horse,ship,0.5106140971183777,False,False,/home/tariq/Desktop/Awais-Tariq/base-KD/reports/cifar10_full_audit/vit_scratch/failure_images/01130_true-horse_pred-ship.png,false_negative_for_horse;false_positive_for_ship
1132,cifar10_test_01132,/home/tariq/Desktop/Awais-Tariq/base-KD/data/cifar-10-batches-py/test_batch,1132,bird,horse,0.9987686276435852,False,True,/home/tariq/Desktop/Awais-Tariq/base-KD/reports/cifar10_full_audit/vit_scratch/failure_images/01132_true-bird_pred-horse.png,false_negative_for_bird;false_positive_for_horse
1137,cifar10_test_01137,/home/tariq/Desktop/Awais-Tariq/base-KD/data/cifar-10-batches-py/test_batch,1137,airplane,truck,0.9984910488128662,False,True,/home/tariq/Desktop/Awais-Tariq/base-KD/reports/cifar10_full_audit/vit_scratch/failure_images/01137_true-airplane_pred-truck.png,false_negative_for_airplane;false_positive_for_truck
1146,cifar10_test_01146,/home/tariq/Desktop/Awais-Tariq/base-KD/data/cifar-10-batches-py/test_batch,1146,bird,deer,0.4919506013393402,False,True,/home/tariq/Desktop/Awais-Tariq/base-KD/reports/cifar10_full_audit/vit_scratch/failure_images/01146_true-bird_pred-deer.png,false_negative_for_bird;false_positive_for_deer
1150,cifar10_test_01150,/home/tariq/Desktop/Awais-Tariq/base-KD/data/cifar-10-batches-py/test_batch,1150,bird,cat,0.9988179802894592,False,False,/home/tariq/Desktop/Awais-Tariq/base-KD/reports/cifar10_full_audit/vit_scratch/failure_images/01150_true-bird_pred-cat.png,false_negative_for_bird;false_positive_for_cat
1163,cifar10_test_01163,/home/tariq/Desktop/Awais-Tariq/base-KD/data/cifar-10-batches-py/test_batch,1163,cat,horse,0.979598343372345,False,True,/home/tariq/Desktop/Awais-Tariq/base-KD/reports/cifar10_full_audit/vit_scratch/failure_images/01163_true-cat_pred-horse.png,false_negative_for_cat;false_positive_for_horse
1166,cifar10_test_01166,/home/tariq/Desktop/Awais-Tariq/base-KD/data/cifar-10-batches-py/test_batch,1166,cat,dog,0.9998233914375305,False,True,/home/tariq/Desktop/Awais-Tariq/base-KD/reports/cifar10_full_audit/vit_scratch/failure_images/01166_true-cat_pred-dog.png,false_negative_for_cat;false_positive_for_dog
1178,cifar10_test_01178,/home/tariq/Desktop/Awais-Tariq/base-KD/data/cifar-10-batches-py/test_batch,1178,frog,bird,0.9913591146469116,False,True,/home/tariq/Desktop/Awais-Tariq/base-KD/reports/cifar10_full_audit/vit_scratch/failure_images/01178_true-frog_pred-bird.png,false_negative_for_frog;false_positive_for_bird
1179,cifar10_test_01179,/home/tariq/Desktop/Awais-Tariq/base-KD/data/cifar-10-batches-py/test_batch,1179,cat,dog,0.8194685578346252,False,True,/home/tariq/Desktop/Awais-Tariq/base-KD/reports/cifar10_full_audit/vit_scratch/failure_images/01179_true-cat_pred-dog.png,false_negative_for_cat;false_positive_for_dog
1181,cifar10_test_01181,/home/tariq/Desktop/Awais-Tariq/base-KD/data/cifar-10-batches-py/test_batch,1181,cat,frog,0.9998706579208374,False,False,/home/tariq/Desktop/Awais-Tariq/base-KD/reports/cifar10_full_audit/vit_scratch/failure_images/01181_true-cat_pred-frog.png,false_negative_for_cat;false_positive_for_frog
1193,cifar10_test_01193,/home/tariq/Desktop/Awais-Tariq/base-KD/data/cifar-10-batches-py/test_batch,1193,dog,cat,0.5212588906288147,False,True,/home/tariq/Desktop/Awais-Tariq/base-KD/reports/cifar10_full_audit/vit_scratch/failure_images/01193_true-dog_pred-cat.png,false_negative_for_dog;false_positive_for_cat
1199,cifar10_test_01199,/home/tariq/Desktop/Awais-Tariq/base-KD/data/cifar-10-batches-py/test_batch,1199,truck,automobile,0.9886705875396729,False,True,/home/tariq/Desktop/Awais-Tariq/base-KD/reports/cifar10_full_audit/vit_scratch/failure_images/01199_true-truck_pred-automobile.png,false_negative_for_truck;false_positive_for_automobile
1201,cifar10_test_01201,/home/tariq/Desktop/Awais-Tariq/base-KD/data/cifar-10-batches-py/test_batch,1201,horse,dog,0.7522516846656799,False,True,/home/tariq/Desktop/Awais-Tariq/base-KD/reports/cifar10_full_audit/vit_scratch/failure_images/01201_true-horse_pred-dog.png,false_negative_for_horse;false_positive_for_dog
1208,cifar10_test_01208,/home/tariq/Desktop/Awais-Tariq/base-KD/data/cifar-10-batches-py/test_batch,1208,cat,truck,0.9995817542076111,False,True,/home/tariq/Desktop/Awais-Tariq/base-KD/reports/cifar10_full_audit/vit_scratch/failure_images/01208_true-cat_pred-truck.png,false_negative_for_cat;false_positive_for_truck
1217,cifar10_test_01217,/home/tariq/Desktop/Awais-Tariq/base-KD/data/cifar-10-batches-py/test_batch,1217,deer,dog,0.9729439616203308,False,True,/home/tariq/Desktop/Awais-Tariq/base-KD/reports/cifar10_full_audit/vit_scratch/failure_images/01217_true-deer_pred-dog.png,false_negative_for_deer;false_positive_for_dog
1218,cifar10_test_01218,/home/tariq/Desktop/Awais-Tariq/base-KD/data/cifar-10-batches-py/test_batch,1218,ship,airplane,0.8572708368301392,False,True,/home/tariq/Desktop/Awais-Tariq/base-KD/reports/cifar10_full_audit/vit_scratch/failure_images/01218_true-ship_pred-airplane.png,false_negative_for_ship;false_positive_for_airplane
1220,cifar10_test_01220,/home/tariq/Desktop/Awais-Tariq/base-KD/data/cifar-10-batches-py/test_batch,1220,truck,frog,0.9761193990707397,False,True,/home/tariq/Desktop/Awais-Tariq/base-KD/reports/cifar10_full_audit/vit_scratch/failure_images/01220_true-truck_pred-frog.png,false_negative_for_truck;false_positive_for_frog
1222,cifar10_test_01222,/home/tariq/Desktop/Awais-Tariq/base-KD/data/cifar-10-batches-py/test_batch,1222,truck,automobile,0.7194859981536865,False,True,/home/tariq/Desktop/Awais-Tariq/base-KD/reports/cifar10_full_audit/vit_scratch/failure_images/01222_true-truck_pred-automobile.png,false_negative_for_truck;false_positive_for_automobile
1223,cifar10_test_01223,/home/tariq/Desktop/Awais-Tariq/base-KD/data/cifar-10-batches-py/test_batch,1223,ship,airplane,0.9323260188102722,False,True,/home/tariq/Desktop/Awais-Tariq/base-KD/reports/cifar10_full_audit/vit_scratch/failure_images/01223_true-ship_pred-airplane.png,false_negative_for_ship;false_positive_for_airplane
1226,cifar10_test_01226,/home/tariq/Desktop/Awais-Tariq/base-KD/data/cifar-10-batches-py/test_batch,1226,frog,bird,0.9997493624687195,False,True,/home/tariq/Desktop/Awais-Tariq/base-KD/reports/cifar10_full_audit/vit_scratch/failure_images/01226_true-frog_pred-bird.png,false_negative_for_frog;false_positive_for_bird
1228,cifar10_test_01228,/home/tariq/Desktop/Awais-Tariq/base-KD/data/cifar-10-batches-py/test_batch,1228,dog,deer,0.592997670173645,False,True,/home/tariq/Desktop/Awais-Tariq/base-KD/reports/cifar10_full_audit/vit_scratch/failure_images/01228_true-dog_pred-deer.png,false_negative_for_dog;false_positive_for_deer
1230,cifar10_test_01230,/home/tariq/Desktop/Awais-Tariq/base-KD/data/cifar-10-batches-py/test_batch,1230,dog,cat,0.9992465972900391,False,True,/home/tariq/Desktop/Awais-Tariq/base-KD/reports/cifar10_full_audit/vit_scratch/failure_images/01230_true-dog_pred-cat.png,false_negative_for_dog;false_positive_for_cat
1236,cifar10_test_01236,/home/tariq/Desktop/Awais-Tariq/base-KD/data/cifar-10-batches-py/test_batch,1236,horse,cat,0.975650429725647,False,True,/home/tariq/Desktop/Awais-Tariq/base-KD/reports/cifar10_full_audit/vit_scratch/failure_images/01236_true-horse_pred-cat.png,false_negative_for_horse;false_positive_for_cat
1240,cifar10_test_01240,/home/tariq/Desktop/Awais-Tariq/base-KD/data/cifar-10-batches-py/test_batch,1240,bird,cat,0.7336959838867188,False,True,/home/tariq/Desktop/Awais-Tariq/base-KD/reports/cifar10_full_audit/vit_scratch/failure_images/01240_true-bird_pred-cat.png,false_negative_for_bird;false_positive_for_cat
1242,cifar10_test_01242,/home/tariq/Desktop/Awais-Tariq/base-KD/data/cifar-10-batches-py/test_batch,1242,ship,truck,0.6440122723579407,False,True,/home/tariq/Desktop/Awais-Tariq/base-KD/reports/cifar10_full_audit/vit_scratch/failure_images/01242_true-ship_pred-truck.png,false_negative_for_ship;false_positive_for_truck
1245,cifar10_test_01245,/home/tariq/Desktop/Awais-Tariq/base-KD/data/cifar-10-batches-py/test_batch,1245,frog,bird,0.9568318724632263,False,True,/home/tariq/Desktop/Awais-Tariq/base-KD/reports/cifar10_full_audit/vit_scratch/failure_images/01245_true-frog_pred-bird.png,false_negative_for_frog;false_positive_for_bird
1247,cifar10_test_01247,/home/tariq/Desktop/Awais-Tariq/base-KD/data/cifar-10-batches-py/test_batch,1247,cat,bird,0.9932125806808472,False,True,/home/tariq/Desktop/Awais-Tariq/base-KD/reports/cifar10_full_audit/vit_scratch/failure_images/01247_true-cat_pred-bird.png,false_negative_for_cat;false_positive_for_bird
1248,cifar10_test_01248,/home/tariq/Desktop/Awais-Tariq/base-KD/data/cifar-10-batches-py/test_batch,1248,bird,cat,0.9880361557006836,False,True,/home/tariq/Desktop/Awais-Tariq/base-KD/reports/cifar10_full_audit/vit_scratch/failure_images/01248_true-bird_pred-cat.png,false_negative_for_bird;false_positive_for_cat
1249,cifar10_test_01249,/home/tariq/Desktop/Awais-Tariq/base-KD/data/cifar-10-batches-py/test_batch,1249,deer,frog,0.998608410358429,False,True,/home/tariq/Desktop/Awais-Tariq/base-KD/reports/cifar10_full_audit/vit_scratch/failure_images/01249_true-deer_pred-frog.png,false_negative_for_deer;false_positive_for_frog
1256,cifar10_test_01256,/home/tariq/Desktop/Awais-Tariq/base-KD/data/cifar-10-batches-py/test_batch,1256,truck,ship,0.5090101957321167,False,True,/home/tariq/Desktop/Awais-Tariq/base-KD/reports/cifar10_full_audit/vit_scratch/failure_images/01256_true-truck_pred-ship.png,false_negative_for_truck;false_positive_for_ship
1261,cifar10_test_01261,/home/tariq/Desktop/Awais-Tariq/base-KD/data/cifar-10-batches-py/test_batch,1261,truck,ship,0.5694760680198669,False,True,/home/tariq/Desktop/Awais-Tariq/base-KD/reports/cifar10_full_audit/vit_scratch/failure_images/01261_true-truck_pred-ship.png,false_negative_for_truck;false_positive_for_ship
1266,cifar10_test_01266,/home/tariq/Desktop/Awais-Tariq/base-KD/data/cifar-10-batches-py/test_batch,1266,airplane,ship,0.9958898425102234,False,True,/home/tariq/Desktop/Awais-Tariq/base-KD/reports/cifar10_full_audit/vit_scratch/failure_images/01266_true-airplane_pred-ship.png,false_negative_for_airplane;false_positive_for_ship
1285,cifar10_test_01285,/home/tariq/Desktop/Awais-Tariq/base-KD/data/cifar-10-batches-py/test_batch,1285,truck,automobile,0.9776214361190796,False,True,/home/tariq/Desktop/Awais-Tariq/base-KD/reports/cifar10_full_audit/vit_scratch/failure_images/01285_true-truck_pred-automobile.png,false_negative_for_truck;false_positive_for_automobile
1300,cifar10_test_01300,/home/tariq/Desktop/Awais-Tariq/base-KD/data/cifar-10-batches-py/test_batch,1300,deer,frog,0.6260636448860168,False,True,/home/tariq/Desktop/Awais-Tariq/base-KD/reports/cifar10_full_audit/vit_scratch/failure_images/01300_true-deer_pred-frog.png,false_negative_for_deer;false_positive_for_frog
1307,cifar10_test_01307,/home/tariq/Desktop/Awais-Tariq/base-KD/data/cifar-10-batches-py/test_batch,1307,bird,airplane,0.9959083795547485,False,True,/home/tariq/Desktop/Awais-Tariq/base-KD/reports/cifar10_full_audit/vit_scratch/failure_images/01307_true-bird_pred-airplane.png,false_negative_for_bird;false_positive_for_airplane
1309,cifar10_test_01309,/home/tariq/Desktop/Awais-Tariq/base-KD/data/cifar-10-batches-py/test_batch,1309,frog,bird,0.999967098236084,False,True,/home/tariq/Desktop/Awais-Tariq/base-KD/reports/cifar10_full_audit/vit_scratch/failure_images/01309_true-frog_pred-bird.png,false_negative_for_frog;false_positive_for_bird
1318,cifar10_test_01318,/home/tariq/Desktop/Awais-Tariq/base-KD/data/cifar-10-batches-py/test_batch,1318,dog,cat,0.6017650365829468,False,True,/home/tariq/Desktop/Awais-Tariq/base-KD/reports/cifar10_full_audit/vit_scratch/failure_images/01318_true-dog_pred-cat.png,false_negative_for_dog;false_positive_for_cat
1321,cifar10_test_01321,/home/tariq/Desktop/Awais-Tariq/base-KD/data/cifar-10-batches-py/test_batch,1321,bird,cat,0.9441049695014954,False,False,/home/tariq/Desktop/Awais-Tariq/base-KD/reports/cifar10_full_audit/vit_scratch/failure_images/01321_true-bird_pred-cat.png,false_negative_for_bird;false_positive_for_cat
1330,cifar10_test_01330,/home/tariq/Desktop/Awais-Tariq/base-KD/data/cifar-10-batches-py/test_batch,1330,bird,dog,0.6794400215148926,False,True,/home/tariq/Desktop/Awais-Tariq/base-KD/reports/cifar10_full_audit/vit_scratch/failure_images/01330_true-bird_pred-dog.png,false_negative_for_bird;false_positive_for_dog
1339,cifar10_test_01339,/home/tariq/Desktop/Awais-Tariq/base-KD/data/cifar-10-batches-py/test_batch,1339,dog,cat,0.9203803539276123,False,True,/home/tariq/Desktop/Awais-Tariq/base-KD/reports/cifar10_full_audit/vit_scratch/failure_images/01339_true-dog_pred-cat.png,false_negative_for_dog;false_positive_for_cat
1353,cifar10_test_01353,/home/tariq/Desktop/Awais-Tariq/base-KD/data/cifar-10-batches-py/test_batch,1353,cat,deer,0.9983200430870056,False,True,/home/tariq/Desktop/Awais-Tariq/base-KD/reports/cifar10_full_audit/vit_scratch/failure_images/01353_true-cat_pred-deer.png,false_negative_for_cat;false_positive_for_deer
1355,cifar10_test_01355,/home/tariq/Desktop/Awais-Tariq/base-KD/data/cifar-10-batches-py/test_batch,1355,dog,bird,0.7317814230918884,False,True,/home/tariq/Desktop/Awais-Tariq/base-KD/reports/cifar10_full_audit/vit_scratch/failure_images/01355_true-dog_pred-bird.png,false_negative_for_dog;false_positive_for_bird
1356,cifar10_test_01356,/home/tariq/Desktop/Awais-Tariq/base-KD/data/cifar-10-batches-py/test_batch,1356,bird,frog,0.7617029547691345,False,True,/home/tariq/Desktop/Awais-Tariq/base-KD/reports/cifar10_full_audit/vit_scratch/failure_images/01356_true-bird_pred-frog.png,false_negative_for_bird;false_positive_for_frog
1385,cifar10_test_01385,/home/tariq/Desktop/Awais-Tariq/base-KD/data/cifar-10-batches-py/test_batch,1385,dog,cat,0.8291276097297668,False,True,/home/tariq/Desktop/Awais-Tariq/base-KD/reports/cifar10_full_audit/vit_scratch/failure_images/01385_true-dog_pred-cat.png,false_negative_for_dog;false_positive_for_cat
1389,cifar10_test_01389,/home/tariq/Desktop/Awais-Tariq/base-KD/data/cifar-10-batches-py/test_batch,1389,dog,deer,0.9972502589225769,False,True,/home/tariq/Desktop/Awais-Tariq/base-KD/reports/cifar10_full_audit/vit_scratch/failure_images/01389_true-dog_pred-deer.png,false_negative_for_dog;false_positive_for_deer
1391,cifar10_test_01391,/home/tariq/Desktop/Awais-Tariq/base-KD/data/cifar-10-batches-py/test_batch,1391,horse,deer,0.9268043637275696,False,True,/home/tariq/Desktop/Awais-Tariq/base-KD/reports/cifar10_full_audit/vit_scratch/failure_images/01391_true-horse_pred-deer.png,false_negative_for_horse;false_positive_for_deer
1393,cifar10_test_01393,/home/tariq/Desktop/Awais-Tariq/base-KD/data/cifar-10-batches-py/test_batch,1393,deer,bird,0.4864996373653412,False,True,/home/tariq/Desktop/Awais-Tariq/base-KD/reports/cifar10_full_audit/vit_scratch/failure_images/01393_true-deer_pred-bird.png,false_negative_for_deer;false_positive_for_bird
1395,cifar10_test_01395,/home/tariq/Desktop/Awais-Tariq/base-KD/data/cifar-10-batches-py/test_batch,1395,cat,frog,0.999154806137085,False,True,/home/tariq/Desktop/Awais-Tariq/base-KD/reports/cifar10_full_audit/vit_scratch/failure_images/01395_true-cat_pred-frog.png,false_negative_for_cat;false_positive_for_frog
1400,cifar10_test_01400,/home/tariq/Desktop/Awais-Tariq/base-KD/data/cifar-10-batches-py/test_batch,1400,dog,cat,0.9235367178916931,False,True,/home/tariq/Desktop/Awais-Tariq/base-KD/reports/cifar10_full_audit/vit_scratch/failure_images/01400_true-dog_pred-cat.png,false_negative_for_dog;false_positive_for_cat
1403,cifar10_test_01403,/home/tariq/Desktop/Awais-Tariq/base-KD/data/cifar-10-batches-py/test_batch,1403,frog,deer,0.9905499815940857,False,True,/home/tariq/Desktop/Awais-Tariq/base-KD/reports/cifar10_full_audit/vit_scratch/failure_images/01403_true-frog_pred-deer.png,false_negative_for_frog;false_positive_for_deer
1420,cifar10_test_01420,/home/tariq/Desktop/Awais-Tariq/base-KD/data/cifar-10-batches-py/test_batch,1420,deer,horse,0.9967645406723022,False,True,/home/tariq/Desktop/Awais-Tariq/base-KD/reports/cifar10_full_audit/vit_scratch/failure_images/01420_true-deer_pred-horse.png,false_negative_for_deer;false_positive_for_horse
1422,cifar10_test_01422,/home/tariq/Desktop/Awais-Tariq/base-KD/data/cifar-10-batches-py/test_batch,1422,ship,airplane,0.7888154983520508,False,True,/home/tariq/Desktop/Awais-Tariq/base-KD/reports/cifar10_full_audit/vit_scratch/failure_images/01422_true-ship_pred-airplane.png,false_negative_for_ship;false_positive_for_airplane
1439,cifar10_test_01439,/home/tariq/Desktop/Awais-Tariq/base-KD/data/cifar-10-batches-py/test_batch,1439,truck,automobile,0.9955906867980957,False,True,/home/tariq/Desktop/Awais-Tariq/base-KD/reports/cifar10_full_audit/vit_scratch/failure_images/01439_true-truck_pred-automobile.png,false_negative_for_truck;false_positive_for_automobile
1440,cifar10_test_01440,/home/tariq/Desktop/Awais-Tariq/base-KD/data/cifar-10-batches-py/test_batch,1440,airplane,ship,0.9639546275138855,False,True,/home/tariq/Desktop/Awais-Tariq/base-KD/reports/cifar10_full_audit/vit_scratch/failure_images/01440_true-airplane_pred-ship.png,false_negative_for_airplane;false_positive_for_ship
1442,cifar10_test_01442,/home/tariq/Desktop/Awais-Tariq/base-KD/data/cifar-10-batches-py/test_batch,1442,cat,frog,0.9166642427444458,False,True,/home/tariq/Desktop/Awais-Tariq/base-KD/reports/cifar10_full_audit/vit_scratch/failure_images/01442_true-cat_pred-frog.png,false_negative_for_cat;false_positive_for_frog
1443,cifar10_test_01443,/home/tariq/Desktop/Awais-Tariq/base-KD/data/cifar-10-batches-py/test_batch,1443,deer,frog,0.5411359071731567,False,True,/home/tariq/Desktop/Awais-Tariq/base-KD/reports/cifar10_full_audit/vit_scratch/failure_images/01443_true-deer_pred-frog.png,false_negative_for_deer;false_positive_for_frog
1445,cifar10_test_01445,/home/tariq/Desktop/Awais-Tariq/base-KD/data/cifar-10-batches-py/test_batch,1445,cat,bird,0.46890944242477417,False,True,/home/tariq/Desktop/Awais-Tariq/base-KD/reports/cifar10_full_audit/vit_scratch/failure_images/01445_true-cat_pred-bird.png,false_negative_for_cat;false_positive_for_bird
1461,cifar10_test_01461,/home/tariq/Desktop/Awais-Tariq/base-KD/data/cifar-10-batches-py/test_batch,1461,airplane,truck,0.9740641117095947,False,True,/home/tariq/Desktop/Awais-Tariq/base-KD/reports/cifar10_full_audit/vit_scratch/failure_images/01461_true-airplane_pred-truck.png,false_negative_for_airplane;false_positive_for_truck
1463,cifar10_test_01463,/home/tariq/Desktop/Awais-Tariq/base-KD/data/cifar-10-batches-py/test_batch,1463,airplane,ship,0.9997885823249817,False,True,/home/tariq/Desktop/Awais-Tariq/base-KD/reports/cifar10_full_audit/vit_scratch/failure_images/01463_true-airplane_pred-ship.png,false_negative_for_airplane;false_positive_for_ship
1470,cifar10_test_01470,/home/tariq/Desktop/Awais-Tariq/base-KD/data/cifar-10-batches-py/test_batch,1470,horse,dog,0.8826228976249695,False,True,/home/tariq/Desktop/Awais-Tariq/base-KD/reports/cifar10_full_audit/vit_scratch/failure_images/01470_true-horse_pred-dog.png,false_negative_for_horse;false_positive_for_dog
1471,cifar10_test_01471,/home/tariq/Desktop/Awais-Tariq/base-KD/data/cifar-10-batches-py/test_batch,1471,ship,airplane,0.9507986307144165,False,True,/home/tariq/Desktop/Awais-Tariq/base-KD/reports/cifar10_full_audit/vit_scratch/failure_images/01471_true-ship_pred-airplane.png,false_negative_for_ship;false_positive_for_airplane
1474,cifar10_test_01474,/home/tariq/Desktop/Awais-Tariq/base-KD/data/cifar-10-batches-py/test_batch,1474,cat,horse,0.9962511658668518,False,True,/home/tariq/Desktop/Awais-Tariq/base-KD/reports/cifar10_full_audit/vit_scratch/failure_images/01474_true-cat_pred-horse.png,false_negative_for_cat;false_positive_for_horse
1479,cifar10_test_01479,/home/tariq/Desktop/Awais-Tariq/base-KD/data/cifar-10-batches-py/test_batch,1479,bird,truck,0.9972434043884277,False,True,/home/tariq/Desktop/Awais-Tariq/base-KD/reports/cifar10_full_audit/vit_scratch/failure_images/01479_true-bird_pred-truck.png,false_negative_for_bird;false_positive_for_truck
1492,cifar10_test_01492,/home/tariq/Desktop/Awais-Tariq/base-KD/data/cifar-10-batches-py/test_batch,1492,truck,ship,0.9156812429428101,False,True,/home/tariq/Desktop/Awais-Tariq/base-KD/reports/cifar10_full_audit/vit_scratch/failure_images/01492_true-truck_pred-ship.png,false_negative_for_truck;false_positive_for_ship
1495,cifar10_test_01495,/home/tariq/Desktop/Awais-Tariq/base-KD/data/cifar-10-batches-py/test_batch,1495,bird,airplane,0.9998242259025574,False,True,/home/tariq/Desktop/Awais-Tariq/base-KD/reports/cifar10_full_audit/vit_scratch/failure_images/01495_true-bird_pred-airplane.png,false_negative_for_bird;false_positive_for_airplane
1498,cifar10_test_01498,/home/tariq/Desktop/Awais-Tariq/base-KD/data/cifar-10-batches-py/test_batch,1498,dog,cat,0.5588565468788147,False,True,/home/tariq/Desktop/Awais-Tariq/base-KD/reports/cifar10_full_audit/vit_scratch/failure_images/01498_true-dog_pred-cat.png,false_negative_for_dog;false_positive_for_cat
1503,cifar10_test_01503,/home/tariq/Desktop/Awais-Tariq/base-KD/data/cifar-10-batches-py/test_batch,1503,deer,dog,0.992960512638092,False,True,/home/tariq/Desktop/Awais-Tariq/base-KD/reports/cifar10_full_audit/vit_scratch/failure_images/01503_true-deer_pred-dog.png,false_negative_for_deer;false_positive_for_dog
1506,cifar10_test_01506,/home/tariq/Desktop/Awais-Tariq/base-KD/data/cifar-10-batches-py/test_batch,1506,dog,horse,0.9977498650550842,False,True,/home/tariq/Desktop/Awais-Tariq/base-KD/reports/cifar10_full_audit/vit_scratch/failure_images/01506_true-dog_pred-horse.png,false_negative_for_dog;false_positive_for_horse
1523,cifar10_test_01523,/home/tariq/Desktop/Awais-Tariq/base-KD/data/cifar-10-batches-py/test_batch,1523,deer,frog,0.5383870005607605,False,True,/home/tariq/Desktop/Awais-Tariq/base-KD/reports/cifar10_full_audit/vit_scratch/failure_images/01523_true-deer_pred-frog.png,false_negative_for_deer;false_positive_for_frog
1533,cifar10_test_01533,/home/tariq/Desktop/Awais-Tariq/base-KD/data/cifar-10-batches-py/test_batch,1533,deer,horse,0.9020036458969116,False,True,/home/tariq/Desktop/Awais-Tariq/base-KD/reports/cifar10_full_audit/vit_scratch/failure_images/01533_true-deer_pred-horse.png,false_negative_for_deer;false_positive_for_horse
1536,cifar10_test_01536,/home/tariq/Desktop/Awais-Tariq/base-KD/data/cifar-10-batches-py/test_batch,1536,dog,cat,0.9991501569747925,False,True,/home/tariq/Desktop/Awais-Tariq/base-KD/reports/cifar10_full_audit/vit_scratch/failure_images/01536_true-dog_pred-cat.png,false_negative_for_dog;false_positive_for_cat
1538,cifar10_test_01538,/home/tariq/Desktop/Awais-Tariq/base-KD/data/cifar-10-batches-py/test_batch,1538,cat,ship,0.7712506651878357,False,True,/home/tariq/Desktop/Awais-Tariq/base-KD/reports/cifar10_full_audit/vit_scratch/failure_images/01538_true-cat_pred-ship.png,false_negative_for_cat;false_positive_for_ship
1545,cifar10_test_01545,/home/tariq/Desktop/Awais-Tariq/base-KD/data/cifar-10-batches-py/test_batch,1545,automobile,truck,0.9815803170204163,False,True,/home/tariq/Desktop/Awais-Tariq/base-KD/reports/cifar10_full_audit/vit_scratch/failure_images/01545_true-automobile_pred-truck.png,false_negative_for_automobile;false_positive_for_truck
1547,cifar10_test_01547,/home/tariq/Desktop/Awais-Tariq/base-KD/data/cifar-10-batches-py/test_batch,1547,bird,airplane,0.9205833077430725,False,True,/home/tariq/Desktop/Awais-Tariq/base-KD/reports/cifar10_full_audit/vit_scratch/failure_images/01547_true-bird_pred-airplane.png,false_negative_for_bird;false_positive_for_airplane
1549,cifar10_test_01549,/home/tariq/Desktop/Awais-Tariq/base-KD/data/cifar-10-batches-py/test_batch,1549,automobile,truck,0.7659437656402588,False,True,/home/tariq/Desktop/Awais-Tariq/base-KD/reports/cifar10_full_audit/vit_scratch/failure_images/01549_true-automobile_pred-truck.png,false_negative_for_automobile;false_positive_for_truck
1553,cifar10_test_01553,/home/tariq/Desktop/Awais-Tariq/base-KD/data/cifar-10-batches-py/test_batch,1553,deer,bird,0.9802102446556091,False,True,/home/tariq/Desktop/Awais-Tariq/base-KD/reports/cifar10_full_audit/vit_scratch/failure_images/01553_true-deer_pred-bird.png,false_negative_for_deer;false_positive_for_bird
1566,cifar10_test_01566,/home/tariq/Desktop/Awais-Tariq/base-KD/data/cifar-10-batches-py/test_batch,1566,horse,dog,0.7084076404571533,False,True,/home/tariq/Desktop/Awais-Tariq/base-KD/reports/cifar10_full_audit/vit_scratch/failure_images/01566_true-horse_pred-dog.png,false_negative_for_horse;false_positive_for_dog
1569,cifar10_test_01569,/home/tariq/Desktop/Awais-Tariq/base-KD/data/cifar-10-batches-py/test_batch,1569,automobile,truck,0.7630879878997803,False,True,/home/tariq/Desktop/Awais-Tariq/base-KD/reports/cifar10_full_audit/vit_scratch/failure_images/01569_true-automobile_pred-truck.png,false_negative_for_automobile;false_positive_for_truck
1572,cifar10_test_01572,/home/tariq/Desktop/Awais-Tariq/base-KD/data/cifar-10-batches-py/test_batch,1572,frog,cat,0.998757004737854,False,True,/home/tariq/Desktop/Awais-Tariq/base-KD/reports/cifar10_full_audit/vit_scratch/failure_images/01572_true-frog_pred-cat.png,false_negative_for_frog;false_positive_for_cat
1574,cifar10_test_01574,/home/tariq/Desktop/Awais-Tariq/base-KD/data/cifar-10-batches-py/test_batch,1574,airplane,horse,0.6287790536880493,False,True,/home/tariq/Desktop/Awais-Tariq/base-KD/reports/cifar10_full_audit/vit_scratch/failure_images/01574_true-airplane_pred-horse.png,false_negative_for_airplane;false_positive_for_horse
1576,cifar10_test_01576,/home/tariq/Desktop/Awais-Tariq/base-KD/data/cifar-10-batches-py/test_batch,1576,horse,deer,0.9083647131919861,False,False,/home/tariq/Desktop/Awais-Tariq/base-KD/reports/cifar10_full_audit/vit_scratch/failure_images/01576_true-horse_pred-deer.png,false_negative_for_horse;false_positive_for_deer
1577,cifar10_test_01577,/home/tariq/Desktop/Awais-Tariq/base-KD/data/cifar-10-batches-py/test_batch,1577,dog,frog,0.9712175726890564,False,True,/home/tariq/Desktop/Awais-Tariq/base-KD/reports/cifar10_full_audit/vit_scratch/failure_images/01577_true-dog_pred-frog.png,false_negative_for_dog;false_positive_for_frog
1580,cifar10_test_01580,/home/tariq/Desktop/Awais-Tariq/base-KD/data/cifar-10-batches-py/test_batch,1580,frog,automobile,0.7487538456916809,False,True,/home/tariq/Desktop/Awais-Tariq/base-KD/reports/cifar10_full_audit/vit_scratch/failure_images/01580_true-frog_pred-automobile.png,false_negative_for_frog;false_positive_for_automobile
1581,cifar10_test_01581,/home/tariq/Desktop/Awais-Tariq/base-KD/data/cifar-10-batches-py/test_batch,1581,bird,ship,0.9548957347869873,False,False,/home/tariq/Desktop/Awais-Tariq/base-KD/reports/cifar10_full_audit/vit_scratch/failure_images/01581_true-bird_pred-ship.png,false_negative_for_bird;false_positive_for_ship
1583,cifar10_test_01583,/home/tariq/Desktop/Awais-Tariq/base-KD/data/cifar-10-batches-py/test_batch,1583,automobile,truck,0.5746936202049255,False,True,/home/tariq/Desktop/Awais-Tariq/base-KD/reports/cifar10_full_audit/vit_scratch/failure_images/01583_true-automobile_pred-truck.png,false_negative_for_automobile;false_positive_for_truck
1600,cifar10_test_01600,/home/tariq/Desktop/Awais-Tariq/base-KD/data/cifar-10-batches-py/test_batch,1600,ship,horse,0.6048020720481873,False,True,/home/tariq/Desktop/Awais-Tariq/base-KD/reports/cifar10_full_audit/vit_scratch/failure_images/01600_true-ship_pred-horse.png,false_negative_for_ship;false_positive_for_horse
1603,cifar10_test_01603,/home/tariq/Desktop/Awais-Tariq/base-KD/data/cifar-10-batches-py/test_batch,1603,cat,truck,0.9592195153236389,False,True,/home/tariq/Desktop/Awais-Tariq/base-KD/reports/cifar10_full_audit/vit_scratch/failure_images/01603_true-cat_pred-truck.png,false_negative_for_cat;false_positive_for_truck
1605,cifar10_test_01605,/home/tariq/Desktop/Awais-Tariq/base-KD/data/cifar-10-batches-py/test_batch,1605,cat,bird,0.9932244420051575,False,True,/home/tariq/Desktop/Awais-Tariq/base-KD/reports/cifar10_full_audit/vit_scratch/failure_images/01605_true-cat_pred-bird.png,false_negative_for_cat;false_positive_for_bird
1610,cifar10_test_01610,/home/tariq/Desktop/Awais-Tariq/base-KD/data/cifar-10-batches-py/test_batch,1610,bird,airplane,0.5421396493911743,False,False,/home/tariq/Desktop/Awais-Tariq/base-KD/reports/cifar10_full_audit/vit_scratch/failure_images/01610_true-bird_pred-airplane.png,false_negative_for_bird;false_positive_for_airplane
1618,cifar10_test_01618,/home/tariq/Desktop/Awais-Tariq/base-KD/data/cifar-10-batches-py/test_batch,1618,horse,cat,0.9855806231498718,False,True,/home/tariq/Desktop/Awais-Tariq/base-KD/reports/cifar10_full_audit/vit_scratch/failure_images/01618_true-horse_pred-cat.png,false_negative_for_horse;false_positive_for_cat
1619,cifar10_test_01619,/home/tariq/Desktop/Awais-Tariq/base-KD/data/cifar-10-batches-py/test_batch,1619,deer,frog,0.44687873125076294,False,True,/home/tariq/Desktop/Awais-Tariq/base-KD/reports/cifar10_full_audit/vit_scratch/failure_images/01619_true-deer_pred-frog.png,false_negative_for_deer;false_positive_for_frog
1620,cifar10_test_01620,/home/tariq/Desktop/Awais-Tariq/base-KD/data/cifar-10-batches-py/test_batch,1620,dog,cat,0.6833743453025818,False,True,/home/tariq/Desktop/Awais-Tariq/base-KD/reports/cifar10_full_audit/vit_scratch/failure_images/01620_true-dog_pred-cat.png,false_negative_for_dog;false_positive_for_cat
1626,cifar10_test_01626,/home/tariq/Desktop/Awais-Tariq/base-KD/data/cifar-10-batches-py/test_batch,1626,truck,ship,0.9658130407333374,False,False,/home/tariq/Desktop/Awais-Tariq/base-KD/reports/cifar10_full_audit/vit_scratch/failure_images/01626_true-truck_pred-ship.png,false_negative_for_truck;false_positive_for_ship
1628,cifar10_test_01628,/home/tariq/Desktop/Awais-Tariq/base-KD/data/cifar-10-batches-py/test_batch,1628,deer,bird,0.9258279800415039,False,True,/home/tariq/Desktop/Awais-Tariq/base-KD/reports/cifar10_full_audit/vit_scratch/failure_images/01628_true-deer_pred-bird.png,false_negative_for_deer;false_positive_for_bird
1636,cifar10_test_01636,/home/tariq/Desktop/Awais-Tariq/base-KD/data/cifar-10-batches-py/test_batch,1636,dog,cat,0.8299746513366699,False,True,/home/tariq/Desktop/Awais-Tariq/base-KD/reports/cifar10_full_audit/vit_scratch/failure_images/01636_true-dog_pred-cat.png,false_negative_for_dog;false_positive_for_cat
1637,cifar10_test_01637,/home/tariq/Desktop/Awais-Tariq/base-KD/data/cifar-10-batches-py/test_batch,1637,dog,frog,0.998816967010498,False,True,/home/tariq/Desktop/Awais-Tariq/base-KD/reports/cifar10_full_audit/vit_scratch/failure_images/01637_true-dog_pred-frog.png,false_negative_for_dog;false_positive_for_frog
1638,cifar10_test_01638,/home/tariq/Desktop/Awais-Tariq/base-KD/data/cifar-10-batches-py/test_batch,1638,deer,frog,0.9999897480010986,False,True,/home/tariq/Desktop/Awais-Tariq/base-KD/reports/cifar10_full_audit/vit_scratch/failure_images/01638_true-deer_pred-frog.png,false_negative_for_deer;false_positive_for_frog
1651,cifar10_test_01651,/home/tariq/Desktop/Awais-Tariq/base-KD/data/cifar-10-batches-py/test_batch,1651,airplane,bird,0.8913384675979614,False,True,/home/tariq/Desktop/Awais-Tariq/base-KD/reports/cifar10_full_audit/vit_scratch/failure_images/01651_true-airplane_pred-bird.png,false_negative_for_airplane;false_positive_for_bird
1653,cifar10_test_01653,/home/tariq/Desktop/Awais-Tariq/base-KD/data/cifar-10-batches-py/test_batch,1653,truck,ship,0.9982155561447144,False,True,/home/tariq/Desktop/Awais-Tariq/base-KD/reports/cifar10_full_audit/vit_scratch/failure_images/01653_true-truck_pred-ship.png,false_negative_for_truck;false_positive_for_ship
1670,cifar10_test_01670,/home/tariq/Desktop/Awais-Tariq/base-KD/data/cifar-10-batches-py/test_batch,1670,frog,deer,0.9007793068885803,False,True,/home/tariq/Desktop/Awais-Tariq/base-KD/reports/cifar10_full_audit/vit_scratch/failure_images/01670_true-frog_pred-deer.png,false_negative_for_frog;false_positive_for_deer
1684,cifar10_test_01684,/home/tariq/Desktop/Awais-Tariq/base-KD/data/cifar-10-batches-py/test_batch,1684,automobile,ship,0.662020742893219,False,True,/home/tariq/Desktop/Awais-Tariq/base-KD/reports/cifar10_full_audit/vit_scratch/failure_images/01684_true-automobile_pred-ship.png,false_negative_for_automobile;false_positive_for_ship
1685,cifar10_test_01685,/home/tariq/Desktop/Awais-Tariq/base-KD/data/cifar-10-batches-py/test_batch,1685,ship,truck,0.9808170795440674,False,False,/home/tariq/Desktop/Awais-Tariq/base-KD/reports/cifar10_full_audit/vit_scratch/failure_images/01685_true-ship_pred-truck.png,false_negative_for_ship;false_positive_for_truck
1693,cifar10_test_01693,/home/tariq/Desktop/Awais-Tariq/base-KD/data/cifar-10-batches-py/test_batch,1693,deer,airplane,0.9416323304176331,False,True,/home/tariq/Desktop/Awais-Tariq/base-KD/reports/cifar10_full_audit/vit_scratch/failure_images/01693_true-deer_pred-airplane.png,false_negative_for_deer;false_positive_for_airplane
1698,cifar10_test_01698,/home/tariq/Desktop/Awais-Tariq/base-KD/data/cifar-10-batches-py/test_batch,1698,dog,deer,0.9971822500228882,False,True,/home/tariq/Desktop/Awais-Tariq/base-KD/reports/cifar10_full_audit/vit_scratch/failure_images/01698_true-dog_pred-deer.png,false_negative_for_dog;false_positive_for_deer
1701,cifar10_test_01701,/home/tariq/Desktop/Awais-Tariq/base-KD/data/cifar-10-batches-py/test_batch,1701,dog,bird,0.9705393314361572,False,True,/home/tariq/Desktop/Awais-Tariq/base-KD/reports/cifar10_full_audit/vit_scratch/failure_images/01701_true-dog_pred-bird.png,false_negative_for_dog;false_positive_for_bird
1704,cifar10_test_01704,/home/tariq/Desktop/Awais-Tariq/base-KD/data/cifar-10-batches-py/test_batch,1704,cat,frog,0.7874487638473511,False,True,/home/tariq/Desktop/Awais-Tariq/base-KD/reports/cifar10_full_audit/vit_scratch/failure_images/01704_true-cat_pred-frog.png,false_negative_for_cat;false_positive_for_frog
1708,cifar10_test_01708,/home/tariq/Desktop/Awais-Tariq/base-KD/data/cifar-10-batches-py/test_batch,1708,horse,cat,0.9505031108856201,False,True,/home/tariq/Desktop/Awais-Tariq/base-KD/reports/cifar10_full_audit/vit_scratch/failure_images/01708_true-horse_pred-cat.png,false_negative_for_horse;false_positive_for_cat
1713,cifar10_test_01713,/home/tariq/Desktop/Awais-Tariq/base-KD/data/cifar-10-batches-py/test_batch,1713,ship,automobile,0.9948574304580688,False,True,/home/tariq/Desktop/Awais-Tariq/base-KD/reports/cifar10_full_audit/vit_scratch/failure_images/01713_true-ship_pred-automobile.png,false_negative_for_ship;false_positive_for_automobile
1715,cifar10_test_01715,/home/tariq/Desktop/Awais-Tariq/base-KD/data/cifar-10-batches-py/test_batch,1715,cat,horse,0.9983444213867188,False,True,/home/tariq/Desktop/Awais-Tariq/base-KD/reports/cifar10_full_audit/vit_scratch/failure_images/01715_true-cat_pred-horse.png,false_negative_for_cat;false_positive_for_horse
1718,cifar10_test_01718,/home/tariq/Desktop/Awais-Tariq/base-KD/data/cifar-10-batches-py/test_batch,1718,airplane,automobile,0.8736851215362549,False,True,/home/tariq/Desktop/Awais-Tariq/base-KD/reports/cifar10_full_audit/vit_scratch/failure_images/01718_true-airplane_pred-automobile.png,false_negative_for_airplane;false_positive_for_automobile
1721,cifar10_test_01721,/home/tariq/Desktop/Awais-Tariq/base-KD/data/cifar-10-batches-py/test_batch,1721,ship,truck,0.999054491519928,False,True,/home/tariq/Desktop/Awais-Tariq/base-KD/reports/cifar10_full_audit/vit_scratch/failure_images/01721_true-ship_pred-truck.png,false_negative_for_ship;false_positive_for_truck
1723,cifar10_test_01723,/home/tariq/Desktop/Awais-Tariq/base-KD/data/cifar-10-batches-py/test_batch,1723,bird,horse,0.7471081614494324,False,True,/home/tariq/Desktop/Awais-Tariq/base-KD/reports/cifar10_full_audit/vit_scratch/failure_images/01723_true-bird_pred-horse.png,false_negative_for_bird;false_positive_for_horse
1731,cifar10_test_01731,/home/tariq/Desktop/Awais-Tariq/base-KD/data/cifar-10-batches-py/test_batch,1731,dog,frog,0.9958250522613525,False,True,/home/tariq/Desktop/Awais-Tariq/base-KD/reports/cifar10_full_audit/vit_scratch/failure_images/01731_true-dog_pred-frog.png,false_negative_for_dog;false_positive_for_frog
1732,cifar10_test_01732,/home/tariq/Desktop/Awais-Tariq/base-KD/data/cifar-10-batches-py/test_batch,1732,truck,automobile,0.9710330367088318,False,True,/home/tariq/Desktop/Awais-Tariq/base-KD/reports/cifar10_full_audit/vit_scratch/failure_images/01732_true-truck_pred-automobile.png,false_negative_for_truck;false_positive_for_automobile
1737,cifar10_test_01737,/home/tariq/Desktop/Awais-Tariq/base-KD/data/cifar-10-batches-py/test_batch,1737,frog,horse,0.9939178228378296,False,True,/home/tariq/Desktop/Awais-Tariq/base-KD/reports/cifar10_full_audit/vit_scratch/failure_images/01737_true-frog_pred-horse.png,false_negative_for_frog;false_positive_for_horse
1739,cifar10_test_01739,/home/tariq/Desktop/Awais-Tariq/base-KD/data/cifar-10-batches-py/test_batch,1739,airplane,truck,0.9993472695350647,False,False,/home/tariq/Desktop/Awais-Tariq/base-KD/reports/cifar10_full_audit/vit_scratch/failure_images/01739_true-airplane_pred-truck.png,false_negative_for_airplane;false_positive_for_truck
1741,cifar10_test_01741,/home/tariq/Desktop/Awais-Tariq/base-KD/data/cifar-10-batches-py/test_batch,1741,deer,bird,0.9275091290473938,False,True,/home/tariq/Desktop/Awais-Tariq/base-KD/reports/cifar10_full_audit/vit_scratch/failure_images/01741_true-deer_pred-bird.png,false_negative_for_deer;false_positive_for_bird
1746,cifar10_test_01746,/home/tariq/Desktop/Awais-Tariq/base-KD/data/cifar-10-batches-py/test_batch,1746,bird,deer,0.6270612478256226,False,True,/home/tariq/Desktop/Awais-Tariq/base-KD/reports/cifar10_full_audit/vit_scratch/failure_images/01746_true-bird_pred-deer.png,false_negative_for_bird;false_positive_for_deer
1754,cifar10_test_01754,/home/tariq/Desktop/Awais-Tariq/base-KD/data/cifar-10-batches-py/test_batch,1754,horse,truck,0.9278213381767273,False,True,/home/tariq/Desktop/Awais-Tariq/base-KD/reports/cifar10_full_audit/vit_scratch/failure_images/01754_true-horse_pred-truck.png,false_negative_for_horse;false_positive_for_truck
1756,cifar10_test_01756,/home/tariq/Desktop/Awais-Tariq/base-KD/data/cifar-10-batches-py/test_batch,1756,bird,frog,0.3704022169113159,False,True,/home/tariq/Desktop/Awais-Tariq/base-KD/reports/cifar10_full_audit/vit_scratch/failure_images/01756_true-bird_pred-frog.png,false_negative_for_bird;false_positive_for_frog
1765,cifar10_test_01765,/home/tariq/Desktop/Awais-Tariq/base-KD/data/cifar-10-batches-py/test_batch,1765,deer,frog,0.9944635033607483,False,True,/home/tariq/Desktop/Awais-Tariq/base-KD/reports/cifar10_full_audit/vit_scratch/failure_images/01765_true-deer_pred-frog.png,false_negative_for_deer;false_positive_for_frog
1767,cifar10_test_01767,/home/tariq/Desktop/Awais-Tariq/base-KD/data/cifar-10-batches-py/test_batch,1767,bird,frog,0.9793028235435486,False,True,/home/tariq/Desktop/Awais-Tariq/base-KD/reports/cifar10_full_audit/vit_scratch/failure_images/01767_true-bird_pred-frog.png,false_negative_for_bird;false_positive_for_frog
1779,cifar10_test_01779,/home/tariq/Desktop/Awais-Tariq/base-KD/data/cifar-10-batches-py/test_batch,1779,cat,dog,0.7624366879463196,False,True,/home/tariq/Desktop/Awais-Tariq/base-KD/reports/cifar10_full_audit/vit_scratch/failure_images/01779_true-cat_pred-dog.png,false_negative_for_cat;false_positive_for_dog
1787,cifar10_test_01787,/home/tariq/Desktop/Awais-Tariq/base-KD/data/cifar-10-batches-py/test_batch,1787,cat,dog,0.464023619890213,False,True,/home/tariq/Desktop/Awais-Tariq/base-KD/reports/cifar10_full_audit/vit_scratch/failure_images/01787_true-cat_pred-dog.png,false_negative_for_cat;false_positive_for_dog
1790,cifar10_test_01790,/home/tariq/Desktop/Awais-Tariq/base-KD/data/cifar-10-batches-py/test_batch,1790,horse,dog,0.8841342329978943,False,True,/home/tariq/Desktop/Awais-Tariq/base-KD/reports/cifar10_full_audit/vit_scratch/failure_images/01790_true-horse_pred-dog.png,false_negative_for_horse;false_positive_for_dog
1794,cifar10_test_01794,/home/tariq/Desktop/Awais-Tariq/base-KD/data/cifar-10-batches-py/test_batch,1794,cat,dog,0.9395921230316162,False,True,/home/tariq/Desktop/Awais-Tariq/base-KD/reports/cifar10_full_audit/vit_scratch/failure_images/01794_true-cat_pred-dog.png,false_negative_for_cat;false_positive_for_dog
1804,cifar10_test_01804,/home/tariq/Desktop/Awais-Tariq/base-KD/data/cifar-10-batches-py/test_batch,1804,dog,automobile,0.9967527985572815,False,True,/home/tariq/Desktop/Awais-Tariq/base-KD/reports/cifar10_full_audit/vit_scratch/failure_images/01804_true-dog_pred-automobile.png,false_negative_for_dog;false_positive_for_automobile
1807,cifar10_test_01807,/home/tariq/Desktop/Awais-Tariq/base-KD/data/cifar-10-batches-py/test_batch,1807,dog,horse,0.9691272974014282,False,True,/home/tariq/Desktop/Awais-Tariq/base-KD/reports/cifar10_full_audit/vit_scratch/failure_images/01807_true-dog_pred-horse.png,false_negative_for_dog;false_positive_for_horse
1813,cifar10_test_01813,/home/tariq/Desktop/Awais-Tariq/base-KD/data/cifar-10-batches-py/test_batch,1813,cat,bird,0.572192907333374,False,False,/home/tariq/Desktop/Awais-Tariq/base-KD/reports/cifar10_full_audit/vit_scratch/failure_images/01813_true-cat_pred-bird.png,false_negative_for_cat;false_positive_for_bird
1820,cifar10_test_01820,/home/tariq/Desktop/Awais-Tariq/base-KD/data/cifar-10-batches-py/test_batch,1820,ship,dog,0.7517569065093994,False,True,/home/tariq/Desktop/Awais-Tariq/base-KD/reports/cifar10_full_audit/vit_scratch/failure_images/01820_true-ship_pred-dog.png,false_negative_for_ship;false_positive_for_dog
1822,cifar10_test_01822,/home/tariq/Desktop/Awais-Tariq/base-KD/data/cifar-10-batches-py/test_batch,1822,horse,dog,0.9969426989555359,False,True,/home/tariq/Desktop/Awais-Tariq/base-KD/reports/cifar10_full_audit/vit_scratch/failure_images/01822_true-horse_pred-dog.png,false_negative_for_horse;false_positive_for_dog
1823,cifar10_test_01823,/home/tariq/Desktop/Awais-Tariq/base-KD/data/cifar-10-batches-py/test_batch,1823,airplane,frog,0.45753616094589233,False,False,/home/tariq/Desktop/Awais-Tariq/base-KD/reports/cifar10_full_audit/vit_scratch/failure_images/01823_true-airplane_pred-frog.png,false_negative_for_airplane;false_positive_for_frog
1830,cifar10_test_01830,/home/tariq/Desktop/Awais-Tariq/base-KD/data/cifar-10-batches-py/test_batch,1830,cat,bird,0.799196183681488,False,True,/home/tariq/Desktop/Awais-Tariq/base-KD/reports/cifar10_full_audit/vit_scratch/failure_images/01830_true-cat_pred-bird.png,false_negative_for_cat;false_positive_for_bird
1835,cifar10_test_01835,/home/tariq/Desktop/Awais-Tariq/base-KD/data/cifar-10-batches-py/test_batch,1835,airplane,cat,0.9736059308052063,False,True,/home/tariq/Desktop/Awais-Tariq/base-KD/reports/cifar10_full_audit/vit_scratch/failure_images/01835_true-airplane_pred-cat.png,false_negative_for_airplane;false_positive_for_cat
1838,cifar10_test_01838,/home/tariq/Desktop/Awais-Tariq/base-KD/data/cifar-10-batches-py/test_batch,1838,frog,cat,0.910735011100769,False,True,/home/tariq/Desktop/Awais-Tariq/base-KD/reports/cifar10_full_audit/vit_scratch/failure_images/01838_true-frog_pred-cat.png,false_negative_for_frog;false_positive_for_cat
1840,cifar10_test_01840,/home/tariq/Desktop/Awais-Tariq/base-KD/data/cifar-10-batches-py/test_batch,1840,ship,horse,0.5220366716384888,False,True,/home/tariq/Desktop/Awais-Tariq/base-KD/reports/cifar10_full_audit/vit_scratch/failure_images/01840_true-ship_pred-horse.png,false_negative_for_ship;false_positive_for_horse
1852,cifar10_test_01852,/home/tariq/Desktop/Awais-Tariq/base-KD/data/cifar-10-batches-py/test_batch,1852,bird,truck,0.9971069693565369,False,True,/home/tariq/Desktop/Awais-Tariq/base-KD/reports/cifar10_full_audit/vit_scratch/failure_images/01852_true-bird_pred-truck.png,false_negative_for_bird;false_positive_for_truck
1858,cifar10_test_01858,/home/tariq/Desktop/Awais-Tariq/base-KD/data/cifar-10-batches-py/test_batch,1858,deer,bird,0.7301986813545227,False,True,/home/tariq/Desktop/Awais-Tariq/base-KD/reports/cifar10_full_audit/vit_scratch/failure_images/01858_true-deer_pred-bird.png,false_negative_for_deer;false_positive_for_bird
1861,cifar10_test_01861,/home/tariq/Desktop/Awais-Tariq/base-KD/data/cifar-10-batches-py/test_batch,1861,cat,dog,0.9985085129737854,False,True,/home/tariq/Desktop/Awais-Tariq/base-KD/reports/cifar10_full_audit/vit_scratch/failure_images/01861_true-cat_pred-dog.png,false_negative_for_cat;false_positive_for_dog
1867,cifar10_test_01867,/home/tariq/Desktop/Awais-Tariq/base-KD/data/cifar-10-batches-py/test_batch,1867,frog,cat,0.8103349208831787,False,True,/home/tariq/Desktop/Awais-Tariq/base-KD/reports/cifar10_full_audit/vit_scratch/failure_images/01867_true-frog_pred-cat.png,false_negative_for_frog;false_positive_for_cat
1868,cifar10_test_01868,/home/tariq/Desktop/Awais-Tariq/base-KD/data/cifar-10-batches-py/test_batch,1868,bird,automobile,0.9844043850898743,False,True,/home/tariq/Desktop/Awais-Tariq/base-KD/reports/cifar10_full_audit/vit_scratch/failure_images/01868_true-bird_pred-automobile.png,false_negative_for_bird;false_positive_for_automobile
1884,cifar10_test_01884,/home/tariq/Desktop/Awais-Tariq/base-KD/data/cifar-10-batches-py/test_batch,1884,horse,dog,0.6858797073364258,False,True,/home/tariq/Desktop/Awais-Tariq/base-KD/reports/cifar10_full_audit/vit_scratch/failure_images/01884_true-horse_pred-dog.png,false_negative_for_horse;false_positive_for_dog
1886,cifar10_test_01886,/home/tariq/Desktop/Awais-Tariq/base-KD/data/cifar-10-batches-py/test_batch,1886,ship,cat,0.9940417408943176,False,False,/home/tariq/Desktop/Awais-Tariq/base-KD/reports/cifar10_full_audit/vit_scratch/failure_images/01886_true-ship_pred-cat.png,false_negative_for_ship;false_positive_for_cat
1895,cifar10_test_01895,/home/tariq/Desktop/Awais-Tariq/base-KD/data/cifar-10-batches-py/test_batch,1895,ship,bird,0.9194875359535217,False,False,/home/tariq/Desktop/Awais-Tariq/base-KD/reports/cifar10_full_audit/vit_scratch/failure_images/01895_true-ship_pred-bird.png,false_negative_for_ship;false_positive_for_bird
1898,cifar10_test_01898,/home/tariq/Desktop/Awais-Tariq/base-KD/data/cifar-10-batches-py/test_batch,1898,airplane,truck,0.34715238213539124,False,True,/home/tariq/Desktop/Awais-Tariq/base-KD/reports/cifar10_full_audit/vit_scratch/failure_images/01898_true-airplane_pred-truck.png,false_negative_for_airplane;false_positive_for_truck
1905,cifar10_test_01905,/home/tariq/Desktop/Awais-Tariq/base-KD/data/cifar-10-batches-py/test_batch,1905,cat,ship,0.627785861492157,False,True,/home/tariq/Desktop/Awais-Tariq/base-KD/reports/cifar10_full_audit/vit_scratch/failure_images/01905_true-cat_pred-ship.png,false_negative_for_cat;false_positive_for_ship
1933,cifar10_test_01933,/home/tariq/Desktop/Awais-Tariq/base-KD/data/cifar-10-batches-py/test_batch,1933,cat,dog,0.9788472056388855,False,True,/home/tariq/Desktop/Awais-Tariq/base-KD/reports/cifar10_full_audit/vit_scratch/failure_images/01933_true-cat_pred-dog.png,false_negative_for_cat;false_positive_for_dog
1935,cifar10_test_01935,/home/tariq/Desktop/Awais-Tariq/base-KD/data/cifar-10-batches-py/test_batch,1935,frog,cat,0.5428858995437622,False,True,/home/tariq/Desktop/Awais-Tariq/base-KD/reports/cifar10_full_audit/vit_scratch/failure_images/01935_true-frog_pred-cat.png,false_negative_for_frog;false_positive_for_cat
1936,cifar10_test_01936,/home/tariq/Desktop/Awais-Tariq/base-KD/data/cifar-10-batches-py/test_batch,1936,cat,horse,0.982807993888855,False,True,/home/tariq/Desktop/Awais-Tariq/base-KD/reports/cifar10_full_audit/vit_scratch/failure_images/01936_true-cat_pred-horse.png,false_negative_for_cat;false_positive_for_horse
1937,cifar10_test_01937,/home/tariq/Desktop/Awais-Tariq/base-KD/data/cifar-10-batches-py/test_batch,1937,automobile,truck,0.9639437794685364,False,True,/home/tariq/Desktop/Awais-Tariq/base-KD/reports/cifar10_full_audit/vit_scratch/failure_images/01937_true-automobile_pred-truck.png,false_negative_for_automobile;false_positive_for_truck
1938,cifar10_test_01938,/home/tariq/Desktop/Awais-Tariq/base-KD/data/cifar-10-batches-py/test_batch,1938,ship,airplane,0.9980467557907104,False,True,/home/tariq/Desktop/Awais-Tariq/base-KD/reports/cifar10_full_audit/vit_scratch/failure_images/01938_true-ship_pred-airplane.png,false_negative_for_ship;false_positive_for_airplane
1939,cifar10_test_01939,/home/tariq/Desktop/Awais-Tariq/base-KD/data/cifar-10-batches-py/test_batch,1939,frog,cat,0.9520574808120728,False,True,/home/tariq/Desktop/Awais-Tariq/base-KD/reports/cifar10_full_audit/vit_scratch/failure_images/01939_true-frog_pred-cat.png,false_negative_for_frog;false_positive_for_cat
1940,cifar10_test_01940,/home/tariq/Desktop/Awais-Tariq/base-KD/data/cifar-10-batches-py/test_batch,1940,dog,cat,0.5197458863258362,False,True,/home/tariq/Desktop/Awais-Tariq/base-KD/reports/cifar10_full_audit/vit_scratch/failure_images/01940_true-dog_pred-cat.png,false_negative_for_dog;false_positive_for_cat
1941,cifar10_test_01941,/home/tariq/Desktop/Awais-Tariq/base-KD/data/cifar-10-batches-py/test_batch,1941,horse,airplane,0.9227487444877625,False,True,/home/tariq/Desktop/Awais-Tariq/base-KD/reports/cifar10_full_audit/vit_scratch/failure_images/01941_true-horse_pred-airplane.png,false_negative_for_horse;false_positive_for_airplane
1942,cifar10_test_01942,/home/tariq/Desktop/Awais-Tariq/base-KD/data/cifar-10-batches-py/test_batch,1942,bird,deer,0.9996581077575684,False,True,/home/tariq/Desktop/Awais-Tariq/base-KD/reports/cifar10_full_audit/vit_scratch/failure_images/01942_true-bird_pred-deer.png,false_negative_for_bird;false_positive_for_deer
1944,cifar10_test_01944,/home/tariq/Desktop/Awais-Tariq/base-KD/data/cifar-10-batches-py/test_batch,1944,deer,horse,0.7999876141548157,False,True,/home/tariq/Desktop/Awais-Tariq/base-KD/reports/cifar10_full_audit/vit_scratch/failure_images/01944_true-deer_pred-horse.png,false_negative_for_deer;false_positive_for_horse
1945,cifar10_test_01945,/home/tariq/Desktop/Awais-Tariq/base-KD/data/cifar-10-batches-py/test_batch,1945,deer,horse,0.774709165096283,False,True,/home/tariq/Desktop/Awais-Tariq/base-KD/reports/cifar10_full_audit/vit_scratch/failure_images/01945_true-deer_pred-horse.png,false_negative_for_deer;false_positive_for_horse
1954,cifar10_test_01954,/home/tariq/Desktop/Awais-Tariq/base-KD/data/cifar-10-batches-py/test_batch,1954,bird,airplane,0.9844290018081665,False,True,/home/tariq/Desktop/Awais-Tariq/base-KD/reports/cifar10_full_audit/vit_scratch/failure_images/01954_true-bird_pred-airplane.png,false_negative_for_bird;false_positive_for_airplane
1955,cifar10_test_01955,/home/tariq/Desktop/Awais-Tariq/base-KD/data/cifar-10-batches-py/test_batch,1955,bird,horse,0.9992080330848694,False,False,/home/tariq/Desktop/Awais-Tariq/base-KD/reports/cifar10_full_audit/vit_scratch/failure_images/01955_true-bird_pred-horse.png,false_negative_for_bird;false_positive_for_horse
1957,cifar10_test_01957,/home/tariq/Desktop/Awais-Tariq/base-KD/data/cifar-10-batches-py/test_batch,1957,cat,dog,0.9523748159408569,False,True,/home/tariq/Desktop/Awais-Tariq/base-KD/reports/cifar10_full_audit/vit_scratch/failure_images/01957_true-cat_pred-dog.png,false_negative_for_cat;false_positive_for_dog
1969,cifar10_test_01969,/home/tariq/Desktop/Awais-Tariq/base-KD/data/cifar-10-batches-py/test_batch,1969,automobile,truck,0.9354668259620667,False,True,/home/tariq/Desktop/Awais-Tariq/base-KD/reports/cifar10_full_audit/vit_scratch/failure_images/01969_true-automobile_pred-truck.png,false_negative_for_automobile;false_positive_for_truck
1977,cifar10_test_01977,/home/tariq/Desktop/Awais-Tariq/base-KD/data/cifar-10-batches-py/test_batch,1977,dog,cat,0.9980486631393433,False,True,/home/tariq/Desktop/Awais-Tariq/base-KD/reports/cifar10_full_audit/vit_scratch/failure_images/01977_true-dog_pred-cat.png,false_negative_for_dog;false_positive_for_cat
1983,cifar10_test_01983,/home/tariq/Desktop/Awais-Tariq/base-KD/data/cifar-10-batches-py/test_batch,1983,ship,bird,0.9996914863586426,False,False,/home/tariq/Desktop/Awais-Tariq/base-KD/reports/cifar10_full_audit/vit_scratch/failure_images/01983_true-ship_pred-bird.png,false_negative_for_ship;false_positive_for_bird
1990,cifar10_test_01990,/home/tariq/Desktop/Awais-Tariq/base-KD/data/cifar-10-batches-py/test_batch,1990,deer,horse,0.5824698805809021,False,True,/home/tariq/Desktop/Awais-Tariq/base-KD/reports/cifar10_full_audit/vit_scratch/failure_images/01990_true-deer_pred-horse.png,false_negative_for_deer;false_positive_for_horse
1996,cifar10_test_01996,/home/tariq/Desktop/Awais-Tariq/base-KD/data/cifar-10-batches-py/test_batch,1996,cat,dog,0.9995890259742737,False,True,/home/tariq/Desktop/Awais-Tariq/base-KD/reports/cifar10_full_audit/vit_scratch/failure_images/01996_true-cat_pred-dog.png,false_negative_for_cat;false_positive_for_dog
2000,cifar10_test_02000,/home/tariq/Desktop/Awais-Tariq/base-KD/data/cifar-10-batches-py/test_batch,2000,automobile,cat,0.9924904704093933,False,True,/home/tariq/Desktop/Awais-Tariq/base-KD/reports/cifar10_full_audit/vit_scratch/failure_images/02000_true-automobile_pred-cat.png,false_negative_for_automobile;false_positive_for_cat
2002,cifar10_test_02002,/home/tariq/Desktop/Awais-Tariq/base-KD/data/cifar-10-batches-py/test_batch,2002,deer,horse,0.8078562617301941,False,True,/home/tariq/Desktop/Awais-Tariq/base-KD/reports/cifar10_full_audit/vit_scratch/failure_images/02002_true-deer_pred-horse.png,false_negative_for_deer;false_positive_for_horse
2011,cifar10_test_02011,/home/tariq/Desktop/Awais-Tariq/base-KD/data/cifar-10-batches-py/test_batch,2011,bird,cat,0.9625725746154785,False,True,/home/tariq/Desktop/Awais-Tariq/base-KD/reports/cifar10_full_audit/vit_scratch/failure_images/02011_true-bird_pred-cat.png,false_negative_for_bird;false_positive_for_cat
2017,cifar10_test_02017,/home/tariq/Desktop/Awais-Tariq/base-KD/data/cifar-10-batches-py/test_batch,2017,dog,truck,0.3683690130710602,False,True,/home/tariq/Desktop/Awais-Tariq/base-KD/reports/cifar10_full_audit/vit_scratch/failure_images/02017_true-dog_pred-truck.png,false_negative_for_dog;false_positive_for_truck
2018,cifar10_test_02018,/home/tariq/Desktop/Awais-Tariq/base-KD/data/cifar-10-batches-py/test_batch,2018,cat,bird,0.9988101720809937,False,True,/home/tariq/Desktop/Awais-Tariq/base-KD/reports/cifar10_full_audit/vit_scratch/failure_images/02018_true-cat_pred-bird.png,false_negative_for_cat;false_positive_for_bird
2021,cifar10_test_02021,/home/tariq/Desktop/Awais-Tariq/base-KD/data/cifar-10-batches-py/test_batch,2021,ship,airplane,0.991169810295105,False,True,/home/tariq/Desktop/Awais-Tariq/base-KD/reports/cifar10_full_audit/vit_scratch/failure_images/02021_true-ship_pred-airplane.png,false_negative_for_ship;false_positive_for_airplane
2022,cifar10_test_02022,/home/tariq/Desktop/Awais-Tariq/base-KD/data/cifar-10-batches-py/test_batch,2022,dog,cat,0.8459843397140503,False,True,/home/tariq/Desktop/Awais-Tariq/base-KD/reports/cifar10_full_audit/vit_scratch/failure_images/02022_true-dog_pred-cat.png,false_negative_for_dog;false_positive_for_cat
2029,cifar10_test_02029,/home/tariq/Desktop/Awais-Tariq/base-KD/data/cifar-10-batches-py/test_batch,2029,cat,frog,0.99945467710495,False,True,/home/tariq/Desktop/Awais-Tariq/base-KD/reports/cifar10_full_audit/vit_scratch/failure_images/02029_true-cat_pred-frog.png,false_negative_for_cat;false_positive_for_frog
2034,cifar10_test_02034,/home/tariq/Desktop/Awais-Tariq/base-KD/data/cifar-10-batches-py/test_batch,2034,cat,deer,0.9656649827957153,False,True,/home/tariq/Desktop/Awais-Tariq/base-KD/reports/cifar10_full_audit/vit_scratch/failure_images/02034_true-cat_pred-deer.png,false_negative_for_cat;false_positive_for_deer
2037,cifar10_test_02037,/home/tariq/Desktop/Awais-Tariq/base-KD/data/cifar-10-batches-py/test_batch,2037,dog,cat,0.9434143304824829,False,True,/home/tariq/Desktop/Awais-Tariq/base-KD/reports/cifar10_full_audit/vit_scratch/failure_images/02037_true-dog_pred-cat.png,false_negative_for_dog;false_positive_for_cat
2038,cifar10_test_02038,/home/tariq/Desktop/Awais-Tariq/base-KD/data/cifar-10-batches-py/test_batch,2038,bird,cat,0.7521609663963318,False,True,/home/tariq/Desktop/Awais-Tariq/base-KD/reports/cifar10_full_audit/vit_scratch/failure_images/02038_true-bird_pred-cat.png,false_negative_for_bird;false_positive_for_cat
2039,cifar10_test_02039,/home/tariq/Desktop/Awais-Tariq/base-KD/data/cifar-10-batches-py/test_batch,2039,ship,airplane,0.9918660521507263,False,True,/home/tariq/Desktop/Awais-Tariq/base-KD/reports/cifar10_full_audit/vit_scratch/failure_images/02039_true-ship_pred-airplane.png,false_negative_for_ship;false_positive_for_airplane
2046,cifar10_test_02046,/home/tariq/Desktop/Awais-Tariq/base-KD/data/cifar-10-batches-py/test_batch,2046,cat,dog,0.961880624294281,False,True,/home/tariq/Desktop/Awais-Tariq/base-KD/reports/cifar10_full_audit/vit_scratch/failure_images/02046_true-cat_pred-dog.png,false_negative_for_cat;false_positive_for_dog
2057,cifar10_test_02057,/home/tariq/Desktop/Awais-Tariq/base-KD/data/cifar-10-batches-py/test_batch,2057,dog,cat,0.9684802889823914,False,True,/home/tariq/Desktop/Awais-Tariq/base-KD/reports/cifar10_full_audit/vit_scratch/failure_images/02057_true-dog_pred-cat.png,false_negative_for_dog;false_positive_for_cat
2058,cifar10_test_02058,/home/tariq/Desktop/Awais-Tariq/base-KD/data/cifar-10-batches-py/test_batch,2058,airplane,ship,0.9852859377861023,False,True,/home/tariq/Desktop/Awais-Tariq/base-KD/reports/cifar10_full_audit/vit_scratch/failure_images/02058_true-airplane_pred-ship.png,false_negative_for_airplane;false_positive_for_ship
2060,cifar10_test_02060,/home/tariq/Desktop/Awais-Tariq/base-KD/data/cifar-10-batches-py/test_batch,2060,dog,cat,0.9142118692398071,False,True,/home/tariq/Desktop/Awais-Tariq/base-KD/reports/cifar10_full_audit/vit_scratch/failure_images/02060_true-dog_pred-cat.png,false_negative_for_dog;false_positive_for_cat
2061,cifar10_test_02061,/home/tariq/Desktop/Awais-Tariq/base-KD/data/cifar-10-batches-py/test_batch,2061,dog,horse,0.4477825462818146,False,True,/home/tariq/Desktop/Awais-Tariq/base-KD/reports/cifar10_full_audit/vit_scratch/failure_images/02061_true-dog_pred-horse.png,false_negative_for_dog;false_positive_for_horse
2065,cifar10_test_02065,/home/tariq/Desktop/Awais-Tariq/base-KD/data/cifar-10-batches-py/test_batch,2065,bird,dog,0.7600530385971069,False,True,/home/tariq/Desktop/Awais-Tariq/base-KD/reports/cifar10_full_audit/vit_scratch/failure_images/02065_true-bird_pred-dog.png,false_negative_for_bird;false_positive_for_dog
2066,cifar10_test_02066,/home/tariq/Desktop/Awais-Tariq/base-KD/data/cifar-10-batches-py/test_batch,2066,bird,horse,0.9998552799224854,False,True,/home/tariq/Desktop/Awais-Tariq/base-KD/reports/cifar10_full_audit/vit_scratch/failure_images/02066_true-bird_pred-horse.png,false_negative_for_bird;false_positive_for_horse
2067,cifar10_test_02067,/home/tariq/Desktop/Awais-Tariq/base-KD/data/cifar-10-batches-py/test_batch,2067,horse,deer,0.5863000750541687,False,True,/home/tariq/Desktop/Awais-Tariq/base-KD/reports/cifar10_full_audit/vit_scratch/failure_images/02067_true-horse_pred-deer.png,false_negative_for_horse;false_positive_for_deer
2081,cifar10_test_02081,/home/tariq/Desktop/Awais-Tariq/base-KD/data/cifar-10-batches-py/test_batch,2081,cat,frog,0.9994800686836243,False,True,/home/tariq/Desktop/Awais-Tariq/base-KD/reports/cifar10_full_audit/vit_scratch/failure_images/02081_true-cat_pred-frog.png,false_negative_for_cat;false_positive_for_frog
2083,cifar10_test_02083,/home/tariq/Desktop/Awais-Tariq/base-KD/data/cifar-10-batches-py/test_batch,2083,bird,cat,0.9708834886550903,False,True,/home/tariq/Desktop/Awais-Tariq/base-KD/reports/cifar10_full_audit/vit_scratch/failure_images/02083_true-bird_pred-cat.png,false_negative_for_bird;false_positive_for_cat
2085,cifar10_test_02085,/home/tariq/Desktop/Awais-Tariq/base-KD/data/cifar-10-batches-py/test_batch,2085,airplane,bird,0.5085433721542358,False,True,/home/tariq/Desktop/Awais-Tariq/base-KD/reports/cifar10_full_audit/vit_scratch/failure_images/02085_true-airplane_pred-bird.png,false_negative_for_airplane;false_positive_for_bird
2086,cifar10_test_02086,/home/tariq/Desktop/Awais-Tariq/base-KD/data/cifar-10-batches-py/test_batch,2086,automobile,airplane,0.6943149566650391,False,True,/home/tariq/Desktop/Awais-Tariq/base-KD/reports/cifar10_full_audit/vit_scratch/failure_images/02086_true-automobile_pred-airplane.png,false_negative_for_automobile;false_positive_for_airplane
2091,cifar10_test_02091,/home/tariq/Desktop/Awais-Tariq/base-KD/data/cifar-10-batches-py/test_batch,2091,airplane,cat,0.989273726940155,False,True,/home/tariq/Desktop/Awais-Tariq/base-KD/reports/cifar10_full_audit/vit_scratch/failure_images/02091_true-airplane_pred-cat.png,false_negative_for_airplane;false_positive_for_cat
2096,cifar10_test_02096,/home/tariq/Desktop/Awais-Tariq/base-KD/data/cifar-10-batches-py/test_batch,2096,bird,truck,0.8742625117301941,False,True,/home/tariq/Desktop/Awais-Tariq/base-KD/reports/cifar10_full_audit/vit_scratch/failure_images/02096_true-bird_pred-truck.png,false_negative_for_bird;false_positive_for_truck
2098,cifar10_test_02098,/home/tariq/Desktop/Awais-Tariq/base-KD/data/cifar-10-batches-py/test_batch,2098,airplane,ship,0.9524839520454407,False,True,/home/tariq/Desktop/Awais-Tariq/base-KD/reports/cifar10_full_audit/vit_scratch/failure_images/02098_true-airplane_pred-ship.png,false_negative_for_airplane;false_positive_for_ship
2106,cifar10_test_02106,/home/tariq/Desktop/Awais-Tariq/base-KD/data/cifar-10-batches-py/test_batch,2106,dog,cat,0.5219025015830994,False,True,/home/tariq/Desktop/Awais-Tariq/base-KD/reports/cifar10_full_audit/vit_scratch/failure_images/02106_true-dog_pred-cat.png,false_negative_for_dog;false_positive_for_cat
2108,cifar10_test_02108,/home/tariq/Desktop/Awais-Tariq/base-KD/data/cifar-10-batches-py/test_batch,2108,deer,bird,0.711805522441864,False,True,/home/tariq/Desktop/Awais-Tariq/base-KD/reports/cifar10_full_audit/vit_scratch/failure_images/02108_true-deer_pred-bird.png,false_negative_for_deer;false_positive_for_bird
2120,cifar10_test_02120,/home/tariq/Desktop/Awais-Tariq/base-KD/data/cifar-10-batches-py/test_batch,2120,deer,ship,0.9994248151779175,False,True,/home/tariq/Desktop/Awais-Tariq/base-KD/reports/cifar10_full_audit/vit_scratch/failure_images/02120_true-deer_pred-ship.png,false_negative_for_deer;false_positive_for_ship
2121,cifar10_test_02121,/home/tariq/Desktop/Awais-Tariq/base-KD/data/cifar-10-batches-py/test_batch,2121,frog,airplane,0.9851632714271545,False,True,/home/tariq/Desktop/Awais-Tariq/base-KD/reports/cifar10_full_audit/vit_scratch/failure_images/02121_true-frog_pred-airplane.png,false_negative_for_frog;false_positive_for_airplane
2127,cifar10_test_02127,/home/tariq/Desktop/Awais-Tariq/base-KD/data/cifar-10-batches-py/test_batch,2127,bird,dog,0.9393036365509033,False,True,/home/tariq/Desktop/Awais-Tariq/base-KD/reports/cifar10_full_audit/vit_scratch/failure_images/02127_true-bird_pred-dog.png,false_negative_for_bird;false_positive_for_dog
2128,cifar10_test_02128,/home/tariq/Desktop/Awais-Tariq/base-KD/data/cifar-10-batches-py/test_batch,2128,deer,frog,0.6784246563911438,False,True,/home/tariq/Desktop/Awais-Tariq/base-KD/reports/cifar10_full_audit/vit_scratch/failure_images/02128_true-deer_pred-frog.png,false_negative_for_deer;false_positive_for_frog
2136,cifar10_test_02136,/home/tariq/Desktop/Awais-Tariq/base-KD/data/cifar-10-batches-py/test_batch,2136,airplane,truck,0.9558599591255188,False,True,/home/tariq/Desktop/Awais-Tariq/base-KD/reports/cifar10_full_audit/vit_scratch/failure_images/02136_true-airplane_pred-truck.png,false_negative_for_airplane;false_positive_for_truck
2161,cifar10_test_02161,/home/tariq/Desktop/Awais-Tariq/base-KD/data/cifar-10-batches-py/test_batch,2161,dog,cat,0.9994101524353027,False,True,/home/tariq/Desktop/Awais-Tariq/base-KD/reports/cifar10_full_audit/vit_scratch/failure_images/02161_true-dog_pred-cat.png,false_negative_for_dog;false_positive_for_cat
2166,cifar10_test_02166,/home/tariq/Desktop/Awais-Tariq/base-KD/data/cifar-10-batches-py/test_batch,2166,airplane,bird,0.9982233643531799,False,True,/home/tariq/Desktop/Awais-Tariq/base-KD/reports/cifar10_full_audit/vit_scratch/failure_images/02166_true-airplane_pred-bird.png,false_negative_for_airplane;false_positive_for_bird
2172,cifar10_test_02172,/home/tariq/Desktop/Awais-Tariq/base-KD/data/cifar-10-batches-py/test_batch,2172,dog,bird,0.9997090697288513,False,False,/home/tariq/Desktop/Awais-Tariq/base-KD/reports/cifar10_full_audit/vit_scratch/failure_images/02172_true-dog_pred-bird.png,false_negative_for_dog;false_positive_for_bird
2176,cifar10_test_02176,/home/tariq/Desktop/Awais-Tariq/base-KD/data/cifar-10-batches-py/test_batch,2176,automobile,ship,0.807171106338501,False,True,/home/tariq/Desktop/Awais-Tariq/base-KD/reports/cifar10_full_audit/vit_scratch/failure_images/02176_true-automobile_pred-ship.png,false_negative_for_automobile;false_positive_for_ship
2178,cifar10_test_02178,/home/tariq/Desktop/Awais-Tariq/base-KD/data/cifar-10-batches-py/test_batch,2178,cat,truck,0.9991424083709717,False,True,/home/tariq/Desktop/Awais-Tariq/base-KD/reports/cifar10_full_audit/vit_scratch/failure_images/02178_true-cat_pred-truck.png,false_negative_for_cat;false_positive_for_truck
2181,cifar10_test_02181,/home/tariq/Desktop/Awais-Tariq/base-KD/data/cifar-10-batches-py/test_batch,2181,cat,bird,0.8116469383239746,False,True,/home/tariq/Desktop/Awais-Tariq/base-KD/reports/cifar10_full_audit/vit_scratch/failure_images/02181_true-cat_pred-bird.png,false_negative_for_cat;false_positive_for_bird
2190,cifar10_test_02190,/home/tariq/Desktop/Awais-Tariq/base-KD/data/cifar-10-batches-py/test_batch,2190,truck,automobile,0.8661643862724304,False,True,/home/tariq/Desktop/Awais-Tariq/base-KD/reports/cifar10_full_audit/vit_scratch/failure_images/02190_true-truck_pred-automobile.png,false_negative_for_truck;false_positive_for_automobile
2192,cifar10_test_02192,/home/tariq/Desktop/Awais-Tariq/base-KD/data/cifar-10-batches-py/test_batch,2192,airplane,bird,0.7334622144699097,False,True,/home/tariq/Desktop/Awais-Tariq/base-KD/reports/cifar10_full_audit/vit_scratch/failure_images/02192_true-airplane_pred-bird.png,false_negative_for_airplane;false_positive_for_bird
2195,cifar10_test_02195,/home/tariq/Desktop/Awais-Tariq/base-KD/data/cifar-10-batches-py/test_batch,2195,deer,bird,0.999870777130127,False,True,/home/tariq/Desktop/Awais-Tariq/base-KD/reports/cifar10_full_audit/vit_scratch/failure_images/02195_true-deer_pred-bird.png,false_negative_for_deer;false_positive_for_bird
2199,cifar10_test_02199,/home/tariq/Desktop/Awais-Tariq/base-KD/data/cifar-10-batches-py/test_batch,2199,bird,dog,0.6638590693473816,False,True,/home/tariq/Desktop/Awais-Tariq/base-KD/reports/cifar10_full_audit/vit_scratch/failure_images/02199_true-bird_pred-dog.png,false_negative_for_bird;false_positive_for_dog
2210,cifar10_test_02210,/home/tariq/Desktop/Awais-Tariq/base-KD/data/cifar-10-batches-py/test_batch,2210,bird,airplane,0.9995280504226685,False,True,/home/tariq/Desktop/Awais-Tariq/base-KD/reports/cifar10_full_audit/vit_scratch/failure_images/02210_true-bird_pred-airplane.png,false_negative_for_bird;false_positive_for_airplane
2213,cifar10_test_02213,/home/tariq/Desktop/Awais-Tariq/base-KD/data/cifar-10-batches-py/test_batch,2213,deer,bird,0.8935742378234863,False,True,/home/tariq/Desktop/Awais-Tariq/base-KD/reports/cifar10_full_audit/vit_scratch/failure_images/02213_true-deer_pred-bird.png,false_negative_for_deer;false_positive_for_bird
2219,cifar10_test_02219,/home/tariq/Desktop/Awais-Tariq/base-KD/data/cifar-10-batches-py/test_batch,2219,dog,cat,0.7688280940055847,False,True,/home/tariq/Desktop/Awais-Tariq/base-KD/reports/cifar10_full_audit/vit_scratch/failure_images/02219_true-dog_pred-cat.png,false_negative_for_dog;false_positive_for_cat
2226,cifar10_test_02226,/home/tariq/Desktop/Awais-Tariq/base-KD/data/cifar-10-batches-py/test_batch,2226,bird,frog,0.9993340373039246,False,True,/home/tariq/Desktop/Awais-Tariq/base-KD/reports/cifar10_full_audit/vit_scratch/failure_images/02226_true-bird_pred-frog.png,false_negative_for_bird;false_positive_for_frog
2227,cifar10_test_02227,/home/tariq/Desktop/Awais-Tariq/base-KD/data/cifar-10-batches-py/test_batch,2227,ship,airplane,0.9944460391998291,False,True,/home/tariq/Desktop/Awais-Tariq/base-KD/reports/cifar10_full_audit/vit_scratch/failure_images/02227_true-ship_pred-airplane.png,false_negative_for_ship;false_positive_for_airplane
2232,cifar10_test_02232,/home/tariq/Desktop/Awais-Tariq/base-KD/data/cifar-10-batches-py/test_batch,2232,airplane,cat,0.6522730588912964,False,False,/home/tariq/Desktop/Awais-Tariq/base-KD/reports/cifar10_full_audit/vit_scratch/failure_images/02232_true-airplane_pred-cat.png,false_negative_for_airplane;false_positive_for_cat
2233,cifar10_test_02233,/home/tariq/Desktop/Awais-Tariq/base-KD/data/cifar-10-batches-py/test_batch,2233,cat,dog,0.9992614388465881,False,True,/home/tariq/Desktop/Awais-Tariq/base-KD/reports/cifar10_full_audit/vit_scratch/failure_images/02233_true-cat_pred-dog.png,false_negative_for_cat;false_positive_for_dog
2246,cifar10_test_02246,/home/tariq/Desktop/Awais-Tariq/base-KD/data/cifar-10-batches-py/test_batch,2246,truck,automobile,0.9944823980331421,False,True,/home/tariq/Desktop/Awais-Tariq/base-KD/reports/cifar10_full_audit/vit_scratch/failure_images/02246_true-truck_pred-automobile.png,false_negative_for_truck;false_positive_for_automobile
2251,cifar10_test_02251,/home/tariq/Desktop/Awais-Tariq/base-KD/data/cifar-10-batches-py/test_batch,2251,frog,dog,0.8079444169998169,False,True,/home/tariq/Desktop/Awais-Tariq/base-KD/reports/cifar10_full_audit/vit_scratch/failure_images/02251_true-frog_pred-dog.png,false_negative_for_frog;false_positive_for_dog
2253,cifar10_test_02253,/home/tariq/Desktop/Awais-Tariq/base-KD/data/cifar-10-batches-py/test_batch,2253,cat,dog,0.47920385003089905,False,True,/home/tariq/Desktop/Awais-Tariq/base-KD/reports/cifar10_full_audit/vit_scratch/failure_images/02253_true-cat_pred-dog.png,false_negative_for_cat;false_positive_for_dog
2257,cifar10_test_02257,/home/tariq/Desktop/Awais-Tariq/base-KD/data/cifar-10-batches-py/test_batch,2257,airplane,automobile,0.7444167733192444,False,True,/home/tariq/Desktop/Awais-Tariq/base-KD/reports/cifar10_full_audit/vit_scratch/failure_images/02257_true-airplane_pred-automobile.png,false_negative_for_airplane;false_positive_for_automobile
2262,cifar10_test_02262,/home/tariq/Desktop/Awais-Tariq/base-KD/data/cifar-10-batches-py/test_batch,2262,bird,deer,0.9978780746459961,False,True,/home/tariq/Desktop/Awais-Tariq/base-KD/reports/cifar10_full_audit/vit_scratch/failure_images/02262_true-bird_pred-deer.png,false_negative_for_bird;false_positive_for_deer
2270,cifar10_test_02270,/home/tariq/Desktop/Awais-Tariq/base-KD/data/cifar-10-batches-py/test_batch,2270,bird,deer,0.9942790269851685,False,True,/home/tariq/Desktop/Awais-Tariq/base-KD/reports/cifar10_full_audit/vit_scratch/failure_images/02270_true-bird_pred-deer.png,false_negative_for_bird;false_positive_for_deer
2271,cifar10_test_02271,/home/tariq/Desktop/Awais-Tariq/base-KD/data/cifar-10-batches-py/test_batch,2271,truck,ship,0.5562494397163391,False,True,/home/tariq/Desktop/Awais-Tariq/base-KD/reports/cifar10_full_audit/vit_scratch/failure_images/02271_true-truck_pred-ship.png,false_negative_for_truck;false_positive_for_ship
2273,cifar10_test_02273,/home/tariq/Desktop/Awais-Tariq/base-KD/data/cifar-10-batches-py/test_batch,2273,dog,cat,0.8652532696723938,False,True,/home/tariq/Desktop/Awais-Tariq/base-KD/reports/cifar10_full_audit/vit_scratch/failure_images/02273_true-dog_pred-cat.png,false_negative_for_dog;false_positive_for_cat
2276,cifar10_test_02276,/home/tariq/Desktop/Awais-Tariq/base-KD/data/cifar-10-batches-py/test_batch,2276,airplane,ship,0.5682942271232605,False,True,/home/tariq/Desktop/Awais-Tariq/base-KD/reports/cifar10_full_audit/vit_scratch/failure_images/02276_true-airplane_pred-ship.png,false_negative_for_airplane;false_positive_for_ship
2277,cifar10_test_02277,/home/tariq/Desktop/Awais-Tariq/base-KD/data/cifar-10-batches-py/test_batch,2277,dog,cat,0.9412417411804199,False,True,/home/tariq/Desktop/Awais-Tariq/base-KD/reports/cifar10_full_audit/vit_scratch/failure_images/02277_true-dog_pred-cat.png,false_negative_for_dog;false_positive_for_cat
2292,cifar10_test_02292,/home/tariq/Desktop/Awais-Tariq/base-KD/data/cifar-10-batches-py/test_batch,2292,dog,cat,0.9941619038581848,False,True,/home/tariq/Desktop/Awais-Tariq/base-KD/reports/cifar10_full_audit/vit_scratch/failure_images/02292_true-dog_pred-cat.png,false_negative_for_dog;false_positive_for_cat
2293,cifar10_test_02293,/home/tariq/Desktop/Awais-Tariq/base-KD/data/cifar-10-batches-py/test_batch,2293,ship,automobile,0.3017348647117615,False,False,/home/tariq/Desktop/Awais-Tariq/base-KD/reports/cifar10_full_audit/vit_scratch/failure_images/02293_true-ship_pred-automobile.png,false_negative_for_ship;false_positive_for_automobile
2294,cifar10_test_02294,/home/tariq/Desktop/Awais-Tariq/base-KD/data/cifar-10-batches-py/test_batch,2294,automobile,truck,0.9684802889823914,False,True,/home/tariq/Desktop/Awais-Tariq/base-KD/reports/cifar10_full_audit/vit_scratch/failure_images/02294_true-automobile_pred-truck.png,false_negative_for_automobile;false_positive_for_truck
2301,cifar10_test_02301,/home/tariq/Desktop/Awais-Tariq/base-KD/data/cifar-10-batches-py/test_batch,2301,bird,truck,0.6359739899635315,False,True,/home/tariq/Desktop/Awais-Tariq/base-KD/reports/cifar10_full_audit/vit_scratch/failure_images/02301_true-bird_pred-truck.png,false_negative_for_bird;false_positive_for_truck
2305,cifar10_test_02305,/home/tariq/Desktop/Awais-Tariq/base-KD/data/cifar-10-batches-py/test_batch,2305,truck,bird,0.9935981035232544,False,True,/home/tariq/Desktop/Awais-Tariq/base-KD/reports/cifar10_full_audit/vit_scratch/failure_images/02305_true-truck_pred-bird.png,false_negative_for_truck;false_positive_for_bird
2306,cifar10_test_02306,/home/tariq/Desktop/Awais-Tariq/base-KD/data/cifar-10-batches-py/test_batch,2306,cat,dog,0.9673305153846741,False,True,/home/tariq/Desktop/Awais-Tariq/base-KD/reports/cifar10_full_audit/vit_scratch/failure_images/02306_true-cat_pred-dog.png,false_negative_for_cat;false_positive_for_dog
2315,cifar10_test_02315,/home/tariq/Desktop/Awais-Tariq/base-KD/data/cifar-10-batches-py/test_batch,2315,bird,airplane,0.9269385933876038,False,True,/home/tariq/Desktop/Awais-Tariq/base-KD/reports/cifar10_full_audit/vit_scratch/failure_images/02315_true-bird_pred-airplane.png,false_negative_for_bird;false_positive_for_airplane
2320,cifar10_test_02320,/home/tariq/Desktop/Awais-Tariq/base-KD/data/cifar-10-batches-py/test_batch,2320,dog,bird,0.993933379650116,False,True,/home/tariq/Desktop/Awais-Tariq/base-KD/reports/cifar10_full_audit/vit_scratch/failure_images/02320_true-dog_pred-bird.png,false_negative_for_dog;false_positive_for_bird
2321,cifar10_test_02321,/home/tariq/Desktop/Awais-Tariq/base-KD/data/cifar-10-batches-py/test_batch,2321,bird,cat,0.6508824825286865,False,True,/home/tariq/Desktop/Awais-Tariq/base-KD/reports/cifar10_full_audit/vit_scratch/failure_images/02321_true-bird_pred-cat.png,false_negative_for_bird;false_positive_for_cat
2325,cifar10_test_02325,/home/tariq/Desktop/Awais-Tariq/base-KD/data/cifar-10-batches-py/test_batch,2325,horse,cat,0.8043575882911682,False,True,/home/tariq/Desktop/Awais-Tariq/base-KD/reports/cifar10_full_audit/vit_scratch/failure_images/02325_true-horse_pred-cat.png,false_negative_for_horse;false_positive_for_cat
2327,cifar10_test_02327,/home/tariq/Desktop/Awais-Tariq/base-KD/data/cifar-10-batches-py/test_batch,2327,automobile,airplane,0.64369136095047,False,True,/home/tariq/Desktop/Awais-Tariq/base-KD/reports/cifar10_full_audit/vit_scratch/failure_images/02327_true-automobile_pred-airplane.png,false_negative_for_automobile;false_positive_for_airplane
2351,cifar10_test_02351,/home/tariq/Desktop/Awais-Tariq/base-KD/data/cifar-10-batches-py/test_batch,2351,automobile,truck,0.9723914265632629,False,True,/home/tariq/Desktop/Awais-Tariq/base-KD/reports/cifar10_full_audit/vit_scratch/failure_images/02351_true-automobile_pred-truck.png,false_negative_for_automobile;false_positive_for_truck
2358,cifar10_test_02358,/home/tariq/Desktop/Awais-Tariq/base-KD/data/cifar-10-batches-py/test_batch,2358,horse,dog,0.9919732809066772,False,True,/home/tariq/Desktop/Awais-Tariq/base-KD/reports/cifar10_full_audit/vit_scratch/failure_images/02358_true-horse_pred-dog.png,false_negative_for_horse;false_positive_for_dog
2365,cifar10_test_02365,/home/tariq/Desktop/Awais-Tariq/base-KD/data/cifar-10-batches-py/test_batch,2365,horse,dog,0.5322960615158081,False,True,/home/tariq/Desktop/Awais-Tariq/base-KD/reports/cifar10_full_audit/vit_scratch/failure_images/02365_true-horse_pred-dog.png,false_negative_for_horse;false_positive_for_dog
2375,cifar10_test_02375,/home/tariq/Desktop/Awais-Tariq/base-KD/data/cifar-10-batches-py/test_batch,2375,airplane,ship,0.5964091420173645,False,True,/home/tariq/Desktop/Awais-Tariq/base-KD/reports/cifar10_full_audit/vit_scratch/failure_images/02375_true-airplane_pred-ship.png,false_negative_for_airplane;false_positive_for_ship
2383,cifar10_test_02383,/home/tariq/Desktop/Awais-Tariq/base-KD/data/cifar-10-batches-py/test_batch,2383,bird,ship,0.9996761083602905,False,False,/home/tariq/Desktop/Awais-Tariq/base-KD/reports/cifar10_full_audit/vit_scratch/failure_images/02383_true-bird_pred-ship.png,false_negative_for_bird;false_positive_for_ship
2385,cifar10_test_02385,/home/tariq/Desktop/Awais-Tariq/base-KD/data/cifar-10-batches-py/test_batch,2385,deer,horse,0.6458669900894165,False,True,/home/tariq/Desktop/Awais-Tariq/base-KD/reports/cifar10_full_audit/vit_scratch/failure_images/02385_true-deer_pred-horse.png,false_negative_for_deer;false_positive_for_horse
2396,cifar10_test_02396,/home/tariq/Desktop/Awais-Tariq/base-KD/data/cifar-10-batches-py/test_batch,2396,automobile,horse,0.9260992407798767,False,True,/home/tariq/Desktop/Awais-Tariq/base-KD/reports/cifar10_full_audit/vit_scratch/failure_images/02396_true-automobile_pred-horse.png,false_negative_for_automobile;false_positive_for_horse
2405,cifar10_test_02405,/home/tariq/Desktop/Awais-Tariq/base-KD/data/cifar-10-batches-py/test_batch,2405,cat,frog,0.9999978542327881,False,False,/home/tariq/Desktop/Awais-Tariq/base-KD/reports/cifar10_full_audit/vit_scratch/failure_images/02405_true-cat_pred-frog.png,false_negative_for_cat;false_positive_for_frog
2413,cifar10_test_02413,/home/tariq/Desktop/Awais-Tariq/base-KD/data/cifar-10-batches-py/test_batch,2413,deer,frog,0.9998791217803955,False,True,/home/tariq/Desktop/Awais-Tariq/base-KD/reports/cifar10_full_audit/vit_scratch/failure_images/02413_true-deer_pred-frog.png,false_negative_for_deer;false_positive_for_frog
2416,cifar10_test_02416,/home/tariq/Desktop/Awais-Tariq/base-KD/data/cifar-10-batches-py/test_batch,2416,frog,cat,0.528093695640564,False,True,/home/tariq/Desktop/Awais-Tariq/base-KD/reports/cifar10_full_audit/vit_scratch/failure_images/02416_true-frog_pred-cat.png,false_negative_for_frog;false_positive_for_cat
2421,cifar10_test_02421,/home/tariq/Desktop/Awais-Tariq/base-KD/data/cifar-10-batches-py/test_batch,2421,ship,automobile,0.618493378162384,False,True,/home/tariq/Desktop/Awais-Tariq/base-KD/reports/cifar10_full_audit/vit_scratch/failure_images/02421_true-ship_pred-automobile.png,false_negative_for_ship;false_positive_for_automobile
2422,cifar10_test_02422,/home/tariq/Desktop/Awais-Tariq/base-KD/data/cifar-10-batches-py/test_batch,2422,cat,dog,0.9958361387252808,False,True,/home/tariq/Desktop/Awais-Tariq/base-KD/reports/cifar10_full_audit/vit_scratch/failure_images/02422_true-cat_pred-dog.png,false_negative_for_cat;false_positive_for_dog
2423,cifar10_test_02423,/home/tariq/Desktop/Awais-Tariq/base-KD/data/cifar-10-batches-py/test_batch,2423,bird,frog,0.6834102272987366,False,True,/home/tariq/Desktop/Awais-Tariq/base-KD/reports/cifar10_full_audit/vit_scratch/failure_images/02423_true-bird_pred-frog.png,false_negative_for_bird;false_positive_for_frog
2434,cifar10_test_02434,/home/tariq/Desktop/Awais-Tariq/base-KD/data/cifar-10-batches-py/test_batch,2434,airplane,truck,0.7527670860290527,False,True,/home/tariq/Desktop/Awais-Tariq/base-KD/reports/cifar10_full_audit/vit_scratch/failure_images/02434_true-airplane_pred-truck.png,false_negative_for_airplane;false_positive_for_truck
2435,cifar10_test_02435,/home/tariq/Desktop/Awais-Tariq/base-KD/data/cifar-10-batches-py/test_batch,2435,frog,bird,0.5906904339790344,False,True,/home/tariq/Desktop/Awais-Tariq/base-KD/reports/cifar10_full_audit/vit_scratch/failure_images/02435_true-frog_pred-bird.png,false_negative_for_frog;false_positive_for_bird
2449,cifar10_test_02449,/home/tariq/Desktop/Awais-Tariq/base-KD/data/cifar-10-batches-py/test_batch,2449,deer,cat,0.8343984484672546,False,True,/home/tariq/Desktop/Awais-Tariq/base-KD/reports/cifar10_full_audit/vit_scratch/failure_images/02449_true-deer_pred-cat.png,false_negative_for_deer;false_positive_for_cat
2453,cifar10_test_02453,/home/tariq/Desktop/Awais-Tariq/base-KD/data/cifar-10-batches-py/test_batch,2453,cat,deer,0.9999866485595703,False,True,/home/tariq/Desktop/Awais-Tariq/base-KD/reports/cifar10_full_audit/vit_scratch/failure_images/02453_true-cat_pred-deer.png,false_negative_for_cat;false_positive_for_deer
2454,cifar10_test_02454,/home/tariq/Desktop/Awais-Tariq/base-KD/data/cifar-10-batches-py/test_batch,2454,automobile,ship,0.7369375824928284,False,True,/home/tariq/Desktop/Awais-Tariq/base-KD/reports/cifar10_full_audit/vit_scratch/failure_images/02454_true-automobile_pred-ship.png,false_negative_for_automobile;false_positive_for_ship
2464,cifar10_test_02464,/home/tariq/Desktop/Awais-Tariq/base-KD/data/cifar-10-batches-py/test_batch,2464,bird,frog,0.8521420359611511,False,True,/home/tariq/Desktop/Awais-Tariq/base-KD/reports/cifar10_full_audit/vit_scratch/failure_images/02464_true-bird_pred-frog.png,false_negative_for_bird;false_positive_for_frog
2465,cifar10_test_02465,/home/tariq/Desktop/Awais-Tariq/base-KD/data/cifar-10-batches-py/test_batch,2465,truck,ship,0.7454341650009155,False,True,/home/tariq/Desktop/Awais-Tariq/base-KD/reports/cifar10_full_audit/vit_scratch/failure_images/02465_true-truck_pred-ship.png,false_negative_for_truck;false_positive_for_ship
2466,cifar10_test_02466,/home/tariq/Desktop/Awais-Tariq/base-KD/data/cifar-10-batches-py/test_batch,2466,bird,airplane,0.7917147278785706,False,True,/home/tariq/Desktop/Awais-Tariq/base-KD/reports/cifar10_full_audit/vit_scratch/failure_images/02466_true-bird_pred-airplane.png,false_negative_for_bird;false_positive_for_airplane
2472,cifar10_test_02472,/home/tariq/Desktop/Awais-Tariq/base-KD/data/cifar-10-batches-py/test_batch,2472,dog,cat,0.812065064907074,False,True,/home/tariq/Desktop/Awais-Tariq/base-KD/reports/cifar10_full_audit/vit_scratch/failure_images/02472_true-dog_pred-cat.png,false_negative_for_dog;false_positive_for_cat
2481,cifar10_test_02481,/home/tariq/Desktop/Awais-Tariq/base-KD/data/cifar-10-batches-py/test_batch,2481,horse,bird,0.7794690132141113,False,True,/home/tariq/Desktop/Awais-Tariq/base-KD/reports/cifar10_full_audit/vit_scratch/failure_images/02481_true-horse_pred-bird.png,false_negative_for_horse;false_positive_for_bird
2486,cifar10_test_02486,/home/tariq/Desktop/Awais-Tariq/base-KD/data/cifar-10-batches-py/test_batch,2486,horse,deer,0.9644105434417725,False,True,/home/tariq/Desktop/Awais-Tariq/base-KD/reports/cifar10_full_audit/vit_scratch/failure_images/02486_true-horse_pred-deer.png,false_negative_for_horse;false_positive_for_deer
2489,cifar10_test_02489,/home/tariq/Desktop/Awais-Tariq/base-KD/data/cifar-10-batches-py/test_batch,2489,cat,truck,0.9105538129806519,False,True,/home/tariq/Desktop/Awais-Tariq/base-KD/reports/cifar10_full_audit/vit_scratch/failure_images/02489_true-cat_pred-truck.png,false_negative_for_cat;false_positive_for_truck
2490,cifar10_test_02490,/home/tariq/Desktop/Awais-Tariq/base-KD/data/cifar-10-batches-py/test_batch,2490,airplane,bird,0.9883551597595215,False,True,/home/tariq/Desktop/Awais-Tariq/base-KD/reports/cifar10_full_audit/vit_scratch/failure_images/02490_true-airplane_pred-bird.png,false_negative_for_airplane;false_positive_for_bird
2494,cifar10_test_02494,/home/tariq/Desktop/Awais-Tariq/base-KD/data/cifar-10-batches-py/test_batch,2494,dog,airplane,0.7490432858467102,False,True,/home/tariq/Desktop/Awais-Tariq/base-KD/reports/cifar10_full_audit/vit_scratch/failure_images/02494_true-dog_pred-airplane.png,false_negative_for_dog;false_positive_for_airplane
2495,cifar10_test_02495,/home/tariq/Desktop/Awais-Tariq/base-KD/data/cifar-10-batches-py/test_batch,2495,truck,horse,0.35652443766593933,False,False,/home/tariq/Desktop/Awais-Tariq/base-KD/reports/cifar10_full_audit/vit_scratch/failure_images/02495_true-truck_pred-horse.png,false_negative_for_truck;false_positive_for_horse
2500,cifar10_test_02500,/home/tariq/Desktop/Awais-Tariq/base-KD/data/cifar-10-batches-py/test_batch,2500,deer,frog,0.9956573247909546,False,True,/home/tariq/Desktop/Awais-Tariq/base-KD/reports/cifar10_full_audit/vit_scratch/failure_images/02500_true-deer_pred-frog.png,false_negative_for_deer;false_positive_for_frog
2509,cifar10_test_02509,/home/tariq/Desktop/Awais-Tariq/base-KD/data/cifar-10-batches-py/test_batch,2509,bird,horse,0.6642473340034485,False,True,/home/tariq/Desktop/Awais-Tariq/base-KD/reports/cifar10_full_audit/vit_scratch/failure_images/02509_true-bird_pred-horse.png,false_negative_for_bird;false_positive_for_horse
2511,cifar10_test_02511,/home/tariq/Desktop/Awais-Tariq/base-KD/data/cifar-10-batches-py/test_batch,2511,ship,automobile,0.9890038371086121,False,True,/home/tariq/Desktop/Awais-Tariq/base-KD/reports/cifar10_full_audit/vit_scratch/failure_images/02511_true-ship_pred-automobile.png,false_negative_for_ship;false_positive_for_automobile
2523,cifar10_test_02523,/home/tariq/Desktop/Awais-Tariq/base-KD/data/cifar-10-batches-py/test_batch,2523,deer,bird,0.9598867893218994,False,True,/home/tariq/Desktop/Awais-Tariq/base-KD/reports/cifar10_full_audit/vit_scratch/failure_images/02523_true-deer_pred-bird.png,false_negative_for_deer;false_positive_for_bird
2525,cifar10_test_02525,/home/tariq/Desktop/Awais-Tariq/base-KD/data/cifar-10-batches-py/test_batch,2525,dog,cat,0.8838716149330139,False,True,/home/tariq/Desktop/Awais-Tariq/base-KD/reports/cifar10_full_audit/vit_scratch/failure_images/02525_true-dog_pred-cat.png,false_negative_for_dog;false_positive_for_cat
2526,cifar10_test_02526,/home/tariq/Desktop/Awais-Tariq/base-KD/data/cifar-10-batches-py/test_batch,2526,cat,dog,0.975906252861023,False,True,/home/tariq/Desktop/Awais-Tariq/base-KD/reports/cifar10_full_audit/vit_scratch/failure_images/02526_true-cat_pred-dog.png,false_negative_for_cat;false_positive_for_dog
2531,cifar10_test_02531,/home/tariq/Desktop/Awais-Tariq/base-KD/data/cifar-10-batches-py/test_batch,2531,bird,cat,0.8321288824081421,False,True,/home/tariq/Desktop/Awais-Tariq/base-KD/reports/cifar10_full_audit/vit_scratch/failure_images/02531_true-bird_pred-cat.png,false_negative_for_bird;false_positive_for_cat
2532,cifar10_test_02532,/home/tariq/Desktop/Awais-Tariq/base-KD/data/cifar-10-batches-py/test_batch,2532,airplane,automobile,0.9997836947441101,False,True,/home/tariq/Desktop/Awais-Tariq/base-KD/reports/cifar10_full_audit/vit_scratch/failure_images/02532_true-airplane_pred-automobile.png,false_negative_for_airplane;false_positive_for_automobile
2533,cifar10_test_02533,/home/tariq/Desktop/Awais-Tariq/base-KD/data/cifar-10-batches-py/test_batch,2533,ship,dog,0.9199234247207642,False,False,/home/tariq/Desktop/Awais-Tariq/base-KD/reports/cifar10_full_audit/vit_scratch/failure_images/02533_true-ship_pred-dog.png,false_negative_for_ship;false_positive_for_dog
2535,cifar10_test_02535,/home/tariq/Desktop/Awais-Tariq/base-KD/data/cifar-10-batches-py/test_batch,2535,airplane,frog,0.7584413886070251,False,True,/home/tariq/Desktop/Awais-Tariq/base-KD/reports/cifar10_full_audit/vit_scratch/failure_images/02535_true-airplane_pred-frog.png,false_negative_for_airplane;false_positive_for_frog
2536,cifar10_test_02536,/home/tariq/Desktop/Awais-Tariq/base-KD/data/cifar-10-batches-py/test_batch,2536,dog,cat,0.9983869791030884,False,True,/home/tariq/Desktop/Awais-Tariq/base-KD/reports/cifar10_full_audit/vit_scratch/failure_images/02536_true-dog_pred-cat.png,false_negative_for_dog;false_positive_for_cat
2542,cifar10_test_02542,/home/tariq/Desktop/Awais-Tariq/base-KD/data/cifar-10-batches-py/test_batch,2542,bird,airplane,0.9296813607215881,False,True,/home/tariq/Desktop/Awais-Tariq/base-KD/reports/cifar10_full_audit/vit_scratch/failure_images/02542_true-bird_pred-airplane.png,false_negative_for_bird;false_positive_for_airplane
2550,cifar10_test_02550,/home/tariq/Desktop/Awais-Tariq/base-KD/data/cifar-10-batches-py/test_batch,2550,deer,frog,0.5851647257804871,False,True,/home/tariq/Desktop/Awais-Tariq/base-KD/reports/cifar10_full_audit/vit_scratch/failure_images/02550_true-deer_pred-frog.png,false_negative_for_deer;false_positive_for_frog
2551,cifar10_test_02551,/home/tariq/Desktop/Awais-Tariq/base-KD/data/cifar-10-batches-py/test_batch,2551,bird,frog,0.8347055315971375,False,True,/home/tariq/Desktop/Awais-Tariq/base-KD/reports/cifar10_full_audit/vit_scratch/failure_images/02551_true-bird_pred-frog.png,false_negative_for_bird;false_positive_for_frog
2554,cifar10_test_02554,/home/tariq/Desktop/Awais-Tariq/base-KD/data/cifar-10-batches-py/test_batch,2554,deer,horse,0.9743355512619019,False,True,/home/tariq/Desktop/Awais-Tariq/base-KD/reports/cifar10_full_audit/vit_scratch/failure_images/02554_true-deer_pred-horse.png,false_negative_for_deer;false_positive_for_horse
2562,cifar10_test_02562,/home/tariq/Desktop/Awais-Tariq/base-KD/data/cifar-10-batches-py/test_batch,2562,deer,cat,0.8606829047203064,False,True,/home/tariq/Desktop/Awais-Tariq/base-KD/reports/cifar10_full_audit/vit_scratch/failure_images/02562_true-deer_pred-cat.png,false_negative_for_deer;false_positive_for_cat
2580,cifar10_test_02580,/home/tariq/Desktop/Awais-Tariq/base-KD/data/cifar-10-batches-py/test_batch,2580,frog,dog,0.39629802107810974,False,True,/home/tariq/Desktop/Awais-Tariq/base-KD/reports/cifar10_full_audit/vit_scratch/failure_images/02580_true-frog_pred-dog.png,false_negative_for_frog;false_positive_for_dog
2581,cifar10_test_02581,/home/tariq/Desktop/Awais-Tariq/base-KD/data/cifar-10-batches-py/test_batch,2581,deer,truck,0.9961113333702087,False,False,/home/tariq/Desktop/Awais-Tariq/base-KD/reports/cifar10_full_audit/vit_scratch/failure_images/02581_true-deer_pred-truck.png,false_negative_for_deer;false_positive_for_truck
2585,cifar10_test_02585,/home/tariq/Desktop/Awais-Tariq/base-KD/data/cifar-10-batches-py/test_batch,2585,cat,dog,0.847920298576355,False,True,/home/tariq/Desktop/Awais-Tariq/base-KD/reports/cifar10_full_audit/vit_scratch/failure_images/02585_true-cat_pred-dog.png,false_negative_for_cat;false_positive_for_dog
2586,cifar10_test_02586,/home/tariq/Desktop/Awais-Tariq/base-KD/data/cifar-10-batches-py/test_batch,2586,horse,bird,0.43549904227256775,False,True,/home/tariq/Desktop/Awais-Tariq/base-KD/reports/cifar10_full_audit/vit_scratch/failure_images/02586_true-horse_pred-bird.png,false_negative_for_horse;false_positive_for_bird
2590,cifar10_test_02590,/home/tariq/Desktop/Awais-Tariq/base-KD/data/cifar-10-batches-py/test_batch,2590,dog,cat,0.9856799840927124,False,True,/home/tariq/Desktop/Awais-Tariq/base-KD/reports/cifar10_full_audit/vit_scratch/failure_images/02590_true-dog_pred-cat.png,false_negative_for_dog;false_positive_for_cat
2592,cifar10_test_02592,/home/tariq/Desktop/Awais-Tariq/base-KD/data/cifar-10-batches-py/test_batch,2592,bird,deer,0.9999891519546509,False,True,/home/tariq/Desktop/Awais-Tariq/base-KD/reports/cifar10_full_audit/vit_scratch/failure_images/02592_true-bird_pred-deer.png,false_negative_for_bird;false_positive_for_deer
2594,cifar10_test_02594,/home/tariq/Desktop/Awais-Tariq/base-KD/data/cifar-10-batches-py/test_batch,2594,airplane,automobile,0.9963896870613098,False,True,/home/tariq/Desktop/Awais-Tariq/base-KD/reports/cifar10_full_audit/vit_scratch/failure_images/02594_true-airplane_pred-automobile.png,false_negative_for_airplane;false_positive_for_automobile
2605,cifar10_test_02605,/home/tariq/Desktop/Awais-Tariq/base-KD/data/cifar-10-batches-py/test_batch,2605,deer,horse,0.8240322470664978,False,True,/home/tariq/Desktop/Awais-Tariq/base-KD/reports/cifar10_full_audit/vit_scratch/failure_images/02605_true-deer_pred-horse.png,false_negative_for_deer;false_positive_for_horse
2608,cifar10_test_02608,/home/tariq/Desktop/Awais-Tariq/base-KD/data/cifar-10-batches-py/test_batch,2608,deer,bird,0.5959205627441406,False,True,/home/tariq/Desktop/Awais-Tariq/base-KD/reports/cifar10_full_audit/vit_scratch/failure_images/02608_true-deer_pred-bird.png,false_negative_for_deer;false_positive_for_bird
2611,cifar10_test_02611,/home/tariq/Desktop/Awais-Tariq/base-KD/data/cifar-10-batches-py/test_batch,2611,deer,dog,0.40886375308036804,False,True,/home/tariq/Desktop/Awais-Tariq/base-KD/reports/cifar10_full_audit/vit_scratch/failure_images/02611_true-deer_pred-dog.png,false_negative_for_deer;false_positive_for_dog
2619,cifar10_test_02619,/home/tariq/Desktop/Awais-Tariq/base-KD/data/cifar-10-batches-py/test_batch,2619,horse,cat,0.7048283815383911,False,True,/home/tariq/Desktop/Awais-Tariq/base-KD/reports/cifar10_full_audit/vit_scratch/failure_images/02619_true-horse_pred-cat.png,false_negative_for_horse;false_positive_for_cat
2625,cifar10_test_02625,/home/tariq/Desktop/Awais-Tariq/base-KD/data/cifar-10-batches-py/test_batch,2625,bird,deer,0.9873762130737305,False,False,/home/tariq/Desktop/Awais-Tariq/base-KD/reports/cifar10_full_audit/vit_scratch/failure_images/02625_true-bird_pred-deer.png,false_negative_for_bird;false_positive_for_deer
2628,cifar10_test_02628,/home/tariq/Desktop/Awais-Tariq/base-KD/data/cifar-10-batches-py/test_batch,2628,airplane,ship,0.9164543151855469,False,True,/home/tariq/Desktop/Awais-Tariq/base-KD/reports/cifar10_full_audit/vit_scratch/failure_images/02628_true-airplane_pred-ship.png,false_negative_for_airplane;false_positive_for_ship
2650,cifar10_test_02650,/home/tariq/Desktop/Awais-Tariq/base-KD/data/cifar-10-batches-py/test_batch,2650,dog,deer,0.9500396847724915,False,False,/home/tariq/Desktop/Awais-Tariq/base-KD/reports/cifar10_full_audit/vit_scratch/failure_images/02650_true-dog_pred-deer.png,false_negative_for_dog;false_positive_for_deer
2661,cifar10_test_02661,/home/tariq/Desktop/Awais-Tariq/base-KD/data/cifar-10-batches-py/test_batch,2661,cat,dog,0.6562960743904114,False,True,/home/tariq/Desktop/Awais-Tariq/base-KD/reports/cifar10_full_audit/vit_scratch/failure_images/02661_true-cat_pred-dog.png,false_negative_for_cat;false_positive_for_dog
2670,cifar10_test_02670,/home/tariq/Desktop/Awais-Tariq/base-KD/data/cifar-10-batches-py/test_batch,2670,truck,automobile,0.5925793051719666,False,True,/home/tariq/Desktop/Awais-Tariq/base-KD/reports/cifar10_full_audit/vit_scratch/failure_images/02670_true-truck_pred-automobile.png,false_negative_for_truck;false_positive_for_automobile
2672,cifar10_test_02672,/home/tariq/Desktop/Awais-Tariq/base-KD/data/cifar-10-batches-py/test_batch,2672,airplane,truck,0.8693607449531555,False,True,/home/tariq/Desktop/Awais-Tariq/base-KD/reports/cifar10_full_audit/vit_scratch/failure_images/02672_true-airplane_pred-truck.png,false_negative_for_airplane;false_positive_for_truck
2679,cifar10_test_02679,/home/tariq/Desktop/Awais-Tariq/base-KD/data/cifar-10-batches-py/test_batch,2679,airplane,truck,0.9571695327758789,False,True,/home/tariq/Desktop/Awais-Tariq/base-KD/reports/cifar10_full_audit/vit_scratch/failure_images/02679_true-airplane_pred-truck.png,false_negative_for_airplane;false_positive_for_truck
2681,cifar10_test_02681,/home/tariq/Desktop/Awais-Tariq/base-KD/data/cifar-10-batches-py/test_batch,2681,airplane,bird,0.48579224944114685,False,True,/home/tariq/Desktop/Awais-Tariq/base-KD/reports/cifar10_full_audit/vit_scratch/failure_images/02681_true-airplane_pred-bird.png,false_negative_for_airplane;false_positive_for_bird
2688,cifar10_test_02688,/home/tariq/Desktop/Awais-Tariq/base-KD/data/cifar-10-batches-py/test_batch,2688,dog,cat,0.5680538415908813,False,True,/home/tariq/Desktop/Awais-Tariq/base-KD/reports/cifar10_full_audit/vit_scratch/failure_images/02688_true-dog_pred-cat.png,false_negative_for_dog;false_positive_for_cat
2690,cifar10_test_02690,/home/tariq/Desktop/Awais-Tariq/base-KD/data/cifar-10-batches-py/test_batch,2690,bird,frog,0.8261268138885498,False,True,/home/tariq/Desktop/Awais-Tariq/base-KD/reports/cifar10_full_audit/vit_scratch/failure_images/02690_true-bird_pred-frog.png,false_negative_for_bird;false_positive_for_frog
2698,cifar10_test_02698,/home/tariq/Desktop/Awais-Tariq/base-KD/data/cifar-10-batches-py/test_batch,2698,cat,dog,0.9946510195732117,False,True,/home/tariq/Desktop/Awais-Tariq/base-KD/reports/cifar10_full_audit/vit_scratch/failure_images/02698_true-cat_pred-dog.png,false_negative_for_cat;false_positive_for_dog
2703,cifar10_test_02703,/home/tariq/Desktop/Awais-Tariq/base-KD/data/cifar-10-batches-py/test_batch,2703,truck,airplane,0.9734858274459839,False,True,/home/tariq/Desktop/Awais-Tariq/base-KD/reports/cifar10_full_audit/vit_scratch/failure_images/02703_true-truck_pred-airplane.png,false_negative_for_truck;false_positive_for_airplane
2708,cifar10_test_02708,/home/tariq/Desktop/Awais-Tariq/base-KD/data/cifar-10-batches-py/test_batch,2708,deer,cat,0.9788124561309814,False,True,/home/tariq/Desktop/Awais-Tariq/base-KD/reports/cifar10_full_audit/vit_scratch/failure_images/02708_true-deer_pred-cat.png,false_negative_for_deer;false_positive_for_cat
2719,cifar10_test_02719,/home/tariq/Desktop/Awais-Tariq/base-KD/data/cifar-10-batches-py/test_batch,2719,deer,dog,0.7637151479721069,False,True,/home/tariq/Desktop/Awais-Tariq/base-KD/reports/cifar10_full_audit/vit_scratch/failure_images/02719_true-deer_pred-dog.png,false_negative_for_deer;false_positive_for_dog
2721,cifar10_test_02721,/home/tariq/Desktop/Awais-Tariq/base-KD/data/cifar-10-batches-py/test_batch,2721,ship,frog,0.6041771173477173,False,True,/home/tariq/Desktop/Awais-Tariq/base-KD/reports/cifar10_full_audit/vit_scratch/failure_images/02721_true-ship_pred-frog.png,false_negative_for_ship;false_positive_for_frog
2729,cifar10_test_02729,/home/tariq/Desktop/Awais-Tariq/base-KD/data/cifar-10-batches-py/test_batch,2729,dog,cat,0.7656552791595459,False,True,/home/tariq/Desktop/Awais-Tariq/base-KD/reports/cifar10_full_audit/vit_scratch/failure_images/02729_true-dog_pred-cat.png,false_negative_for_dog;false_positive_for_cat
2745,cifar10_test_02745,/home/tariq/Desktop/Awais-Tariq/base-KD/data/cifar-10-batches-py/test_batch,2745,ship,airplane,0.7303178906440735,False,True,/home/tariq/Desktop/Awais-Tariq/base-KD/reports/cifar10_full_audit/vit_scratch/failure_images/02745_true-ship_pred-airplane.png,false_negative_for_ship;false_positive_for_airplane
2755,cifar10_test_02755,/home/tariq/Desktop/Awais-Tariq/base-KD/data/cifar-10-batches-py/test_batch,2755,dog,horse,0.9984380602836609,False,True,/home/tariq/Desktop/Awais-Tariq/base-KD/reports/cifar10_full_audit/vit_scratch/failure_images/02755_true-dog_pred-horse.png,false_negative_for_dog;false_positive_for_horse
2767,cifar10_test_02767,/home/tariq/Desktop/Awais-Tariq/base-KD/data/cifar-10-batches-py/test_batch,2767,dog,cat,0.8455860018730164,False,True,/home/tariq/Desktop/Awais-Tariq/base-KD/reports/cifar10_full_audit/vit_scratch/failure_images/02767_true-dog_pred-cat.png,false_negative_for_dog;false_positive_for_cat
2770,cifar10_test_02770,/home/tariq/Desktop/Awais-Tariq/base-KD/data/cifar-10-batches-py/test_batch,2770,horse,airplane,0.3749408423900604,False,True,/home/tariq/Desktop/Awais-Tariq/base-KD/reports/cifar10_full_audit/vit_scratch/failure_images/02770_true-horse_pred-airplane.png,false_negative_for_horse;false_positive_for_airplane
2779,cifar10_test_02779,/home/tariq/Desktop/Awais-Tariq/base-KD/data/cifar-10-batches-py/test_batch,2779,cat,dog,0.9975306391716003,False,True,/home/tariq/Desktop/Awais-Tariq/base-KD/reports/cifar10_full_audit/vit_scratch/failure_images/02779_true-cat_pred-dog.png,false_negative_for_cat;false_positive_for_dog
2782,cifar10_test_02782,/home/tariq/Desktop/Awais-Tariq/base-KD/data/cifar-10-batches-py/test_batch,2782,airplane,cat,0.3937896192073822,False,True,/home/tariq/Desktop/Awais-Tariq/base-KD/reports/cifar10_full_audit/vit_scratch/failure_images/02782_true-airplane_pred-cat.png,false_negative_for_airplane;false_positive_for_cat
2785,cifar10_test_02785,/home/tariq/Desktop/Awais-Tariq/base-KD/data/cifar-10-batches-py/test_batch,2785,deer,bird,0.6550079584121704,False,True,/home/tariq/Desktop/Awais-Tariq/base-KD/reports/cifar10_full_audit/vit_scratch/failure_images/02785_true-deer_pred-bird.png,false_negative_for_deer;false_positive_for_bird
2799,cifar10_test_02799,/home/tariq/Desktop/Awais-Tariq/base-KD/data/cifar-10-batches-py/test_batch,2799,ship,automobile,0.9709194302558899,False,True,/home/tariq/Desktop/Awais-Tariq/base-KD/reports/cifar10_full_audit/vit_scratch/failure_images/02799_true-ship_pred-automobile.png,false_negative_for_ship;false_positive_for_automobile
2804,cifar10_test_02804,/home/tariq/Desktop/Awais-Tariq/base-KD/data/cifar-10-batches-py/test_batch,2804,cat,bird,0.7844270467758179,False,False,/home/tariq/Desktop/Awais-Tariq/base-KD/reports/cifar10_full_audit/vit_scratch/failure_images/02804_true-cat_pred-bird.png,false_negative_for_cat;false_positive_for_bird
2806,cifar10_test_02806,/home/tariq/Desktop/Awais-Tariq/base-KD/data/cifar-10-batches-py/test_batch,2806,bird,automobile,0.5101339221000671,False,False,/home/tariq/Desktop/Awais-Tariq/base-KD/reports/cifar10_full_audit/vit_scratch/failure_images/02806_true-bird_pred-automobile.png,false_negative_for_bird;false_positive_for_automobile
2808,cifar10_test_02808,/home/tariq/Desktop/Awais-Tariq/base-KD/data/cifar-10-batches-py/test_batch,2808,bird,cat,0.9759306311607361,False,True,/home/tariq/Desktop/Awais-Tariq/base-KD/reports/cifar10_full_audit/vit_scratch/failure_images/02808_true-bird_pred-cat.png,false_negative_for_bird;false_positive_for_cat
2818,cifar10_test_02818,/home/tariq/Desktop/Awais-Tariq/base-KD/data/cifar-10-batches-py/test_batch,2818,dog,cat,0.9989079236984253,False,True,/home/tariq/Desktop/Awais-Tariq/base-KD/reports/cifar10_full_audit/vit_scratch/failure_images/02818_true-dog_pred-cat.png,false_negative_for_dog;false_positive_for_cat
2822,cifar10_test_02822,/home/tariq/Desktop/Awais-Tariq/base-KD/data/cifar-10-batches-py/test_batch,2822,cat,dog,0.9982444047927856,False,True,/home/tariq/Desktop/Awais-Tariq/base-KD/reports/cifar10_full_audit/vit_scratch/failure_images/02822_true-cat_pred-dog.png,false_negative_for_cat;false_positive_for_dog
2831,cifar10_test_02831,/home/tariq/Desktop/Awais-Tariq/base-KD/data/cifar-10-batches-py/test_batch,2831,cat,automobile,0.4325386583805084,False,True,/home/tariq/Desktop/Awais-Tariq/base-KD/reports/cifar10_full_audit/vit_scratch/failure_images/02831_true-cat_pred-automobile.png,false_negative_for_cat;false_positive_for_automobile
2843,cifar10_test_02843,/home/tariq/Desktop/Awais-Tariq/base-KD/data/cifar-10-batches-py/test_batch,2843,automobile,ship,0.7889652252197266,False,True,/home/tariq/Desktop/Awais-Tariq/base-KD/reports/cifar10_full_audit/vit_scratch/failure_images/02843_true-automobile_pred-ship.png,false_negative_for_automobile;false_positive_for_ship
2854,cifar10_test_02854,/home/tariq/Desktop/Awais-Tariq/base-KD/data/cifar-10-batches-py/test_batch,2854,truck,airplane,0.5260893106460571,False,True,/home/tariq/Desktop/Awais-Tariq/base-KD/reports/cifar10_full_audit/vit_scratch/failure_images/02854_true-truck_pred-airplane.png,false_negative_for_truck;false_positive_for_airplane
2859,cifar10_test_02859,/home/tariq/Desktop/Awais-Tariq/base-KD/data/cifar-10-batches-py/test_batch,2859,automobile,truck,0.9986860156059265,False,True,/home/tariq/Desktop/Awais-Tariq/base-KD/reports/cifar10_full_audit/vit_scratch/failure_images/02859_true-automobile_pred-truck.png,false_negative_for_automobile;false_positive_for_truck
2862,cifar10_test_02862,/home/tariq/Desktop/Awais-Tariq/base-KD/data/cifar-10-batches-py/test_batch,2862,frog,deer,0.5528385639190674,False,True,/home/tariq/Desktop/Awais-Tariq/base-KD/reports/cifar10_full_audit/vit_scratch/failure_images/02862_true-frog_pred-deer.png,false_negative_for_frog;false_positive_for_deer
2867,cifar10_test_02867,/home/tariq/Desktop/Awais-Tariq/base-KD/data/cifar-10-batches-py/test_batch,2867,horse,frog,0.9652255177497864,False,False,/home/tariq/Desktop/Awais-Tariq/base-KD/reports/cifar10_full_audit/vit_scratch/failure_images/02867_true-horse_pred-frog.png,false_negative_for_horse;false_positive_for_frog
2868,cifar10_test_02868,/home/tariq/Desktop/Awais-Tariq/base-KD/data/cifar-10-batches-py/test_batch,2868,truck,deer,0.875268280506134,False,True,/home/tariq/Desktop/Awais-Tariq/base-KD/reports/cifar10_full_audit/vit_scratch/failure_images/02868_true-truck_pred-deer.png,false_negative_for_truck;false_positive_for_deer
2889,cifar10_test_02889,/home/tariq/Desktop/Awais-Tariq/base-KD/data/cifar-10-batches-py/test_batch,2889,horse,dog,0.9996302127838135,False,True,/home/tariq/Desktop/Awais-Tariq/base-KD/reports/cifar10_full_audit/vit_scratch/failure_images/02889_true-horse_pred-dog.png,false_negative_for_horse;false_positive_for_dog
2890,cifar10_test_02890,/home/tariq/Desktop/Awais-Tariq/base-KD/data/cifar-10-batches-py/test_batch,2890,dog,horse,0.8099305033683777,False,True,/home/tariq/Desktop/Awais-Tariq/base-KD/reports/cifar10_full_audit/vit_scratch/failure_images/02890_true-dog_pred-horse.png,false_negative_for_dog;false_positive_for_horse
2895,cifar10_test_02895,/home/tariq/Desktop/Awais-Tariq/base-KD/data/cifar-10-batches-py/test_batch,2895,horse,cat,0.8695006966590881,False,True,/home/tariq/Desktop/Awais-Tariq/base-KD/reports/cifar10_full_audit/vit_scratch/failure_images/02895_true-horse_pred-cat.png,false_negative_for_horse;false_positive_for_cat
2898,cifar10_test_02898,/home/tariq/Desktop/Awais-Tariq/base-KD/data/cifar-10-batches-py/test_batch,2898,ship,frog,0.9611523747444153,False,True,/home/tariq/Desktop/Awais-Tariq/base-KD/reports/cifar10_full_audit/vit_scratch/failure_images/02898_true-ship_pred-frog.png,false_negative_for_ship;false_positive_for_frog
2900,cifar10_test_02900,/home/tariq/Desktop/Awais-Tariq/base-KD/data/cifar-10-batches-py/test_batch,2900,cat,horse,0.7537040114402771,False,True,/home/tariq/Desktop/Awais-Tariq/base-KD/reports/cifar10_full_audit/vit_scratch/failure_images/02900_true-cat_pred-horse.png,false_negative_for_cat;false_positive_for_horse
2902,cifar10_test_02902,/home/tariq/Desktop/Awais-Tariq/base-KD/data/cifar-10-batches-py/test_batch,2902,truck,automobile,0.9800868034362793,False,True,/home/tariq/Desktop/Awais-Tariq/base-KD/reports/cifar10_full_audit/vit_scratch/failure_images/02902_true-truck_pred-automobile.png,false_negative_for_truck;false_positive_for_automobile
2903,cifar10_test_02903,/home/tariq/Desktop/Awais-Tariq/base-KD/data/cifar-10-batches-py/test_batch,2903,bird,airplane,0.461647093296051,False,True,/home/tariq/Desktop/Awais-Tariq/base-KD/reports/cifar10_full_audit/vit_scratch/failure_images/02903_true-bird_pred-airplane.png,false_negative_for_bird;false_positive_for_airplane
2912,cifar10_test_02912,/home/tariq/Desktop/Awais-Tariq/base-KD/data/cifar-10-batches-py/test_batch,2912,bird,deer,0.9999845027923584,False,True,/home/tariq/Desktop/Awais-Tariq/base-KD/reports/cifar10_full_audit/vit_scratch/failure_images/02912_true-bird_pred-deer.png,false_negative_for_bird;false_positive_for_deer
2920,cifar10_test_02920,/home/tariq/Desktop/Awais-Tariq/base-KD/data/cifar-10-batches-py/test_batch,2920,bird,dog,0.7566430568695068,False,True,/home/tariq/Desktop/Awais-Tariq/base-KD/reports/cifar10_full_audit/vit_scratch/failure_images/02920_true-bird_pred-dog.png,false_negative_for_bird;false_positive_for_dog
2923,cifar10_test_02923,/home/tariq/Desktop/Awais-Tariq/base-KD/data/cifar-10-batches-py/test_batch,2923,cat,dog,0.9884010553359985,False,True,/home/tariq/Desktop/Awais-Tariq/base-KD/reports/cifar10_full_audit/vit_scratch/failure_images/02923_true-cat_pred-dog.png,false_negative_for_cat;false_positive_for_dog
2930,cifar10_test_02930,/home/tariq/Desktop/Awais-Tariq/base-KD/data/cifar-10-batches-py/test_batch,2930,horse,dog,0.9987427592277527,False,True,/home/tariq/Desktop/Awais-Tariq/base-KD/reports/cifar10_full_audit/vit_scratch/failure_images/02930_true-horse_pred-dog.png,false_negative_for_horse;false_positive_for_dog
2940,cifar10_test_02940,/home/tariq/Desktop/Awais-Tariq/base-KD/data/cifar-10-batches-py/test_batch,2940,cat,airplane,0.9832732677459717,False,True,/home/tariq/Desktop/Awais-Tariq/base-KD/reports/cifar10_full_audit/vit_scratch/failure_images/02940_true-cat_pred-airplane.png,false_negative_for_cat;false_positive_for_airplane
2948,cifar10_test_02948,/home/tariq/Desktop/Awais-Tariq/base-KD/data/cifar-10-batches-py/test_batch,2948,dog,deer,0.38269662857055664,False,False,/home/tariq/Desktop/Awais-Tariq/base-KD/reports/cifar10_full_audit/vit_scratch/failure_images/02948_true-dog_pred-deer.png,false_negative_for_dog;false_positive_for_deer
2955,cifar10_test_02955,/home/tariq/Desktop/Awais-Tariq/base-KD/data/cifar-10-batches-py/test_batch,2955,bird,airplane,0.3970813453197479,False,True,/home/tariq/Desktop/Awais-Tariq/base-KD/reports/cifar10_full_audit/vit_scratch/failure_images/02955_true-bird_pred-airplane.png,false_negative_for_bird;false_positive_for_airplane
2958,cifar10_test_02958,/home/tariq/Desktop/Awais-Tariq/base-KD/data/cifar-10-batches-py/test_batch,2958,airplane,ship,0.9124230146408081,False,True,/home/tariq/Desktop/Awais-Tariq/base-KD/reports/cifar10_full_audit/vit_scratch/failure_images/02958_true-airplane_pred-ship.png,false_negative_for_airplane;false_positive_for_ship
2959,cifar10_test_02959,/home/tariq/Desktop/Awais-Tariq/base-KD/data/cifar-10-batches-py/test_batch,2959,horse,airplane,0.994666337966919,False,True,/home/tariq/Desktop/Awais-Tariq/base-KD/reports/cifar10_full_audit/vit_scratch/failure_images/02959_true-horse_pred-airplane.png,false_negative_for_horse;false_positive_for_airplane
2963,cifar10_test_02963,/home/tariq/Desktop/Awais-Tariq/base-KD/data/cifar-10-batches-py/test_batch,2963,cat,dog,0.6326537728309631,False,True,/home/tariq/Desktop/Awais-Tariq/base-KD/reports/cifar10_full_audit/vit_scratch/failure_images/02963_true-cat_pred-dog.png,false_negative_for_cat;false_positive_for_dog
2975,cifar10_test_02975,/home/tariq/Desktop/Awais-Tariq/base-KD/data/cifar-10-batches-py/test_batch,2975,truck,horse,0.9308897852897644,False,True,/home/tariq/Desktop/Awais-Tariq/base-KD/reports/cifar10_full_audit/vit_scratch/failure_images/02975_true-truck_pred-horse.png,false_negative_for_truck;false_positive_for_horse
2976,cifar10_test_02976,/home/tariq/Desktop/Awais-Tariq/base-KD/data/cifar-10-batches-py/test_batch,2976,airplane,automobile,0.5840297341346741,False,True,/home/tariq/Desktop/Awais-Tariq/base-KD/reports/cifar10_full_audit/vit_scratch/failure_images/02976_true-airplane_pred-automobile.png,false_negative_for_airplane;false_positive_for_automobile
2977,cifar10_test_02977,/home/tariq/Desktop/Awais-Tariq/base-KD/data/cifar-10-batches-py/test_batch,2977,bird,horse,0.9866112470626831,False,True,/home/tariq/Desktop/Awais-Tariq/base-KD/reports/cifar10_full_audit/vit_scratch/failure_images/02977_true-bird_pred-horse.png,false_negative_for_bird;false_positive_for_horse
2981,cifar10_test_02981,/home/tariq/Desktop/Awais-Tariq/base-KD/data/cifar-10-batches-py/test_batch,2981,deer,bird,0.8760703206062317,False,True,/home/tariq/Desktop/Awais-Tariq/base-KD/reports/cifar10_full_audit/vit_scratch/failure_images/02981_true-deer_pred-bird.png,false_negative_for_deer;false_positive_for_bird
2985,cifar10_test_02985,/home/tariq/Desktop/Awais-Tariq/base-KD/data/cifar-10-batches-py/test_batch,2985,bird,truck,0.9012355804443359,False,True,/home/tariq/Desktop/Awais-Tariq/base-KD/reports/cifar10_full_audit/vit_scratch/failure_images/02985_true-bird_pred-truck.png,false_negative_for_bird;false_positive_for_truck
2986,cifar10_test_02986,/home/tariq/Desktop/Awais-Tariq/base-KD/data/cifar-10-batches-py/test_batch,2986,automobile,ship,0.6524473428726196,False,True,/home/tariq/Desktop/Awais-Tariq/base-KD/reports/cifar10_full_audit/vit_scratch/failure_images/02986_true-automobile_pred-ship.png,false_negative_for_automobile;false_positive_for_ship
2987,cifar10_test_02987,/home/tariq/Desktop/Awais-Tariq/base-KD/data/cifar-10-batches-py/test_batch,2987,automobile,truck,0.6730176210403442,False,True,/home/tariq/Desktop/Awais-Tariq/base-KD/reports/cifar10_full_audit/vit_scratch/failure_images/02987_true-automobile_pred-truck.png,false_negative_for_automobile;false_positive_for_truck
2997,cifar10_test_02997,/home/tariq/Desktop/Awais-Tariq/base-KD/data/cifar-10-batches-py/test_batch,2997,bird,cat,0.6387229561805725,False,True,/home/tariq/Desktop/Awais-Tariq/base-KD/reports/cifar10_full_audit/vit_scratch/failure_images/02997_true-bird_pred-cat.png,false_negative_for_bird;false_positive_for_cat
3003,cifar10_test_03003,/home/tariq/Desktop/Awais-Tariq/base-KD/data/cifar-10-batches-py/test_batch,3003,bird,ship,0.6415190696716309,False,True,/home/tariq/Desktop/Awais-Tariq/base-KD/reports/cifar10_full_audit/vit_scratch/failure_images/03003_true-bird_pred-ship.png,false_negative_for_bird;false_positive_for_ship
3005,cifar10_test_03005,/home/tariq/Desktop/Awais-Tariq/base-KD/data/cifar-10-batches-py/test_batch,3005,airplane,horse,0.9398313760757446,False,True,/home/tariq/Desktop/Awais-Tariq/base-KD/reports/cifar10_full_audit/vit_scratch/failure_images/03005_true-airplane_pred-horse.png,false_negative_for_airplane;false_positive_for_horse
3019,cifar10_test_03019,/home/tariq/Desktop/Awais-Tariq/base-KD/data/cifar-10-batches-py/test_batch,3019,dog,cat,0.8138901591300964,False,True,/home/tariq/Desktop/Awais-Tariq/base-KD/reports/cifar10_full_audit/vit_scratch/failure_images/03019_true-dog_pred-cat.png,false_negative_for_dog;false_positive_for_cat
3023,cifar10_test_03023,/home/tariq/Desktop/Awais-Tariq/base-KD/data/cifar-10-batches-py/test_batch,3023,cat,horse,0.604807436466217,False,True,/home/tariq/Desktop/Awais-Tariq/base-KD/reports/cifar10_full_audit/vit_scratch/failure_images/03023_true-cat_pred-horse.png,false_negative_for_cat;false_positive_for_horse
3026,cifar10_test_03026,/home/tariq/Desktop/Awais-Tariq/base-KD/data/cifar-10-batches-py/test_batch,3026,dog,horse,0.9945957064628601,False,True,/home/tariq/Desktop/Awais-Tariq/base-KD/reports/cifar10_full_audit/vit_scratch/failure_images/03026_true-dog_pred-horse.png,false_negative_for_dog;false_positive_for_horse
3032,cifar10_test_03032,/home/tariq/Desktop/Awais-Tariq/base-KD/data/cifar-10-batches-py/test_batch,3032,bird,frog,0.9857775568962097,False,True,/home/tariq/Desktop/Awais-Tariq/base-KD/reports/cifar10_full_audit/vit_scratch/failure_images/03032_true-bird_pred-frog.png,false_negative_for_bird;false_positive_for_frog
3042,cifar10_test_03042,/home/tariq/Desktop/Awais-Tariq/base-KD/data/cifar-10-batches-py/test_batch,3042,ship,cat,0.9000450372695923,False,True,/home/tariq/Desktop/Awais-Tariq/base-KD/reports/cifar10_full_audit/vit_scratch/failure_images/03042_true-ship_pred-cat.png,false_negative_for_ship;false_positive_for_cat
3049,cifar10_test_03049,/home/tariq/Desktop/Awais-Tariq/base-KD/data/cifar-10-batches-py/test_batch,3049,cat,dog,0.7493175864219666,False,True,/home/tariq/Desktop/Awais-Tariq/base-KD/reports/cifar10_full_audit/vit_scratch/failure_images/03049_true-cat_pred-dog.png,false_negative_for_cat;false_positive_for_dog
3051,cifar10_test_03051,/home/tariq/Desktop/Awais-Tariq/base-KD/data/cifar-10-batches-py/test_batch,3051,ship,bird,0.9241602420806885,False,True,/home/tariq/Desktop/Awais-Tariq/base-KD/reports/cifar10_full_audit/vit_scratch/failure_images/03051_true-ship_pred-bird.png,false_negative_for_ship;false_positive_for_bird
3052,cifar10_test_03052,/home/tariq/Desktop/Awais-Tariq/base-KD/data/cifar-10-batches-py/test_batch,3052,cat,bird,0.9804984927177429,False,True,/home/tariq/Desktop/Awais-Tariq/base-KD/reports/cifar10_full_audit/vit_scratch/failure_images/03052_true-cat_pred-bird.png,false_negative_for_cat;false_positive_for_bird
3056,cifar10_test_03056,/home/tariq/Desktop/Awais-Tariq/base-KD/data/cifar-10-batches-py/test_batch,3056,deer,dog,0.5112265944480896,False,True,/home/tariq/Desktop/Awais-Tariq/base-KD/reports/cifar10_full_audit/vit_scratch/failure_images/03056_true-deer_pred-dog.png,false_negative_for_deer;false_positive_for_dog
3059,cifar10_test_03059,/home/tariq/Desktop/Awais-Tariq/base-KD/data/cifar-10-batches-py/test_batch,3059,dog,bird,0.9997833371162415,False,True,/home/tariq/Desktop/Awais-Tariq/base-KD/reports/cifar10_full_audit/vit_scratch/failure_images/03059_true-dog_pred-bird.png,false_negative_for_dog;false_positive_for_bird
3063,cifar10_test_03063,/home/tariq/Desktop/Awais-Tariq/base-KD/data/cifar-10-batches-py/test_batch,3063,airplane,bird,0.9944402575492859,False,True,/home/tariq/Desktop/Awais-Tariq/base-KD/reports/cifar10_full_audit/vit_scratch/failure_images/03063_true-airplane_pred-bird.png,false_negative_for_airplane;false_positive_for_bird
3067,cifar10_test_03067,/home/tariq/Desktop/Awais-Tariq/base-KD/data/cifar-10-batches-py/test_batch,3067,cat,deer,0.9956455826759338,False,True,/home/tariq/Desktop/Awais-Tariq/base-KD/reports/cifar10_full_audit/vit_scratch/failure_images/03067_true-cat_pred-deer.png,false_negative_for_cat;false_positive_for_deer
3071,cifar10_test_03071,/home/tariq/Desktop/Awais-Tariq/base-KD/data/cifar-10-batches-py/test_batch,3071,horse,bird,0.6821760535240173,False,True,/home/tariq/Desktop/Awais-Tariq/base-KD/reports/cifar10_full_audit/vit_scratch/failure_images/03071_true-horse_pred-bird.png,false_negative_for_horse;false_positive_for_bird
3072,cifar10_test_03072,/home/tariq/Desktop/Awais-Tariq/base-KD/data/cifar-10-batches-py/test_batch,3072,ship,automobile,0.7251635193824768,False,True,/home/tariq/Desktop/Awais-Tariq/base-KD/reports/cifar10_full_audit/vit_scratch/failure_images/03072_true-ship_pred-automobile.png,false_negative_for_ship;false_positive_for_automobile
3083,cifar10_test_03083,/home/tariq/Desktop/Awais-Tariq/base-KD/data/cifar-10-batches-py/test_batch,3083,dog,cat,0.9236881732940674,False,True,/home/tariq/Desktop/Awais-Tariq/base-KD/reports/cifar10_full_audit/vit_scratch/failure_images/03083_true-dog_pred-cat.png,false_negative_for_dog;false_positive_for_cat
3095,cifar10_test_03095,/home/tariq/Desktop/Awais-Tariq/base-KD/data/cifar-10-batches-py/test_batch,3095,deer,bird,0.9979495406150818,False,True,/home/tariq/Desktop/Awais-Tariq/base-KD/reports/cifar10_full_audit/vit_scratch/failure_images/03095_true-deer_pred-bird.png,false_negative_for_deer;false_positive_for_bird
3097,cifar10_test_03097,/home/tariq/Desktop/Awais-Tariq/base-KD/data/cifar-10-batches-py/test_batch,3097,airplane,dog,0.9529377222061157,False,True,/home/tariq/Desktop/Awais-Tariq/base-KD/reports/cifar10_full_audit/vit_scratch/failure_images/03097_true-airplane_pred-dog.png,false_negative_for_airplane;false_positive_for_dog
3102,cifar10_test_03102,/home/tariq/Desktop/Awais-Tariq/base-KD/data/cifar-10-batches-py/test_batch,3102,airplane,truck,0.5638248920440674,False,True,/home/tariq/Desktop/Awais-Tariq/base-KD/reports/cifar10_full_audit/vit_scratch/failure_images/03102_true-airplane_pred-truck.png,false_negative_for_airplane;false_positive_for_truck
3108,cifar10_test_03108,/home/tariq/Desktop/Awais-Tariq/base-KD/data/cifar-10-batches-py/test_batch,3108,ship,deer,0.5499600172042847,False,True,/home/tariq/Desktop/Awais-Tariq/base-KD/reports/cifar10_full_audit/vit_scratch/failure_images/03108_true-ship_pred-deer.png,false_negative_for_ship;false_positive_for_deer
3110,cifar10_test_03110,/home/tariq/Desktop/Awais-Tariq/base-KD/data/cifar-10-batches-py/test_batch,3110,horse,bird,0.9992417097091675,False,False,/home/tariq/Desktop/Awais-Tariq/base-KD/reports/cifar10_full_audit/vit_scratch/failure_images/03110_true-horse_pred-bird.png,false_negative_for_horse;false_positive_for_bird
3114,cifar10_test_03114,/home/tariq/Desktop/Awais-Tariq/base-KD/data/cifar-10-batches-py/test_batch,3114,bird,ship,0.46400341391563416,False,False,/home/tariq/Desktop/Awais-Tariq/base-KD/reports/cifar10_full_audit/vit_scratch/failure_images/03114_true-bird_pred-ship.png,false_negative_for_bird;false_positive_for_ship
3120,cifar10_test_03120,/home/tariq/Desktop/Awais-Tariq/base-KD/data/cifar-10-batches-py/test_batch,3120,deer,bird,0.5777559280395508,False,True,/home/tariq/Desktop/Awais-Tariq/base-KD/reports/cifar10_full_audit/vit_scratch/failure_images/03120_true-deer_pred-bird.png,false_negative_for_deer;false_positive_for_bird
3139,cifar10_test_03139,/home/tariq/Desktop/Awais-Tariq/base-KD/data/cifar-10-batches-py/test_batch,3139,bird,deer,0.5445728302001953,False,True,/home/tariq/Desktop/Awais-Tariq/base-KD/reports/cifar10_full_audit/vit_scratch/failure_images/03139_true-bird_pred-deer.png,false_negative_for_bird;false_positive_for_deer
3158,cifar10_test_03158,/home/tariq/Desktop/Awais-Tariq/base-KD/data/cifar-10-batches-py/test_batch,3158,airplane,ship,0.8626577258110046,False,True,/home/tariq/Desktop/Awais-Tariq/base-KD/reports/cifar10_full_audit/vit_scratch/failure_images/03158_true-airplane_pred-ship.png,false_negative_for_airplane;false_positive_for_ship
3159,cifar10_test_03159,/home/tariq/Desktop/Awais-Tariq/base-KD/data/cifar-10-batches-py/test_batch,3159,bird,horse,0.4807359576225281,False,True,/home/tariq/Desktop/Awais-Tariq/base-KD/reports/cifar10_full_audit/vit_scratch/failure_images/03159_true-bird_pred-horse.png,false_negative_for_bird;false_positive_for_horse
3164,cifar10_test_03164,/home/tariq/Desktop/Awais-Tariq/base-KD/data/cifar-10-batches-py/test_batch,3164,airplane,bird,0.9918527007102966,False,True,/home/tariq/Desktop/Awais-Tariq/base-KD/reports/cifar10_full_audit/vit_scratch/failure_images/03164_true-airplane_pred-bird.png,false_negative_for_airplane;false_positive_for_bird
3171,cifar10_test_03171,/home/tariq/Desktop/Awais-Tariq/base-KD/data/cifar-10-batches-py/test_batch,3171,airplane,truck,0.8464657068252563,False,True,/home/tariq/Desktop/Awais-Tariq/base-KD/reports/cifar10_full_audit/vit_scratch/failure_images/03171_true-airplane_pred-truck.png,false_negative_for_airplane;false_positive_for_truck
3185,cifar10_test_03185,/home/tariq/Desktop/Awais-Tariq/base-KD/data/cifar-10-batches-py/test_batch,3185,bird,frog,0.9973948001861572,False,True,/home/tariq/Desktop/Awais-Tariq/base-KD/reports/cifar10_full_audit/vit_scratch/failure_images/03185_true-bird_pred-frog.png,false_negative_for_bird;false_positive_for_frog
3190,cifar10_test_03190,/home/tariq/Desktop/Awais-Tariq/base-KD/data/cifar-10-batches-py/test_batch,3190,cat,dog,0.8515691161155701,False,True,/home/tariq/Desktop/Awais-Tariq/base-KD/reports/cifar10_full_audit/vit_scratch/failure_images/03190_true-cat_pred-dog.png,false_negative_for_cat;false_positive_for_dog
3191,cifar10_test_03191,/home/tariq/Desktop/Awais-Tariq/base-KD/data/cifar-10-batches-py/test_batch,3191,airplane,bird,0.9875622987747192,False,True,/home/tariq/Desktop/Awais-Tariq/base-KD/reports/cifar10_full_audit/vit_scratch/failure_images/03191_true-airplane_pred-bird.png,false_negative_for_airplane;false_positive_for_bird
3192,cifar10_test_03192,/home/tariq/Desktop/Awais-Tariq/base-KD/data/cifar-10-batches-py/test_batch,3192,dog,deer,0.9983989596366882,False,False,/home/tariq/Desktop/Awais-Tariq/base-KD/reports/cifar10_full_audit/vit_scratch/failure_images/03192_true-dog_pred-deer.png,false_negative_for_dog;false_positive_for_deer
3195,cifar10_test_03195,/home/tariq/Desktop/Awais-Tariq/base-KD/data/cifar-10-batches-py/test_batch,3195,dog,cat,0.9172818660736084,False,True,/home/tariq/Desktop/Awais-Tariq/base-KD/reports/cifar10_full_audit/vit_scratch/failure_images/03195_true-dog_pred-cat.png,false_negative_for_dog;false_positive_for_cat
3202,cifar10_test_03202,/home/tariq/Desktop/Awais-Tariq/base-KD/data/cifar-10-batches-py/test_batch,3202,dog,cat,0.9209945201873779,False,True,/home/tariq/Desktop/Awais-Tariq/base-KD/reports/cifar10_full_audit/vit_scratch/failure_images/03202_true-dog_pred-cat.png,false_negative_for_dog;false_positive_for_cat
3206,cifar10_test_03206,/home/tariq/Desktop/Awais-Tariq/base-KD/data/cifar-10-batches-py/test_batch,3206,ship,airplane,0.9992276430130005,False,True,/home/tariq/Desktop/Awais-Tariq/base-KD/reports/cifar10_full_audit/vit_scratch/failure_images/03206_true-ship_pred-airplane.png,false_negative_for_ship;false_positive_for_airplane
3207,cifar10_test_03207,/home/tariq/Desktop/Awais-Tariq/base-KD/data/cifar-10-batches-py/test_batch,3207,airplane,cat,0.9922167062759399,False,True,/home/tariq/Desktop/Awais-Tariq/base-KD/reports/cifar10_full_audit/vit_scratch/failure_images/03207_true-airplane_pred-cat.png,false_negative_for_airplane;false_positive_for_cat
3209,cifar10_test_03209,/home/tariq/Desktop/Awais-Tariq/base-KD/data/cifar-10-batches-py/test_batch,3209,horse,cat,0.6545026302337646,False,True,/home/tariq/Desktop/Awais-Tariq/base-KD/reports/cifar10_full_audit/vit_scratch/failure_images/03209_true-horse_pred-cat.png,false_negative_for_horse;false_positive_for_cat
3211,cifar10_test_03211,/home/tariq/Desktop/Awais-Tariq/base-KD/data/cifar-10-batches-py/test_batch,3211,airplane,automobile,0.9971509575843811,False,True,/home/tariq/Desktop/Awais-Tariq/base-KD/reports/cifar10_full_audit/vit_scratch/failure_images/03211_true-airplane_pred-automobile.png,false_negative_for_airplane;false_positive_for_automobile
3216,cifar10_test_03216,/home/tariq/Desktop/Awais-Tariq/base-KD/data/cifar-10-batches-py/test_batch,3216,deer,horse,0.9987882971763611,False,True,/home/tariq/Desktop/Awais-Tariq/base-KD/reports/cifar10_full_audit/vit_scratch/failure_images/03216_true-deer_pred-horse.png,false_negative_for_deer;false_positive_for_horse
3218,cifar10_test_03218,/home/tariq/Desktop/Awais-Tariq/base-KD/data/cifar-10-batches-py/test_batch,3218,truck,cat,0.40605345368385315,False,True,/home/tariq/Desktop/Awais-Tariq/base-KD/reports/cifar10_full_audit/vit_scratch/failure_images/03218_true-truck_pred-cat.png,false_negative_for_truck;false_positive_for_cat
3220,cifar10_test_03220,/home/tariq/Desktop/Awais-Tariq/base-KD/data/cifar-10-batches-py/test_batch,3220,cat,truck,0.9657464623451233,False,True,/home/tariq/Desktop/Awais-Tariq/base-KD/reports/cifar10_full_audit/vit_scratch/failure_images/03220_true-cat_pred-truck.png,false_negative_for_cat;false_positive_for_truck
3226,cifar10_test_03226,/home/tariq/Desktop/Awais-Tariq/base-KD/data/cifar-10-batches-py/test_batch,3226,ship,airplane,0.7129550576210022,False,True,/home/tariq/Desktop/Awais-Tariq/base-KD/reports/cifar10_full_audit/vit_scratch/failure_images/03226_true-ship_pred-airplane.png,false_negative_for_ship;false_positive_for_airplane
3229,cifar10_test_03229,/home/tariq/Desktop/Awais-Tariq/base-KD/data/cifar-10-batches-py/test_batch,3229,truck,automobile,0.9392257928848267,False,True,/home/tariq/Desktop/Awais-Tariq/base-KD/reports/cifar10_full_audit/vit_scratch/failure_images/03229_true-truck_pred-automobile.png,false_negative_for_truck;false_positive_for_automobile
3230,cifar10_test_03230,/home/tariq/Desktop/Awais-Tariq/base-KD/data/cifar-10-batches-py/test_batch,3230,cat,dog,0.9988105297088623,False,True,/home/tariq/Desktop/Awais-Tariq/base-KD/reports/cifar10_full_audit/vit_scratch/failure_images/03230_true-cat_pred-dog.png,false_negative_for_cat;false_positive_for_dog
3237,cifar10_test_03237,/home/tariq/Desktop/Awais-Tariq/base-KD/data/cifar-10-batches-py/test_batch,3237,truck,automobile,0.9989515542984009,False,True,/home/tariq/Desktop/Awais-Tariq/base-KD/reports/cifar10_full_audit/vit_scratch/failure_images/03237_true-truck_pred-automobile.png,false_negative_for_truck;false_positive_for_automobile
3240,cifar10_test_03240,/home/tariq/Desktop/Awais-Tariq/base-KD/data/cifar-10-batches-py/test_batch,3240,deer,bird,0.6007502675056458,False,True,/home/tariq/Desktop/Awais-Tariq/base-KD/reports/cifar10_full_audit/vit_scratch/failure_images/03240_true-deer_pred-bird.png,false_negative_for_deer;false_positive_for_bird
3253,cifar10_test_03253,/home/tariq/Desktop/Awais-Tariq/base-KD/data/cifar-10-batches-py/test_batch,3253,truck,automobile,0.8387631773948669,False,True,/home/tariq/Desktop/Awais-Tariq/base-KD/reports/cifar10_full_audit/vit_scratch/failure_images/03253_true-truck_pred-automobile.png,false_negative_for_truck;false_positive_for_automobile
3258,cifar10_test_03258,/home/tariq/Desktop/Awais-Tariq/base-KD/data/cifar-10-batches-py/test_batch,3258,airplane,cat,0.9446753263473511,False,True,/home/tariq/Desktop/Awais-Tariq/base-KD/reports/cifar10_full_audit/vit_scratch/failure_images/03258_true-airplane_pred-cat.png,false_negative_for_airplane;false_positive_for_cat
3264,cifar10_test_03264,/home/tariq/Desktop/Awais-Tariq/base-KD/data/cifar-10-batches-py/test_batch,3264,dog,deer,0.5694414973258972,False,True,/home/tariq/Desktop/Awais-Tariq/base-KD/reports/cifar10_full_audit/vit_scratch/failure_images/03264_true-dog_pred-deer.png,false_negative_for_dog;false_positive_for_deer
3283,cifar10_test_03283,/home/tariq/Desktop/Awais-Tariq/base-KD/data/cifar-10-batches-py/test_batch,3283,horse,dog,0.9878191947937012,False,True,/home/tariq/Desktop/Awais-Tariq/base-KD/reports/cifar10_full_audit/vit_scratch/failure_images/03283_true-horse_pred-dog.png,false_negative_for_horse;false_positive_for_dog
3290,cifar10_test_03290,/home/tariq/Desktop/Awais-Tariq/base-KD/data/cifar-10-batches-py/test_batch,3290,dog,bird,0.6829187870025635,False,True,/home/tariq/Desktop/Awais-Tariq/base-KD/reports/cifar10_full_audit/vit_scratch/failure_images/03290_true-dog_pred-bird.png,false_negative_for_dog;false_positive_for_bird
3297,cifar10_test_03297,/home/tariq/Desktop/Awais-Tariq/base-KD/data/cifar-10-batches-py/test_batch,3297,deer,frog,0.7448513507843018,False,True,/home/tariq/Desktop/Awais-Tariq/base-KD/reports/cifar10_full_audit/vit_scratch/failure_images/03297_true-deer_pred-frog.png,false_negative_for_deer;false_positive_for_frog
3301,cifar10_test_03301,/home/tariq/Desktop/Awais-Tariq/base-KD/data/cifar-10-batches-py/test_batch,3301,ship,airplane,0.9005107283592224,False,True,/home/tariq/Desktop/Awais-Tariq/base-KD/reports/cifar10_full_audit/vit_scratch/failure_images/03301_true-ship_pred-airplane.png,false_negative_for_ship;false_positive_for_airplane
3306,cifar10_test_03306,/home/tariq/Desktop/Awais-Tariq/base-KD/data/cifar-10-batches-py/test_batch,3306,dog,horse,0.9170585870742798,False,True,/home/tariq/Desktop/Awais-Tariq/base-KD/reports/cifar10_full_audit/vit_scratch/failure_images/03306_true-dog_pred-horse.png,false_negative_for_dog;false_positive_for_horse
3309,cifar10_test_03309,/home/tariq/Desktop/Awais-Tariq/base-KD/data/cifar-10-batches-py/test_batch,3309,deer,horse,0.9990528225898743,False,True,/home/tariq/Desktop/Awais-Tariq/base-KD/reports/cifar10_full_audit/vit_scratch/failure_images/03309_true-deer_pred-horse.png,false_negative_for_deer;false_positive_for_horse
3311,cifar10_test_03311,/home/tariq/Desktop/Awais-Tariq/base-KD/data/cifar-10-batches-py/test_batch,3311,horse,dog,0.8322855830192566,False,True,/home/tariq/Desktop/Awais-Tariq/base-KD/reports/cifar10_full_audit/vit_scratch/failure_images/03311_true-horse_pred-dog.png,false_negative_for_horse;false_positive_for_dog
3314,cifar10_test_03314,/home/tariq/Desktop/Awais-Tariq/base-KD/data/cifar-10-batches-py/test_batch,3314,truck,automobile,0.9835230708122253,False,True,/home/tariq/Desktop/Awais-Tariq/base-KD/reports/cifar10_full_audit/vit_scratch/failure_images/03314_true-truck_pred-automobile.png,false_negative_for_truck;false_positive_for_automobile
3319,cifar10_test_03319,/home/tariq/Desktop/Awais-Tariq/base-KD/data/cifar-10-batches-py/test_batch,3319,bird,airplane,0.9809442162513733,False,True,/home/tariq/Desktop/Awais-Tariq/base-KD/reports/cifar10_full_audit/vit_scratch/failure_images/03319_true-bird_pred-airplane.png,false_negative_for_bird;false_positive_for_airplane
3324,cifar10_test_03324,/home/tariq/Desktop/Awais-Tariq/base-KD/data/cifar-10-batches-py/test_batch,3324,cat,frog,0.6687791347503662,False,True,/home/tariq/Desktop/Awais-Tariq/base-KD/reports/cifar10_full_audit/vit_scratch/failure_images/03324_true-cat_pred-frog.png,false_negative_for_cat;false_positive_for_frog
3325,cifar10_test_03325,/home/tariq/Desktop/Awais-Tariq/base-KD/data/cifar-10-batches-py/test_batch,3325,frog,cat,0.9448764324188232,False,True,/home/tariq/Desktop/Awais-Tariq/base-KD/reports/cifar10_full_audit/vit_scratch/failure_images/03325_true-frog_pred-cat.png,false_negative_for_frog;false_positive_for_cat
3334,cifar10_test_03334,/home/tariq/Desktop/Awais-Tariq/base-KD/data/cifar-10-batches-py/test_batch,3334,dog,cat,0.9233314990997314,False,True,/home/tariq/Desktop/Awais-Tariq/base-KD/reports/cifar10_full_audit/vit_scratch/failure_images/03334_true-dog_pred-cat.png,false_negative_for_dog;false_positive_for_cat
3336,cifar10_test_03336,/home/tariq/Desktop/Awais-Tariq/base-KD/data/cifar-10-batches-py/test_batch,3336,airplane,truck,0.9893504977226257,False,True,/home/tariq/Desktop/Awais-Tariq/base-KD/reports/cifar10_full_audit/vit_scratch/failure_images/03336_true-airplane_pred-truck.png,false_negative_for_airplane;false_positive_for_truck
3338,cifar10_test_03338,/home/tariq/Desktop/Awais-Tariq/base-KD/data/cifar-10-batches-py/test_batch,3338,airplane,truck,0.5805530548095703,False,True,/home/tariq/Desktop/Awais-Tariq/base-KD/reports/cifar10_full_audit/vit_scratch/failure_images/03338_true-airplane_pred-truck.png,false_negative_for_airplane;false_positive_for_truck
3339,cifar10_test_03339,/home/tariq/Desktop/Awais-Tariq/base-KD/data/cifar-10-batches-py/test_batch,3339,truck,dog,0.9692304134368896,False,True,/home/tariq/Desktop/Awais-Tariq/base-KD/reports/cifar10_full_audit/vit_scratch/failure_images/03339_true-truck_pred-dog.png,false_negative_for_truck;false_positive_for_dog
3342,cifar10_test_03342,/home/tariq/Desktop/Awais-Tariq/base-KD/data/cifar-10-batches-py/test_batch,3342,airplane,ship,0.5069988965988159,False,True,/home/tariq/Desktop/Awais-Tariq/base-KD/reports/cifar10_full_audit/vit_scratch/failure_images/03342_true-airplane_pred-ship.png,false_negative_for_airplane;false_positive_for_ship
3343,cifar10_test_03343,/home/tariq/Desktop/Awais-Tariq/base-KD/data/cifar-10-batches-py/test_batch,3343,cat,dog,0.9987949132919312,False,False,/home/tariq/Desktop/Awais-Tariq/base-KD/reports/cifar10_full_audit/vit_scratch/failure_images/03343_true-cat_pred-dog.png,false_negative_for_cat;false_positive_for_dog
3346,cifar10_test_03346,/home/tariq/Desktop/Awais-Tariq/base-KD/data/cifar-10-batches-py/test_batch,3346,deer,bird,0.3306123912334442,False,True,/home/tariq/Desktop/Awais-Tariq/base-KD/reports/cifar10_full_audit/vit_scratch/failure_images/03346_true-deer_pred-bird.png,false_negative_for_deer;false_positive_for_bird
3354,cifar10_test_03354,/home/tariq/Desktop/Awais-Tariq/base-KD/data/cifar-10-batches-py/test_batch,3354,cat,dog,0.9575104117393494,False,True,/home/tariq/Desktop/Awais-Tariq/base-KD/reports/cifar10_full_audit/vit_scratch/failure_images/03354_true-cat_pred-dog.png,false_negative_for_cat;false_positive_for_dog
3355,cifar10_test_03355,/home/tariq/Desktop/Awais-Tariq/base-KD/data/cifar-10-batches-py/test_batch,3355,dog,cat,0.5350213050842285,False,True,/home/tariq/Desktop/Awais-Tariq/base-KD/reports/cifar10_full_audit/vit_scratch/failure_images/03355_true-dog_pred-cat.png,false_negative_for_dog;false_positive_for_cat
3356,cifar10_test_03356,/home/tariq/Desktop/Awais-Tariq/base-KD/data/cifar-10-batches-py/test_batch,3356,deer,bird,0.9995937943458557,False,False,/home/tariq/Desktop/Awais-Tariq/base-KD/reports/cifar10_full_audit/vit_scratch/failure_images/03356_true-deer_pred-bird.png,false_negative_for_deer;false_positive_for_bird
3357,cifar10_test_03357,/home/tariq/Desktop/Awais-Tariq/base-KD/data/cifar-10-batches-py/test_batch,3357,ship,bird,0.9543940424919128,False,True,/home/tariq/Desktop/Awais-Tariq/base-KD/reports/cifar10_full_audit/vit_scratch/failure_images/03357_true-ship_pred-bird.png,false_negative_for_ship;false_positive_for_bird
3359,cifar10_test_03359,/home/tariq/Desktop/Awais-Tariq/base-KD/data/cifar-10-batches-py/test_batch,3359,horse,airplane,0.7811928987503052,False,True,/home/tariq/Desktop/Awais-Tariq/base-KD/reports/cifar10_full_audit/vit_scratch/failure_images/03359_true-horse_pred-airplane.png,false_negative_for_horse;false_positive_for_airplane
3360,cifar10_test_03360,/home/tariq/Desktop/Awais-Tariq/base-KD/data/cifar-10-batches-py/test_batch,3360,deer,cat,0.9761841297149658,False,True,/home/tariq/Desktop/Awais-Tariq/base-KD/reports/cifar10_full_audit/vit_scratch/failure_images/03360_true-deer_pred-cat.png,false_negative_for_deer;false_positive_for_cat
3363,cifar10_test_03363,/home/tariq/Desktop/Awais-Tariq/base-KD/data/cifar-10-batches-py/test_batch,3363,bird,deer,0.9877298474311829,False,True,/home/tariq/Desktop/Awais-Tariq/base-KD/reports/cifar10_full_audit/vit_scratch/failure_images/03363_true-bird_pred-deer.png,false_negative_for_bird;false_positive_for_deer
3373,cifar10_test_03373,/home/tariq/Desktop/Awais-Tariq/base-KD/data/cifar-10-batches-py/test_batch,3373,frog,bird,0.7232691645622253,False,True,/home/tariq/Desktop/Awais-Tariq/base-KD/reports/cifar10_full_audit/vit_scratch/failure_images/03373_true-frog_pred-bird.png,false_negative_for_frog;false_positive_for_bird
3382,cifar10_test_03382,/home/tariq/Desktop/Awais-Tariq/base-KD/data/cifar-10-batches-py/test_batch,3382,bird,deer,0.9973621964454651,False,True,/home/tariq/Desktop/Awais-Tariq/base-KD/reports/cifar10_full_audit/vit_scratch/failure_images/03382_true-bird_pred-deer.png,false_negative_for_bird;false_positive_for_deer
3392,cifar10_test_03392,/home/tariq/Desktop/Awais-Tariq/base-KD/data/cifar-10-batches-py/test_batch,3392,automobile,truck,0.6008610725402832,False,True,/home/tariq/Desktop/Awais-Tariq/base-KD/reports/cifar10_full_audit/vit_scratch/failure_images/03392_true-automobile_pred-truck.png,false_negative_for_automobile;false_positive_for_truck
3408,cifar10_test_03408,/home/tariq/Desktop/Awais-Tariq/base-KD/data/cifar-10-batches-py/test_batch,3408,bird,deer,0.6921988725662231,False,True,/home/tariq/Desktop/Awais-Tariq/base-KD/reports/cifar10_full_audit/vit_scratch/failure_images/03408_true-bird_pred-deer.png,false_negative_for_bird;false_positive_for_deer
3412,cifar10_test_03412,/home/tariq/Desktop/Awais-Tariq/base-KD/data/cifar-10-batches-py/test_batch,3412,airplane,bird,0.9863663911819458,False,True,/home/tariq/Desktop/Awais-Tariq/base-KD/reports/cifar10_full_audit/vit_scratch/failure_images/03412_true-airplane_pred-bird.png,false_negative_for_airplane;false_positive_for_bird
3416,cifar10_test_03416,/home/tariq/Desktop/Awais-Tariq/base-KD/data/cifar-10-batches-py/test_batch,3416,horse,bird,0.5998769402503967,False,False,/home/tariq/Desktop/Awais-Tariq/base-KD/reports/cifar10_full_audit/vit_scratch/failure_images/03416_true-horse_pred-bird.png,false_negative_for_horse;false_positive_for_bird
3422,cifar10_test_03422,/home/tariq/Desktop/Awais-Tariq/base-KD/data/cifar-10-batches-py/test_batch,3422,bird,frog,0.8196947574615479,False,True,/home/tariq/Desktop/Awais-Tariq/base-KD/reports/cifar10_full_audit/vit_scratch/failure_images/03422_true-bird_pred-frog.png,false_negative_for_bird;false_positive_for_frog
3427,cifar10_test_03427,/home/tariq/Desktop/Awais-Tariq/base-KD/data/cifar-10-batches-py/test_batch,3427,frog,cat,0.7083349227905273,False,True,/home/tariq/Desktop/Awais-Tariq/base-KD/reports/cifar10_full_audit/vit_scratch/failure_images/03427_true-frog_pred-cat.png,false_negative_for_frog;false_positive_for_cat
3439,cifar10_test_03439,/home/tariq/Desktop/Awais-Tariq/base-KD/data/cifar-10-batches-py/test_batch,3439,deer,horse,0.9964663982391357,False,True,/home/tariq/Desktop/Awais-Tariq/base-KD/reports/cifar10_full_audit/vit_scratch/failure_images/03439_true-deer_pred-horse.png,false_negative_for_deer;false_positive_for_horse
3443,cifar10_test_03443,/home/tariq/Desktop/Awais-Tariq/base-KD/data/cifar-10-batches-py/test_batch,3443,deer,bird,0.9996192455291748,False,True,/home/tariq/Desktop/Awais-Tariq/base-KD/reports/cifar10_full_audit/vit_scratch/failure_images/03443_true-deer_pred-bird.png,false_negative_for_deer;false_positive_for_bird
3444,cifar10_test_03444,/home/tariq/Desktop/Awais-Tariq/base-KD/data/cifar-10-batches-py/test_batch,3444,airplane,bird,0.9738658666610718,False,True,/home/tariq/Desktop/Awais-Tariq/base-KD/reports/cifar10_full_audit/vit_scratch/failure_images/03444_true-airplane_pred-bird.png,false_negative_for_airplane;false_positive_for_bird
3446,cifar10_test_03446,/home/tariq/Desktop/Awais-Tariq/base-KD/data/cifar-10-batches-py/test_batch,3446,frog,cat,0.9861876964569092,False,True,/home/tariq/Desktop/Awais-Tariq/base-KD/reports/cifar10_full_audit/vit_scratch/failure_images/03446_true-frog_pred-cat.png,false_negative_for_frog;false_positive_for_cat
3448,cifar10_test_03448,/home/tariq/Desktop/Awais-Tariq/base-KD/data/cifar-10-batches-py/test_batch,3448,frog,cat,0.8780739903450012,False,True,/home/tariq/Desktop/Awais-Tariq/base-KD/reports/cifar10_full_audit/vit_scratch/failure_images/03448_true-frog_pred-cat.png,false_negative_for_frog;false_positive_for_cat
3450,cifar10_test_03450,/home/tariq/Desktop/Awais-Tariq/base-KD/data/cifar-10-batches-py/test_batch,3450,truck,automobile,0.8755778670310974,False,True,/home/tariq/Desktop/Awais-Tariq/base-KD/reports/cifar10_full_audit/vit_scratch/failure_images/03450_true-truck_pred-automobile.png,false_negative_for_truck;false_positive_for_automobile
3455,cifar10_test_03455,/home/tariq/Desktop/Awais-Tariq/base-KD/data/cifar-10-batches-py/test_batch,3455,frog,cat,0.9145858287811279,False,True,/home/tariq/Desktop/Awais-Tariq/base-KD/reports/cifar10_full_audit/vit_scratch/failure_images/03455_true-frog_pred-cat.png,false_negative_for_frog;false_positive_for_cat
3459,cifar10_test_03459,/home/tariq/Desktop/Awais-Tariq/base-KD/data/cifar-10-batches-py/test_batch,3459,truck,automobile,0.9963713884353638,False,True,/home/tariq/Desktop/Awais-Tariq/base-KD/reports/cifar10_full_audit/vit_scratch/failure_images/03459_true-truck_pred-automobile.png,false_negative_for_truck;false_positive_for_automobile
3490,cifar10_test_03490,/home/tariq/Desktop/Awais-Tariq/base-KD/data/cifar-10-batches-py/test_batch,3490,airplane,ship,0.9717232584953308,False,True,/home/tariq/Desktop/Awais-Tariq/base-KD/reports/cifar10_full_audit/vit_scratch/failure_images/03490_true-airplane_pred-ship.png,false_negative_for_airplane;false_positive_for_ship
3494,cifar10_test_03494,/home/tariq/Desktop/Awais-Tariq/base-KD/data/cifar-10-batches-py/test_batch,3494,airplane,cat,0.8931225538253784,False,True,/home/tariq/Desktop/Awais-Tariq/base-KD/reports/cifar10_full_audit/vit_scratch/failure_images/03494_true-airplane_pred-cat.png,false_negative_for_airplane;false_positive_for_cat
3495,cifar10_test_03495,/home/tariq/Desktop/Awais-Tariq/base-KD/data/cifar-10-batches-py/test_batch,3495,bird,frog,0.706091582775116,False,True,/home/tariq/Desktop/Awais-Tariq/base-KD/reports/cifar10_full_audit/vit_scratch/failure_images/03495_true-bird_pred-frog.png,false_negative_for_bird;false_positive_for_frog
3496,cifar10_test_03496,/home/tariq/Desktop/Awais-Tariq/base-KD/data/cifar-10-batches-py/test_batch,3496,dog,airplane,0.81708824634552,False,True,/home/tariq/Desktop/Awais-Tariq/base-KD/reports/cifar10_full_audit/vit_scratch/failure_images/03496_true-dog_pred-airplane.png,false_negative_for_dog;false_positive_for_airplane
3497,cifar10_test_03497,/home/tariq/Desktop/Awais-Tariq/base-KD/data/cifar-10-batches-py/test_batch,3497,airplane,automobile,0.9998138546943665,False,True,/home/tariq/Desktop/Awais-Tariq/base-KD/reports/cifar10_full_audit/vit_scratch/failure_images/03497_true-airplane_pred-automobile.png,false_negative_for_airplane;false_positive_for_automobile
3498,cifar10_test_03498,/home/tariq/Desktop/Awais-Tariq/base-KD/data/cifar-10-batches-py/test_batch,3498,deer,ship,0.5685837864875793,False,False,/home/tariq/Desktop/Awais-Tariq/base-KD/reports/cifar10_full_audit/vit_scratch/failure_images/03498_true-deer_pred-ship.png,false_negative_for_deer;false_positive_for_ship
3501,cifar10_test_03501,/home/tariq/Desktop/Awais-Tariq/base-KD/data/cifar-10-batches-py/test_batch,3501,truck,automobile,0.999441921710968,False,True,/home/tariq/Desktop/Awais-Tariq/base-KD/reports/cifar10_full_audit/vit_scratch/failure_images/03501_true-truck_pred-automobile.png,false_negative_for_truck;false_positive_for_automobile
3509,cifar10_test_03509,/home/tariq/Desktop/Awais-Tariq/base-KD/data/cifar-10-batches-py/test_batch,3509,cat,bird,0.2737525701522827,False,False,/home/tariq/Desktop/Awais-Tariq/base-KD/reports/cifar10_full_audit/vit_scratch/failure_images/03509_true-cat_pred-bird.png,false_negative_for_cat;false_positive_for_bird
3517,cifar10_test_03517,/home/tariq/Desktop/Awais-Tariq/base-KD/data/cifar-10-batches-py/test_batch,3517,automobile,airplane,0.9356838464736938,False,True,/home/tariq/Desktop/Awais-Tariq/base-KD/reports/cifar10_full_audit/vit_scratch/failure_images/03517_true-automobile_pred-airplane.png,false_negative_for_automobile;false_positive_for_airplane
3522,cifar10_test_03522,/home/tariq/Desktop/Awais-Tariq/base-KD/data/cifar-10-batches-py/test_batch,3522,bird,deer,0.9915280342102051,False,True,/home/tariq/Desktop/Awais-Tariq/base-KD/reports/cifar10_full_audit/vit_scratch/failure_images/03522_true-bird_pred-deer.png,false_negative_for_bird;false_positive_for_deer
3525,cifar10_test_03525,/home/tariq/Desktop/Awais-Tariq/base-KD/data/cifar-10-batches-py/test_batch,3525,bird,frog,0.939946711063385,False,True,/home/tariq/Desktop/Awais-Tariq/base-KD/reports/cifar10_full_audit/vit_scratch/failure_images/03525_true-bird_pred-frog.png,false_negative_for_bird;false_positive_for_frog
3534,cifar10_test_03534,/home/tariq/Desktop/Awais-Tariq/base-KD/data/cifar-10-batches-py/test_batch,3534,bird,airplane,0.7205061912536621,False,False,/home/tariq/Desktop/Awais-Tariq/base-KD/reports/cifar10_full_audit/vit_scratch/failure_images/03534_true-bird_pred-airplane.png,false_negative_for_bird;false_positive_for_airplane
3537,cifar10_test_03537,/home/tariq/Desktop/Awais-Tariq/base-KD/data/cifar-10-batches-py/test_batch,3537,ship,airplane,0.8282439708709717,False,True,/home/tariq/Desktop/Awais-Tariq/base-KD/reports/cifar10_full_audit/vit_scratch/failure_images/03537_true-ship_pred-airplane.png,false_negative_for_ship;false_positive_for_airplane
3550,cifar10_test_03550,/home/tariq/Desktop/Awais-Tariq/base-KD/data/cifar-10-batches-py/test_batch,3550,airplane,deer,0.9995332956314087,False,False,/home/tariq/Desktop/Awais-Tariq/base-KD/reports/cifar10_full_audit/vit_scratch/failure_images/03550_true-airplane_pred-deer.png,false_negative_for_airplane;false_positive_for_deer
3557,cifar10_test_03557,/home/tariq/Desktop/Awais-Tariq/base-KD/data/cifar-10-batches-py/test_batch,3557,truck,frog,0.9890576004981995,False,False,/home/tariq/Desktop/Awais-Tariq/base-KD/reports/cifar10_full_audit/vit_scratch/failure_images/03557_true-truck_pred-frog.png,false_negative_for_truck;false_positive_for_frog
3560,cifar10_test_03560,/home/tariq/Desktop/Awais-Tariq/base-KD/data/cifar-10-batches-py/test_batch,3560,automobile,truck,0.9998985528945923,False,True,/home/tariq/Desktop/Awais-Tariq/base-KD/reports/cifar10_full_audit/vit_scratch/failure_images/03560_true-automobile_pred-truck.png,false_negative_for_automobile;false_positive_for_truck
3577,cifar10_test_03577,/home/tariq/Desktop/Awais-Tariq/base-KD/data/cifar-10-batches-py/test_batch,3577,truck,airplane,0.6047457456588745,False,True,/home/tariq/Desktop/Awais-Tariq/base-KD/reports/cifar10_full_audit/vit_scratch/failure_images/03577_true-truck_pred-airplane.png,false_negative_for_truck;false_positive_for_airplane
3596,cifar10_test_03596,/home/tariq/Desktop/Awais-Tariq/base-KD/data/cifar-10-batches-py/test_batch,3596,bird,deer,0.96034175157547,False,True,/home/tariq/Desktop/Awais-Tariq/base-KD/reports/cifar10_full_audit/vit_scratch/failure_images/03596_true-bird_pred-deer.png,false_negative_for_bird;false_positive_for_deer
3600,cifar10_test_03600,/home/tariq/Desktop/Awais-Tariq/base-KD/data/cifar-10-batches-py/test_batch,3600,deer,dog,0.9608442187309265,False,True,/home/tariq/Desktop/Awais-Tariq/base-KD/reports/cifar10_full_audit/vit_scratch/failure_images/03600_true-deer_pred-dog.png,false_negative_for_deer;false_positive_for_dog
3607,cifar10_test_03607,/home/tariq/Desktop/Awais-Tariq/base-KD/data/cifar-10-batches-py/test_batch,3607,cat,dog,0.48785537481307983,False,True,/home/tariq/Desktop/Awais-Tariq/base-KD/reports/cifar10_full_audit/vit_scratch/failure_images/03607_true-cat_pred-dog.png,false_negative_for_cat;false_positive_for_dog
3610,cifar10_test_03610,/home/tariq/Desktop/Awais-Tariq/base-KD/data/cifar-10-batches-py/test_batch,3610,dog,cat,0.9973058700561523,False,True,/home/tariq/Desktop/Awais-Tariq/base-KD/reports/cifar10_full_audit/vit_scratch/failure_images/03610_true-dog_pred-cat.png,false_negative_for_dog;false_positive_for_cat
3624,cifar10_test_03624,/home/tariq/Desktop/Awais-Tariq/base-KD/data/cifar-10-batches-py/test_batch,3624,bird,deer,0.9998294115066528,False,True,/home/tariq/Desktop/Awais-Tariq/base-KD/reports/cifar10_full_audit/vit_scratch/failure_images/03624_true-bird_pred-deer.png,false_negative_for_bird;false_positive_for_deer
3629,cifar10_test_03629,/home/tariq/Desktop/Awais-Tariq/base-KD/data/cifar-10-batches-py/test_batch,3629,automobile,airplane,0.579940676689148,False,True,/home/tariq/Desktop/Awais-Tariq/base-KD/reports/cifar10_full_audit/vit_scratch/failure_images/03629_true-automobile_pred-airplane.png,false_negative_for_automobile;false_positive_for_airplane
3636,cifar10_test_03636,/home/tariq/Desktop/Awais-Tariq/base-KD/data/cifar-10-batches-py/test_batch,3636,deer,frog,0.9734312295913696,False,True,/home/tariq/Desktop/Awais-Tariq/base-KD/reports/cifar10_full_audit/vit_scratch/failure_images/03636_true-deer_pred-frog.png,false_negative_for_deer;false_positive_for_frog
3645,cifar10_test_03645,/home/tariq/Desktop/Awais-Tariq/base-KD/data/cifar-10-batches-py/test_batch,3645,automobile,truck,0.9922283291816711,False,True,/home/tariq/Desktop/Awais-Tariq/base-KD/reports/cifar10_full_audit/vit_scratch/failure_images/03645_true-automobile_pred-truck.png,false_negative_for_automobile;false_positive_for_truck
3646,cifar10_test_03646,/home/tariq/Desktop/Awais-Tariq/base-KD/data/cifar-10-batches-py/test_batch,3646,cat,bird,0.7635562419891357,False,True,/home/tariq/Desktop/Awais-Tariq/base-KD/reports/cifar10_full_audit/vit_scratch/failure_images/03646_true-cat_pred-bird.png,false_negative_for_cat;false_positive_for_bird
3650,cifar10_test_03650,/home/tariq/Desktop/Awais-Tariq/base-KD/data/cifar-10-batches-py/test_batch,3650,airplane,bird,0.6710286140441895,False,True,/home/tariq/Desktop/Awais-Tariq/base-KD/reports/cifar10_full_audit/vit_scratch/failure_images/03650_true-airplane_pred-bird.png,false_negative_for_airplane;false_positive_for_bird
3651,cifar10_test_03651,/home/tariq/Desktop/Awais-Tariq/base-KD/data/cifar-10-batches-py/test_batch,3651,airplane,truck,0.7888148427009583,False,True,/home/tariq/Desktop/Awais-Tariq/base-KD/reports/cifar10_full_audit/vit_scratch/failure_images/03651_true-airplane_pred-truck.png,false_negative_for_airplane;false_positive_for_truck
3654,cifar10_test_03654,/home/tariq/Desktop/Awais-Tariq/base-KD/data/cifar-10-batches-py/test_batch,3654,cat,dog,0.5053504109382629,False,True,/home/tariq/Desktop/Awais-Tariq/base-KD/reports/cifar10_full_audit/vit_scratch/failure_images/03654_true-cat_pred-dog.png,false_negative_for_cat;false_positive_for_dog
3673,cifar10_test_03673,/home/tariq/Desktop/Awais-Tariq/base-KD/data/cifar-10-batches-py/test_batch,3673,bird,airplane,0.933518648147583,False,True,/home/tariq/Desktop/Awais-Tariq/base-KD/reports/cifar10_full_audit/vit_scratch/failure_images/03673_true-bird_pred-airplane.png,false_negative_for_bird;false_positive_for_airplane
3675,cifar10_test_03675,/home/tariq/Desktop/Awais-Tariq/base-KD/data/cifar-10-batches-py/test_batch,3675,deer,cat,0.9857894778251648,False,True,/home/tariq/Desktop/Awais-Tariq/base-KD/reports/cifar10_full_audit/vit_scratch/failure_images/03675_true-deer_pred-cat.png,false_negative_for_deer;false_positive_for_cat
3683,cifar10_test_03683,/home/tariq/Desktop/Awais-Tariq/base-KD/data/cifar-10-batches-py/test_batch,3683,ship,cat,0.9122871160507202,False,True,/home/tariq/Desktop/Awais-Tariq/base-KD/reports/cifar10_full_audit/vit_scratch/failure_images/03683_true-ship_pred-cat.png,false_negative_for_ship;false_positive_for_cat
3696,cifar10_test_03696,/home/tariq/Desktop/Awais-Tariq/base-KD/data/cifar-10-batches-py/test_batch,3696,deer,bird,0.9984631538391113,False,True,/home/tariq/Desktop/Awais-Tariq/base-KD/reports/cifar10_full_audit/vit_scratch/failure_images/03696_true-deer_pred-bird.png,false_negative_for_deer;false_positive_for_bird
3697,cifar10_test_03697,/home/tariq/Desktop/Awais-Tariq/base-KD/data/cifar-10-batches-py/test_batch,3697,deer,dog,0.6914574503898621,False,True,/home/tariq/Desktop/Awais-Tariq/base-KD/reports/cifar10_full_audit/vit_scratch/failure_images/03697_true-deer_pred-dog.png,false_negative_for_deer;false_positive_for_dog
3702,cifar10_test_03702,/home/tariq/Desktop/Awais-Tariq/base-KD/data/cifar-10-batches-py/test_batch,3702,automobile,ship,0.9922910332679749,False,True,/home/tariq/Desktop/Awais-Tariq/base-KD/reports/cifar10_full_audit/vit_scratch/failure_images/03702_true-automobile_pred-ship.png,false_negative_for_automobile;false_positive_for_ship
3708,cifar10_test_03708,/home/tariq/Desktop/Awais-Tariq/base-KD/data/cifar-10-batches-py/test_batch,3708,deer,frog,0.9885329008102417,False,True,/home/tariq/Desktop/Awais-Tariq/base-KD/reports/cifar10_full_audit/vit_scratch/failure_images/03708_true-deer_pred-frog.png,false_negative_for_deer;false_positive_for_frog
3711,cifar10_test_03711,/home/tariq/Desktop/Awais-Tariq/base-KD/data/cifar-10-batches-py/test_batch,3711,frog,deer,0.6798176765441895,False,True,/home/tariq/Desktop/Awais-Tariq/base-KD/reports/cifar10_full_audit/vit_scratch/failure_images/03711_true-frog_pred-deer.png,false_negative_for_frog;false_positive_for_deer
3716,cifar10_test_03716,/home/tariq/Desktop/Awais-Tariq/base-KD/data/cifar-10-batches-py/test_batch,3716,cat,frog,0.9760472774505615,False,True,/home/tariq/Desktop/Awais-Tariq/base-KD/reports/cifar10_full_audit/vit_scratch/failure_images/03716_true-cat_pred-frog.png,false_negative_for_cat;false_positive_for_frog
3721,cifar10_test_03721,/home/tariq/Desktop/Awais-Tariq/base-KD/data/cifar-10-batches-py/test_batch,3721,bird,airplane,0.9995808005332947,False,True,/home/tariq/Desktop/Awais-Tariq/base-KD/reports/cifar10_full_audit/vit_scratch/failure_images/03721_true-bird_pred-airplane.png,false_negative_for_bird;false_positive_for_airplane
3725,cifar10_test_03725,/home/tariq/Desktop/Awais-Tariq/base-KD/data/cifar-10-batches-py/test_batch,3725,bird,frog,0.6504225134849548,False,True,/home/tariq/Desktop/Awais-Tariq/base-KD/reports/cifar10_full_audit/vit_scratch/failure_images/03725_true-bird_pred-frog.png,false_negative_for_bird;false_positive_for_frog
3726,cifar10_test_03726,/home/tariq/Desktop/Awais-Tariq/base-KD/data/cifar-10-batches-py/test_batch,3726,dog,deer,0.6862051486968994,False,False,/home/tariq/Desktop/Awais-Tariq/base-KD/reports/cifar10_full_audit/vit_scratch/failure_images/03726_true-dog_pred-deer.png,false_negative_for_dog;false_positive_for_deer
3728,cifar10_test_03728,/home/tariq/Desktop/Awais-Tariq/base-KD/data/cifar-10-batches-py/test_batch,3728,bird,airplane,0.5411545634269714,False,True,/home/tariq/Desktop/Awais-Tariq/base-KD/reports/cifar10_full_audit/vit_scratch/failure_images/03728_true-bird_pred-airplane.png,false_negative_for_bird;false_positive_for_airplane
3743,cifar10_test_03743,/home/tariq/Desktop/Awais-Tariq/base-KD/data/cifar-10-batches-py/test_batch,3743,cat,dog,0.9903309345245361,False,True,/home/tariq/Desktop/Awais-Tariq/base-KD/reports/cifar10_full_audit/vit_scratch/failure_images/03743_true-cat_pred-dog.png,false_negative_for_cat;false_positive_for_dog
3753,cifar10_test_03753,/home/tariq/Desktop/Awais-Tariq/base-KD/data/cifar-10-batches-py/test_batch,3753,deer,cat,0.6786550283432007,False,True,/home/tariq/Desktop/Awais-Tariq/base-KD/reports/cifar10_full_audit/vit_scratch/failure_images/03753_true-deer_pred-cat.png,false_negative_for_deer;false_positive_for_cat
3754,cifar10_test_03754,/home/tariq/Desktop/Awais-Tariq/base-KD/data/cifar-10-batches-py/test_batch,3754,airplane,ship,0.4871359169483185,False,True,/home/tariq/Desktop/Awais-Tariq/base-KD/reports/cifar10_full_audit/vit_scratch/failure_images/03754_true-airplane_pred-ship.png,false_negative_for_airplane;false_positive_for_ship
3755,cifar10_test_03755,/home/tariq/Desktop/Awais-Tariq/base-KD/data/cifar-10-batches-py/test_batch,3755,truck,cat,0.7697732448577881,False,True,/home/tariq/Desktop/Awais-Tariq/base-KD/reports/cifar10_full_audit/vit_scratch/failure_images/03755_true-truck_pred-cat.png,false_negative_for_truck;false_positive_for_cat
3757,cifar10_test_03757,/home/tariq/Desktop/Awais-Tariq/base-KD/data/cifar-10-batches-py/test_batch,3757,deer,cat,0.8152650594711304,False,True,/home/tariq/Desktop/Awais-Tariq/base-KD/reports/cifar10_full_audit/vit_scratch/failure_images/03757_true-deer_pred-cat.png,false_negative_for_deer;false_positive_for_cat
3758,cifar10_test_03758,/home/tariq/Desktop/Awais-Tariq/base-KD/data/cifar-10-batches-py/test_batch,3758,bird,frog,0.9525347948074341,False,True,/home/tariq/Desktop/Awais-Tariq/base-KD/reports/cifar10_full_audit/vit_scratch/failure_images/03758_true-bird_pred-frog.png,false_negative_for_bird;false_positive_for_frog
3771,cifar10_test_03771,/home/tariq/Desktop/Awais-Tariq/base-KD/data/cifar-10-batches-py/test_batch,3771,bird,airplane,0.9987475872039795,False,True,/home/tariq/Desktop/Awais-Tariq/base-KD/reports/cifar10_full_audit/vit_scratch/failure_images/03771_true-bird_pred-airplane.png,false_negative_for_bird;false_positive_for_airplane
3773,cifar10_test_03773,/home/tariq/Desktop/Awais-Tariq/base-KD/data/cifar-10-batches-py/test_batch,3773,bird,dog,0.9971864819526672,False,True,/home/tariq/Desktop/Awais-Tariq/base-KD/reports/cifar10_full_audit/vit_scratch/failure_images/03773_true-bird_pred-dog.png,false_negative_for_bird;false_positive_for_dog
3778,cifar10_test_03778,/home/tariq/Desktop/Awais-Tariq/base-KD/data/cifar-10-batches-py/test_batch,3778,horse,deer,0.9998346567153931,False,True,/home/tariq/Desktop/Awais-Tariq/base-KD/reports/cifar10_full_audit/vit_scratch/failure_images/03778_true-horse_pred-deer.png,false_negative_for_horse;false_positive_for_deer
3779,cifar10_test_03779,/home/tariq/Desktop/Awais-Tariq/base-KD/data/cifar-10-batches-py/test_batch,3779,cat,truck,0.9456945061683655,False,True,/home/tariq/Desktop/Awais-Tariq/base-KD/reports/cifar10_full_audit/vit_scratch/failure_images/03779_true-cat_pred-truck.png,false_negative_for_cat;false_positive_for_truck
3787,cifar10_test_03787,/home/tariq/Desktop/Awais-Tariq/base-KD/data/cifar-10-batches-py/test_batch,3787,cat,deer,0.7219313383102417,False,False,/home/tariq/Desktop/Awais-Tariq/base-KD/reports/cifar10_full_audit/vit_scratch/failure_images/03787_true-cat_pred-deer.png,false_negative_for_cat;false_positive_for_deer
3789,cifar10_test_03789,/home/tariq/Desktop/Awais-Tariq/base-KD/data/cifar-10-batches-py/test_batch,3789,truck,dog,0.9242660403251648,False,True,/home/tariq/Desktop/Awais-Tariq/base-KD/reports/cifar10_full_audit/vit_scratch/failure_images/03789_true-truck_pred-dog.png,false_negative_for_truck;false_positive_for_dog
3792,cifar10_test_03792,/home/tariq/Desktop/Awais-Tariq/base-KD/data/cifar-10-batches-py/test_batch,3792,airplane,truck,0.9902569055557251,False,True,/home/tariq/Desktop/Awais-Tariq/base-KD/reports/cifar10_full_audit/vit_scratch/failure_images/03792_true-airplane_pred-truck.png,false_negative_for_airplane;false_positive_for_truck
3796,cifar10_test_03796,/home/tariq/Desktop/Awais-Tariq/base-KD/data/cifar-10-batches-py/test_batch,3796,dog,cat,0.9752163290977478,False,True,/home/tariq/Desktop/Awais-Tariq/base-KD/reports/cifar10_full_audit/vit_scratch/failure_images/03796_true-dog_pred-cat.png,false_negative_for_dog;false_positive_for_cat
3804,cifar10_test_03804,/home/tariq/Desktop/Awais-Tariq/base-KD/data/cifar-10-batches-py/test_batch,3804,dog,cat,0.966654896736145,False,True,/home/tariq/Desktop/Awais-Tariq/base-KD/reports/cifar10_full_audit/vit_scratch/failure_images/03804_true-dog_pred-cat.png,false_negative_for_dog;false_positive_for_cat
3806,cifar10_test_03806,/home/tariq/Desktop/Awais-Tariq/base-KD/data/cifar-10-batches-py/test_batch,3806,dog,bird,0.6891377568244934,False,False,/home/tariq/Desktop/Awais-Tariq/base-KD/reports/cifar10_full_audit/vit_scratch/failure_images/03806_true-dog_pred-bird.png,false_negative_for_dog;false_positive_for_bird
3808,cifar10_test_03808,/home/tariq/Desktop/Awais-Tariq/base-KD/data/cifar-10-batches-py/test_batch,3808,dog,cat,0.9829535484313965,False,True,/home/tariq/Desktop/Awais-Tariq/base-KD/reports/cifar10_full_audit/vit_scratch/failure_images/03808_true-dog_pred-cat.png,false_negative_for_dog;false_positive_for_cat
3821,cifar10_test_03821,/home/tariq/Desktop/Awais-Tariq/base-KD/data/cifar-10-batches-py/test_batch,3821,ship,cat,0.5438733696937561,False,True,/home/tariq/Desktop/Awais-Tariq/base-KD/reports/cifar10_full_audit/vit_scratch/failure_images/03821_true-ship_pred-cat.png,false_negative_for_ship;false_positive_for_cat
3831,cifar10_test_03831,/home/tariq/Desktop/Awais-Tariq/base-KD/data/cifar-10-batches-py/test_batch,3831,dog,horse,0.9135815501213074,False,True,/home/tariq/Desktop/Awais-Tariq/base-KD/reports/cifar10_full_audit/vit_scratch/failure_images/03831_true-dog_pred-horse.png,false_negative_for_dog;false_positive_for_horse
3849,cifar10_test_03849,/home/tariq/Desktop/Awais-Tariq/base-KD/data/cifar-10-batches-py/test_batch,3849,dog,deer,0.9723272919654846,False,True,/home/tariq/Desktop/Awais-Tariq/base-KD/reports/cifar10_full_audit/vit_scratch/failure_images/03849_true-dog_pred-deer.png,false_negative_for_dog;false_positive_for_deer
3851,cifar10_test_03851,/home/tariq/Desktop/Awais-Tariq/base-KD/data/cifar-10-batches-py/test_batch,3851,deer,bird,0.9980652928352356,False,True,/home/tariq/Desktop/Awais-Tariq/base-KD/reports/cifar10_full_audit/vit_scratch/failure_images/03851_true-deer_pred-bird.png,false_negative_for_deer;false_positive_for_bird
3853,cifar10_test_03853,/home/tariq/Desktop/Awais-Tariq/base-KD/data/cifar-10-batches-py/test_batch,3853,truck,cat,0.9114275574684143,False,True,/home/tariq/Desktop/Awais-Tariq/base-KD/reports/cifar10_full_audit/vit_scratch/failure_images/03853_true-truck_pred-cat.png,false_negative_for_truck;false_positive_for_cat
3859,cifar10_test_03859,/home/tariq/Desktop/Awais-Tariq/base-KD/data/cifar-10-batches-py/test_batch,3859,cat,dog,0.950282871723175,False,False,/home/tariq/Desktop/Awais-Tariq/base-KD/reports/cifar10_full_audit/vit_scratch/failure_images/03859_true-cat_pred-dog.png,false_negative_for_cat;false_positive_for_dog
3872,cifar10_test_03872,/home/tariq/Desktop/Awais-Tariq/base-KD/data/cifar-10-batches-py/test_batch,3872,horse,frog,0.8559833765029907,False,True,/home/tariq/Desktop/Awais-Tariq/base-KD/reports/cifar10_full_audit/vit_scratch/failure_images/03872_true-horse_pred-frog.png,false_negative_for_horse;false_positive_for_frog
3887,cifar10_test_03887,/home/tariq/Desktop/Awais-Tariq/base-KD/data/cifar-10-batches-py/test_batch,3887,bird,cat,0.888022243976593,False,True,/home/tariq/Desktop/Awais-Tariq/base-KD/reports/cifar10_full_audit/vit_scratch/failure_images/03887_true-bird_pred-cat.png,false_negative_for_bird;false_positive_for_cat
3899,cifar10_test_03899,/home/tariq/Desktop/Awais-Tariq/base-KD/data/cifar-10-batches-py/test_batch,3899,frog,bird,0.5206375122070312,False,True,/home/tariq/Desktop/Awais-Tariq/base-KD/reports/cifar10_full_audit/vit_scratch/failure_images/03899_true-frog_pred-bird.png,false_negative_for_frog;false_positive_for_bird
3903,cifar10_test_03903,/home/tariq/Desktop/Awais-Tariq/base-KD/data/cifar-10-batches-py/test_batch,3903,airplane,ship,0.5779803395271301,False,True,/home/tariq/Desktop/Awais-Tariq/base-KD/reports/cifar10_full_audit/vit_scratch/failure_images/03903_true-airplane_pred-ship.png,false_negative_for_airplane;false_positive_for_ship
3906,cifar10_test_03906,/home/tariq/Desktop/Awais-Tariq/base-KD/data/cifar-10-batches-py/test_batch,3906,cat,dog,0.9995766282081604,False,True,/home/tariq/Desktop/Awais-Tariq/base-KD/reports/cifar10_full_audit/vit_scratch/failure_images/03906_true-cat_pred-dog.png,false_negative_for_cat;false_positive_for_dog
3920,cifar10_test_03920,/home/tariq/Desktop/Awais-Tariq/base-KD/data/cifar-10-batches-py/test_batch,3920,horse,cat,0.5293471813201904,False,True,/home/tariq/Desktop/Awais-Tariq/base-KD/reports/cifar10_full_audit/vit_scratch/failure_images/03920_true-horse_pred-cat.png,false_negative_for_horse;false_positive_for_cat
3921,cifar10_test_03921,/home/tariq/Desktop/Awais-Tariq/base-KD/data/cifar-10-batches-py/test_batch,3921,automobile,airplane,0.8834918141365051,False,True,/home/tariq/Desktop/Awais-Tariq/base-KD/reports/cifar10_full_audit/vit_scratch/failure_images/03921_true-automobile_pred-airplane.png,false_negative_for_automobile;false_positive_for_airplane
3923,cifar10_test_03923,/home/tariq/Desktop/Awais-Tariq/base-KD/data/cifar-10-batches-py/test_batch,3923,cat,dog,0.5924595594406128,False,True,/home/tariq/Desktop/Awais-Tariq/base-KD/reports/cifar10_full_audit/vit_scratch/failure_images/03923_true-cat_pred-dog.png,false_negative_for_cat;false_positive_for_dog
3924,cifar10_test_03924,/home/tariq/Desktop/Awais-Tariq/base-KD/data/cifar-10-batches-py/test_batch,3924,dog,cat,0.9961159229278564,False,True,/home/tariq/Desktop/Awais-Tariq/base-KD/reports/cifar10_full_audit/vit_scratch/failure_images/03924_true-dog_pred-cat.png,false_negative_for_dog;false_positive_for_cat
3933,cifar10_test_03933,/home/tariq/Desktop/Awais-Tariq/base-KD/data/cifar-10-batches-py/test_batch,3933,frog,bird,0.7089453339576721,False,True,/home/tariq/Desktop/Awais-Tariq/base-KD/reports/cifar10_full_audit/vit_scratch/failure_images/03933_true-frog_pred-bird.png,false_negative_for_frog;false_positive_for_bird
3934,cifar10_test_03934,/home/tariq/Desktop/Awais-Tariq/base-KD/data/cifar-10-batches-py/test_batch,3934,bird,airplane,0.430044025182724,False,True,/home/tariq/Desktop/Awais-Tariq/base-KD/reports/cifar10_full_audit/vit_scratch/failure_images/03934_true-bird_pred-airplane.png,false_negative_for_bird;false_positive_for_airplane
3935,cifar10_test_03935,/home/tariq/Desktop/Awais-Tariq/base-KD/data/cifar-10-batches-py/test_batch,3935,deer,horse,0.9999942779541016,False,True,/home/tariq/Desktop/Awais-Tariq/base-KD/reports/cifar10_full_audit/vit_scratch/failure_images/03935_true-deer_pred-horse.png,false_negative_for_deer;false_positive_for_horse
3939,cifar10_test_03939,/home/tariq/Desktop/Awais-Tariq/base-KD/data/cifar-10-batches-py/test_batch,3939,truck,airplane,0.7738651037216187,False,True,/home/tariq/Desktop/Awais-Tariq/base-KD/reports/cifar10_full_audit/vit_scratch/failure_images/03939_true-truck_pred-airplane.png,false_negative_for_truck;false_positive_for_airplane
3947,cifar10_test_03947,/home/tariq/Desktop/Awais-Tariq/base-KD/data/cifar-10-batches-py/test_batch,3947,bird,deer,0.5483487844467163,False,True,/home/tariq/Desktop/Awais-Tariq/base-KD/reports/cifar10_full_audit/vit_scratch/failure_images/03947_true-bird_pred-deer.png,false_negative_for_bird;false_positive_for_deer
3957,cifar10_test_03957,/home/tariq/Desktop/Awais-Tariq/base-KD/data/cifar-10-batches-py/test_batch,3957,truck,airplane,0.999221682548523,False,True,/home/tariq/Desktop/Awais-Tariq/base-KD/reports/cifar10_full_audit/vit_scratch/failure_images/03957_true-truck_pred-airplane.png,false_negative_for_truck;false_positive_for_airplane
3959,cifar10_test_03959,/home/tariq/Desktop/Awais-Tariq/base-KD/data/cifar-10-batches-py/test_batch,3959,dog,cat,0.9989539384841919,False,True,/home/tariq/Desktop/Awais-Tariq/base-KD/reports/cifar10_full_audit/vit_scratch/failure_images/03959_true-dog_pred-cat.png,false_negative_for_dog;false_positive_for_cat
3962,cifar10_test_03962,/home/tariq/Desktop/Awais-Tariq/base-KD/data/cifar-10-batches-py/test_batch,3962,deer,horse,0.9823091626167297,False,True,/home/tariq/Desktop/Awais-Tariq/base-KD/reports/cifar10_full_audit/vit_scratch/failure_images/03962_true-deer_pred-horse.png,false_negative_for_deer;false_positive_for_horse
3977,cifar10_test_03977,/home/tariq/Desktop/Awais-Tariq/base-KD/data/cifar-10-batches-py/test_batch,3977,cat,frog,0.7824347615242004,False,True,/home/tariq/Desktop/Awais-Tariq/base-KD/reports/cifar10_full_audit/vit_scratch/failure_images/03977_true-cat_pred-frog.png,false_negative_for_cat;false_positive_for_frog
3980,cifar10_test_03980,/home/tariq/Desktop/Awais-Tariq/base-KD/data/cifar-10-batches-py/test_batch,3980,truck,deer,0.8359671235084534,False,True,/home/tariq/Desktop/Awais-Tariq/base-KD/reports/cifar10_full_audit/vit_scratch/failure_images/03980_true-truck_pred-deer.png,false_negative_for_truck;false_positive_for_deer
3981,cifar10_test_03981,/home/tariq/Desktop/Awais-Tariq/base-KD/data/cifar-10-batches-py/test_batch,3981,dog,cat,0.9401357173919678,False,True,/home/tariq/Desktop/Awais-Tariq/base-KD/reports/cifar10_full_audit/vit_scratch/failure_images/03981_true-dog_pred-cat.png,false_negative_for_dog;false_positive_for_cat
3995,cifar10_test_03995,/home/tariq/Desktop/Awais-Tariq/base-KD/data/cifar-10-batches-py/test_batch,3995,horse,cat,0.874826192855835,False,True,/home/tariq/Desktop/Awais-Tariq/base-KD/reports/cifar10_full_audit/vit_scratch/failure_images/03995_true-horse_pred-cat.png,false_negative_for_horse;false_positive_for_cat
3998,cifar10_test_03998,/home/tariq/Desktop/Awais-Tariq/base-KD/data/cifar-10-batches-py/test_batch,3998,bird,cat,0.9749742150306702,False,True,/home/tariq/Desktop/Awais-Tariq/base-KD/reports/cifar10_full_audit/vit_scratch/failure_images/03998_true-bird_pred-cat.png,false_negative_for_bird;false_positive_for_cat
4000,cifar10_test_04000,/home/tariq/Desktop/Awais-Tariq/base-KD/data/cifar-10-batches-py/test_batch,4000,ship,airplane,0.999693751335144,False,True,/home/tariq/Desktop/Awais-Tariq/base-KD/reports/cifar10_full_audit/vit_scratch/failure_images/04000_true-ship_pred-airplane.png,false_negative_for_ship;false_positive_for_airplane
4003,cifar10_test_04003,/home/tariq/Desktop/Awais-Tariq/base-KD/data/cifar-10-batches-py/test_batch,4003,bird,airplane,0.9009502530097961,False,True,/home/tariq/Desktop/Awais-Tariq/base-KD/reports/cifar10_full_audit/vit_scratch/failure_images/04003_true-bird_pred-airplane.png,false_negative_for_bird;false_positive_for_airplane
4004,cifar10_test_04004,/home/tariq/Desktop/Awais-Tariq/base-KD/data/cifar-10-batches-py/test_batch,4004,airplane,bird,0.8164620399475098,False,True,/home/tariq/Desktop/Awais-Tariq/base-KD/reports/cifar10_full_audit/vit_scratch/failure_images/04004_true-airplane_pred-bird.png,false_negative_for_airplane;false_positive_for_bird
4012,cifar10_test_04012,/home/tariq/Desktop/Awais-Tariq/base-KD/data/cifar-10-batches-py/test_batch,4012,cat,deer,0.6890878677368164,False,False,/home/tariq/Desktop/Awais-Tariq/base-KD/reports/cifar10_full_audit/vit_scratch/failure_images/04012_true-cat_pred-deer.png,false_negative_for_cat;false_positive_for_deer
4028,cifar10_test_04028,/home/tariq/Desktop/Awais-Tariq/base-KD/data/cifar-10-batches-py/test_batch,4028,airplane,ship,0.7403360605239868,False,True,/home/tariq/Desktop/Awais-Tariq/base-KD/reports/cifar10_full_audit/vit_scratch/failure_images/04028_true-airplane_pred-ship.png,false_negative_for_airplane;false_positive_for_ship
4029,cifar10_test_04029,/home/tariq/Desktop/Awais-Tariq/base-KD/data/cifar-10-batches-py/test_batch,4029,deer,frog,0.9817038178443909,False,True,/home/tariq/Desktop/Awais-Tariq/base-KD/reports/cifar10_full_audit/vit_scratch/failure_images/04029_true-deer_pred-frog.png,false_negative_for_deer;false_positive_for_frog
4036,cifar10_test_04036,/home/tariq/Desktop/Awais-Tariq/base-KD/data/cifar-10-batches-py/test_batch,4036,horse,airplane,0.9999574422836304,False,True,/home/tariq/Desktop/Awais-Tariq/base-KD/reports/cifar10_full_audit/vit_scratch/failure_images/04036_true-horse_pred-airplane.png,false_negative_for_horse;false_positive_for_airplane
4038,cifar10_test_04038,/home/tariq/Desktop/Awais-Tariq/base-KD/data/cifar-10-batches-py/test_batch,4038,airplane,automobile,0.9830590486526489,False,True,/home/tariq/Desktop/Awais-Tariq/base-KD/reports/cifar10_full_audit/vit_scratch/failure_images/04038_true-airplane_pred-automobile.png,false_negative_for_airplane;false_positive_for_automobile
4051,cifar10_test_04051,/home/tariq/Desktop/Awais-Tariq/base-KD/data/cifar-10-batches-py/test_batch,4051,dog,cat,0.7057267427444458,False,True,/home/tariq/Desktop/Awais-Tariq/base-KD/reports/cifar10_full_audit/vit_scratch/failure_images/04051_true-dog_pred-cat.png,false_negative_for_dog;false_positive_for_cat
4054,cifar10_test_04054,/home/tariq/Desktop/Awais-Tariq/base-KD/data/cifar-10-batches-py/test_batch,4054,horse,ship,0.9871659874916077,False,False,/home/tariq/Desktop/Awais-Tariq/base-KD/reports/cifar10_full_audit/vit_scratch/failure_images/04054_true-horse_pred-ship.png,false_negative_for_horse;false_positive_for_ship
4055,cifar10_test_04055,/home/tariq/Desktop/Awais-Tariq/base-KD/data/cifar-10-batches-py/test_batch,4055,automobile,truck,0.4099293053150177,False,True,/home/tariq/Desktop/Awais-Tariq/base-KD/reports/cifar10_full_audit/vit_scratch/failure_images/04055_true-automobile_pred-truck.png,false_negative_for_automobile;false_positive_for_truck
4058,cifar10_test_04058,/home/tariq/Desktop/Awais-Tariq/base-KD/data/cifar-10-batches-py/test_batch,4058,horse,airplane,0.6599418520927429,False,True,/home/tariq/Desktop/Awais-Tariq/base-KD/reports/cifar10_full_audit/vit_scratch/failure_images/04058_true-horse_pred-airplane.png,false_negative_for_horse;false_positive_for_airplane
4060,cifar10_test_04060,/home/tariq/Desktop/Awais-Tariq/base-KD/data/cifar-10-batches-py/test_batch,4060,frog,cat,0.9927646517753601,False,True,/home/tariq/Desktop/Awais-Tariq/base-KD/reports/cifar10_full_audit/vit_scratch/failure_images/04060_true-frog_pred-cat.png,false_negative_for_frog;false_positive_for_cat
4071,cifar10_test_04071,/home/tariq/Desktop/Awais-Tariq/base-KD/data/cifar-10-batches-py/test_batch,4071,cat,frog,0.8355726599693298,False,True,/home/tariq/Desktop/Awais-Tariq/base-KD/reports/cifar10_full_audit/vit_scratch/failure_images/04071_true-cat_pred-frog.png,false_negative_for_cat;false_positive_for_frog
4077,cifar10_test_04077,/home/tariq/Desktop/Awais-Tariq/base-KD/data/cifar-10-batches-py/test_batch,4077,cat,dog,0.9870620369911194,False,True,/home/tariq/Desktop/Awais-Tariq/base-KD/reports/cifar10_full_audit/vit_scratch/failure_images/04077_true-cat_pred-dog.png,false_negative_for_cat;false_positive_for_dog
4081,cifar10_test_04081,/home/tariq/Desktop/Awais-Tariq/base-KD/data/cifar-10-batches-py/test_batch,4081,airplane,truck,0.9964945912361145,False,True,/home/tariq/Desktop/Awais-Tariq/base-KD/reports/cifar10_full_audit/vit_scratch/failure_images/04081_true-airplane_pred-truck.png,false_negative_for_airplane;false_positive_for_truck
4092,cifar10_test_04092,/home/tariq/Desktop/Awais-Tariq/base-KD/data/cifar-10-batches-py/test_batch,4092,horse,deer,0.994516909122467,False,True,/home/tariq/Desktop/Awais-Tariq/base-KD/reports/cifar10_full_audit/vit_scratch/failure_images/04092_true-horse_pred-deer.png,false_negative_for_horse;false_positive_for_deer
4094,cifar10_test_04094,/home/tariq/Desktop/Awais-Tariq/base-KD/data/cifar-10-batches-py/test_batch,4094,cat,dog,0.9630372524261475,False,True,/home/tariq/Desktop/Awais-Tariq/base-KD/reports/cifar10_full_audit/vit_scratch/failure_images/04094_true-cat_pred-dog.png,false_negative_for_cat;false_positive_for_dog
4097,cifar10_test_04097,/home/tariq/Desktop/Awais-Tariq/base-KD/data/cifar-10-batches-py/test_batch,4097,cat,frog,0.9958160519599915,False,True,/home/tariq/Desktop/Awais-Tariq/base-KD/reports/cifar10_full_audit/vit_scratch/failure_images/04097_true-cat_pred-frog.png,false_negative_for_cat;false_positive_for_frog
4106,cifar10_test_04106,/home/tariq/Desktop/Awais-Tariq/base-KD/data/cifar-10-batches-py/test_batch,4106,cat,ship,0.9953975081443787,False,True,/home/tariq/Desktop/Awais-Tariq/base-KD/reports/cifar10_full_audit/vit_scratch/failure_images/04106_true-cat_pred-ship.png,false_negative_for_cat;false_positive_for_ship
4107,cifar10_test_04107,/home/tariq/Desktop/Awais-Tariq/base-KD/data/cifar-10-batches-py/test_batch,4107,cat,horse,0.9953984618186951,False,True,/home/tariq/Desktop/Awais-Tariq/base-KD/reports/cifar10_full_audit/vit_scratch/failure_images/04107_true-cat_pred-horse.png,false_negative_for_cat;false_positive_for_horse
4111,cifar10_test_04111,/home/tariq/Desktop/Awais-Tariq/base-KD/data/cifar-10-batches-py/test_batch,4111,deer,bird,0.49130192399024963,False,True,/home/tariq/Desktop/Awais-Tariq/base-KD/reports/cifar10_full_audit/vit_scratch/failure_images/04111_true-deer_pred-bird.png,false_negative_for_deer;false_positive_for_bird
4114,cifar10_test_04114,/home/tariq/Desktop/Awais-Tariq/base-KD/data/cifar-10-batches-py/test_batch,4114,deer,dog,0.869722306728363,False,True,/home/tariq/Desktop/Awais-Tariq/base-KD/reports/cifar10_full_audit/vit_scratch/failure_images/04114_true-deer_pred-dog.png,false_negative_for_deer;false_positive_for_dog
4121,cifar10_test_04121,/home/tariq/Desktop/Awais-Tariq/base-KD/data/cifar-10-batches-py/test_batch,4121,dog,cat,0.8461074829101562,False,True,/home/tariq/Desktop/Awais-Tariq/base-KD/reports/cifar10_full_audit/vit_scratch/failure_images/04121_true-dog_pred-cat.png,false_negative_for_dog;false_positive_for_cat
4134,cifar10_test_04134,/home/tariq/Desktop/Awais-Tariq/base-KD/data/cifar-10-batches-py/test_batch,4134,automobile,truck,0.9068326354026794,False,True,/home/tariq/Desktop/Awais-Tariq/base-KD/reports/cifar10_full_audit/vit_scratch/failure_images/04134_true-automobile_pred-truck.png,false_negative_for_automobile;false_positive_for_truck
4137,cifar10_test_04137,/home/tariq/Desktop/Awais-Tariq/base-KD/data/cifar-10-batches-py/test_batch,4137,deer,dog,0.9938293099403381,False,True,/home/tariq/Desktop/Awais-Tariq/base-KD/reports/cifar10_full_audit/vit_scratch/failure_images/04137_true-deer_pred-dog.png,false_negative_for_deer;false_positive_for_dog
4147,cifar10_test_04147,/home/tariq/Desktop/Awais-Tariq/base-KD/data/cifar-10-batches-py/test_batch,4147,cat,deer,0.7681353688240051,False,True,/home/tariq/Desktop/Awais-Tariq/base-KD/reports/cifar10_full_audit/vit_scratch/failure_images/04147_true-cat_pred-deer.png,false_negative_for_cat;false_positive_for_deer
4152,cifar10_test_04152,/home/tariq/Desktop/Awais-Tariq/base-KD/data/cifar-10-batches-py/test_batch,4152,dog,automobile,0.9544523358345032,False,False,/home/tariq/Desktop/Awais-Tariq/base-KD/reports/cifar10_full_audit/vit_scratch/failure_images/04152_true-dog_pred-automobile.png,false_negative_for_dog;false_positive_for_automobile
4158,cifar10_test_04158,/home/tariq/Desktop/Awais-Tariq/base-KD/data/cifar-10-batches-py/test_batch,4158,horse,deer,0.7448468208312988,False,True,/home/tariq/Desktop/Awais-Tariq/base-KD/reports/cifar10_full_audit/vit_scratch/failure_images/04158_true-horse_pred-deer.png,false_negative_for_horse;false_positive_for_deer
4163,cifar10_test_04163,/home/tariq/Desktop/Awais-Tariq/base-KD/data/cifar-10-batches-py/test_batch,4163,bird,frog,0.6426650881767273,False,True,/home/tariq/Desktop/Awais-Tariq/base-KD/reports/cifar10_full_audit/vit_scratch/failure_images/04163_true-bird_pred-frog.png,false_negative_for_bird;false_positive_for_frog
4169,cifar10_test_04169,/home/tariq/Desktop/Awais-Tariq/base-KD/data/cifar-10-batches-py/test_batch,4169,cat,dog,0.9668017625808716,False,True,/home/tariq/Desktop/Awais-Tariq/base-KD/reports/cifar10_full_audit/vit_scratch/failure_images/04169_true-cat_pred-dog.png,false_negative_for_cat;false_positive_for_dog
4180,cifar10_test_04180,/home/tariq/Desktop/Awais-Tariq/base-KD/data/cifar-10-batches-py/test_batch,4180,airplane,ship,0.8380839824676514,False,True,/home/tariq/Desktop/Awais-Tariq/base-KD/reports/cifar10_full_audit/vit_scratch/failure_images/04180_true-airplane_pred-ship.png,false_negative_for_airplane;false_positive_for_ship
4190,cifar10_test_04190,/home/tariq/Desktop/Awais-Tariq/base-KD/data/cifar-10-batches-py/test_batch,4190,cat,deer,0.9790390133857727,False,True,/home/tariq/Desktop/Awais-Tariq/base-KD/reports/cifar10_full_audit/vit_scratch/failure_images/04190_true-cat_pred-deer.png,false_negative_for_cat;false_positive_for_deer
4198,cifar10_test_04198,/home/tariq/Desktop/Awais-Tariq/base-KD/data/cifar-10-batches-py/test_batch,4198,ship,deer,0.9697092175483704,False,True,/home/tariq/Desktop/Awais-Tariq/base-KD/reports/cifar10_full_audit/vit_scratch/failure_images/04198_true-ship_pred-deer.png,false_negative_for_ship;false_positive_for_deer
4203,cifar10_test_04203,/home/tariq/Desktop/Awais-Tariq/base-KD/data/cifar-10-batches-py/test_batch,4203,bird,deer,0.7962291836738586,False,True,/home/tariq/Desktop/Awais-Tariq/base-KD/reports/cifar10_full_audit/vit_scratch/failure_images/04203_true-bird_pred-deer.png,false_negative_for_bird;false_positive_for_deer
4209,cifar10_test_04209,/home/tariq/Desktop/Awais-Tariq/base-KD/data/cifar-10-batches-py/test_batch,4209,deer,horse,0.7646823525428772,False,True,/home/tariq/Desktop/Awais-Tariq/base-KD/reports/cifar10_full_audit/vit_scratch/failure_images/04209_true-deer_pred-horse.png,false_negative_for_deer;false_positive_for_horse
4210,cifar10_test_04210,/home/tariq/Desktop/Awais-Tariq/base-KD/data/cifar-10-batches-py/test_batch,4210,cat,truck,0.8686904907226562,False,True,/home/tariq/Desktop/Awais-Tariq/base-KD/reports/cifar10_full_audit/vit_scratch/failure_images/04210_true-cat_pred-truck.png,false_negative_for_cat;false_positive_for_truck
4215,cifar10_test_04215,/home/tariq/Desktop/Awais-Tariq/base-KD/data/cifar-10-batches-py/test_batch,4215,automobile,ship,0.9768441319465637,False,True,/home/tariq/Desktop/Awais-Tariq/base-KD/reports/cifar10_full_audit/vit_scratch/failure_images/04215_true-automobile_pred-ship.png,false_negative_for_automobile;false_positive_for_ship
4217,cifar10_test_04217,/home/tariq/Desktop/Awais-Tariq/base-KD/data/cifar-10-batches-py/test_batch,4217,airplane,bird,0.9970742464065552,False,True,/home/tariq/Desktop/Awais-Tariq/base-KD/reports/cifar10_full_audit/vit_scratch/failure_images/04217_true-airplane_pred-bird.png,false_negative_for_airplane;false_positive_for_bird
4220,cifar10_test_04220,/home/tariq/Desktop/Awais-Tariq/base-KD/data/cifar-10-batches-py/test_batch,4220,deer,airplane,0.9675122499465942,False,True,/home/tariq/Desktop/Awais-Tariq/base-KD/reports/cifar10_full_audit/vit_scratch/failure_images/04220_true-deer_pred-airplane.png,false_negative_for_deer;false_positive_for_airplane
4238,cifar10_test_04238,/home/tariq/Desktop/Awais-Tariq/base-KD/data/cifar-10-batches-py/test_batch,4238,dog,cat,0.9642075896263123,False,True,/home/tariq/Desktop/Awais-Tariq/base-KD/reports/cifar10_full_audit/vit_scratch/failure_images/04238_true-dog_pred-cat.png,false_negative_for_dog;false_positive_for_cat
4244,cifar10_test_04244,/home/tariq/Desktop/Awais-Tariq/base-KD/data/cifar-10-batches-py/test_batch,4244,bird,horse,0.9486071467399597,False,False,/home/tariq/Desktop/Awais-Tariq/base-KD/reports/cifar10_full_audit/vit_scratch/failure_images/04244_true-bird_pred-horse.png,false_negative_for_bird;false_positive_for_horse
4251,cifar10_test_04251,/home/tariq/Desktop/Awais-Tariq/base-KD/data/cifar-10-batches-py/test_batch,4251,ship,automobile,0.6892125606536865,False,True,/home/tariq/Desktop/Awais-Tariq/base-KD/reports/cifar10_full_audit/vit_scratch/failure_images/04251_true-ship_pred-automobile.png,false_negative_for_ship;false_positive_for_automobile
4255,cifar10_test_04255,/home/tariq/Desktop/Awais-Tariq/base-KD/data/cifar-10-batches-py/test_batch,4255,truck,airplane,0.9751631617546082,False,True,/home/tariq/Desktop/Awais-Tariq/base-KD/reports/cifar10_full_audit/vit_scratch/failure_images/04255_true-truck_pred-airplane.png,false_negative_for_truck;false_positive_for_airplane
4269,cifar10_test_04269,/home/tariq/Desktop/Awais-Tariq/base-KD/data/cifar-10-batches-py/test_batch,4269,airplane,bird,0.9734805226325989,False,True,/home/tariq/Desktop/Awais-Tariq/base-KD/reports/cifar10_full_audit/vit_scratch/failure_images/04269_true-airplane_pred-bird.png,false_negative_for_airplane;false_positive_for_bird
4275,cifar10_test_04275,/home/tariq/Desktop/Awais-Tariq/base-KD/data/cifar-10-batches-py/test_batch,4275,dog,bird,0.5758956074714661,False,True,/home/tariq/Desktop/Awais-Tariq/base-KD/reports/cifar10_full_audit/vit_scratch/failure_images/04275_true-dog_pred-bird.png,false_negative_for_dog;false_positive_for_bird
4276,cifar10_test_04276,/home/tariq/Desktop/Awais-Tariq/base-KD/data/cifar-10-batches-py/test_batch,4276,truck,automobile,0.5097704529762268,False,True,/home/tariq/Desktop/Awais-Tariq/base-KD/reports/cifar10_full_audit/vit_scratch/failure_images/04276_true-truck_pred-automobile.png,false_negative_for_truck;false_positive_for_automobile
4281,cifar10_test_04281,/home/tariq/Desktop/Awais-Tariq/base-KD/data/cifar-10-batches-py/test_batch,4281,horse,bird,0.9796257615089417,False,True,/home/tariq/Desktop/Awais-Tariq/base-KD/reports/cifar10_full_audit/vit_scratch/failure_images/04281_true-horse_pred-bird.png,false_negative_for_horse;false_positive_for_bird
4282,cifar10_test_04282,/home/tariq/Desktop/Awais-Tariq/base-KD/data/cifar-10-batches-py/test_batch,4282,cat,frog,0.7207038998603821,False,True,/home/tariq/Desktop/Awais-Tariq/base-KD/reports/cifar10_full_audit/vit_scratch/failure_images/04282_true-cat_pred-frog.png,false_negative_for_cat;false_positive_for_frog
4285,cifar10_test_04285,/home/tariq/Desktop/Awais-Tariq/base-KD/data/cifar-10-batches-py/test_batch,4285,automobile,cat,0.9989915490150452,False,True,/home/tariq/Desktop/Awais-Tariq/base-KD/reports/cifar10_full_audit/vit_scratch/failure_images/04285_true-automobile_pred-cat.png,false_negative_for_automobile;false_positive_for_cat
4287,cifar10_test_04287,/home/tariq/Desktop/Awais-Tariq/base-KD/data/cifar-10-batches-py/test_batch,4287,airplane,frog,0.8908989429473877,False,True,/home/tariq/Desktop/Awais-Tariq/base-KD/reports/cifar10_full_audit/vit_scratch/failure_images/04287_true-airplane_pred-frog.png,false_negative_for_airplane;false_positive_for_frog
4290,cifar10_test_04290,/home/tariq/Desktop/Awais-Tariq/base-KD/data/cifar-10-batches-py/test_batch,4290,bird,cat,0.953030526638031,False,True,/home/tariq/Desktop/Awais-Tariq/base-KD/reports/cifar10_full_audit/vit_scratch/failure_images/04290_true-bird_pred-cat.png,false_negative_for_bird;false_positive_for_cat
4302,cifar10_test_04302,/home/tariq/Desktop/Awais-Tariq/base-KD/data/cifar-10-batches-py/test_batch,4302,bird,horse,0.7411140203475952,False,False,/home/tariq/Desktop/Awais-Tariq/base-KD/reports/cifar10_full_audit/vit_scratch/failure_images/04302_true-bird_pred-horse.png,false_negative_for_bird;false_positive_for_horse
4304,cifar10_test_04304,/home/tariq/Desktop/Awais-Tariq/base-KD/data/cifar-10-batches-py/test_batch,4304,frog,bird,0.43184393644332886,False,True,/home/tariq/Desktop/Awais-Tariq/base-KD/reports/cifar10_full_audit/vit_scratch/failure_images/04304_true-frog_pred-bird.png,false_negative_for_frog;false_positive_for_bird
4313,cifar10_test_04313,/home/tariq/Desktop/Awais-Tariq/base-KD/data/cifar-10-batches-py/test_batch,4313,airplane,frog,0.9956036806106567,False,True,/home/tariq/Desktop/Awais-Tariq/base-KD/reports/cifar10_full_audit/vit_scratch/failure_images/04313_true-airplane_pred-frog.png,false_negative_for_airplane;false_positive_for_frog
4320,cifar10_test_04320,/home/tariq/Desktop/Awais-Tariq/base-KD/data/cifar-10-batches-py/test_batch,4320,automobile,airplane,0.9127692580223083,False,True,/home/tariq/Desktop/Awais-Tariq/base-KD/reports/cifar10_full_audit/vit_scratch/failure_images/04320_true-automobile_pred-airplane.png,false_negative_for_automobile;false_positive_for_airplane
4331,cifar10_test_04331,/home/tariq/Desktop/Awais-Tariq/base-KD/data/cifar-10-batches-py/test_batch,4331,bird,frog,0.5680103302001953,False,True,/home/tariq/Desktop/Awais-Tariq/base-KD/reports/cifar10_full_audit/vit_scratch/failure_images/04331_true-bird_pred-frog.png,false_negative_for_bird;false_positive_for_frog
4334,cifar10_test_04334,/home/tariq/Desktop/Awais-Tariq/base-KD/data/cifar-10-batches-py/test_batch,4334,cat,horse,0.8874061107635498,False,True,/home/tariq/Desktop/Awais-Tariq/base-KD/reports/cifar10_full_audit/vit_scratch/failure_images/04334_true-cat_pred-horse.png,false_negative_for_cat;false_positive_for_horse
4342,cifar10_test_04342,/home/tariq/Desktop/Awais-Tariq/base-KD/data/cifar-10-batches-py/test_batch,4342,cat,deer,0.9946275353431702,False,True,/home/tariq/Desktop/Awais-Tariq/base-KD/reports/cifar10_full_audit/vit_scratch/failure_images/04342_true-cat_pred-deer.png,false_negative_for_cat;false_positive_for_deer
4352,cifar10_test_04352,/home/tariq/Desktop/Awais-Tariq/base-KD/data/cifar-10-batches-py/test_batch,4352,cat,dog,0.9298088550567627,False,True,/home/tariq/Desktop/Awais-Tariq/base-KD/reports/cifar10_full_audit/vit_scratch/failure_images/04352_true-cat_pred-dog.png,false_negative_for_cat;false_positive_for_dog
4355,cifar10_test_04355,/home/tariq/Desktop/Awais-Tariq/base-KD/data/cifar-10-batches-py/test_batch,4355,airplane,bird,0.9041044116020203,False,True,/home/tariq/Desktop/Awais-Tariq/base-KD/reports/cifar10_full_audit/vit_scratch/failure_images/04355_true-airplane_pred-bird.png,false_negative_for_airplane;false_positive_for_bird
4366,cifar10_test_04366,/home/tariq/Desktop/Awais-Tariq/base-KD/data/cifar-10-batches-py/test_batch,4366,bird,deer,0.6189857721328735,False,True,/home/tariq/Desktop/Awais-Tariq/base-KD/reports/cifar10_full_audit/vit_scratch/failure_images/04366_true-bird_pred-deer.png,false_negative_for_bird;false_positive_for_deer
4368,cifar10_test_04368,/home/tariq/Desktop/Awais-Tariq/base-KD/data/cifar-10-batches-py/test_batch,4368,deer,frog,0.7293298244476318,False,True,/home/tariq/Desktop/Awais-Tariq/base-KD/reports/cifar10_full_audit/vit_scratch/failure_images/04368_true-deer_pred-frog.png,false_negative_for_deer;false_positive_for_frog
4381,cifar10_test_04381,/home/tariq/Desktop/Awais-Tariq/base-KD/data/cifar-10-batches-py/test_batch,4381,horse,dog,0.5219852924346924,False,True,/home/tariq/Desktop/Awais-Tariq/base-KD/reports/cifar10_full_audit/vit_scratch/failure_images/04381_true-horse_pred-dog.png,false_negative_for_horse;false_positive_for_dog
4398,cifar10_test_04398,/home/tariq/Desktop/Awais-Tariq/base-KD/data/cifar-10-batches-py/test_batch,4398,deer,horse,0.9982231259346008,False,True,/home/tariq/Desktop/Awais-Tariq/base-KD/reports/cifar10_full_audit/vit_scratch/failure_images/04398_true-deer_pred-horse.png,false_negative_for_deer;false_positive_for_horse
4404,cifar10_test_04404,/home/tariq/Desktop/Awais-Tariq/base-KD/data/cifar-10-batches-py/test_batch,4404,cat,deer,0.9462766647338867,False,False,/home/tariq/Desktop/Awais-Tariq/base-KD/reports/cifar10_full_audit/vit_scratch/failure_images/04404_true-cat_pred-deer.png,false_negative_for_cat;false_positive_for_deer
4408,cifar10_test_04408,/home/tariq/Desktop/Awais-Tariq/base-KD/data/cifar-10-batches-py/test_batch,4408,airplane,automobile,0.9910086989402771,False,True,/home/tariq/Desktop/Awais-Tariq/base-KD/reports/cifar10_full_audit/vit_scratch/failure_images/04408_true-airplane_pred-automobile.png,false_negative_for_airplane;false_positive_for_automobile
4414,cifar10_test_04414,/home/tariq/Desktop/Awais-Tariq/base-KD/data/cifar-10-batches-py/test_batch,4414,bird,frog,0.9999312162399292,False,True,/home/tariq/Desktop/Awais-Tariq/base-KD/reports/cifar10_full_audit/vit_scratch/failure_images/04414_true-bird_pred-frog.png,false_negative_for_bird;false_positive_for_frog
4421,cifar10_test_04421,/home/tariq/Desktop/Awais-Tariq/base-KD/data/cifar-10-batches-py/test_batch,4421,bird,cat,0.7628759145736694,False,False,/home/tariq/Desktop/Awais-Tariq/base-KD/reports/cifar10_full_audit/vit_scratch/failure_images/04421_true-bird_pred-cat.png,false_negative_for_bird;false_positive_for_cat
4432,cifar10_test_04432,/home/tariq/Desktop/Awais-Tariq/base-KD/data/cifar-10-batches-py/test_batch,4432,horse,deer,0.3900740146636963,False,True,/home/tariq/Desktop/Awais-Tariq/base-KD/reports/cifar10_full_audit/vit_scratch/failure_images/04432_true-horse_pred-deer.png,false_negative_for_horse;false_positive_for_deer
4442,cifar10_test_04442,/home/tariq/Desktop/Awais-Tariq/base-KD/data/cifar-10-batches-py/test_batch,4442,cat,airplane,0.3664765954017639,False,False,/home/tariq/Desktop/Awais-Tariq/base-KD/reports/cifar10_full_audit/vit_scratch/failure_images/04442_true-cat_pred-airplane.png,false_negative_for_cat;false_positive_for_airplane
4446,cifar10_test_04446,/home/tariq/Desktop/Awais-Tariq/base-KD/data/cifar-10-batches-py/test_batch,4446,airplane,automobile,0.9999772310256958,False,True,/home/tariq/Desktop/Awais-Tariq/base-KD/reports/cifar10_full_audit/vit_scratch/failure_images/04446_true-airplane_pred-automobile.png,false_negative_for_airplane;false_positive_for_automobile
4447,cifar10_test_04447,/home/tariq/Desktop/Awais-Tariq/base-KD/data/cifar-10-batches-py/test_batch,4447,airplane,cat,0.9795584082603455,False,True,/home/tariq/Desktop/Awais-Tariq/base-KD/reports/cifar10_full_audit/vit_scratch/failure_images/04447_true-airplane_pred-cat.png,false_negative_for_airplane;false_positive_for_cat
4463,cifar10_test_04463,/home/tariq/Desktop/Awais-Tariq/base-KD/data/cifar-10-batches-py/test_batch,4463,dog,cat,0.795109212398529,False,True,/home/tariq/Desktop/Awais-Tariq/base-KD/reports/cifar10_full_audit/vit_scratch/failure_images/04463_true-dog_pred-cat.png,false_negative_for_dog;false_positive_for_cat
4470,cifar10_test_04470,/home/tariq/Desktop/Awais-Tariq/base-KD/data/cifar-10-batches-py/test_batch,4470,airplane,truck,0.9998078942298889,False,True,/home/tariq/Desktop/Awais-Tariq/base-KD/reports/cifar10_full_audit/vit_scratch/failure_images/04470_true-airplane_pred-truck.png,false_negative_for_airplane;false_positive_for_truck
4476,cifar10_test_04476,/home/tariq/Desktop/Awais-Tariq/base-KD/data/cifar-10-batches-py/test_batch,4476,automobile,cat,0.695645272731781,False,True,/home/tariq/Desktop/Awais-Tariq/base-KD/reports/cifar10_full_audit/vit_scratch/failure_images/04476_true-automobile_pred-cat.png,false_negative_for_automobile;false_positive_for_cat
4477,cifar10_test_04477,/home/tariq/Desktop/Awais-Tariq/base-KD/data/cifar-10-batches-py/test_batch,4477,frog,bird,0.9616350531578064,False,True,/home/tariq/Desktop/Awais-Tariq/base-KD/reports/cifar10_full_audit/vit_scratch/failure_images/04477_true-frog_pred-bird.png,false_negative_for_frog;false_positive_for_bird
4483,cifar10_test_04483,/home/tariq/Desktop/Awais-Tariq/base-KD/data/cifar-10-batches-py/test_batch,4483,bird,airplane,0.9985743761062622,False,True,/home/tariq/Desktop/Awais-Tariq/base-KD/reports/cifar10_full_audit/vit_scratch/failure_images/04483_true-bird_pred-airplane.png,false_negative_for_bird;false_positive_for_airplane
4485,cifar10_test_04485,/home/tariq/Desktop/Awais-Tariq/base-KD/data/cifar-10-batches-py/test_batch,4485,cat,horse,0.9998225569725037,False,True,/home/tariq/Desktop/Awais-Tariq/base-KD/reports/cifar10_full_audit/vit_scratch/failure_images/04485_true-cat_pred-horse.png,false_negative_for_cat;false_positive_for_horse
4486,cifar10_test_04486,/home/tariq/Desktop/Awais-Tariq/base-KD/data/cifar-10-batches-py/test_batch,4486,ship,automobile,0.9998773336410522,False,True,/home/tariq/Desktop/Awais-Tariq/base-KD/reports/cifar10_full_audit/vit_scratch/failure_images/04486_true-ship_pred-automobile.png,false_negative_for_ship;false_positive_for_automobile
4487,cifar10_test_04487,/home/tariq/Desktop/Awais-Tariq/base-KD/data/cifar-10-batches-py/test_batch,4487,cat,frog,0.6868749856948853,False,True,/home/tariq/Desktop/Awais-Tariq/base-KD/reports/cifar10_full_audit/vit_scratch/failure_images/04487_true-cat_pred-frog.png,false_negative_for_cat;false_positive_for_frog
4490,cifar10_test_04490,/home/tariq/Desktop/Awais-Tariq/base-KD/data/cifar-10-batches-py/test_batch,4490,airplane,frog,0.567496120929718,False,True,/home/tariq/Desktop/Awais-Tariq/base-KD/reports/cifar10_full_audit/vit_scratch/failure_images/04490_true-airplane_pred-frog.png,false_negative_for_airplane;false_positive_for_frog
4503,cifar10_test_04503,/home/tariq/Desktop/Awais-Tariq/base-KD/data/cifar-10-batches-py/test_batch,4503,horse,cat,0.8454246520996094,False,True,/home/tariq/Desktop/Awais-Tariq/base-KD/reports/cifar10_full_audit/vit_scratch/failure_images/04503_true-horse_pred-cat.png,false_negative_for_horse;false_positive_for_cat
4513,cifar10_test_04513,/home/tariq/Desktop/Awais-Tariq/base-KD/data/cifar-10-batches-py/test_batch,4513,deer,horse,0.5342638492584229,False,True,/home/tariq/Desktop/Awais-Tariq/base-KD/reports/cifar10_full_audit/vit_scratch/failure_images/04513_true-deer_pred-horse.png,false_negative_for_deer;false_positive_for_horse
4524,cifar10_test_04524,/home/tariq/Desktop/Awais-Tariq/base-KD/data/cifar-10-batches-py/test_batch,4524,deer,bird,0.9603525996208191,False,True,/home/tariq/Desktop/Awais-Tariq/base-KD/reports/cifar10_full_audit/vit_scratch/failure_images/04524_true-deer_pred-bird.png,false_negative_for_deer;false_positive_for_bird
4527,cifar10_test_04527,/home/tariq/Desktop/Awais-Tariq/base-KD/data/cifar-10-batches-py/test_batch,4527,cat,dog,0.9984671473503113,False,True,/home/tariq/Desktop/Awais-Tariq/base-KD/reports/cifar10_full_audit/vit_scratch/failure_images/04527_true-cat_pred-dog.png,false_negative_for_cat;false_positive_for_dog
4528,cifar10_test_04528,/home/tariq/Desktop/Awais-Tariq/base-KD/data/cifar-10-batches-py/test_batch,4528,dog,deer,0.992555558681488,False,True,/home/tariq/Desktop/Awais-Tariq/base-KD/reports/cifar10_full_audit/vit_scratch/failure_images/04528_true-dog_pred-deer.png,false_negative_for_dog;false_positive_for_deer
4542,cifar10_test_04542,/home/tariq/Desktop/Awais-Tariq/base-KD/data/cifar-10-batches-py/test_batch,4542,cat,bird,0.9861161708831787,False,True,/home/tariq/Desktop/Awais-Tariq/base-KD/reports/cifar10_full_audit/vit_scratch/failure_images/04542_true-cat_pred-bird.png,false_negative_for_cat;false_positive_for_bird
4545,cifar10_test_04545,/home/tariq/Desktop/Awais-Tariq/base-KD/data/cifar-10-batches-py/test_batch,4545,cat,deer,0.9156035780906677,False,True,/home/tariq/Desktop/Awais-Tariq/base-KD/reports/cifar10_full_audit/vit_scratch/failure_images/04545_true-cat_pred-deer.png,false_negative_for_cat;false_positive_for_deer
4548,cifar10_test_04548,/home/tariq/Desktop/Awais-Tariq/base-KD/data/cifar-10-batches-py/test_batch,4548,airplane,cat,0.9511827230453491,False,False,/home/tariq/Desktop/Awais-Tariq/base-KD/reports/cifar10_full_audit/vit_scratch/failure_images/04548_true-airplane_pred-cat.png,false_negative_for_airplane;false_positive_for_cat
4550,cifar10_test_04550,/home/tariq/Desktop/Awais-Tariq/base-KD/data/cifar-10-batches-py/test_batch,4550,truck,automobile,0.988079845905304,False,True,/home/tariq/Desktop/Awais-Tariq/base-KD/reports/cifar10_full_audit/vit_scratch/failure_images/04550_true-truck_pred-automobile.png,false_negative_for_truck;false_positive_for_automobile
4551,cifar10_test_04551,/home/tariq/Desktop/Awais-Tariq/base-KD/data/cifar-10-batches-py/test_batch,4551,dog,cat,0.9999620914459229,False,True,/home/tariq/Desktop/Awais-Tariq/base-KD/reports/cifar10_full_audit/vit_scratch/failure_images/04551_true-dog_pred-cat.png,false_negative_for_dog;false_positive_for_cat
4552,cifar10_test_04552,/home/tariq/Desktop/Awais-Tariq/base-KD/data/cifar-10-batches-py/test_batch,4552,dog,cat,0.8746500015258789,False,True,/home/tariq/Desktop/Awais-Tariq/base-KD/reports/cifar10_full_audit/vit_scratch/failure_images/04552_true-dog_pred-cat.png,false_negative_for_dog;false_positive_for_cat
4555,cifar10_test_04555,/home/tariq/Desktop/Awais-Tariq/base-KD/data/cifar-10-batches-py/test_batch,4555,dog,horse,0.9786432385444641,False,False,/home/tariq/Desktop/Awais-Tariq/base-KD/reports/cifar10_full_audit/vit_scratch/failure_images/04555_true-dog_pred-horse.png,false_negative_for_dog;false_positive_for_horse
4565,cifar10_test_04565,/home/tariq/Desktop/Awais-Tariq/base-KD/data/cifar-10-batches-py/test_batch,4565,bird,horse,0.8664342761039734,False,True,/home/tariq/Desktop/Awais-Tariq/base-KD/reports/cifar10_full_audit/vit_scratch/failure_images/04565_true-bird_pred-horse.png,false_negative_for_bird;false_positive_for_horse
4571,cifar10_test_04571,/home/tariq/Desktop/Awais-Tariq/base-KD/data/cifar-10-batches-py/test_batch,4571,deer,bird,0.745130717754364,False,True,/home/tariq/Desktop/Awais-Tariq/base-KD/reports/cifar10_full_audit/vit_scratch/failure_images/04571_true-deer_pred-bird.png,false_negative_for_deer;false_positive_for_bird
4574,cifar10_test_04574,/home/tariq/Desktop/Awais-Tariq/base-KD/data/cifar-10-batches-py/test_batch,4574,cat,dog,0.9712528586387634,False,True,/home/tariq/Desktop/Awais-Tariq/base-KD/reports/cifar10_full_audit/vit_scratch/failure_images/04574_true-cat_pred-dog.png,false_negative_for_cat;false_positive_for_dog
4585,cifar10_test_04585,/home/tariq/Desktop/Awais-Tariq/base-KD/data/cifar-10-batches-py/test_batch,4585,ship,airplane,0.85909503698349,False,True,/home/tariq/Desktop/Awais-Tariq/base-KD/reports/cifar10_full_audit/vit_scratch/failure_images/04585_true-ship_pred-airplane.png,false_negative_for_ship;false_positive_for_airplane
4588,cifar10_test_04588,/home/tariq/Desktop/Awais-Tariq/base-KD/data/cifar-10-batches-py/test_batch,4588,truck,horse,0.8020989894866943,False,True,/home/tariq/Desktop/Awais-Tariq/base-KD/reports/cifar10_full_audit/vit_scratch/failure_images/04588_true-truck_pred-horse.png,false_negative_for_truck;false_positive_for_horse
4599,cifar10_test_04599,/home/tariq/Desktop/Awais-Tariq/base-KD/data/cifar-10-batches-py/test_batch,4599,ship,automobile,0.7794266939163208,False,True,/home/tariq/Desktop/Awais-Tariq/base-KD/reports/cifar10_full_audit/vit_scratch/failure_images/04599_true-ship_pred-automobile.png,false_negative_for_ship;false_positive_for_automobile
4603,cifar10_test_04603,/home/tariq/Desktop/Awais-Tariq/base-KD/data/cifar-10-batches-py/test_batch,4603,frog,horse,0.4580734372138977,False,True,/home/tariq/Desktop/Awais-Tariq/base-KD/reports/cifar10_full_audit/vit_scratch/failure_images/04603_true-frog_pred-horse.png,false_negative_for_frog;false_positive_for_horse
4605,cifar10_test_04605,/home/tariq/Desktop/Awais-Tariq/base-KD/data/cifar-10-batches-py/test_batch,4605,cat,deer,0.7991211414337158,False,True,/home/tariq/Desktop/Awais-Tariq/base-KD/reports/cifar10_full_audit/vit_scratch/failure_images/04605_true-cat_pred-deer.png,false_negative_for_cat;false_positive_for_deer
4606,cifar10_test_04606,/home/tariq/Desktop/Awais-Tariq/base-KD/data/cifar-10-batches-py/test_batch,4606,airplane,cat,0.9219405651092529,False,True,/home/tariq/Desktop/Awais-Tariq/base-KD/reports/cifar10_full_audit/vit_scratch/failure_images/04606_true-airplane_pred-cat.png,false_negative_for_airplane;false_positive_for_cat
4609,cifar10_test_04609,/home/tariq/Desktop/Awais-Tariq/base-KD/data/cifar-10-batches-py/test_batch,4609,ship,truck,0.5565865635871887,False,True,/home/tariq/Desktop/Awais-Tariq/base-KD/reports/cifar10_full_audit/vit_scratch/failure_images/04609_true-ship_pred-truck.png,false_negative_for_ship;false_positive_for_truck
4610,cifar10_test_04610,/home/tariq/Desktop/Awais-Tariq/base-KD/data/cifar-10-batches-py/test_batch,4610,frog,truck,0.6698533892631531,False,True,/home/tariq/Desktop/Awais-Tariq/base-KD/reports/cifar10_full_audit/vit_scratch/failure_images/04610_true-frog_pred-truck.png,false_negative_for_frog;false_positive_for_truck
4613,cifar10_test_04613,/home/tariq/Desktop/Awais-Tariq/base-KD/data/cifar-10-batches-py/test_batch,4613,automobile,truck,0.9077558517456055,False,True,/home/tariq/Desktop/Awais-Tariq/base-KD/reports/cifar10_full_audit/vit_scratch/failure_images/04613_true-automobile_pred-truck.png,false_negative_for_automobile;false_positive_for_truck
4614,cifar10_test_04614,/home/tariq/Desktop/Awais-Tariq/base-KD/data/cifar-10-batches-py/test_batch,4614,cat,horse,0.5558836460113525,False,True,/home/tariq/Desktop/Awais-Tariq/base-KD/reports/cifar10_full_audit/vit_scratch/failure_images/04614_true-cat_pred-horse.png,false_negative_for_cat;false_positive_for_horse
4615,cifar10_test_04615,/home/tariq/Desktop/Awais-Tariq/base-KD/data/cifar-10-batches-py/test_batch,4615,dog,deer,0.8975182175636292,False,True,/home/tariq/Desktop/Awais-Tariq/base-KD/reports/cifar10_full_audit/vit_scratch/failure_images/04615_true-dog_pred-deer.png,false_negative_for_dog;false_positive_for_deer
4630,cifar10_test_04630,/home/tariq/Desktop/Awais-Tariq/base-KD/data/cifar-10-batches-py/test_batch,4630,bird,deer,0.8318732380867004,False,True,/home/tariq/Desktop/Awais-Tariq/base-KD/reports/cifar10_full_audit/vit_scratch/failure_images/04630_true-bird_pred-deer.png,false_negative_for_bird;false_positive_for_deer
4637,cifar10_test_04637,/home/tariq/Desktop/Awais-Tariq/base-KD/data/cifar-10-batches-py/test_batch,4637,cat,dog,0.6458190083503723,False,True,/home/tariq/Desktop/Awais-Tariq/base-KD/reports/cifar10_full_audit/vit_scratch/failure_images/04637_true-cat_pred-dog.png,false_negative_for_cat;false_positive_for_dog
4643,cifar10_test_04643,/home/tariq/Desktop/Awais-Tariq/base-KD/data/cifar-10-batches-py/test_batch,4643,cat,dog,0.9995725750923157,False,True,/home/tariq/Desktop/Awais-Tariq/base-KD/reports/cifar10_full_audit/vit_scratch/failure_images/04643_true-cat_pred-dog.png,false_negative_for_cat;false_positive_for_dog
4646,cifar10_test_04646,/home/tariq/Desktop/Awais-Tariq/base-KD/data/cifar-10-batches-py/test_batch,4646,bird,dog,0.9783404469490051,False,True,/home/tariq/Desktop/Awais-Tariq/base-KD/reports/cifar10_full_audit/vit_scratch/failure_images/04646_true-bird_pred-dog.png,false_negative_for_bird;false_positive_for_dog
4652,cifar10_test_04652,/home/tariq/Desktop/Awais-Tariq/base-KD/data/cifar-10-batches-py/test_batch,4652,cat,dog,0.8828575015068054,False,True,/home/tariq/Desktop/Awais-Tariq/base-KD/reports/cifar10_full_audit/vit_scratch/failure_images/04652_true-cat_pred-dog.png,false_negative_for_cat;false_positive_for_dog
4655,cifar10_test_04655,/home/tariq/Desktop/Awais-Tariq/base-KD/data/cifar-10-batches-py/test_batch,4655,horse,dog,0.5429067611694336,False,True,/home/tariq/Desktop/Awais-Tariq/base-KD/reports/cifar10_full_audit/vit_scratch/failure_images/04655_true-horse_pred-dog.png,false_negative_for_horse;false_positive_for_dog
4661,cifar10_test_04661,/home/tariq/Desktop/Awais-Tariq/base-KD/data/cifar-10-batches-py/test_batch,4661,deer,cat,0.9493511319160461,False,True,/home/tariq/Desktop/Awais-Tariq/base-KD/reports/cifar10_full_audit/vit_scratch/failure_images/04661_true-deer_pred-cat.png,false_negative_for_deer;false_positive_for_cat
4664,cifar10_test_04664,/home/tariq/Desktop/Awais-Tariq/base-KD/data/cifar-10-batches-py/test_batch,4664,horse,dog,0.9120818972587585,False,True,/home/tariq/Desktop/Awais-Tariq/base-KD/reports/cifar10_full_audit/vit_scratch/failure_images/04664_true-horse_pred-dog.png,false_negative_for_horse;false_positive_for_dog
4674,cifar10_test_04674,/home/tariq/Desktop/Awais-Tariq/base-KD/data/cifar-10-batches-py/test_batch,4674,cat,frog,0.6421878337860107,False,True,/home/tariq/Desktop/Awais-Tariq/base-KD/reports/cifar10_full_audit/vit_scratch/failure_images/04674_true-cat_pred-frog.png,false_negative_for_cat;false_positive_for_frog
4686,cifar10_test_04686,/home/tariq/Desktop/Awais-Tariq/base-KD/data/cifar-10-batches-py/test_batch,4686,airplane,ship,0.9959717392921448,False,True,/home/tariq/Desktop/Awais-Tariq/base-KD/reports/cifar10_full_audit/vit_scratch/failure_images/04686_true-airplane_pred-ship.png,false_negative_for_airplane;false_positive_for_ship
4688,cifar10_test_04688,/home/tariq/Desktop/Awais-Tariq/base-KD/data/cifar-10-batches-py/test_batch,4688,horse,deer,0.9712193608283997,False,True,/home/tariq/Desktop/Awais-Tariq/base-KD/reports/cifar10_full_audit/vit_scratch/failure_images/04688_true-horse_pred-deer.png,false_negative_for_horse;false_positive_for_deer
4693,cifar10_test_04693,/home/tariq/Desktop/Awais-Tariq/base-KD/data/cifar-10-batches-py/test_batch,4693,deer,frog,0.9766492247581482,False,True,/home/tariq/Desktop/Awais-Tariq/base-KD/reports/cifar10_full_audit/vit_scratch/failure_images/04693_true-deer_pred-frog.png,false_negative_for_deer;false_positive_for_frog
4699,cifar10_test_04699,/home/tariq/Desktop/Awais-Tariq/base-KD/data/cifar-10-batches-py/test_batch,4699,dog,deer,0.46259361505508423,False,True,/home/tariq/Desktop/Awais-Tariq/base-KD/reports/cifar10_full_audit/vit_scratch/failure_images/04699_true-dog_pred-deer.png,false_negative_for_dog;false_positive_for_deer
4705,cifar10_test_04705,/home/tariq/Desktop/Awais-Tariq/base-KD/data/cifar-10-batches-py/test_batch,4705,cat,frog,0.6830803751945496,False,True,/home/tariq/Desktop/Awais-Tariq/base-KD/reports/cifar10_full_audit/vit_scratch/failure_images/04705_true-cat_pred-frog.png,false_negative_for_cat;false_positive_for_frog
4710,cifar10_test_04710,/home/tariq/Desktop/Awais-Tariq/base-KD/data/cifar-10-batches-py/test_batch,4710,cat,horse,0.998273491859436,False,True,/home/tariq/Desktop/Awais-Tariq/base-KD/reports/cifar10_full_audit/vit_scratch/failure_images/04710_true-cat_pred-horse.png,false_negative_for_cat;false_positive_for_horse
4717,cifar10_test_04717,/home/tariq/Desktop/Awais-Tariq/base-KD/data/cifar-10-batches-py/test_batch,4717,deer,cat,0.9507405161857605,False,True,/home/tariq/Desktop/Awais-Tariq/base-KD/reports/cifar10_full_audit/vit_scratch/failure_images/04717_true-deer_pred-cat.png,false_negative_for_deer;false_positive_for_cat
4730,cifar10_test_04730,/home/tariq/Desktop/Awais-Tariq/base-KD/data/cifar-10-batches-py/test_batch,4730,bird,deer,0.7166677713394165,False,True,/home/tariq/Desktop/Awais-Tariq/base-KD/reports/cifar10_full_audit/vit_scratch/failure_images/04730_true-bird_pred-deer.png,false_negative_for_bird;false_positive_for_deer
4732,cifar10_test_04732,/home/tariq/Desktop/Awais-Tariq/base-KD/data/cifar-10-batches-py/test_batch,4732,bird,frog,0.9366939067840576,False,True,/home/tariq/Desktop/Awais-Tariq/base-KD/reports/cifar10_full_audit/vit_scratch/failure_images/04732_true-bird_pred-frog.png,false_negative_for_bird;false_positive_for_frog
4740,cifar10_test_04740,/home/tariq/Desktop/Awais-Tariq/base-KD/data/cifar-10-batches-py/test_batch,4740,dog,frog,0.6395324468612671,False,True,/home/tariq/Desktop/Awais-Tariq/base-KD/reports/cifar10_full_audit/vit_scratch/failure_images/04740_true-dog_pred-frog.png,false_negative_for_dog;false_positive_for_frog
4744,cifar10_test_04744,/home/tariq/Desktop/Awais-Tariq/base-KD/data/cifar-10-batches-py/test_batch,4744,frog,airplane,0.9976034760475159,False,True,/home/tariq/Desktop/Awais-Tariq/base-KD/reports/cifar10_full_audit/vit_scratch/failure_images/04744_true-frog_pred-airplane.png,false_negative_for_frog;false_positive_for_airplane
4748,cifar10_test_04748,/home/tariq/Desktop/Awais-Tariq/base-KD/data/cifar-10-batches-py/test_batch,4748,airplane,ship,0.9963383674621582,False,True,/home/tariq/Desktop/Awais-Tariq/base-KD/reports/cifar10_full_audit/vit_scratch/failure_images/04748_true-airplane_pred-ship.png,false_negative_for_airplane;false_positive_for_ship
4749,cifar10_test_04749,/home/tariq/Desktop/Awais-Tariq/base-KD/data/cifar-10-batches-py/test_batch,4749,bird,cat,0.9985920786857605,False,True,/home/tariq/Desktop/Awais-Tariq/base-KD/reports/cifar10_full_audit/vit_scratch/failure_images/04749_true-bird_pred-cat.png,false_negative_for_bird;false_positive_for_cat
4750,cifar10_test_04750,/home/tariq/Desktop/Awais-Tariq/base-KD/data/cifar-10-batches-py/test_batch,4750,horse,truck,0.8199251294136047,False,False,/home/tariq/Desktop/Awais-Tariq/base-KD/reports/cifar10_full_audit/vit_scratch/failure_images/04750_true-horse_pred-truck.png,false_negative_for_horse;false_positive_for_truck
4754,cifar10_test_04754,/home/tariq/Desktop/Awais-Tariq/base-KD/data/cifar-10-batches-py/test_batch,4754,cat,ship,0.9984105825424194,False,True,/home/tariq/Desktop/Awais-Tariq/base-KD/reports/cifar10_full_audit/vit_scratch/failure_images/04754_true-cat_pred-ship.png,false_negative_for_cat;false_positive_for_ship
4757,cifar10_test_04757,/home/tariq/Desktop/Awais-Tariq/base-KD/data/cifar-10-batches-py/test_batch,4757,deer,horse,0.9997636675834656,False,True,/home/tariq/Desktop/Awais-Tariq/base-KD/reports/cifar10_full_audit/vit_scratch/failure_images/04757_true-deer_pred-horse.png,false_negative_for_deer;false_positive_for_horse
4758,cifar10_test_04758,/home/tariq/Desktop/Awais-Tariq/base-KD/data/cifar-10-batches-py/test_batch,4758,truck,frog,0.7868684530258179,False,True,/home/tariq/Desktop/Awais-Tariq/base-KD/reports/cifar10_full_audit/vit_scratch/failure_images/04758_true-truck_pred-frog.png,false_negative_for_truck;false_positive_for_frog
4760,cifar10_test_04760,/home/tariq/Desktop/Awais-Tariq/base-KD/data/cifar-10-batches-py/test_batch,4760,cat,airplane,0.5434081554412842,False,True,/home/tariq/Desktop/Awais-Tariq/base-KD/reports/cifar10_full_audit/vit_scratch/failure_images/04760_true-cat_pred-airplane.png,false_negative_for_cat;false_positive_for_airplane
4792,cifar10_test_04792,/home/tariq/Desktop/Awais-Tariq/base-KD/data/cifar-10-batches-py/test_batch,4792,airplane,bird,0.4595070481300354,False,True,/home/tariq/Desktop/Awais-Tariq/base-KD/reports/cifar10_full_audit/vit_scratch/failure_images/04792_true-airplane_pred-bird.png,false_negative_for_airplane;false_positive_for_bird
4794,cifar10_test_04794,/home/tariq/Desktop/Awais-Tariq/base-KD/data/cifar-10-batches-py/test_batch,4794,deer,bird,0.9979740977287292,False,True,/home/tariq/Desktop/Awais-Tariq/base-KD/reports/cifar10_full_audit/vit_scratch/failure_images/04794_true-deer_pred-bird.png,false_negative_for_deer;false_positive_for_bird
4795,cifar10_test_04795,/home/tariq/Desktop/Awais-Tariq/base-KD/data/cifar-10-batches-py/test_batch,4795,dog,cat,0.9998748302459717,False,True,/home/tariq/Desktop/Awais-Tariq/base-KD/reports/cifar10_full_audit/vit_scratch/failure_images/04795_true-dog_pred-cat.png,false_negative_for_dog;false_positive_for_cat
4805,cifar10_test_04805,/home/tariq/Desktop/Awais-Tariq/base-KD/data/cifar-10-batches-py/test_batch,4805,dog,bird,0.5205309987068176,False,True,/home/tariq/Desktop/Awais-Tariq/base-KD/reports/cifar10_full_audit/vit_scratch/failure_images/04805_true-dog_pred-bird.png,false_negative_for_dog;false_positive_for_bird
4814,cifar10_test_04814,/home/tariq/Desktop/Awais-Tariq/base-KD/data/cifar-10-batches-py/test_batch,4814,cat,bird,0.6570816040039062,False,True,/home/tariq/Desktop/Awais-Tariq/base-KD/reports/cifar10_full_audit/vit_scratch/failure_images/04814_true-cat_pred-bird.png,false_negative_for_cat;false_positive_for_bird
4815,cifar10_test_04815,/home/tariq/Desktop/Awais-Tariq/base-KD/data/cifar-10-batches-py/test_batch,4815,truck,ship,0.6534743905067444,False,True,/home/tariq/Desktop/Awais-Tariq/base-KD/reports/cifar10_full_audit/vit_scratch/failure_images/04815_true-truck_pred-ship.png,false_negative_for_truck;false_positive_for_ship
4821,cifar10_test_04821,/home/tariq/Desktop/Awais-Tariq/base-KD/data/cifar-10-batches-py/test_batch,4821,deer,frog,0.7690186500549316,False,True,/home/tariq/Desktop/Awais-Tariq/base-KD/reports/cifar10_full_audit/vit_scratch/failure_images/04821_true-deer_pred-frog.png,false_negative_for_deer;false_positive_for_frog
4825,cifar10_test_04825,/home/tariq/Desktop/Awais-Tariq/base-KD/data/cifar-10-batches-py/test_batch,4825,horse,dog,0.6123837232589722,False,True,/home/tariq/Desktop/Awais-Tariq/base-KD/reports/cifar10_full_audit/vit_scratch/failure_images/04825_true-horse_pred-dog.png,false_negative_for_horse;false_positive_for_dog
4826,cifar10_test_04826,/home/tariq/Desktop/Awais-Tariq/base-KD/data/cifar-10-batches-py/test_batch,4826,cat,dog,0.5769090056419373,False,True,/home/tariq/Desktop/Awais-Tariq/base-KD/reports/cifar10_full_audit/vit_scratch/failure_images/04826_true-cat_pred-dog.png,false_negative_for_cat;false_positive_for_dog
4830,cifar10_test_04830,/home/tariq/Desktop/Awais-Tariq/base-KD/data/cifar-10-batches-py/test_batch,4830,cat,dog,0.997272789478302,False,True,/home/tariq/Desktop/Awais-Tariq/base-KD/reports/cifar10_full_audit/vit_scratch/failure_images/04830_true-cat_pred-dog.png,false_negative_for_cat;false_positive_for_dog
4832,cifar10_test_04832,/home/tariq/Desktop/Awais-Tariq/base-KD/data/cifar-10-batches-py/test_batch,4832,deer,frog,0.5477139949798584,False,True,/home/tariq/Desktop/Awais-Tariq/base-KD/reports/cifar10_full_audit/vit_scratch/failure_images/04832_true-deer_pred-frog.png,false_negative_for_deer;false_positive_for_frog
4840,cifar10_test_04840,/home/tariq/Desktop/Awais-Tariq/base-KD/data/cifar-10-batches-py/test_batch,4840,airplane,automobile,0.6322289109230042,False,True,/home/tariq/Desktop/Awais-Tariq/base-KD/reports/cifar10_full_audit/vit_scratch/failure_images/04840_true-airplane_pred-automobile.png,false_negative_for_airplane;false_positive_for_automobile
4849,cifar10_test_04849,/home/tariq/Desktop/Awais-Tariq/base-KD/data/cifar-10-batches-py/test_batch,4849,dog,cat,0.6286065578460693,False,True,/home/tariq/Desktop/Awais-Tariq/base-KD/reports/cifar10_full_audit/vit_scratch/failure_images/04849_true-dog_pred-cat.png,false_negative_for_dog;false_positive_for_cat
4858,cifar10_test_04858,/home/tariq/Desktop/Awais-Tariq/base-KD/data/cifar-10-batches-py/test_batch,4858,bird,cat,0.7030714750289917,False,True,/home/tariq/Desktop/Awais-Tariq/base-KD/reports/cifar10_full_audit/vit_scratch/failure_images/04858_true-bird_pred-cat.png,false_negative_for_bird;false_positive_for_cat
4862,cifar10_test_04862,/home/tariq/Desktop/Awais-Tariq/base-KD/data/cifar-10-batches-py/test_batch,4862,cat,bird,0.37249183654785156,False,True,/home/tariq/Desktop/Awais-Tariq/base-KD/reports/cifar10_full_audit/vit_scratch/failure_images/04862_true-cat_pred-bird.png,false_negative_for_cat;false_positive_for_bird
4865,cifar10_test_04865,/home/tariq/Desktop/Awais-Tariq/base-KD/data/cifar-10-batches-py/test_batch,4865,ship,truck,0.9982353448867798,False,False,/home/tariq/Desktop/Awais-Tariq/base-KD/reports/cifar10_full_audit/vit_scratch/failure_images/04865_true-ship_pred-truck.png,false_negative_for_ship;false_positive_for_truck
4871,cifar10_test_04871,/home/tariq/Desktop/Awais-Tariq/base-KD/data/cifar-10-batches-py/test_batch,4871,horse,dog,0.9927998781204224,False,True,/home/tariq/Desktop/Awais-Tariq/base-KD/reports/cifar10_full_audit/vit_scratch/failure_images/04871_true-horse_pred-dog.png,false_negative_for_horse;false_positive_for_dog
4878,cifar10_test_04878,/home/tariq/Desktop/Awais-Tariq/base-KD/data/cifar-10-batches-py/test_batch,4878,horse,deer,0.9866610169410706,False,True,/home/tariq/Desktop/Awais-Tariq/base-KD/reports/cifar10_full_audit/vit_scratch/failure_images/04878_true-horse_pred-deer.png,false_negative_for_horse;false_positive_for_deer
4884,cifar10_test_04884,/home/tariq/Desktop/Awais-Tariq/base-KD/data/cifar-10-batches-py/test_batch,4884,deer,cat,0.933007538318634,False,True,/home/tariq/Desktop/Awais-Tariq/base-KD/reports/cifar10_full_audit/vit_scratch/failure_images/04884_true-deer_pred-cat.png,false_negative_for_deer;false_positive_for_cat
4887,cifar10_test_04887,/home/tariq/Desktop/Awais-Tariq/base-KD/data/cifar-10-batches-py/test_batch,4887,dog,cat,0.9314982295036316,False,True,/home/tariq/Desktop/Awais-Tariq/base-KD/reports/cifar10_full_audit/vit_scratch/failure_images/04887_true-dog_pred-cat.png,false_negative_for_dog;false_positive_for_cat
4889,cifar10_test_04889,/home/tariq/Desktop/Awais-Tariq/base-KD/data/cifar-10-batches-py/test_batch,4889,deer,horse,0.7544229626655579,False,True,/home/tariq/Desktop/Awais-Tariq/base-KD/reports/cifar10_full_audit/vit_scratch/failure_images/04889_true-deer_pred-horse.png,false_negative_for_deer;false_positive_for_horse
4892,cifar10_test_04892,/home/tariq/Desktop/Awais-Tariq/base-KD/data/cifar-10-batches-py/test_batch,4892,horse,deer,0.9871568083763123,False,True,/home/tariq/Desktop/Awais-Tariq/base-KD/reports/cifar10_full_audit/vit_scratch/failure_images/04892_true-horse_pred-deer.png,false_negative_for_horse;false_positive_for_deer
4903,cifar10_test_04903,/home/tariq/Desktop/Awais-Tariq/base-KD/data/cifar-10-batches-py/test_batch,4903,bird,frog,0.6506048440933228,False,True,/home/tariq/Desktop/Awais-Tariq/base-KD/reports/cifar10_full_audit/vit_scratch/failure_images/04903_true-bird_pred-frog.png,false_negative_for_bird;false_positive_for_frog
4906,cifar10_test_04906,/home/tariq/Desktop/Awais-Tariq/base-KD/data/cifar-10-batches-py/test_batch,4906,dog,horse,0.5967375636100769,False,True,/home/tariq/Desktop/Awais-Tariq/base-KD/reports/cifar10_full_audit/vit_scratch/failure_images/04906_true-dog_pred-horse.png,false_negative_for_dog;false_positive_for_horse
4908,cifar10_test_04908,/home/tariq/Desktop/Awais-Tariq/base-KD/data/cifar-10-batches-py/test_batch,4908,frog,ship,0.9352388381958008,False,True,/home/tariq/Desktop/Awais-Tariq/base-KD/reports/cifar10_full_audit/vit_scratch/failure_images/04908_true-frog_pred-ship.png,false_negative_for_frog;false_positive_for_ship
4910,cifar10_test_04910,/home/tariq/Desktop/Awais-Tariq/base-KD/data/cifar-10-batches-py/test_batch,4910,ship,truck,0.9999452829360962,False,True,/home/tariq/Desktop/Awais-Tariq/base-KD/reports/cifar10_full_audit/vit_scratch/failure_images/04910_true-ship_pred-truck.png,false_negative_for_ship;false_positive_for_truck
4917,cifar10_test_04917,/home/tariq/Desktop/Awais-Tariq/base-KD/data/cifar-10-batches-py/test_batch,4917,dog,frog,0.7209130525588989,False,True,/home/tariq/Desktop/Awais-Tariq/base-KD/reports/cifar10_full_audit/vit_scratch/failure_images/04917_true-dog_pred-frog.png,false_negative_for_dog;false_positive_for_frog
4921,cifar10_test_04921,/home/tariq/Desktop/Awais-Tariq/base-KD/data/cifar-10-batches-py/test_batch,4921,dog,airplane,0.9336807727813721,False,True,/home/tariq/Desktop/Awais-Tariq/base-KD/reports/cifar10_full_audit/vit_scratch/failure_images/04921_true-dog_pred-airplane.png,false_negative_for_dog;false_positive_for_airplane
4922,cifar10_test_04922,/home/tariq/Desktop/Awais-Tariq/base-KD/data/cifar-10-batches-py/test_batch,4922,airplane,truck,0.9291636943817139,False,True,/home/tariq/Desktop/Awais-Tariq/base-KD/reports/cifar10_full_audit/vit_scratch/failure_images/04922_true-airplane_pred-truck.png,false_negative_for_airplane;false_positive_for_truck
4924,cifar10_test_04924,/home/tariq/Desktop/Awais-Tariq/base-KD/data/cifar-10-batches-py/test_batch,4924,horse,frog,0.9816640615463257,False,False,/home/tariq/Desktop/Awais-Tariq/base-KD/reports/cifar10_full_audit/vit_scratch/failure_images/04924_true-horse_pred-frog.png,false_negative_for_horse;false_positive_for_frog
4931,cifar10_test_04931,/home/tariq/Desktop/Awais-Tariq/base-KD/data/cifar-10-batches-py/test_batch,4931,truck,automobile,0.6638485193252563,False,True,/home/tariq/Desktop/Awais-Tariq/base-KD/reports/cifar10_full_audit/vit_scratch/failure_images/04931_true-truck_pred-automobile.png,false_negative_for_truck;false_positive_for_automobile
4938,cifar10_test_04938,/home/tariq/Desktop/Awais-Tariq/base-KD/data/cifar-10-batches-py/test_batch,4938,cat,horse,0.47713956236839294,False,True,/home/tariq/Desktop/Awais-Tariq/base-KD/reports/cifar10_full_audit/vit_scratch/failure_images/04938_true-cat_pred-horse.png,false_negative_for_cat;false_positive_for_horse
4942,cifar10_test_04942,/home/tariq/Desktop/Awais-Tariq/base-KD/data/cifar-10-batches-py/test_batch,4942,dog,bird,0.7594974040985107,False,True,/home/tariq/Desktop/Awais-Tariq/base-KD/reports/cifar10_full_audit/vit_scratch/failure_images/04942_true-dog_pred-bird.png,false_negative_for_dog;false_positive_for_bird
4947,cifar10_test_04947,/home/tariq/Desktop/Awais-Tariq/base-KD/data/cifar-10-batches-py/test_batch,4947,dog,cat,0.9959335923194885,False,True,/home/tariq/Desktop/Awais-Tariq/base-KD/reports/cifar10_full_audit/vit_scratch/failure_images/04947_true-dog_pred-cat.png,false_negative_for_dog;false_positive_for_cat
4951,cifar10_test_04951,/home/tariq/Desktop/Awais-Tariq/base-KD/data/cifar-10-batches-py/test_batch,4951,horse,dog,0.5373690128326416,False,True,/home/tariq/Desktop/Awais-Tariq/base-KD/reports/cifar10_full_audit/vit_scratch/failure_images/04951_true-horse_pred-dog.png,false_negative_for_horse;false_positive_for_dog
4955,cifar10_test_04955,/home/tariq/Desktop/Awais-Tariq/base-KD/data/cifar-10-batches-py/test_batch,4955,bird,ship,0.8273563385009766,False,True,/home/tariq/Desktop/Awais-Tariq/base-KD/reports/cifar10_full_audit/vit_scratch/failure_images/04955_true-bird_pred-ship.png,false_negative_for_bird;false_positive_for_ship
4956,cifar10_test_04956,/home/tariq/Desktop/Awais-Tariq/base-KD/data/cifar-10-batches-py/test_batch,4956,dog,cat,0.8639877438545227,False,True,/home/tariq/Desktop/Awais-Tariq/base-KD/reports/cifar10_full_audit/vit_scratch/failure_images/04956_true-dog_pred-cat.png,false_negative_for_dog;false_positive_for_cat
4960,cifar10_test_04960,/home/tariq/Desktop/Awais-Tariq/base-KD/data/cifar-10-batches-py/test_batch,4960,deer,cat,0.6519327759742737,False,True,/home/tariq/Desktop/Awais-Tariq/base-KD/reports/cifar10_full_audit/vit_scratch/failure_images/04960_true-deer_pred-cat.png,false_negative_for_deer;false_positive_for_cat
4964,cifar10_test_04964,/home/tariq/Desktop/Awais-Tariq/base-KD/data/cifar-10-batches-py/test_batch,4964,dog,deer,0.8787739872932434,False,True,/home/tariq/Desktop/Awais-Tariq/base-KD/reports/cifar10_full_audit/vit_scratch/failure_images/04964_true-dog_pred-deer.png,false_negative_for_dog;false_positive_for_deer
4965,cifar10_test_04965,/home/tariq/Desktop/Awais-Tariq/base-KD/data/cifar-10-batches-py/test_batch,4965,cat,deer,0.9965692758560181,False,True,/home/tariq/Desktop/Awais-Tariq/base-KD/reports/cifar10_full_audit/vit_scratch/failure_images/04965_true-cat_pred-deer.png,false_negative_for_cat;false_positive_for_deer
4967,cifar10_test_04967,/home/tariq/Desktop/Awais-Tariq/base-KD/data/cifar-10-batches-py/test_batch,4967,horse,dog,0.9778514504432678,False,True,/home/tariq/Desktop/Awais-Tariq/base-KD/reports/cifar10_full_audit/vit_scratch/failure_images/04967_true-horse_pred-dog.png,false_negative_for_horse;false_positive_for_dog
4968,cifar10_test_04968,/home/tariq/Desktop/Awais-Tariq/base-KD/data/cifar-10-batches-py/test_batch,4968,airplane,ship,0.9563451409339905,False,True,/home/tariq/Desktop/Awais-Tariq/base-KD/reports/cifar10_full_audit/vit_scratch/failure_images/04968_true-airplane_pred-ship.png,false_negative_for_airplane;false_positive_for_ship
4970,cifar10_test_04970,/home/tariq/Desktop/Awais-Tariq/base-KD/data/cifar-10-batches-py/test_batch,4970,bird,cat,0.6398423314094543,False,True,/home/tariq/Desktop/Awais-Tariq/base-KD/reports/cifar10_full_audit/vit_scratch/failure_images/04970_true-bird_pred-cat.png,false_negative_for_bird;false_positive_for_cat
4973,cifar10_test_04973,/home/tariq/Desktop/Awais-Tariq/base-KD/data/cifar-10-batches-py/test_batch,4973,automobile,truck,0.9289477467536926,False,True,/home/tariq/Desktop/Awais-Tariq/base-KD/reports/cifar10_full_audit/vit_scratch/failure_images/04973_true-automobile_pred-truck.png,false_negative_for_automobile;false_positive_for_truck
4986,cifar10_test_04986,/home/tariq/Desktop/Awais-Tariq/base-KD/data/cifar-10-batches-py/test_batch,4986,ship,truck,0.9967178702354431,False,True,/home/tariq/Desktop/Awais-Tariq/base-KD/reports/cifar10_full_audit/vit_scratch/failure_images/04986_true-ship_pred-truck.png,false_negative_for_ship;false_positive_for_truck
4990,cifar10_test_04990,/home/tariq/Desktop/Awais-Tariq/base-KD/data/cifar-10-batches-py/test_batch,4990,horse,dog,0.9925261735916138,False,True,/home/tariq/Desktop/Awais-Tariq/base-KD/reports/cifar10_full_audit/vit_scratch/failure_images/04990_true-horse_pred-dog.png,false_negative_for_horse;false_positive_for_dog
4993,cifar10_test_04993,/home/tariq/Desktop/Awais-Tariq/base-KD/data/cifar-10-batches-py/test_batch,4993,horse,airplane,0.690342903137207,False,True,/home/tariq/Desktop/Awais-Tariq/base-KD/reports/cifar10_full_audit/vit_scratch/failure_images/04993_true-horse_pred-airplane.png,false_negative_for_horse;false_positive_for_airplane
4995,cifar10_test_04995,/home/tariq/Desktop/Awais-Tariq/base-KD/data/cifar-10-batches-py/test_batch,4995,bird,dog,0.893528938293457,False,True,/home/tariq/Desktop/Awais-Tariq/base-KD/reports/cifar10_full_audit/vit_scratch/failure_images/04995_true-bird_pred-dog.png,false_negative_for_bird;false_positive_for_dog
4997,cifar10_test_04997,/home/tariq/Desktop/Awais-Tariq/base-KD/data/cifar-10-batches-py/test_batch,4997,cat,horse,0.27831557393074036,False,True,/home/tariq/Desktop/Awais-Tariq/base-KD/reports/cifar10_full_audit/vit_scratch/failure_images/04997_true-cat_pred-horse.png,false_negative_for_cat;false_positive_for_horse
5006,cifar10_test_05006,/home/tariq/Desktop/Awais-Tariq/base-KD/data/cifar-10-batches-py/test_batch,5006,horse,deer,0.9987291693687439,False,True,/home/tariq/Desktop/Awais-Tariq/base-KD/reports/cifar10_full_audit/vit_scratch/failure_images/05006_true-horse_pred-deer.png,false_negative_for_horse;false_positive_for_deer
5011,cifar10_test_05011,/home/tariq/Desktop/Awais-Tariq/base-KD/data/cifar-10-batches-py/test_batch,5011,cat,dog,0.9894040822982788,False,True,/home/tariq/Desktop/Awais-Tariq/base-KD/reports/cifar10_full_audit/vit_scratch/failure_images/05011_true-cat_pred-dog.png,false_negative_for_cat;false_positive_for_dog
5023,cifar10_test_05023,/home/tariq/Desktop/Awais-Tariq/base-KD/data/cifar-10-batches-py/test_batch,5023,bird,frog,0.9990517497062683,False,True,/home/tariq/Desktop/Awais-Tariq/base-KD/reports/cifar10_full_audit/vit_scratch/failure_images/05023_true-bird_pred-frog.png,false_negative_for_bird;false_positive_for_frog
5031,cifar10_test_05031,/home/tariq/Desktop/Awais-Tariq/base-KD/data/cifar-10-batches-py/test_batch,5031,deer,airplane,0.5132206082344055,False,True,/home/tariq/Desktop/Awais-Tariq/base-KD/reports/cifar10_full_audit/vit_scratch/failure_images/05031_true-deer_pred-airplane.png,false_negative_for_deer;false_positive_for_airplane
5033,cifar10_test_05033,/home/tariq/Desktop/Awais-Tariq/base-KD/data/cifar-10-batches-py/test_batch,5033,cat,deer,0.7217629551887512,False,True,/home/tariq/Desktop/Awais-Tariq/base-KD/reports/cifar10_full_audit/vit_scratch/failure_images/05033_true-cat_pred-deer.png,false_negative_for_cat;false_positive_for_deer
5053,cifar10_test_05053,/home/tariq/Desktop/Awais-Tariq/base-KD/data/cifar-10-batches-py/test_batch,5053,horse,cat,0.8363590836524963,False,True,/home/tariq/Desktop/Awais-Tariq/base-KD/reports/cifar10_full_audit/vit_scratch/failure_images/05053_true-horse_pred-cat.png,false_negative_for_horse;false_positive_for_cat
5056,cifar10_test_05056,/home/tariq/Desktop/Awais-Tariq/base-KD/data/cifar-10-batches-py/test_batch,5056,automobile,truck,0.9985761642456055,False,True,/home/tariq/Desktop/Awais-Tariq/base-KD/reports/cifar10_full_audit/vit_scratch/failure_images/05056_true-automobile_pred-truck.png,false_negative_for_automobile;false_positive_for_truck
5067,cifar10_test_05067,/home/tariq/Desktop/Awais-Tariq/base-KD/data/cifar-10-batches-py/test_batch,5067,truck,automobile,0.87424236536026,False,True,/home/tariq/Desktop/Awais-Tariq/base-KD/reports/cifar10_full_audit/vit_scratch/failure_images/05067_true-truck_pred-automobile.png,false_negative_for_truck;false_positive_for_automobile
5068,cifar10_test_05068,/home/tariq/Desktop/Awais-Tariq/base-KD/data/cifar-10-batches-py/test_batch,5068,deer,dog,0.7922326922416687,False,True,/home/tariq/Desktop/Awais-Tariq/base-KD/reports/cifar10_full_audit/vit_scratch/failure_images/05068_true-deer_pred-dog.png,false_negative_for_deer;false_positive_for_dog
5070,cifar10_test_05070,/home/tariq/Desktop/Awais-Tariq/base-KD/data/cifar-10-batches-py/test_batch,5070,horse,cat,0.9951370358467102,False,True,/home/tariq/Desktop/Awais-Tariq/base-KD/reports/cifar10_full_audit/vit_scratch/failure_images/05070_true-horse_pred-cat.png,false_negative_for_horse;false_positive_for_cat
5072,cifar10_test_05072,/home/tariq/Desktop/Awais-Tariq/base-KD/data/cifar-10-batches-py/test_batch,5072,frog,deer,0.9988411068916321,False,True,/home/tariq/Desktop/Awais-Tariq/base-KD/reports/cifar10_full_audit/vit_scratch/failure_images/05072_true-frog_pred-deer.png,false_negative_for_frog;false_positive_for_deer
5074,cifar10_test_05074,/home/tariq/Desktop/Awais-Tariq/base-KD/data/cifar-10-batches-py/test_batch,5074,airplane,truck,0.6465869545936584,False,False,/home/tariq/Desktop/Awais-Tariq/base-KD/reports/cifar10_full_audit/vit_scratch/failure_images/05074_true-airplane_pred-truck.png,false_negative_for_airplane;false_positive_for_truck
5082,cifar10_test_05082,/home/tariq/Desktop/Awais-Tariq/base-KD/data/cifar-10-batches-py/test_batch,5082,frog,dog,0.6505118608474731,False,True,/home/tariq/Desktop/Awais-Tariq/base-KD/reports/cifar10_full_audit/vit_scratch/failure_images/05082_true-frog_pred-dog.png,false_negative_for_frog;false_positive_for_dog
5085,cifar10_test_05085,/home/tariq/Desktop/Awais-Tariq/base-KD/data/cifar-10-batches-py/test_batch,5085,bird,frog,0.9605903625488281,False,True,/home/tariq/Desktop/Awais-Tariq/base-KD/reports/cifar10_full_audit/vit_scratch/failure_images/05085_true-bird_pred-frog.png,false_negative_for_bird;false_positive_for_frog
5086,cifar10_test_05086,/home/tariq/Desktop/Awais-Tariq/base-KD/data/cifar-10-batches-py/test_batch,5086,cat,deer,0.9993451237678528,False,False,/home/tariq/Desktop/Awais-Tariq/base-KD/reports/cifar10_full_audit/vit_scratch/failure_images/05086_true-cat_pred-deer.png,false_negative_for_cat;false_positive_for_deer
5088,cifar10_test_05088,/home/tariq/Desktop/Awais-Tariq/base-KD/data/cifar-10-batches-py/test_batch,5088,ship,cat,0.5600505471229553,False,True,/home/tariq/Desktop/Awais-Tariq/base-KD/reports/cifar10_full_audit/vit_scratch/failure_images/05088_true-ship_pred-cat.png,false_negative_for_ship;false_positive_for_cat
5099,cifar10_test_05099,/home/tariq/Desktop/Awais-Tariq/base-KD/data/cifar-10-batches-py/test_batch,5099,bird,dog,0.9936029314994812,False,True,/home/tariq/Desktop/Awais-Tariq/base-KD/reports/cifar10_full_audit/vit_scratch/failure_images/05099_true-bird_pred-dog.png,false_negative_for_bird;false_positive_for_dog
5102,cifar10_test_05102,/home/tariq/Desktop/Awais-Tariq/base-KD/data/cifar-10-batches-py/test_batch,5102,dog,frog,0.5264471173286438,False,True,/home/tariq/Desktop/Awais-Tariq/base-KD/reports/cifar10_full_audit/vit_scratch/failure_images/05102_true-dog_pred-frog.png,false_negative_for_dog;false_positive_for_frog
5104,cifar10_test_05104,/home/tariq/Desktop/Awais-Tariq/base-KD/data/cifar-10-batches-py/test_batch,5104,ship,truck,0.9773126840591431,False,True,/home/tariq/Desktop/Awais-Tariq/base-KD/reports/cifar10_full_audit/vit_scratch/failure_images/05104_true-ship_pred-truck.png,false_negative_for_ship;false_positive_for_truck
5106,cifar10_test_05106,/home/tariq/Desktop/Awais-Tariq/base-KD/data/cifar-10-batches-py/test_batch,5106,frog,dog,0.6306812763214111,False,True,/home/tariq/Desktop/Awais-Tariq/base-KD/reports/cifar10_full_audit/vit_scratch/failure_images/05106_true-frog_pred-dog.png,false_negative_for_frog;false_positive_for_dog
5118,cifar10_test_05118,/home/tariq/Desktop/Awais-Tariq/base-KD/data/cifar-10-batches-py/test_batch,5118,bird,cat,0.9107111692428589,False,True,/home/tariq/Desktop/Awais-Tariq/base-KD/reports/cifar10_full_audit/vit_scratch/failure_images/05118_true-bird_pred-cat.png,false_negative_for_bird;false_positive_for_cat
5129,cifar10_test_05129,/home/tariq/Desktop/Awais-Tariq/base-KD/data/cifar-10-batches-py/test_batch,5129,bird,deer,0.5508655905723572,False,True,/home/tariq/Desktop/Awais-Tariq/base-KD/reports/cifar10_full_audit/vit_scratch/failure_images/05129_true-bird_pred-deer.png,false_negative_for_bird;false_positive_for_deer
5130,cifar10_test_05130,/home/tariq/Desktop/Awais-Tariq/base-KD/data/cifar-10-batches-py/test_batch,5130,dog,bird,0.9371203780174255,False,True,/home/tariq/Desktop/Awais-Tariq/base-KD/reports/cifar10_full_audit/vit_scratch/failure_images/05130_true-dog_pred-bird.png,false_negative_for_dog;false_positive_for_bird
5134,cifar10_test_05134,/home/tariq/Desktop/Awais-Tariq/base-KD/data/cifar-10-batches-py/test_batch,5134,dog,frog,0.9345524311065674,False,True,/home/tariq/Desktop/Awais-Tariq/base-KD/reports/cifar10_full_audit/vit_scratch/failure_images/05134_true-dog_pred-frog.png,false_negative_for_dog;false_positive_for_frog
5144,cifar10_test_05144,/home/tariq/Desktop/Awais-Tariq/base-KD/data/cifar-10-batches-py/test_batch,5144,airplane,horse,0.6742847561836243,False,True,/home/tariq/Desktop/Awais-Tariq/base-KD/reports/cifar10_full_audit/vit_scratch/failure_images/05144_true-airplane_pred-horse.png,false_negative_for_airplane;false_positive_for_horse
5151,cifar10_test_05151,/home/tariq/Desktop/Awais-Tariq/base-KD/data/cifar-10-batches-py/test_batch,5151,truck,cat,0.999371349811554,False,True,/home/tariq/Desktop/Awais-Tariq/base-KD/reports/cifar10_full_audit/vit_scratch/failure_images/05151_true-truck_pred-cat.png,false_negative_for_truck;false_positive_for_cat
5154,cifar10_test_05154,/home/tariq/Desktop/Awais-Tariq/base-KD/data/cifar-10-batches-py/test_batch,5154,bird,airplane,0.6034316420555115,False,True,/home/tariq/Desktop/Awais-Tariq/base-KD/reports/cifar10_full_audit/vit_scratch/failure_images/05154_true-bird_pred-airplane.png,false_negative_for_bird;false_positive_for_airplane
5155,cifar10_test_05155,/home/tariq/Desktop/Awais-Tariq/base-KD/data/cifar-10-batches-py/test_batch,5155,cat,bird,0.9911379218101501,False,True,/home/tariq/Desktop/Awais-Tariq/base-KD/reports/cifar10_full_audit/vit_scratch/failure_images/05155_true-cat_pred-bird.png,false_negative_for_cat;false_positive_for_bird
5162,cifar10_test_05162,/home/tariq/Desktop/Awais-Tariq/base-KD/data/cifar-10-batches-py/test_batch,5162,horse,airplane,0.7375708222389221,False,True,/home/tariq/Desktop/Awais-Tariq/base-KD/reports/cifar10_full_audit/vit_scratch/failure_images/05162_true-horse_pred-airplane.png,false_negative_for_horse;false_positive_for_airplane
5166,cifar10_test_05166,/home/tariq/Desktop/Awais-Tariq/base-KD/data/cifar-10-batches-py/test_batch,5166,truck,cat,0.9165340065956116,False,True,/home/tariq/Desktop/Awais-Tariq/base-KD/reports/cifar10_full_audit/vit_scratch/failure_images/05166_true-truck_pred-cat.png,false_negative_for_truck;false_positive_for_cat
5168,cifar10_test_05168,/home/tariq/Desktop/Awais-Tariq/base-KD/data/cifar-10-batches-py/test_batch,5168,horse,deer,0.9971387386322021,False,True,/home/tariq/Desktop/Awais-Tariq/base-KD/reports/cifar10_full_audit/vit_scratch/failure_images/05168_true-horse_pred-deer.png,false_negative_for_horse;false_positive_for_deer
5172,cifar10_test_05172,/home/tariq/Desktop/Awais-Tariq/base-KD/data/cifar-10-batches-py/test_batch,5172,deer,dog,0.43901100754737854,False,False,/home/tariq/Desktop/Awais-Tariq/base-KD/reports/cifar10_full_audit/vit_scratch/failure_images/05172_true-deer_pred-dog.png,false_negative_for_deer;false_positive_for_dog
5184,cifar10_test_05184,/home/tariq/Desktop/Awais-Tariq/base-KD/data/cifar-10-batches-py/test_batch,5184,deer,dog,0.7571825385093689,False,True,/home/tariq/Desktop/Awais-Tariq/base-KD/reports/cifar10_full_audit/vit_scratch/failure_images/05184_true-deer_pred-dog.png,false_negative_for_deer;false_positive_for_dog
5193,cifar10_test_05193,/home/tariq/Desktop/Awais-Tariq/base-KD/data/cifar-10-batches-py/test_batch,5193,deer,frog,0.8841404914855957,False,True,/home/tariq/Desktop/Awais-Tariq/base-KD/reports/cifar10_full_audit/vit_scratch/failure_images/05193_true-deer_pred-frog.png,false_negative_for_deer;false_positive_for_frog
5194,cifar10_test_05194,/home/tariq/Desktop/Awais-Tariq/base-KD/data/cifar-10-batches-py/test_batch,5194,horse,cat,0.864687442779541,False,True,/home/tariq/Desktop/Awais-Tariq/base-KD/reports/cifar10_full_audit/vit_scratch/failure_images/05194_true-horse_pred-cat.png,false_negative_for_horse;false_positive_for_cat
5198,cifar10_test_05198,/home/tariq/Desktop/Awais-Tariq/base-KD/data/cifar-10-batches-py/test_batch,5198,cat,ship,0.8795523047447205,False,True,/home/tariq/Desktop/Awais-Tariq/base-KD/reports/cifar10_full_audit/vit_scratch/failure_images/05198_true-cat_pred-ship.png,false_negative_for_cat;false_positive_for_ship
5200,cifar10_test_05200,/home/tariq/Desktop/Awais-Tariq/base-KD/data/cifar-10-batches-py/test_batch,5200,cat,dog,0.7546475529670715,False,True,/home/tariq/Desktop/Awais-Tariq/base-KD/reports/cifar10_full_audit/vit_scratch/failure_images/05200_true-cat_pred-dog.png,false_negative_for_cat;false_positive_for_dog
5211,cifar10_test_05211,/home/tariq/Desktop/Awais-Tariq/base-KD/data/cifar-10-batches-py/test_batch,5211,horse,ship,0.7602519392967224,False,True,/home/tariq/Desktop/Awais-Tariq/base-KD/reports/cifar10_full_audit/vit_scratch/failure_images/05211_true-horse_pred-ship.png,false_negative_for_horse;false_positive_for_ship
5218,cifar10_test_05218,/home/tariq/Desktop/Awais-Tariq/base-KD/data/cifar-10-batches-py/test_batch,5218,cat,frog,0.9980745315551758,False,True,/home/tariq/Desktop/Awais-Tariq/base-KD/reports/cifar10_full_audit/vit_scratch/failure_images/05218_true-cat_pred-frog.png,false_negative_for_cat;false_positive_for_frog
5219,cifar10_test_05219,/home/tariq/Desktop/Awais-Tariq/base-KD/data/cifar-10-batches-py/test_batch,5219,bird,frog,0.6566697955131531,False,True,/home/tariq/Desktop/Awais-Tariq/base-KD/reports/cifar10_full_audit/vit_scratch/failure_images/05219_true-bird_pred-frog.png,false_negative_for_bird;false_positive_for_frog
5227,cifar10_test_05227,/home/tariq/Desktop/Awais-Tariq/base-KD/data/cifar-10-batches-py/test_batch,5227,deer,frog,0.9980675578117371,False,True,/home/tariq/Desktop/Awais-Tariq/base-KD/reports/cifar10_full_audit/vit_scratch/failure_images/05227_true-deer_pred-frog.png,false_negative_for_deer;false_positive_for_frog
5229,cifar10_test_05229,/home/tariq/Desktop/Awais-Tariq/base-KD/data/cifar-10-batches-py/test_batch,5229,dog,cat,0.6440439820289612,False,True,/home/tariq/Desktop/Awais-Tariq/base-KD/reports/cifar10_full_audit/vit_scratch/failure_images/05229_true-dog_pred-cat.png,false_negative_for_dog;false_positive_for_cat
5238,cifar10_test_05238,/home/tariq/Desktop/Awais-Tariq/base-KD/data/cifar-10-batches-py/test_batch,5238,bird,airplane,0.951698899269104,False,True,/home/tariq/Desktop/Awais-Tariq/base-KD/reports/cifar10_full_audit/vit_scratch/failure_images/05238_true-bird_pred-airplane.png,false_negative_for_bird;false_positive_for_airplane
5247,cifar10_test_05247,/home/tariq/Desktop/Awais-Tariq/base-KD/data/cifar-10-batches-py/test_batch,5247,horse,truck,0.8788495063781738,False,False,/home/tariq/Desktop/Awais-Tariq/base-KD/reports/cifar10_full_audit/vit_scratch/failure_images/05247_true-horse_pred-truck.png,false_negative_for_horse;false_positive_for_truck
5254,cifar10_test_05254,/home/tariq/Desktop/Awais-Tariq/base-KD/data/cifar-10-batches-py/test_batch,5254,truck,automobile,0.721717357635498,False,True,/home/tariq/Desktop/Awais-Tariq/base-KD/reports/cifar10_full_audit/vit_scratch/failure_images/05254_true-truck_pred-automobile.png,false_negative_for_truck;false_positive_for_automobile
5261,cifar10_test_05261,/home/tariq/Desktop/Awais-Tariq/base-KD/data/cifar-10-batches-py/test_batch,5261,bird,deer,0.9621273279190063,False,True,/home/tariq/Desktop/Awais-Tariq/base-KD/reports/cifar10_full_audit/vit_scratch/failure_images/05261_true-bird_pred-deer.png,false_negative_for_bird;false_positive_for_deer
5272,cifar10_test_05272,/home/tariq/Desktop/Awais-Tariq/base-KD/data/cifar-10-batches-py/test_batch,5272,cat,dog,0.8980218768119812,False,True,/home/tariq/Desktop/Awais-Tariq/base-KD/reports/cifar10_full_audit/vit_scratch/failure_images/05272_true-cat_pred-dog.png,false_negative_for_cat;false_positive_for_dog
5280,cifar10_test_05280,/home/tariq/Desktop/Awais-Tariq/base-KD/data/cifar-10-batches-py/test_batch,5280,airplane,cat,0.9124255776405334,False,True,/home/tariq/Desktop/Awais-Tariq/base-KD/reports/cifar10_full_audit/vit_scratch/failure_images/05280_true-airplane_pred-cat.png,false_negative_for_airplane;false_positive_for_cat
5281,cifar10_test_05281,/home/tariq/Desktop/Awais-Tariq/base-KD/data/cifar-10-batches-py/test_batch,5281,cat,frog,0.8273320198059082,False,True,/home/tariq/Desktop/Awais-Tariq/base-KD/reports/cifar10_full_audit/vit_scratch/failure_images/05281_true-cat_pred-frog.png,false_negative_for_cat;false_positive_for_frog
5283,cifar10_test_05283,/home/tariq/Desktop/Awais-Tariq/base-KD/data/cifar-10-batches-py/test_batch,5283,deer,bird,0.9936954379081726,False,True,/home/tariq/Desktop/Awais-Tariq/base-KD/reports/cifar10_full_audit/vit_scratch/failure_images/05283_true-deer_pred-bird.png,false_negative_for_deer;false_positive_for_bird
5287,cifar10_test_05287,/home/tariq/Desktop/Awais-Tariq/base-KD/data/cifar-10-batches-py/test_batch,5287,horse,dog,0.9999581575393677,False,False,/home/tariq/Desktop/Awais-Tariq/base-KD/reports/cifar10_full_audit/vit_scratch/failure_images/05287_true-horse_pred-dog.png,false_negative_for_horse;false_positive_for_dog
5292,cifar10_test_05292,/home/tariq/Desktop/Awais-Tariq/base-KD/data/cifar-10-batches-py/test_batch,5292,deer,horse,0.9999759197235107,False,True,/home/tariq/Desktop/Awais-Tariq/base-KD/reports/cifar10_full_audit/vit_scratch/failure_images/05292_true-deer_pred-horse.png,false_negative_for_deer;false_positive_for_horse
5311,cifar10_test_05311,/home/tariq/Desktop/Awais-Tariq/base-KD/data/cifar-10-batches-py/test_batch,5311,truck,automobile,0.8046755790710449,False,True,/home/tariq/Desktop/Awais-Tariq/base-KD/reports/cifar10_full_audit/vit_scratch/failure_images/05311_true-truck_pred-automobile.png,false_negative_for_truck;false_positive_for_automobile
5316,cifar10_test_05316,/home/tariq/Desktop/Awais-Tariq/base-KD/data/cifar-10-batches-py/test_batch,5316,deer,cat,0.9916816353797913,False,True,/home/tariq/Desktop/Awais-Tariq/base-KD/reports/cifar10_full_audit/vit_scratch/failure_images/05316_true-deer_pred-cat.png,false_negative_for_deer;false_positive_for_cat
5320,cifar10_test_05320,/home/tariq/Desktop/Awais-Tariq/base-KD/data/cifar-10-batches-py/test_batch,5320,horse,frog,0.3435326814651489,False,True,/home/tariq/Desktop/Awais-Tariq/base-KD/reports/cifar10_full_audit/vit_scratch/failure_images/05320_true-horse_pred-frog.png,false_negative_for_horse;false_positive_for_frog
5324,cifar10_test_05324,/home/tariq/Desktop/Awais-Tariq/base-KD/data/cifar-10-batches-py/test_batch,5324,bird,deer,0.8193555474281311,False,True,/home/tariq/Desktop/Awais-Tariq/base-KD/reports/cifar10_full_audit/vit_scratch/failure_images/05324_true-bird_pred-deer.png,false_negative_for_bird;false_positive_for_deer
5327,cifar10_test_05327,/home/tariq/Desktop/Awais-Tariq/base-KD/data/cifar-10-batches-py/test_batch,5327,airplane,ship,0.7318436503410339,False,True,/home/tariq/Desktop/Awais-Tariq/base-KD/reports/cifar10_full_audit/vit_scratch/failure_images/05327_true-airplane_pred-ship.png,false_negative_for_airplane;false_positive_for_ship
5330,cifar10_test_05330,/home/tariq/Desktop/Awais-Tariq/base-KD/data/cifar-10-batches-py/test_batch,5330,horse,frog,0.8921241760253906,False,True,/home/tariq/Desktop/Awais-Tariq/base-KD/reports/cifar10_full_audit/vit_scratch/failure_images/05330_true-horse_pred-frog.png,false_negative_for_horse;false_positive_for_frog
5335,cifar10_test_05335,/home/tariq/Desktop/Awais-Tariq/base-KD/data/cifar-10-batches-py/test_batch,5335,truck,automobile,0.9084838032722473,False,True,/home/tariq/Desktop/Awais-Tariq/base-KD/reports/cifar10_full_audit/vit_scratch/failure_images/05335_true-truck_pred-automobile.png,false_negative_for_truck;false_positive_for_automobile
5340,cifar10_test_05340,/home/tariq/Desktop/Awais-Tariq/base-KD/data/cifar-10-batches-py/test_batch,5340,cat,deer,0.994416356086731,False,True,/home/tariq/Desktop/Awais-Tariq/base-KD/reports/cifar10_full_audit/vit_scratch/failure_images/05340_true-cat_pred-deer.png,false_negative_for_cat;false_positive_for_deer
5352,cifar10_test_05352,/home/tariq/Desktop/Awais-Tariq/base-KD/data/cifar-10-batches-py/test_batch,5352,dog,horse,0.7725261449813843,False,False,/home/tariq/Desktop/Awais-Tariq/base-KD/reports/cifar10_full_audit/vit_scratch/failure_images/05352_true-dog_pred-horse.png,false_negative_for_dog;false_positive_for_horse
5355,cifar10_test_05355,/home/tariq/Desktop/Awais-Tariq/base-KD/data/cifar-10-batches-py/test_batch,5355,ship,airplane,0.7248179316520691,False,True,/home/tariq/Desktop/Awais-Tariq/base-KD/reports/cifar10_full_audit/vit_scratch/failure_images/05355_true-ship_pred-airplane.png,false_negative_for_ship;false_positive_for_airplane
5357,cifar10_test_05357,/home/tariq/Desktop/Awais-Tariq/base-KD/data/cifar-10-batches-py/test_batch,5357,airplane,ship,0.9996395111083984,False,True,/home/tariq/Desktop/Awais-Tariq/base-KD/reports/cifar10_full_audit/vit_scratch/failure_images/05357_true-airplane_pred-ship.png,false_negative_for_airplane;false_positive_for_ship
5366,cifar10_test_05366,/home/tariq/Desktop/Awais-Tariq/base-KD/data/cifar-10-batches-py/test_batch,5366,automobile,airplane,0.9612377285957336,False,True,/home/tariq/Desktop/Awais-Tariq/base-KD/reports/cifar10_full_audit/vit_scratch/failure_images/05366_true-automobile_pred-airplane.png,false_negative_for_automobile;false_positive_for_airplane
5367,cifar10_test_05367,/home/tariq/Desktop/Awais-Tariq/base-KD/data/cifar-10-batches-py/test_batch,5367,airplane,deer,0.929922342300415,False,True,/home/tariq/Desktop/Awais-Tariq/base-KD/reports/cifar10_full_audit/vit_scratch/failure_images/05367_true-airplane_pred-deer.png,false_negative_for_airplane;false_positive_for_deer
5370,cifar10_test_05370,/home/tariq/Desktop/Awais-Tariq/base-KD/data/cifar-10-batches-py/test_batch,5370,frog,cat,0.6513281464576721,False,True,/home/tariq/Desktop/Awais-Tariq/base-KD/reports/cifar10_full_audit/vit_scratch/failure_images/05370_true-frog_pred-cat.png,false_negative_for_frog;false_positive_for_cat
5372,cifar10_test_05372,/home/tariq/Desktop/Awais-Tariq/base-KD/data/cifar-10-batches-py/test_batch,5372,dog,ship,0.9983332753181458,False,False,/home/tariq/Desktop/Awais-Tariq/base-KD/reports/cifar10_full_audit/vit_scratch/failure_images/05372_true-dog_pred-ship.png,false_negative_for_dog;false_positive_for_ship
5376,cifar10_test_05376,/home/tariq/Desktop/Awais-Tariq/base-KD/data/cifar-10-batches-py/test_batch,5376,dog,cat,0.9701523780822754,False,True,/home/tariq/Desktop/Awais-Tariq/base-KD/reports/cifar10_full_audit/vit_scratch/failure_images/05376_true-dog_pred-cat.png,false_negative_for_dog;false_positive_for_cat
5378,cifar10_test_05378,/home/tariq/Desktop/Awais-Tariq/base-KD/data/cifar-10-batches-py/test_batch,5378,automobile,cat,0.44772768020629883,False,True,/home/tariq/Desktop/Awais-Tariq/base-KD/reports/cifar10_full_audit/vit_scratch/failure_images/05378_true-automobile_pred-cat.png,false_negative_for_automobile;false_positive_for_cat
5387,cifar10_test_05387,/home/tariq/Desktop/Awais-Tariq/base-KD/data/cifar-10-batches-py/test_batch,5387,cat,frog,0.9972671270370483,False,False,/home/tariq/Desktop/Awais-Tariq/base-KD/reports/cifar10_full_audit/vit_scratch/failure_images/05387_true-cat_pred-frog.png,false_negative_for_cat;false_positive_for_frog
5396,cifar10_test_05396,/home/tariq/Desktop/Awais-Tariq/base-KD/data/cifar-10-batches-py/test_batch,5396,automobile,truck,0.5986347794532776,False,True,/home/tariq/Desktop/Awais-Tariq/base-KD/reports/cifar10_full_audit/vit_scratch/failure_images/05396_true-automobile_pred-truck.png,false_negative_for_automobile;false_positive_for_truck
5398,cifar10_test_05398,/home/tariq/Desktop/Awais-Tariq/base-KD/data/cifar-10-batches-py/test_batch,5398,ship,airplane,0.8941119313240051,False,True,/home/tariq/Desktop/Awais-Tariq/base-KD/reports/cifar10_full_audit/vit_scratch/failure_images/05398_true-ship_pred-airplane.png,false_negative_for_ship;false_positive_for_airplane
5399,cifar10_test_05399,/home/tariq/Desktop/Awais-Tariq/base-KD/data/cifar-10-batches-py/test_batch,5399,frog,cat,0.498665452003479,False,True,/home/tariq/Desktop/Awais-Tariq/base-KD/reports/cifar10_full_audit/vit_scratch/failure_images/05399_true-frog_pred-cat.png,false_negative_for_frog;false_positive_for_cat
5407,cifar10_test_05407,/home/tariq/Desktop/Awais-Tariq/base-KD/data/cifar-10-batches-py/test_batch,5407,deer,horse,0.9994412064552307,False,True,/home/tariq/Desktop/Awais-Tariq/base-KD/reports/cifar10_full_audit/vit_scratch/failure_images/05407_true-deer_pred-horse.png,false_negative_for_deer;false_positive_for_horse
5410,cifar10_test_05410,/home/tariq/Desktop/Awais-Tariq/base-KD/data/cifar-10-batches-py/test_batch,5410,cat,horse,0.8593843579292297,False,True,/home/tariq/Desktop/Awais-Tariq/base-KD/reports/cifar10_full_audit/vit_scratch/failure_images/05410_true-cat_pred-horse.png,false_negative_for_cat;false_positive_for_horse
5413,cifar10_test_05413,/home/tariq/Desktop/Awais-Tariq/base-KD/data/cifar-10-batches-py/test_batch,5413,cat,dog,0.9278679490089417,False,True,/home/tariq/Desktop/Awais-Tariq/base-KD/reports/cifar10_full_audit/vit_scratch/failure_images/05413_true-cat_pred-dog.png,false_negative_for_cat;false_positive_for_dog
5416,cifar10_test_05416,/home/tariq/Desktop/Awais-Tariq/base-KD/data/cifar-10-batches-py/test_batch,5416,truck,automobile,0.9977091550827026,False,True,/home/tariq/Desktop/Awais-Tariq/base-KD/reports/cifar10_full_audit/vit_scratch/failure_images/05416_true-truck_pred-automobile.png,false_negative_for_truck;false_positive_for_automobile
5417,cifar10_test_05417,/home/tariq/Desktop/Awais-Tariq/base-KD/data/cifar-10-batches-py/test_batch,5417,deer,horse,0.9670097231864929,False,True,/home/tariq/Desktop/Awais-Tariq/base-KD/reports/cifar10_full_audit/vit_scratch/failure_images/05417_true-deer_pred-horse.png,false_negative_for_deer;false_positive_for_horse
5426,cifar10_test_05426,/home/tariq/Desktop/Awais-Tariq/base-KD/data/cifar-10-batches-py/test_batch,5426,dog,cat,0.9997597336769104,False,True,/home/tariq/Desktop/Awais-Tariq/base-KD/reports/cifar10_full_audit/vit_scratch/failure_images/05426_true-dog_pred-cat.png,false_negative_for_dog;false_positive_for_cat
5433,cifar10_test_05433,/home/tariq/Desktop/Awais-Tariq/base-KD/data/cifar-10-batches-py/test_batch,5433,cat,dog,0.9964960217475891,False,True,/home/tariq/Desktop/Awais-Tariq/base-KD/reports/cifar10_full_audit/vit_scratch/failure_images/05433_true-cat_pred-dog.png,false_negative_for_cat;false_positive_for_dog
5450,cifar10_test_05450,/home/tariq/Desktop/Awais-Tariq/base-KD/data/cifar-10-batches-py/test_batch,5450,dog,cat,0.9883588552474976,False,True,/home/tariq/Desktop/Awais-Tariq/base-KD/reports/cifar10_full_audit/vit_scratch/failure_images/05450_true-dog_pred-cat.png,false_negative_for_dog;false_positive_for_cat
5458,cifar10_test_05458,/home/tariq/Desktop/Awais-Tariq/base-KD/data/cifar-10-batches-py/test_batch,5458,cat,deer,0.8618432283401489,False,True,/home/tariq/Desktop/Awais-Tariq/base-KD/reports/cifar10_full_audit/vit_scratch/failure_images/05458_true-cat_pred-deer.png,false_negative_for_cat;false_positive_for_deer
5461,cifar10_test_05461,/home/tariq/Desktop/Awais-Tariq/base-KD/data/cifar-10-batches-py/test_batch,5461,airplane,bird,0.989134669303894,False,True,/home/tariq/Desktop/Awais-Tariq/base-KD/reports/cifar10_full_audit/vit_scratch/failure_images/05461_true-airplane_pred-bird.png,false_negative_for_airplane;false_positive_for_bird
5464,cifar10_test_05464,/home/tariq/Desktop/Awais-Tariq/base-KD/data/cifar-10-batches-py/test_batch,5464,horse,deer,0.9782496094703674,False,True,/home/tariq/Desktop/Awais-Tariq/base-KD/reports/cifar10_full_audit/vit_scratch/failure_images/05464_true-horse_pred-deer.png,false_negative_for_horse;false_positive_for_deer
5467,cifar10_test_05467,/home/tariq/Desktop/Awais-Tariq/base-KD/data/cifar-10-batches-py/test_batch,5467,dog,ship,0.801265299320221,False,False,/home/tariq/Desktop/Awais-Tariq/base-KD/reports/cifar10_full_audit/vit_scratch/failure_images/05467_true-dog_pred-ship.png,false_negative_for_dog;false_positive_for_ship
5468,cifar10_test_05468,/home/tariq/Desktop/Awais-Tariq/base-KD/data/cifar-10-batches-py/test_batch,5468,dog,bird,0.9479691982269287,False,True,/home/tariq/Desktop/Awais-Tariq/base-KD/reports/cifar10_full_audit/vit_scratch/failure_images/05468_true-dog_pred-bird.png,false_negative_for_dog;false_positive_for_bird
5469,cifar10_test_05469,/home/tariq/Desktop/Awais-Tariq/base-KD/data/cifar-10-batches-py/test_batch,5469,dog,cat,0.8637251853942871,False,True,/home/tariq/Desktop/Awais-Tariq/base-KD/reports/cifar10_full_audit/vit_scratch/failure_images/05469_true-dog_pred-cat.png,false_negative_for_dog;false_positive_for_cat
5487,cifar10_test_05487,/home/tariq/Desktop/Awais-Tariq/base-KD/data/cifar-10-batches-py/test_batch,5487,frog,cat,0.9855637550354004,False,True,/home/tariq/Desktop/Awais-Tariq/base-KD/reports/cifar10_full_audit/vit_scratch/failure_images/05487_true-frog_pred-cat.png,false_negative_for_frog;false_positive_for_cat
5490,cifar10_test_05490,/home/tariq/Desktop/Awais-Tariq/base-KD/data/cifar-10-batches-py/test_batch,5490,cat,airplane,0.6450835466384888,False,True,/home/tariq/Desktop/Awais-Tariq/base-KD/reports/cifar10_full_audit/vit_scratch/failure_images/05490_true-cat_pred-airplane.png,false_negative_for_cat;false_positive_for_airplane
5497,cifar10_test_05497,/home/tariq/Desktop/Awais-Tariq/base-KD/data/cifar-10-batches-py/test_batch,5497,cat,deer,0.6520165801048279,False,True,/home/tariq/Desktop/Awais-Tariq/base-KD/reports/cifar10_full_audit/vit_scratch/failure_images/05497_true-cat_pred-deer.png,false_negative_for_cat;false_positive_for_deer
5506,cifar10_test_05506,/home/tariq/Desktop/Awais-Tariq/base-KD/data/cifar-10-batches-py/test_batch,5506,cat,deer,0.9985175728797913,False,True,/home/tariq/Desktop/Awais-Tariq/base-KD/reports/cifar10_full_audit/vit_scratch/failure_images/05506_true-cat_pred-deer.png,false_negative_for_cat;false_positive_for_deer
5511,cifar10_test_05511,/home/tariq/Desktop/Awais-Tariq/base-KD/data/cifar-10-batches-py/test_batch,5511,cat,frog,0.999931812286377,False,True,/home/tariq/Desktop/Awais-Tariq/base-KD/reports/cifar10_full_audit/vit_scratch/failure_images/05511_true-cat_pred-frog.png,false_negative_for_cat;false_positive_for_frog
5525,cifar10_test_05525,/home/tariq/Desktop/Awais-Tariq/base-KD/data/cifar-10-batches-py/test_batch,5525,cat,deer,0.6114274859428406,False,True,/home/tariq/Desktop/Awais-Tariq/base-KD/reports/cifar10_full_audit/vit_scratch/failure_images/05525_true-cat_pred-deer.png,false_negative_for_cat;false_positive_for_deer
5529,cifar10_test_05529,/home/tariq/Desktop/Awais-Tariq/base-KD/data/cifar-10-batches-py/test_batch,5529,cat,ship,0.5352641344070435,False,False,/home/tariq/Desktop/Awais-Tariq/base-KD/reports/cifar10_full_audit/vit_scratch/failure_images/05529_true-cat_pred-ship.png,false_negative_for_cat;false_positive_for_ship
5530,cifar10_test_05530,/home/tariq/Desktop/Awais-Tariq/base-KD/data/cifar-10-batches-py/test_batch,5530,cat,dog,0.9438334703445435,False,True,/home/tariq/Desktop/Awais-Tariq/base-KD/reports/cifar10_full_audit/vit_scratch/failure_images/05530_true-cat_pred-dog.png,false_negative_for_cat;false_positive_for_dog
5537,cifar10_test_05537,/home/tariq/Desktop/Awais-Tariq/base-KD/data/cifar-10-batches-py/test_batch,5537,bird,cat,0.9195747971534729,False,True,/home/tariq/Desktop/Awais-Tariq/base-KD/reports/cifar10_full_audit/vit_scratch/failure_images/05537_true-bird_pred-cat.png,false_negative_for_bird;false_positive_for_cat
5547,cifar10_test_05547,/home/tariq/Desktop/Awais-Tariq/base-KD/data/cifar-10-batches-py/test_batch,5547,bird,truck,0.997897744178772,False,False,/home/tariq/Desktop/Awais-Tariq/base-KD/reports/cifar10_full_audit/vit_scratch/failure_images/05547_true-bird_pred-truck.png,false_negative_for_bird;false_positive_for_truck
5548,cifar10_test_05548,/home/tariq/Desktop/Awais-Tariq/base-KD/data/cifar-10-batches-py/test_batch,5548,ship,airplane,0.9987279772758484,False,True,/home/tariq/Desktop/Awais-Tariq/base-KD/reports/cifar10_full_audit/vit_scratch/failure_images/05548_true-ship_pred-airplane.png,false_negative_for_ship;false_positive_for_airplane
5551,cifar10_test_05551,/home/tariq/Desktop/Awais-Tariq/base-KD/data/cifar-10-batches-py/test_batch,5551,horse,dog,0.4633847177028656,False,True,/home/tariq/Desktop/Awais-Tariq/base-KD/reports/cifar10_full_audit/vit_scratch/failure_images/05551_true-horse_pred-dog.png,false_negative_for_horse;false_positive_for_dog
5559,cifar10_test_05559,/home/tariq/Desktop/Awais-Tariq/base-KD/data/cifar-10-batches-py/test_batch,5559,cat,bird,0.9976994395256042,False,True,/home/tariq/Desktop/Awais-Tariq/base-KD/reports/cifar10_full_audit/vit_scratch/failure_images/05559_true-cat_pred-bird.png,false_negative_for_cat;false_positive_for_bird
5560,cifar10_test_05560,/home/tariq/Desktop/Awais-Tariq/base-KD/data/cifar-10-batches-py/test_batch,5560,cat,dog,0.5362438559532166,False,True,/home/tariq/Desktop/Awais-Tariq/base-KD/reports/cifar10_full_audit/vit_scratch/failure_images/05560_true-cat_pred-dog.png,false_negative_for_cat;false_positive_for_dog
5563,cifar10_test_05563,/home/tariq/Desktop/Awais-Tariq/base-KD/data/cifar-10-batches-py/test_batch,5563,automobile,cat,0.9422709941864014,False,True,/home/tariq/Desktop/Awais-Tariq/base-KD/reports/cifar10_full_audit/vit_scratch/failure_images/05563_true-automobile_pred-cat.png,false_negative_for_automobile;false_positive_for_cat
5571,cifar10_test_05571,/home/tariq/Desktop/Awais-Tariq/base-KD/data/cifar-10-batches-py/test_batch,5571,airplane,truck,0.921804666519165,False,True,/home/tariq/Desktop/Awais-Tariq/base-KD/reports/cifar10_full_audit/vit_scratch/failure_images/05571_true-airplane_pred-truck.png,false_negative_for_airplane;false_positive_for_truck
5580,cifar10_test_05580,/home/tariq/Desktop/Awais-Tariq/base-KD/data/cifar-10-batches-py/test_batch,5580,dog,cat,0.8860976696014404,False,True,/home/tariq/Desktop/Awais-Tariq/base-KD/reports/cifar10_full_audit/vit_scratch/failure_images/05580_true-dog_pred-cat.png,false_negative_for_dog;false_positive_for_cat
5582,cifar10_test_05582,/home/tariq/Desktop/Awais-Tariq/base-KD/data/cifar-10-batches-py/test_batch,5582,deer,horse,0.7617231607437134,False,True,/home/tariq/Desktop/Awais-Tariq/base-KD/reports/cifar10_full_audit/vit_scratch/failure_images/05582_true-deer_pred-horse.png,false_negative_for_deer;false_positive_for_horse
5600,cifar10_test_05600,/home/tariq/Desktop/Awais-Tariq/base-KD/data/cifar-10-batches-py/test_batch,5600,frog,deer,0.960834264755249,False,True,/home/tariq/Desktop/Awais-Tariq/base-KD/reports/cifar10_full_audit/vit_scratch/failure_images/05600_true-frog_pred-deer.png,false_negative_for_frog;false_positive_for_deer
5607,cifar10_test_05607,/home/tariq/Desktop/Awais-Tariq/base-KD/data/cifar-10-batches-py/test_batch,5607,frog,airplane,0.999761164188385,False,True,/home/tariq/Desktop/Awais-Tariq/base-KD/reports/cifar10_full_audit/vit_scratch/failure_images/05607_true-frog_pred-airplane.png,false_negative_for_frog;false_positive_for_airplane
5620,cifar10_test_05620,/home/tariq/Desktop/Awais-Tariq/base-KD/data/cifar-10-batches-py/test_batch,5620,cat,dog,0.8771125674247742,False,True,/home/tariq/Desktop/Awais-Tariq/base-KD/reports/cifar10_full_audit/vit_scratch/failure_images/05620_true-cat_pred-dog.png,false_negative_for_cat;false_positive_for_dog
5621,cifar10_test_05621,/home/tariq/Desktop/Awais-Tariq/base-KD/data/cifar-10-batches-py/test_batch,5621,ship,truck,0.9962477087974548,False,True,/home/tariq/Desktop/Awais-Tariq/base-KD/reports/cifar10_full_audit/vit_scratch/failure_images/05621_true-ship_pred-truck.png,false_negative_for_ship;false_positive_for_truck
5626,cifar10_test_05626,/home/tariq/Desktop/Awais-Tariq/base-KD/data/cifar-10-batches-py/test_batch,5626,airplane,horse,0.6512336730957031,False,True,/home/tariq/Desktop/Awais-Tariq/base-KD/reports/cifar10_full_audit/vit_scratch/failure_images/05626_true-airplane_pred-horse.png,false_negative_for_airplane;false_positive_for_horse
5628,cifar10_test_05628,/home/tariq/Desktop/Awais-Tariq/base-KD/data/cifar-10-batches-py/test_batch,5628,ship,automobile,0.9999449253082275,False,True,/home/tariq/Desktop/Awais-Tariq/base-KD/reports/cifar10_full_audit/vit_scratch/failure_images/05628_true-ship_pred-automobile.png,false_negative_for_ship;false_positive_for_automobile
5632,cifar10_test_05632,/home/tariq/Desktop/Awais-Tariq/base-KD/data/cifar-10-batches-py/test_batch,5632,cat,truck,0.9882388114929199,False,True,/home/tariq/Desktop/Awais-Tariq/base-KD/reports/cifar10_full_audit/vit_scratch/failure_images/05632_true-cat_pred-truck.png,false_negative_for_cat;false_positive_for_truck
5634,cifar10_test_05634,/home/tariq/Desktop/Awais-Tariq/base-KD/data/cifar-10-batches-py/test_batch,5634,deer,dog,0.8517638444900513,False,False,/home/tariq/Desktop/Awais-Tariq/base-KD/reports/cifar10_full_audit/vit_scratch/failure_images/05634_true-deer_pred-dog.png,false_negative_for_deer;false_positive_for_dog
5638,cifar10_test_05638,/home/tariq/Desktop/Awais-Tariq/base-KD/data/cifar-10-batches-py/test_batch,5638,deer,frog,0.9944828748703003,False,True,/home/tariq/Desktop/Awais-Tariq/base-KD/reports/cifar10_full_audit/vit_scratch/failure_images/05638_true-deer_pred-frog.png,false_negative_for_deer;false_positive_for_frog
5645,cifar10_test_05645,/home/tariq/Desktop/Awais-Tariq/base-KD/data/cifar-10-batches-py/test_batch,5645,dog,cat,0.8112232089042664,False,True,/home/tariq/Desktop/Awais-Tariq/base-KD/reports/cifar10_full_audit/vit_scratch/failure_images/05645_true-dog_pred-cat.png,false_negative_for_dog;false_positive_for_cat
5646,cifar10_test_05646,/home/tariq/Desktop/Awais-Tariq/base-KD/data/cifar-10-batches-py/test_batch,5646,deer,bird,0.902741014957428,False,True,/home/tariq/Desktop/Awais-Tariq/base-KD/reports/cifar10_full_audit/vit_scratch/failure_images/05646_true-deer_pred-bird.png,false_negative_for_deer;false_positive_for_bird
5649,cifar10_test_05649,/home/tariq/Desktop/Awais-Tariq/base-KD/data/cifar-10-batches-py/test_batch,5649,airplane,cat,0.6300289034843445,False,True,/home/tariq/Desktop/Awais-Tariq/base-KD/reports/cifar10_full_audit/vit_scratch/failure_images/05649_true-airplane_pred-cat.png,false_negative_for_airplane;false_positive_for_cat
5651,cifar10_test_05651,/home/tariq/Desktop/Awais-Tariq/base-KD/data/cifar-10-batches-py/test_batch,5651,deer,bird,0.55242520570755,False,True,/home/tariq/Desktop/Awais-Tariq/base-KD/reports/cifar10_full_audit/vit_scratch/failure_images/05651_true-deer_pred-bird.png,false_negative_for_deer;false_positive_for_bird
5654,cifar10_test_05654,/home/tariq/Desktop/Awais-Tariq/base-KD/data/cifar-10-batches-py/test_batch,5654,deer,bird,0.973086416721344,False,True,/home/tariq/Desktop/Awais-Tariq/base-KD/reports/cifar10_full_audit/vit_scratch/failure_images/05654_true-deer_pred-bird.png,false_negative_for_deer;false_positive_for_bird
5655,cifar10_test_05655,/home/tariq/Desktop/Awais-Tariq/base-KD/data/cifar-10-batches-py/test_batch,5655,cat,horse,0.9937844276428223,False,False,/home/tariq/Desktop/Awais-Tariq/base-KD/reports/cifar10_full_audit/vit_scratch/failure_images/05655_true-cat_pred-horse.png,false_negative_for_cat;false_positive_for_horse
5659,cifar10_test_05659,/home/tariq/Desktop/Awais-Tariq/base-KD/data/cifar-10-batches-py/test_batch,5659,bird,deer,0.9342157244682312,False,True,/home/tariq/Desktop/Awais-Tariq/base-KD/reports/cifar10_full_audit/vit_scratch/failure_images/05659_true-bird_pred-deer.png,false_negative_for_bird;false_positive_for_deer
5661,cifar10_test_05661,/home/tariq/Desktop/Awais-Tariq/base-KD/data/cifar-10-batches-py/test_batch,5661,deer,horse,0.45486748218536377,False,True,/home/tariq/Desktop/Awais-Tariq/base-KD/reports/cifar10_full_audit/vit_scratch/failure_images/05661_true-deer_pred-horse.png,false_negative_for_deer;false_positive_for_horse
5669,cifar10_test_05669,/home/tariq/Desktop/Awais-Tariq/base-KD/data/cifar-10-batches-py/test_batch,5669,airplane,automobile,0.7335841655731201,False,True,/home/tariq/Desktop/Awais-Tariq/base-KD/reports/cifar10_full_audit/vit_scratch/failure_images/05669_true-airplane_pred-automobile.png,false_negative_for_airplane;false_positive_for_automobile
5684,cifar10_test_05684,/home/tariq/Desktop/Awais-Tariq/base-KD/data/cifar-10-batches-py/test_batch,5684,horse,deer,0.8902474641799927,False,True,/home/tariq/Desktop/Awais-Tariq/base-KD/reports/cifar10_full_audit/vit_scratch/failure_images/05684_true-horse_pred-deer.png,false_negative_for_horse;false_positive_for_deer
5690,cifar10_test_05690,/home/tariq/Desktop/Awais-Tariq/base-KD/data/cifar-10-batches-py/test_batch,5690,horse,deer,0.8717360496520996,False,False,/home/tariq/Desktop/Awais-Tariq/base-KD/reports/cifar10_full_audit/vit_scratch/failure_images/05690_true-horse_pred-deer.png,false_negative_for_horse;false_positive_for_deer
5698,cifar10_test_05698,/home/tariq/Desktop/Awais-Tariq/base-KD/data/cifar-10-batches-py/test_batch,5698,horse,cat,0.992046594619751,False,True,/home/tariq/Desktop/Awais-Tariq/base-KD/reports/cifar10_full_audit/vit_scratch/failure_images/05698_true-horse_pred-cat.png,false_negative_for_horse;false_positive_for_cat
5714,cifar10_test_05714,/home/tariq/Desktop/Awais-Tariq/base-KD/data/cifar-10-batches-py/test_batch,5714,bird,frog,0.9981120824813843,False,False,/home/tariq/Desktop/Awais-Tariq/base-KD/reports/cifar10_full_audit/vit_scratch/failure_images/05714_true-bird_pred-frog.png,false_negative_for_bird;false_positive_for_frog
5717,cifar10_test_05717,/home/tariq/Desktop/Awais-Tariq/base-KD/data/cifar-10-batches-py/test_batch,5717,frog,airplane,0.7460795044898987,False,True,/home/tariq/Desktop/Awais-Tariq/base-KD/reports/cifar10_full_audit/vit_scratch/failure_images/05717_true-frog_pred-airplane.png,false_negative_for_frog;false_positive_for_airplane
5730,cifar10_test_05730,/home/tariq/Desktop/Awais-Tariq/base-KD/data/cifar-10-batches-py/test_batch,5730,dog,cat,0.6702409386634827,False,False,/home/tariq/Desktop/Awais-Tariq/base-KD/reports/cifar10_full_audit/vit_scratch/failure_images/05730_true-dog_pred-cat.png,false_negative_for_dog;false_positive_for_cat
5738,cifar10_test_05738,/home/tariq/Desktop/Awais-Tariq/base-KD/data/cifar-10-batches-py/test_batch,5738,bird,deer,0.9742003083229065,False,True,/home/tariq/Desktop/Awais-Tariq/base-KD/reports/cifar10_full_audit/vit_scratch/failure_images/05738_true-bird_pred-deer.png,false_negative_for_bird;false_positive_for_deer
5749,cifar10_test_05749,/home/tariq/Desktop/Awais-Tariq/base-KD/data/cifar-10-batches-py/test_batch,5749,dog,deer,0.7591788172721863,False,True,/home/tariq/Desktop/Awais-Tariq/base-KD/reports/cifar10_full_audit/vit_scratch/failure_images/05749_true-dog_pred-deer.png,false_negative_for_dog;false_positive_for_deer
5755,cifar10_test_05755,/home/tariq/Desktop/Awais-Tariq/base-KD/data/cifar-10-batches-py/test_batch,5755,deer,bird,0.8398888111114502,False,True,/home/tariq/Desktop/Awais-Tariq/base-KD/reports/cifar10_full_audit/vit_scratch/failure_images/05755_true-deer_pred-bird.png,false_negative_for_deer;false_positive_for_bird
5763,cifar10_test_05763,/home/tariq/Desktop/Awais-Tariq/base-KD/data/cifar-10-batches-py/test_batch,5763,truck,airplane,0.9777601361274719,False,True,/home/tariq/Desktop/Awais-Tariq/base-KD/reports/cifar10_full_audit/vit_scratch/failure_images/05763_true-truck_pred-airplane.png,false_negative_for_truck;false_positive_for_airplane
5771,cifar10_test_05771,/home/tariq/Desktop/Awais-Tariq/base-KD/data/cifar-10-batches-py/test_batch,5771,bird,horse,0.7343595027923584,False,True,/home/tariq/Desktop/Awais-Tariq/base-KD/reports/cifar10_full_audit/vit_scratch/failure_images/05771_true-bird_pred-horse.png,false_negative_for_bird;false_positive_for_horse
5776,cifar10_test_05776,/home/tariq/Desktop/Awais-Tariq/base-KD/data/cifar-10-batches-py/test_batch,5776,dog,frog,0.9632261991500854,False,True,/home/tariq/Desktop/Awais-Tariq/base-KD/reports/cifar10_full_audit/vit_scratch/failure_images/05776_true-dog_pred-frog.png,false_negative_for_dog;false_positive_for_frog
5783,cifar10_test_05783,/home/tariq/Desktop/Awais-Tariq/base-KD/data/cifar-10-batches-py/test_batch,5783,automobile,truck,0.9780332446098328,False,True,/home/tariq/Desktop/Awais-Tariq/base-KD/reports/cifar10_full_audit/vit_scratch/failure_images/05783_true-automobile_pred-truck.png,false_negative_for_automobile;false_positive_for_truck
5798,cifar10_test_05798,/home/tariq/Desktop/Awais-Tariq/base-KD/data/cifar-10-batches-py/test_batch,5798,airplane,frog,0.6472494006156921,False,True,/home/tariq/Desktop/Awais-Tariq/base-KD/reports/cifar10_full_audit/vit_scratch/failure_images/05798_true-airplane_pred-frog.png,false_negative_for_airplane;false_positive_for_frog
5803,cifar10_test_05803,/home/tariq/Desktop/Awais-Tariq/base-KD/data/cifar-10-batches-py/test_batch,5803,automobile,truck,0.7726969122886658,False,True,/home/tariq/Desktop/Awais-Tariq/base-KD/reports/cifar10_full_audit/vit_scratch/failure_images/05803_true-automobile_pred-truck.png,false_negative_for_automobile;false_positive_for_truck
5806,cifar10_test_05806,/home/tariq/Desktop/Awais-Tariq/base-KD/data/cifar-10-batches-py/test_batch,5806,airplane,ship,0.9995074272155762,False,True,/home/tariq/Desktop/Awais-Tariq/base-KD/reports/cifar10_full_audit/vit_scratch/failure_images/05806_true-airplane_pred-ship.png,false_negative_for_airplane;false_positive_for_ship
5808,cifar10_test_05808,/home/tariq/Desktop/Awais-Tariq/base-KD/data/cifar-10-batches-py/test_batch,5808,dog,horse,0.8927471041679382,False,True,/home/tariq/Desktop/Awais-Tariq/base-KD/reports/cifar10_full_audit/vit_scratch/failure_images/05808_true-dog_pred-horse.png,false_negative_for_dog;false_positive_for_horse
5809,cifar10_test_05809,/home/tariq/Desktop/Awais-Tariq/base-KD/data/cifar-10-batches-py/test_batch,5809,airplane,bird,0.35925036668777466,False,True,/home/tariq/Desktop/Awais-Tariq/base-KD/reports/cifar10_full_audit/vit_scratch/failure_images/05809_true-airplane_pred-bird.png,false_negative_for_airplane;false_positive_for_bird
5812,cifar10_test_05812,/home/tariq/Desktop/Awais-Tariq/base-KD/data/cifar-10-batches-py/test_batch,5812,deer,cat,0.9998233914375305,False,True,/home/tariq/Desktop/Awais-Tariq/base-KD/reports/cifar10_full_audit/vit_scratch/failure_images/05812_true-deer_pred-cat.png,false_negative_for_deer;false_positive_for_cat
5814,cifar10_test_05814,/home/tariq/Desktop/Awais-Tariq/base-KD/data/cifar-10-batches-py/test_batch,5814,ship,airplane,0.9896065592765808,False,True,/home/tariq/Desktop/Awais-Tariq/base-KD/reports/cifar10_full_audit/vit_scratch/failure_images/05814_true-ship_pred-airplane.png,false_negative_for_ship;false_positive_for_airplane
5825,cifar10_test_05825,/home/tariq/Desktop/Awais-Tariq/base-KD/data/cifar-10-batches-py/test_batch,5825,cat,frog,0.9996615648269653,False,True,/home/tariq/Desktop/Awais-Tariq/base-KD/reports/cifar10_full_audit/vit_scratch/failure_images/05825_true-cat_pred-frog.png,false_negative_for_cat;false_positive_for_frog
5827,cifar10_test_05827,/home/tariq/Desktop/Awais-Tariq/base-KD/data/cifar-10-batches-py/test_batch,5827,airplane,bird,0.6438601016998291,False,True,/home/tariq/Desktop/Awais-Tariq/base-KD/reports/cifar10_full_audit/vit_scratch/failure_images/05827_true-airplane_pred-bird.png,false_negative_for_airplane;false_positive_for_bird
5833,cifar10_test_05833,/home/tariq/Desktop/Awais-Tariq/base-KD/data/cifar-10-batches-py/test_batch,5833,cat,ship,0.40966296195983887,False,True,/home/tariq/Desktop/Awais-Tariq/base-KD/reports/cifar10_full_audit/vit_scratch/failure_images/05833_true-cat_pred-ship.png,false_negative_for_cat;false_positive_for_ship
5838,cifar10_test_05838,/home/tariq/Desktop/Awais-Tariq/base-KD/data/cifar-10-batches-py/test_batch,5838,deer,horse,0.4394564628601074,False,True,/home/tariq/Desktop/Awais-Tariq/base-KD/reports/cifar10_full_audit/vit_scratch/failure_images/05838_true-deer_pred-horse.png,false_negative_for_deer;false_positive_for_horse
5844,cifar10_test_05844,/home/tariq/Desktop/Awais-Tariq/base-KD/data/cifar-10-batches-py/test_batch,5844,airplane,ship,0.9999722242355347,False,True,/home/tariq/Desktop/Awais-Tariq/base-KD/reports/cifar10_full_audit/vit_scratch/failure_images/05844_true-airplane_pred-ship.png,false_negative_for_airplane;false_positive_for_ship
5849,cifar10_test_05849,/home/tariq/Desktop/Awais-Tariq/base-KD/data/cifar-10-batches-py/test_batch,5849,dog,cat,0.7986342310905457,False,True,/home/tariq/Desktop/Awais-Tariq/base-KD/reports/cifar10_full_audit/vit_scratch/failure_images/05849_true-dog_pred-cat.png,false_negative_for_dog;false_positive_for_cat
5852,cifar10_test_05852,/home/tariq/Desktop/Awais-Tariq/base-KD/data/cifar-10-batches-py/test_batch,5852,cat,dog,0.8215520977973938,False,True,/home/tariq/Desktop/Awais-Tariq/base-KD/reports/cifar10_full_audit/vit_scratch/failure_images/05852_true-cat_pred-dog.png,false_negative_for_cat;false_positive_for_dog
5854,cifar10_test_05854,/home/tariq/Desktop/Awais-Tariq/base-KD/data/cifar-10-batches-py/test_batch,5854,deer,ship,0.5914620161056519,False,True,/home/tariq/Desktop/Awais-Tariq/base-KD/reports/cifar10_full_audit/vit_scratch/failure_images/05854_true-deer_pred-ship.png,false_negative_for_deer;false_positive_for_ship
5855,cifar10_test_05855,/home/tariq/Desktop/Awais-Tariq/base-KD/data/cifar-10-batches-py/test_batch,5855,horse,bird,0.5418616533279419,False,True,/home/tariq/Desktop/Awais-Tariq/base-KD/reports/cifar10_full_audit/vit_scratch/failure_images/05855_true-horse_pred-bird.png,false_negative_for_horse;false_positive_for_bird
5856,cifar10_test_05856,/home/tariq/Desktop/Awais-Tariq/base-KD/data/cifar-10-batches-py/test_batch,5856,cat,dog,0.8444895148277283,False,True,/home/tariq/Desktop/Awais-Tariq/base-KD/reports/cifar10_full_audit/vit_scratch/failure_images/05856_true-cat_pred-dog.png,false_negative_for_cat;false_positive_for_dog
5864,cifar10_test_05864,/home/tariq/Desktop/Awais-Tariq/base-KD/data/cifar-10-batches-py/test_batch,5864,truck,automobile,0.5395998358726501,False,True,/home/tariq/Desktop/Awais-Tariq/base-KD/reports/cifar10_full_audit/vit_scratch/failure_images/05864_true-truck_pred-automobile.png,false_negative_for_truck;false_positive_for_automobile
5865,cifar10_test_05865,/home/tariq/Desktop/Awais-Tariq/base-KD/data/cifar-10-batches-py/test_batch,5865,frog,dog,0.6139839887619019,False,True,/home/tariq/Desktop/Awais-Tariq/base-KD/reports/cifar10_full_audit/vit_scratch/failure_images/05865_true-frog_pred-dog.png,false_negative_for_frog;false_positive_for_dog
5872,cifar10_test_05872,/home/tariq/Desktop/Awais-Tariq/base-KD/data/cifar-10-batches-py/test_batch,5872,horse,deer,0.6696117520332336,False,True,/home/tariq/Desktop/Awais-Tariq/base-KD/reports/cifar10_full_audit/vit_scratch/failure_images/05872_true-horse_pred-deer.png,false_negative_for_horse;false_positive_for_deer
5874,cifar10_test_05874,/home/tariq/Desktop/Awais-Tariq/base-KD/data/cifar-10-batches-py/test_batch,5874,cat,frog,0.6029665470123291,False,False,/home/tariq/Desktop/Awais-Tariq/base-KD/reports/cifar10_full_audit/vit_scratch/failure_images/05874_true-cat_pred-frog.png,false_negative_for_cat;false_positive_for_frog
5878,cifar10_test_05878,/home/tariq/Desktop/Awais-Tariq/base-KD/data/cifar-10-batches-py/test_batch,5878,deer,cat,0.6705136299133301,False,True,/home/tariq/Desktop/Awais-Tariq/base-KD/reports/cifar10_full_audit/vit_scratch/failure_images/05878_true-deer_pred-cat.png,false_negative_for_deer;false_positive_for_cat
5881,cifar10_test_05881,/home/tariq/Desktop/Awais-Tariq/base-KD/data/cifar-10-batches-py/test_batch,5881,cat,dog,0.9951530694961548,False,True,/home/tariq/Desktop/Awais-Tariq/base-KD/reports/cifar10_full_audit/vit_scratch/failure_images/05881_true-cat_pred-dog.png,false_negative_for_cat;false_positive_for_dog
5896,cifar10_test_05896,/home/tariq/Desktop/Awais-Tariq/base-KD/data/cifar-10-batches-py/test_batch,5896,ship,truck,0.9973345994949341,False,True,/home/tariq/Desktop/Awais-Tariq/base-KD/reports/cifar10_full_audit/vit_scratch/failure_images/05896_true-ship_pred-truck.png,false_negative_for_ship;false_positive_for_truck
5900,cifar10_test_05900,/home/tariq/Desktop/Awais-Tariq/base-KD/data/cifar-10-batches-py/test_batch,5900,deer,cat,0.9831185936927795,False,False,/home/tariq/Desktop/Awais-Tariq/base-KD/reports/cifar10_full_audit/vit_scratch/failure_images/05900_true-deer_pred-cat.png,false_negative_for_deer;false_positive_for_cat
5903,cifar10_test_05903,/home/tariq/Desktop/Awais-Tariq/base-KD/data/cifar-10-batches-py/test_batch,5903,deer,airplane,0.8076088428497314,False,False,/home/tariq/Desktop/Awais-Tariq/base-KD/reports/cifar10_full_audit/vit_scratch/failure_images/05903_true-deer_pred-airplane.png,false_negative_for_deer;false_positive_for_airplane
5905,cifar10_test_05905,/home/tariq/Desktop/Awais-Tariq/base-KD/data/cifar-10-batches-py/test_batch,5905,automobile,truck,0.6254816055297852,False,True,/home/tariq/Desktop/Awais-Tariq/base-KD/reports/cifar10_full_audit/vit_scratch/failure_images/05905_true-automobile_pred-truck.png,false_negative_for_automobile;false_positive_for_truck
5908,cifar10_test_05908,/home/tariq/Desktop/Awais-Tariq/base-KD/data/cifar-10-batches-py/test_batch,5908,cat,bird,0.9936791062355042,False,False,/home/tariq/Desktop/Awais-Tariq/base-KD/reports/cifar10_full_audit/vit_scratch/failure_images/05908_true-cat_pred-bird.png,false_negative_for_cat;false_positive_for_bird
5910,cifar10_test_05910,/home/tariq/Desktop/Awais-Tariq/base-KD/data/cifar-10-batches-py/test_batch,5910,bird,dog,0.857002854347229,False,True,/home/tariq/Desktop/Awais-Tariq/base-KD/reports/cifar10_full_audit/vit_scratch/failure_images/05910_true-bird_pred-dog.png,false_negative_for_bird;false_positive_for_dog
5915,cifar10_test_05915,/home/tariq/Desktop/Awais-Tariq/base-KD/data/cifar-10-batches-py/test_batch,5915,dog,cat,0.999118983745575,False,True,/home/tariq/Desktop/Awais-Tariq/base-KD/reports/cifar10_full_audit/vit_scratch/failure_images/05915_true-dog_pred-cat.png,false_negative_for_dog;false_positive_for_cat
5917,cifar10_test_05917,/home/tariq/Desktop/Awais-Tariq/base-KD/data/cifar-10-batches-py/test_batch,5917,cat,bird,0.9945003986358643,False,False,/home/tariq/Desktop/Awais-Tariq/base-KD/reports/cifar10_full_audit/vit_scratch/failure_images/05917_true-cat_pred-bird.png,false_negative_for_cat;false_positive_for_bird
5924,cifar10_test_05924,/home/tariq/Desktop/Awais-Tariq/base-KD/data/cifar-10-batches-py/test_batch,5924,deer,frog,0.8685404062271118,False,True,/home/tariq/Desktop/Awais-Tariq/base-KD/reports/cifar10_full_audit/vit_scratch/failure_images/05924_true-deer_pred-frog.png,false_negative_for_deer;false_positive_for_frog
5930,cifar10_test_05930,/home/tariq/Desktop/Awais-Tariq/base-KD/data/cifar-10-batches-py/test_batch,5930,dog,bird,0.9235413074493408,False,True,/home/tariq/Desktop/Awais-Tariq/base-KD/reports/cifar10_full_audit/vit_scratch/failure_images/05930_true-dog_pred-bird.png,false_negative_for_dog;false_positive_for_bird
5932,cifar10_test_05932,/home/tariq/Desktop/Awais-Tariq/base-KD/data/cifar-10-batches-py/test_batch,5932,deer,bird,0.9130366444587708,False,True,/home/tariq/Desktop/Awais-Tariq/base-KD/reports/cifar10_full_audit/vit_scratch/failure_images/05932_true-deer_pred-bird.png,false_negative_for_deer;false_positive_for_bird
5934,cifar10_test_05934,/home/tariq/Desktop/Awais-Tariq/base-KD/data/cifar-10-batches-py/test_batch,5934,cat,deer,0.8014044165611267,False,True,/home/tariq/Desktop/Awais-Tariq/base-KD/reports/cifar10_full_audit/vit_scratch/failure_images/05934_true-cat_pred-deer.png,false_negative_for_cat;false_positive_for_deer
5936,cifar10_test_05936,/home/tariq/Desktop/Awais-Tariq/base-KD/data/cifar-10-batches-py/test_batch,5936,frog,cat,0.596304178237915,False,True,/home/tariq/Desktop/Awais-Tariq/base-KD/reports/cifar10_full_audit/vit_scratch/failure_images/05936_true-frog_pred-cat.png,false_negative_for_frog;false_positive_for_cat
5940,cifar10_test_05940,/home/tariq/Desktop/Awais-Tariq/base-KD/data/cifar-10-batches-py/test_batch,5940,horse,cat,0.794915497303009,False,True,/home/tariq/Desktop/Awais-Tariq/base-KD/reports/cifar10_full_audit/vit_scratch/failure_images/05940_true-horse_pred-cat.png,false_negative_for_horse;false_positive_for_cat
5955,cifar10_test_05955,/home/tariq/Desktop/Awais-Tariq/base-KD/data/cifar-10-batches-py/test_batch,5955,dog,airplane,0.9814871549606323,False,True,/home/tariq/Desktop/Awais-Tariq/base-KD/reports/cifar10_full_audit/vit_scratch/failure_images/05955_true-dog_pred-airplane.png,false_negative_for_dog;false_positive_for_airplane
5969,cifar10_test_05969,/home/tariq/Desktop/Awais-Tariq/base-KD/data/cifar-10-batches-py/test_batch,5969,dog,bird,0.9987194538116455,False,True,/home/tariq/Desktop/Awais-Tariq/base-KD/reports/cifar10_full_audit/vit_scratch/failure_images/05969_true-dog_pred-bird.png,false_negative_for_dog;false_positive_for_bird
5972,cifar10_test_05972,/home/tariq/Desktop/Awais-Tariq/base-KD/data/cifar-10-batches-py/test_batch,5972,ship,airplane,0.9994031190872192,False,False,/home/tariq/Desktop/Awais-Tariq/base-KD/reports/cifar10_full_audit/vit_scratch/failure_images/05972_true-ship_pred-airplane.png,false_negative_for_ship;false_positive_for_airplane
5979,cifar10_test_05979,/home/tariq/Desktop/Awais-Tariq/base-KD/data/cifar-10-batches-py/test_batch,5979,dog,automobile,0.9203426837921143,False,False,/home/tariq/Desktop/Awais-Tariq/base-KD/reports/cifar10_full_audit/vit_scratch/failure_images/05979_true-dog_pred-automobile.png,false_negative_for_dog;false_positive_for_automobile
5982,cifar10_test_05982,/home/tariq/Desktop/Awais-Tariq/base-KD/data/cifar-10-batches-py/test_batch,5982,truck,airplane,0.8107983469963074,False,True,/home/tariq/Desktop/Awais-Tariq/base-KD/reports/cifar10_full_audit/vit_scratch/failure_images/05982_true-truck_pred-airplane.png,false_negative_for_truck;false_positive_for_airplane
5987,cifar10_test_05987,/home/tariq/Desktop/Awais-Tariq/base-KD/data/cifar-10-batches-py/test_batch,5987,cat,deer,0.9981411695480347,False,False,/home/tariq/Desktop/Awais-Tariq/base-KD/reports/cifar10_full_audit/vit_scratch/failure_images/05987_true-cat_pred-deer.png,false_negative_for_cat;false_positive_for_deer
5994,cifar10_test_05994,/home/tariq/Desktop/Awais-Tariq/base-KD/data/cifar-10-batches-py/test_batch,5994,deer,horse,0.5428178906440735,False,True,/home/tariq/Desktop/Awais-Tariq/base-KD/reports/cifar10_full_audit/vit_scratch/failure_images/05994_true-deer_pred-horse.png,false_negative_for_deer;false_positive_for_horse
5999,cifar10_test_05999,/home/tariq/Desktop/Awais-Tariq/base-KD/data/cifar-10-batches-py/test_batch,5999,bird,deer,0.6331967115402222,False,True,/home/tariq/Desktop/Awais-Tariq/base-KD/reports/cifar10_full_audit/vit_scratch/failure_images/05999_true-bird_pred-deer.png,false_negative_for_bird;false_positive_for_deer
6000,cifar10_test_06000,/home/tariq/Desktop/Awais-Tariq/base-KD/data/cifar-10-batches-py/test_batch,6000,ship,truck,0.9534370303153992,False,True,/home/tariq/Desktop/Awais-Tariq/base-KD/reports/cifar10_full_audit/vit_scratch/failure_images/06000_true-ship_pred-truck.png,false_negative_for_ship;false_positive_for_truck
6005,cifar10_test_06005,/home/tariq/Desktop/Awais-Tariq/base-KD/data/cifar-10-batches-py/test_batch,6005,deer,bird,0.9511491656303406,False,True,/home/tariq/Desktop/Awais-Tariq/base-KD/reports/cifar10_full_audit/vit_scratch/failure_images/06005_true-deer_pred-bird.png,false_negative_for_deer;false_positive_for_bird
6006,cifar10_test_06006,/home/tariq/Desktop/Awais-Tariq/base-KD/data/cifar-10-batches-py/test_batch,6006,airplane,bird,0.930060088634491,False,False,/home/tariq/Desktop/Awais-Tariq/base-KD/reports/cifar10_full_audit/vit_scratch/failure_images/06006_true-airplane_pred-bird.png,false_negative_for_airplane;false_positive_for_bird
6008,cifar10_test_06008,/home/tariq/Desktop/Awais-Tariq/base-KD/data/cifar-10-batches-py/test_batch,6008,cat,bird,0.7859525084495544,False,False,/home/tariq/Desktop/Awais-Tariq/base-KD/reports/cifar10_full_audit/vit_scratch/failure_images/06008_true-cat_pred-bird.png,false_negative_for_cat;false_positive_for_bird
6011,cifar10_test_06011,/home/tariq/Desktop/Awais-Tariq/base-KD/data/cifar-10-batches-py/test_batch,6011,horse,dog,0.860510528087616,False,True,/home/tariq/Desktop/Awais-Tariq/base-KD/reports/cifar10_full_audit/vit_scratch/failure_images/06011_true-horse_pred-dog.png,false_negative_for_horse;false_positive_for_dog
6014,cifar10_test_06014,/home/tariq/Desktop/Awais-Tariq/base-KD/data/cifar-10-batches-py/test_batch,6014,dog,horse,0.9781694412231445,False,False,/home/tariq/Desktop/Awais-Tariq/base-KD/reports/cifar10_full_audit/vit_scratch/failure_images/06014_true-dog_pred-horse.png,false_negative_for_dog;false_positive_for_horse
6016,cifar10_test_06016,/home/tariq/Desktop/Awais-Tariq/base-KD/data/cifar-10-batches-py/test_batch,6016,deer,frog,0.9999520778656006,False,True,/home/tariq/Desktop/Awais-Tariq/base-KD/reports/cifar10_full_audit/vit_scratch/failure_images/06016_true-deer_pred-frog.png,false_negative_for_deer;false_positive_for_frog
6025,cifar10_test_06025,/home/tariq/Desktop/Awais-Tariq/base-KD/data/cifar-10-batches-py/test_batch,6025,frog,dog,0.9909200668334961,False,True,/home/tariq/Desktop/Awais-Tariq/base-KD/reports/cifar10_full_audit/vit_scratch/failure_images/06025_true-frog_pred-dog.png,false_negative_for_frog;false_positive_for_dog
6028,cifar10_test_06028,/home/tariq/Desktop/Awais-Tariq/base-KD/data/cifar-10-batches-py/test_batch,6028,ship,airplane,0.9858588576316833,False,True,/home/tariq/Desktop/Awais-Tariq/base-KD/reports/cifar10_full_audit/vit_scratch/failure_images/06028_true-ship_pred-airplane.png,false_negative_for_ship;false_positive_for_airplane
6035,cifar10_test_06035,/home/tariq/Desktop/Awais-Tariq/base-KD/data/cifar-10-batches-py/test_batch,6035,dog,cat,0.9772256016731262,False,True,/home/tariq/Desktop/Awais-Tariq/base-KD/reports/cifar10_full_audit/vit_scratch/failure_images/06035_true-dog_pred-cat.png,false_negative_for_dog;false_positive_for_cat
6038,cifar10_test_06038,/home/tariq/Desktop/Awais-Tariq/base-KD/data/cifar-10-batches-py/test_batch,6038,deer,bird,0.8051424026489258,False,True,/home/tariq/Desktop/Awais-Tariq/base-KD/reports/cifar10_full_audit/vit_scratch/failure_images/06038_true-deer_pred-bird.png,false_negative_for_deer;false_positive_for_bird
6041,cifar10_test_06041,/home/tariq/Desktop/Awais-Tariq/base-KD/data/cifar-10-batches-py/test_batch,6041,horse,frog,0.46381643414497375,False,True,/home/tariq/Desktop/Awais-Tariq/base-KD/reports/cifar10_full_audit/vit_scratch/failure_images/06041_true-horse_pred-frog.png,false_negative_for_horse;false_positive_for_frog
6042,cifar10_test_06042,/home/tariq/Desktop/Awais-Tariq/base-KD/data/cifar-10-batches-py/test_batch,6042,frog,cat,0.9857454299926758,False,True,/home/tariq/Desktop/Awais-Tariq/base-KD/reports/cifar10_full_audit/vit_scratch/failure_images/06042_true-frog_pred-cat.png,false_negative_for_frog;false_positive_for_cat
6044,cifar10_test_06044,/home/tariq/Desktop/Awais-Tariq/base-KD/data/cifar-10-batches-py/test_batch,6044,horse,deer,0.9911451935768127,False,True,/home/tariq/Desktop/Awais-Tariq/base-KD/reports/cifar10_full_audit/vit_scratch/failure_images/06044_true-horse_pred-deer.png,false_negative_for_horse;false_positive_for_deer
6051,cifar10_test_06051,/home/tariq/Desktop/Awais-Tariq/base-KD/data/cifar-10-batches-py/test_batch,6051,deer,horse,0.9833481907844543,False,True,/home/tariq/Desktop/Awais-Tariq/base-KD/reports/cifar10_full_audit/vit_scratch/failure_images/06051_true-deer_pred-horse.png,false_negative_for_deer;false_positive_for_horse
6062,cifar10_test_06062,/home/tariq/Desktop/Awais-Tariq/base-KD/data/cifar-10-batches-py/test_batch,6062,cat,frog,0.8255348801612854,False,True,/home/tariq/Desktop/Awais-Tariq/base-KD/reports/cifar10_full_audit/vit_scratch/failure_images/06062_true-cat_pred-frog.png,false_negative_for_cat;false_positive_for_frog
6063,cifar10_test_06063,/home/tariq/Desktop/Awais-Tariq/base-KD/data/cifar-10-batches-py/test_batch,6063,frog,deer,0.8817406296730042,False,True,/home/tariq/Desktop/Awais-Tariq/base-KD/reports/cifar10_full_audit/vit_scratch/failure_images/06063_true-frog_pred-deer.png,false_negative_for_frog;false_positive_for_deer
6065,cifar10_test_06065,/home/tariq/Desktop/Awais-Tariq/base-KD/data/cifar-10-batches-py/test_batch,6065,dog,bird,0.9529882669448853,False,True,/home/tariq/Desktop/Awais-Tariq/base-KD/reports/cifar10_full_audit/vit_scratch/failure_images/06065_true-dog_pred-bird.png,false_negative_for_dog;false_positive_for_bird
6066,cifar10_test_06066,/home/tariq/Desktop/Awais-Tariq/base-KD/data/cifar-10-batches-py/test_batch,6066,bird,frog,0.9958523511886597,False,True,/home/tariq/Desktop/Awais-Tariq/base-KD/reports/cifar10_full_audit/vit_scratch/failure_images/06066_true-bird_pred-frog.png,false_negative_for_bird;false_positive_for_frog
6068,cifar10_test_06068,/home/tariq/Desktop/Awais-Tariq/base-KD/data/cifar-10-batches-py/test_batch,6068,dog,cat,0.9559948444366455,False,True,/home/tariq/Desktop/Awais-Tariq/base-KD/reports/cifar10_full_audit/vit_scratch/failure_images/06068_true-dog_pred-cat.png,false_negative_for_dog;false_positive_for_cat
6071,cifar10_test_06071,/home/tariq/Desktop/Awais-Tariq/base-KD/data/cifar-10-batches-py/test_batch,6071,horse,deer,0.7716344594955444,False,True,/home/tariq/Desktop/Awais-Tariq/base-KD/reports/cifar10_full_audit/vit_scratch/failure_images/06071_true-horse_pred-deer.png,false_negative_for_horse;false_positive_for_deer
6074,cifar10_test_06074,/home/tariq/Desktop/Awais-Tariq/base-KD/data/cifar-10-batches-py/test_batch,6074,deer,truck,0.8084111213684082,False,True,/home/tariq/Desktop/Awais-Tariq/base-KD/reports/cifar10_full_audit/vit_scratch/failure_images/06074_true-deer_pred-truck.png,false_negative_for_deer;false_positive_for_truck
6076,cifar10_test_06076,/home/tariq/Desktop/Awais-Tariq/base-KD/data/cifar-10-batches-py/test_batch,6076,horse,deer,0.8165134787559509,False,True,/home/tariq/Desktop/Awais-Tariq/base-KD/reports/cifar10_full_audit/vit_scratch/failure_images/06076_true-horse_pred-deer.png,false_negative_for_horse;false_positive_for_deer
6077,cifar10_test_06077,/home/tariq/Desktop/Awais-Tariq/base-KD/data/cifar-10-batches-py/test_batch,6077,airplane,bird,0.9989210367202759,False,True,/home/tariq/Desktop/Awais-Tariq/base-KD/reports/cifar10_full_audit/vit_scratch/failure_images/06077_true-airplane_pred-bird.png,false_negative_for_airplane;false_positive_for_bird
6083,cifar10_test_06083,/home/tariq/Desktop/Awais-Tariq/base-KD/data/cifar-10-batches-py/test_batch,6083,bird,cat,0.627900242805481,False,True,/home/tariq/Desktop/Awais-Tariq/base-KD/reports/cifar10_full_audit/vit_scratch/failure_images/06083_true-bird_pred-cat.png,false_negative_for_bird;false_positive_for_cat
6097,cifar10_test_06097,/home/tariq/Desktop/Awais-Tariq/base-KD/data/cifar-10-batches-py/test_batch,6097,dog,horse,0.9381558895111084,False,True,/home/tariq/Desktop/Awais-Tariq/base-KD/reports/cifar10_full_audit/vit_scratch/failure_images/06097_true-dog_pred-horse.png,false_negative_for_dog;false_positive_for_horse
6111,cifar10_test_06111,/home/tariq/Desktop/Awais-Tariq/base-KD/data/cifar-10-batches-py/test_batch,6111,cat,bird,0.9965687990188599,False,True,/home/tariq/Desktop/Awais-Tariq/base-KD/reports/cifar10_full_audit/vit_scratch/failure_images/06111_true-cat_pred-bird.png,false_negative_for_cat;false_positive_for_bird
6112,cifar10_test_06112,/home/tariq/Desktop/Awais-Tariq/base-KD/data/cifar-10-batches-py/test_batch,6112,ship,automobile,0.6692460775375366,False,True,/home/tariq/Desktop/Awais-Tariq/base-KD/reports/cifar10_full_audit/vit_scratch/failure_images/06112_true-ship_pred-automobile.png,false_negative_for_ship;false_positive_for_automobile
6116,cifar10_test_06116,/home/tariq/Desktop/Awais-Tariq/base-KD/data/cifar-10-batches-py/test_batch,6116,dog,deer,0.9990659356117249,False,True,/home/tariq/Desktop/Awais-Tariq/base-KD/reports/cifar10_full_audit/vit_scratch/failure_images/06116_true-dog_pred-deer.png,false_negative_for_dog;false_positive_for_deer
6125,cifar10_test_06125,/home/tariq/Desktop/Awais-Tariq/base-KD/data/cifar-10-batches-py/test_batch,6125,ship,truck,0.9980406165122986,False,True,/home/tariq/Desktop/Awais-Tariq/base-KD/reports/cifar10_full_audit/vit_scratch/failure_images/06125_true-ship_pred-truck.png,false_negative_for_ship;false_positive_for_truck
6127,cifar10_test_06127,/home/tariq/Desktop/Awais-Tariq/base-KD/data/cifar-10-batches-py/test_batch,6127,dog,bird,0.8143013715744019,False,True,/home/tariq/Desktop/Awais-Tariq/base-KD/reports/cifar10_full_audit/vit_scratch/failure_images/06127_true-dog_pred-bird.png,false_negative_for_dog;false_positive_for_bird
6129,cifar10_test_06129,/home/tariq/Desktop/Awais-Tariq/base-KD/data/cifar-10-batches-py/test_batch,6129,deer,bird,0.9726616740226746,False,True,/home/tariq/Desktop/Awais-Tariq/base-KD/reports/cifar10_full_audit/vit_scratch/failure_images/06129_true-deer_pred-bird.png,false_negative_for_deer;false_positive_for_bird
6134,cifar10_test_06134,/home/tariq/Desktop/Awais-Tariq/base-KD/data/cifar-10-batches-py/test_batch,6134,cat,truck,0.8242468237876892,False,True,/home/tariq/Desktop/Awais-Tariq/base-KD/reports/cifar10_full_audit/vit_scratch/failure_images/06134_true-cat_pred-truck.png,false_negative_for_cat;false_positive_for_truck
6135,cifar10_test_06135,/home/tariq/Desktop/Awais-Tariq/base-KD/data/cifar-10-batches-py/test_batch,6135,cat,horse,0.9593294858932495,False,True,/home/tariq/Desktop/Awais-Tariq/base-KD/reports/cifar10_full_audit/vit_scratch/failure_images/06135_true-cat_pred-horse.png,false_negative_for_cat;false_positive_for_horse
6138,cifar10_test_06138,/home/tariq/Desktop/Awais-Tariq/base-KD/data/cifar-10-batches-py/test_batch,6138,cat,frog,0.5190521478652954,False,True,/home/tariq/Desktop/Awais-Tariq/base-KD/reports/cifar10_full_audit/vit_scratch/failure_images/06138_true-cat_pred-frog.png,false_negative_for_cat;false_positive_for_frog
6142,cifar10_test_06142,/home/tariq/Desktop/Awais-Tariq/base-KD/data/cifar-10-batches-py/test_batch,6142,dog,cat,0.9764313697814941,False,True,/home/tariq/Desktop/Awais-Tariq/base-KD/reports/cifar10_full_audit/vit_scratch/failure_images/06142_true-dog_pred-cat.png,false_negative_for_dog;false_positive_for_cat
6146,cifar10_test_06146,/home/tariq/Desktop/Awais-Tariq/base-KD/data/cifar-10-batches-py/test_batch,6146,airplane,truck,0.9822685718536377,False,True,/home/tariq/Desktop/Awais-Tariq/base-KD/reports/cifar10_full_audit/vit_scratch/failure_images/06146_true-airplane_pred-truck.png,false_negative_for_airplane;false_positive_for_truck
6151,cifar10_test_06151,/home/tariq/Desktop/Awais-Tariq/base-KD/data/cifar-10-batches-py/test_batch,6151,horse,deer,0.9981789588928223,False,False,/home/tariq/Desktop/Awais-Tariq/base-KD/reports/cifar10_full_audit/vit_scratch/failure_images/06151_true-horse_pred-deer.png,false_negative_for_horse;false_positive_for_deer
6153,cifar10_test_06153,/home/tariq/Desktop/Awais-Tariq/base-KD/data/cifar-10-batches-py/test_batch,6153,deer,horse,0.9749178886413574,False,True,/home/tariq/Desktop/Awais-Tariq/base-KD/reports/cifar10_full_audit/vit_scratch/failure_images/06153_true-deer_pred-horse.png,false_negative_for_deer;false_positive_for_horse
6154,cifar10_test_06154,/home/tariq/Desktop/Awais-Tariq/base-KD/data/cifar-10-batches-py/test_batch,6154,deer,dog,0.9607746601104736,False,True,/home/tariq/Desktop/Awais-Tariq/base-KD/reports/cifar10_full_audit/vit_scratch/failure_images/06154_true-deer_pred-dog.png,false_negative_for_deer;false_positive_for_dog
6158,cifar10_test_06158,/home/tariq/Desktop/Awais-Tariq/base-KD/data/cifar-10-batches-py/test_batch,6158,horse,bird,0.9438913464546204,False,True,/home/tariq/Desktop/Awais-Tariq/base-KD/reports/cifar10_full_audit/vit_scratch/failure_images/06158_true-horse_pred-bird.png,false_negative_for_horse;false_positive_for_bird
6161,cifar10_test_06161,/home/tariq/Desktop/Awais-Tariq/base-KD/data/cifar-10-batches-py/test_batch,6161,deer,dog,0.8882075548171997,False,True,/home/tariq/Desktop/Awais-Tariq/base-KD/reports/cifar10_full_audit/vit_scratch/failure_images/06161_true-deer_pred-dog.png,false_negative_for_deer;false_positive_for_dog
6162,cifar10_test_06162,/home/tariq/Desktop/Awais-Tariq/base-KD/data/cifar-10-batches-py/test_batch,6162,airplane,truck,0.9970998764038086,False,False,/home/tariq/Desktop/Awais-Tariq/base-KD/reports/cifar10_full_audit/vit_scratch/failure_images/06162_true-airplane_pred-truck.png,false_negative_for_airplane;false_positive_for_truck
6163,cifar10_test_06163,/home/tariq/Desktop/Awais-Tariq/base-KD/data/cifar-10-batches-py/test_batch,6163,cat,ship,0.7061410546302795,False,True,/home/tariq/Desktop/Awais-Tariq/base-KD/reports/cifar10_full_audit/vit_scratch/failure_images/06163_true-cat_pred-ship.png,false_negative_for_cat;false_positive_for_ship
6167,cifar10_test_06167,/home/tariq/Desktop/Awais-Tariq/base-KD/data/cifar-10-batches-py/test_batch,6167,truck,horse,0.9007951617240906,False,True,/home/tariq/Desktop/Awais-Tariq/base-KD/reports/cifar10_full_audit/vit_scratch/failure_images/06167_true-truck_pred-horse.png,false_negative_for_truck;false_positive_for_horse
6168,cifar10_test_06168,/home/tariq/Desktop/Awais-Tariq/base-KD/data/cifar-10-batches-py/test_batch,6168,cat,horse,0.9995409250259399,False,True,/home/tariq/Desktop/Awais-Tariq/base-KD/reports/cifar10_full_audit/vit_scratch/failure_images/06168_true-cat_pred-horse.png,false_negative_for_cat;false_positive_for_horse
6174,cifar10_test_06174,/home/tariq/Desktop/Awais-Tariq/base-KD/data/cifar-10-batches-py/test_batch,6174,cat,dog,0.8647136688232422,False,True,/home/tariq/Desktop/Awais-Tariq/base-KD/reports/cifar10_full_audit/vit_scratch/failure_images/06174_true-cat_pred-dog.png,false_negative_for_cat;false_positive_for_dog
6175,cifar10_test_06175,/home/tariq/Desktop/Awais-Tariq/base-KD/data/cifar-10-batches-py/test_batch,6175,cat,frog,0.9776051640510559,False,True,/home/tariq/Desktop/Awais-Tariq/base-KD/reports/cifar10_full_audit/vit_scratch/failure_images/06175_true-cat_pred-frog.png,false_negative_for_cat;false_positive_for_frog
6178,cifar10_test_06178,/home/tariq/Desktop/Awais-Tariq/base-KD/data/cifar-10-batches-py/test_batch,6178,dog,frog,0.9931855201721191,False,True,/home/tariq/Desktop/Awais-Tariq/base-KD/reports/cifar10_full_audit/vit_scratch/failure_images/06178_true-dog_pred-frog.png,false_negative_for_dog;false_positive_for_frog
6181,cifar10_test_06181,/home/tariq/Desktop/Awais-Tariq/base-KD/data/cifar-10-batches-py/test_batch,6181,ship,automobile,0.7609058618545532,False,True,/home/tariq/Desktop/Awais-Tariq/base-KD/reports/cifar10_full_audit/vit_scratch/failure_images/06181_true-ship_pred-automobile.png,false_negative_for_ship;false_positive_for_automobile
6187,cifar10_test_06187,/home/tariq/Desktop/Awais-Tariq/base-KD/data/cifar-10-batches-py/test_batch,6187,airplane,automobile,0.9403600692749023,False,True,/home/tariq/Desktop/Awais-Tariq/base-KD/reports/cifar10_full_audit/vit_scratch/failure_images/06187_true-airplane_pred-automobile.png,false_negative_for_airplane;false_positive_for_automobile
6190,cifar10_test_06190,/home/tariq/Desktop/Awais-Tariq/base-KD/data/cifar-10-batches-py/test_batch,6190,deer,bird,0.9083297848701477,False,True,/home/tariq/Desktop/Awais-Tariq/base-KD/reports/cifar10_full_audit/vit_scratch/failure_images/06190_true-deer_pred-bird.png,false_negative_for_deer;false_positive_for_bird
6197,cifar10_test_06197,/home/tariq/Desktop/Awais-Tariq/base-KD/data/cifar-10-batches-py/test_batch,6197,deer,bird,0.9068906307220459,False,True,/home/tariq/Desktop/Awais-Tariq/base-KD/reports/cifar10_full_audit/vit_scratch/failure_images/06197_true-deer_pred-bird.png,false_negative_for_deer;false_positive_for_bird
6200,cifar10_test_06200,/home/tariq/Desktop/Awais-Tariq/base-KD/data/cifar-10-batches-py/test_batch,6200,cat,ship,0.6049365997314453,False,True,/home/tariq/Desktop/Awais-Tariq/base-KD/reports/cifar10_full_audit/vit_scratch/failure_images/06200_true-cat_pred-ship.png,false_negative_for_cat;false_positive_for_ship
6201,cifar10_test_06201,/home/tariq/Desktop/Awais-Tariq/base-KD/data/cifar-10-batches-py/test_batch,6201,cat,frog,0.999916672706604,False,True,/home/tariq/Desktop/Awais-Tariq/base-KD/reports/cifar10_full_audit/vit_scratch/failure_images/06201_true-cat_pred-frog.png,false_negative_for_cat;false_positive_for_frog
6202,cifar10_test_06202,/home/tariq/Desktop/Awais-Tariq/base-KD/data/cifar-10-batches-py/test_batch,6202,cat,bird,0.8022704720497131,False,True,/home/tariq/Desktop/Awais-Tariq/base-KD/reports/cifar10_full_audit/vit_scratch/failure_images/06202_true-cat_pred-bird.png,false_negative_for_cat;false_positive_for_bird
6204,cifar10_test_06204,/home/tariq/Desktop/Awais-Tariq/base-KD/data/cifar-10-batches-py/test_batch,6204,deer,horse,0.9987877011299133,False,True,/home/tariq/Desktop/Awais-Tariq/base-KD/reports/cifar10_full_audit/vit_scratch/failure_images/06204_true-deer_pred-horse.png,false_negative_for_deer;false_positive_for_horse
6210,cifar10_test_06210,/home/tariq/Desktop/Awais-Tariq/base-KD/data/cifar-10-batches-py/test_batch,6210,deer,cat,0.919098436832428,False,True,/home/tariq/Desktop/Awais-Tariq/base-KD/reports/cifar10_full_audit/vit_scratch/failure_images/06210_true-deer_pred-cat.png,false_negative_for_deer;false_positive_for_cat
6212,cifar10_test_06212,/home/tariq/Desktop/Awais-Tariq/base-KD/data/cifar-10-batches-py/test_batch,6212,horse,bird,0.6922439932823181,False,True,/home/tariq/Desktop/Awais-Tariq/base-KD/reports/cifar10_full_audit/vit_scratch/failure_images/06212_true-horse_pred-bird.png,false_negative_for_horse;false_positive_for_bird
6218,cifar10_test_06218,/home/tariq/Desktop/Awais-Tariq/base-KD/data/cifar-10-batches-py/test_batch,6218,truck,frog,0.9998388290405273,False,False,/home/tariq/Desktop/Awais-Tariq/base-KD/reports/cifar10_full_audit/vit_scratch/failure_images/06218_true-truck_pred-frog.png,false_negative_for_truck;false_positive_for_frog
6234,cifar10_test_06234,/home/tariq/Desktop/Awais-Tariq/base-KD/data/cifar-10-batches-py/test_batch,6234,horse,frog,0.9519171714782715,False,True,/home/tariq/Desktop/Awais-Tariq/base-KD/reports/cifar10_full_audit/vit_scratch/failure_images/06234_true-horse_pred-frog.png,false_negative_for_horse;false_positive_for_frog
6235,cifar10_test_06235,/home/tariq/Desktop/Awais-Tariq/base-KD/data/cifar-10-batches-py/test_batch,6235,frog,cat,0.9420329928398132,False,True,/home/tariq/Desktop/Awais-Tariq/base-KD/reports/cifar10_full_audit/vit_scratch/failure_images/06235_true-frog_pred-cat.png,false_negative_for_frog;false_positive_for_cat
6240,cifar10_test_06240,/home/tariq/Desktop/Awais-Tariq/base-KD/data/cifar-10-batches-py/test_batch,6240,bird,truck,0.8552377223968506,False,True,/home/tariq/Desktop/Awais-Tariq/base-KD/reports/cifar10_full_audit/vit_scratch/failure_images/06240_true-bird_pred-truck.png,false_negative_for_bird;false_positive_for_truck
6241,cifar10_test_06241,/home/tariq/Desktop/Awais-Tariq/base-KD/data/cifar-10-batches-py/test_batch,6241,airplane,truck,0.8523373007774353,False,True,/home/tariq/Desktop/Awais-Tariq/base-KD/reports/cifar10_full_audit/vit_scratch/failure_images/06241_true-airplane_pred-truck.png,false_negative_for_airplane;false_positive_for_truck
6242,cifar10_test_06242,/home/tariq/Desktop/Awais-Tariq/base-KD/data/cifar-10-batches-py/test_batch,6242,deer,airplane,0.9997312426567078,False,True,/home/tariq/Desktop/Awais-Tariq/base-KD/reports/cifar10_full_audit/vit_scratch/failure_images/06242_true-deer_pred-airplane.png,false_negative_for_deer;false_positive_for_airplane
6250,cifar10_test_06250,/home/tariq/Desktop/Awais-Tariq/base-KD/data/cifar-10-batches-py/test_batch,6250,deer,cat,0.8765130043029785,False,True,/home/tariq/Desktop/Awais-Tariq/base-KD/reports/cifar10_full_audit/vit_scratch/failure_images/06250_true-deer_pred-cat.png,false_negative_for_deer;false_positive_for_cat
6251,cifar10_test_06251,/home/tariq/Desktop/Awais-Tariq/base-KD/data/cifar-10-batches-py/test_batch,6251,automobile,airplane,0.7151098847389221,False,True,/home/tariq/Desktop/Awais-Tariq/base-KD/reports/cifar10_full_audit/vit_scratch/failure_images/06251_true-automobile_pred-airplane.png,false_negative_for_automobile;false_positive_for_airplane
6253,cifar10_test_06253,/home/tariq/Desktop/Awais-Tariq/base-KD/data/cifar-10-batches-py/test_batch,6253,dog,deer,0.9986851811408997,False,True,/home/tariq/Desktop/Awais-Tariq/base-KD/reports/cifar10_full_audit/vit_scratch/failure_images/06253_true-dog_pred-deer.png,false_negative_for_dog;false_positive_for_deer
6255,cifar10_test_06255,/home/tariq/Desktop/Awais-Tariq/base-KD/data/cifar-10-batches-py/test_batch,6255,frog,dog,0.9713802933692932,False,True,/home/tariq/Desktop/Awais-Tariq/base-KD/reports/cifar10_full_audit/vit_scratch/failure_images/06255_true-frog_pred-dog.png,false_negative_for_frog;false_positive_for_dog
6257,cifar10_test_06257,/home/tariq/Desktop/Awais-Tariq/base-KD/data/cifar-10-batches-py/test_batch,6257,dog,cat,0.838346540927887,False,True,/home/tariq/Desktop/Awais-Tariq/base-KD/reports/cifar10_full_audit/vit_scratch/failure_images/06257_true-dog_pred-cat.png,false_negative_for_dog;false_positive_for_cat
6260,cifar10_test_06260,/home/tariq/Desktop/Awais-Tariq/base-KD/data/cifar-10-batches-py/test_batch,6260,bird,airplane,0.5778268575668335,False,True,/home/tariq/Desktop/Awais-Tariq/base-KD/reports/cifar10_full_audit/vit_scratch/failure_images/06260_true-bird_pred-airplane.png,false_negative_for_bird;false_positive_for_airplane
6272,cifar10_test_06272,/home/tariq/Desktop/Awais-Tariq/base-KD/data/cifar-10-batches-py/test_batch,6272,bird,cat,0.5095627307891846,False,True,/home/tariq/Desktop/Awais-Tariq/base-KD/reports/cifar10_full_audit/vit_scratch/failure_images/06272_true-bird_pred-cat.png,false_negative_for_bird;false_positive_for_cat
6277,cifar10_test_06277,/home/tariq/Desktop/Awais-Tariq/base-KD/data/cifar-10-batches-py/test_batch,6277,bird,deer,0.8019418120384216,False,True,/home/tariq/Desktop/Awais-Tariq/base-KD/reports/cifar10_full_audit/vit_scratch/failure_images/06277_true-bird_pred-deer.png,false_negative_for_bird;false_positive_for_deer
6307,cifar10_test_06307,/home/tariq/Desktop/Awais-Tariq/base-KD/data/cifar-10-batches-py/test_batch,6307,deer,horse,0.7350370287895203,False,True,/home/tariq/Desktop/Awais-Tariq/base-KD/reports/cifar10_full_audit/vit_scratch/failure_images/06307_true-deer_pred-horse.png,false_negative_for_deer;false_positive_for_horse
6326,cifar10_test_06326,/home/tariq/Desktop/Awais-Tariq/base-KD/data/cifar-10-batches-py/test_batch,6326,horse,ship,0.6246353387832642,False,True,/home/tariq/Desktop/Awais-Tariq/base-KD/reports/cifar10_full_audit/vit_scratch/failure_images/06326_true-horse_pred-ship.png,false_negative_for_horse;false_positive_for_ship
6338,cifar10_test_06338,/home/tariq/Desktop/Awais-Tariq/base-KD/data/cifar-10-batches-py/test_batch,6338,horse,dog,0.9457696676254272,False,True,/home/tariq/Desktop/Awais-Tariq/base-KD/reports/cifar10_full_audit/vit_scratch/failure_images/06338_true-horse_pred-dog.png,false_negative_for_horse;false_positive_for_dog
6344,cifar10_test_06344,/home/tariq/Desktop/Awais-Tariq/base-KD/data/cifar-10-batches-py/test_batch,6344,dog,horse,0.9926281571388245,False,True,/home/tariq/Desktop/Awais-Tariq/base-KD/reports/cifar10_full_audit/vit_scratch/failure_images/06344_true-dog_pred-horse.png,false_negative_for_dog;false_positive_for_horse
6349,cifar10_test_06349,/home/tariq/Desktop/Awais-Tariq/base-KD/data/cifar-10-batches-py/test_batch,6349,airplane,automobile,0.32982176542282104,False,True,/home/tariq/Desktop/Awais-Tariq/base-KD/reports/cifar10_full_audit/vit_scratch/failure_images/06349_true-airplane_pred-automobile.png,false_negative_for_airplane;false_positive_for_automobile
6353,cifar10_test_06353,/home/tariq/Desktop/Awais-Tariq/base-KD/data/cifar-10-batches-py/test_batch,6353,bird,airplane,0.9655408263206482,False,True,/home/tariq/Desktop/Awais-Tariq/base-KD/reports/cifar10_full_audit/vit_scratch/failure_images/06353_true-bird_pred-airplane.png,false_negative_for_bird;false_positive_for_airplane
6360,cifar10_test_06360,/home/tariq/Desktop/Awais-Tariq/base-KD/data/cifar-10-batches-py/test_batch,6360,bird,cat,0.48215240240097046,False,True,/home/tariq/Desktop/Awais-Tariq/base-KD/reports/cifar10_full_audit/vit_scratch/failure_images/06360_true-bird_pred-cat.png,false_negative_for_bird;false_positive_for_cat
6361,cifar10_test_06361,/home/tariq/Desktop/Awais-Tariq/base-KD/data/cifar-10-batches-py/test_batch,6361,airplane,ship,0.7045648694038391,False,True,/home/tariq/Desktop/Awais-Tariq/base-KD/reports/cifar10_full_audit/vit_scratch/failure_images/06361_true-airplane_pred-ship.png,false_negative_for_airplane;false_positive_for_ship
6378,cifar10_test_06378,/home/tariq/Desktop/Awais-Tariq/base-KD/data/cifar-10-batches-py/test_batch,6378,dog,cat,0.7240588068962097,False,True,/home/tariq/Desktop/Awais-Tariq/base-KD/reports/cifar10_full_audit/vit_scratch/failure_images/06378_true-dog_pred-cat.png,false_negative_for_dog;false_positive_for_cat
6380,cifar10_test_06380,/home/tariq/Desktop/Awais-Tariq/base-KD/data/cifar-10-batches-py/test_batch,6380,cat,airplane,0.8674983978271484,False,False,/home/tariq/Desktop/Awais-Tariq/base-KD/reports/cifar10_full_audit/vit_scratch/failure_images/06380_true-cat_pred-airplane.png,false_negative_for_cat;false_positive_for_airplane
6382,cifar10_test_06382,/home/tariq/Desktop/Awais-Tariq/base-KD/data/cifar-10-batches-py/test_batch,6382,deer,cat,0.8894671201705933,False,True,/home/tariq/Desktop/Awais-Tariq/base-KD/reports/cifar10_full_audit/vit_scratch/failure_images/06382_true-deer_pred-cat.png,false_negative_for_deer;false_positive_for_cat
6386,cifar10_test_06386,/home/tariq/Desktop/Awais-Tariq/base-KD/data/cifar-10-batches-py/test_batch,6386,dog,bird,0.8318136930465698,False,True,/home/tariq/Desktop/Awais-Tariq/base-KD/reports/cifar10_full_audit/vit_scratch/failure_images/06386_true-dog_pred-bird.png,false_negative_for_dog;false_positive_for_bird
6387,cifar10_test_06387,/home/tariq/Desktop/Awais-Tariq/base-KD/data/cifar-10-batches-py/test_batch,6387,bird,deer,0.9168581962585449,False,False,/home/tariq/Desktop/Awais-Tariq/base-KD/reports/cifar10_full_audit/vit_scratch/failure_images/06387_true-bird_pred-deer.png,false_negative_for_bird;false_positive_for_deer
6396,cifar10_test_06396,/home/tariq/Desktop/Awais-Tariq/base-KD/data/cifar-10-batches-py/test_batch,6396,deer,frog,0.9837664365768433,False,True,/home/tariq/Desktop/Awais-Tariq/base-KD/reports/cifar10_full_audit/vit_scratch/failure_images/06396_true-deer_pred-frog.png,false_negative_for_deer;false_positive_for_frog
6397,cifar10_test_06397,/home/tariq/Desktop/Awais-Tariq/base-KD/data/cifar-10-batches-py/test_batch,6397,dog,cat,0.7475329041481018,False,True,/home/tariq/Desktop/Awais-Tariq/base-KD/reports/cifar10_full_audit/vit_scratch/failure_images/06397_true-dog_pred-cat.png,false_negative_for_dog;false_positive_for_cat
6399,cifar10_test_06399,/home/tariq/Desktop/Awais-Tariq/base-KD/data/cifar-10-batches-py/test_batch,6399,automobile,truck,0.6915999054908752,False,True,/home/tariq/Desktop/Awais-Tariq/base-KD/reports/cifar10_full_audit/vit_scratch/failure_images/06399_true-automobile_pred-truck.png,false_negative_for_automobile;false_positive_for_truck
6400,cifar10_test_06400,/home/tariq/Desktop/Awais-Tariq/base-KD/data/cifar-10-batches-py/test_batch,6400,airplane,automobile,0.8558576107025146,False,True,/home/tariq/Desktop/Awais-Tariq/base-KD/reports/cifar10_full_audit/vit_scratch/failure_images/06400_true-airplane_pred-automobile.png,false_negative_for_airplane;false_positive_for_automobile
6401,cifar10_test_06401,/home/tariq/Desktop/Awais-Tariq/base-KD/data/cifar-10-batches-py/test_batch,6401,deer,horse,0.99250727891922,False,True,/home/tariq/Desktop/Awais-Tariq/base-KD/reports/cifar10_full_audit/vit_scratch/failure_images/06401_true-deer_pred-horse.png,false_negative_for_deer;false_positive_for_horse
6406,cifar10_test_06406,/home/tariq/Desktop/Awais-Tariq/base-KD/data/cifar-10-batches-py/test_batch,6406,cat,truck,0.8422967791557312,False,True,/home/tariq/Desktop/Awais-Tariq/base-KD/reports/cifar10_full_audit/vit_scratch/failure_images/06406_true-cat_pred-truck.png,false_negative_for_cat;false_positive_for_truck
6407,cifar10_test_06407,/home/tariq/Desktop/Awais-Tariq/base-KD/data/cifar-10-batches-py/test_batch,6407,bird,deer,0.929889440536499,False,True,/home/tariq/Desktop/Awais-Tariq/base-KD/reports/cifar10_full_audit/vit_scratch/failure_images/06407_true-bird_pred-deer.png,false_negative_for_bird;false_positive_for_deer
6412,cifar10_test_06412,/home/tariq/Desktop/Awais-Tariq/base-KD/data/cifar-10-batches-py/test_batch,6412,ship,truck,0.7970029711723328,False,True,/home/tariq/Desktop/Awais-Tariq/base-KD/reports/cifar10_full_audit/vit_scratch/failure_images/06412_true-ship_pred-truck.png,false_negative_for_ship;false_positive_for_truck
6415,cifar10_test_06415,/home/tariq/Desktop/Awais-Tariq/base-KD/data/cifar-10-batches-py/test_batch,6415,automobile,truck,0.999862551689148,False,True,/home/tariq/Desktop/Awais-Tariq/base-KD/reports/cifar10_full_audit/vit_scratch/failure_images/06415_true-automobile_pred-truck.png,false_negative_for_automobile;false_positive_for_truck
6419,cifar10_test_06419,/home/tariq/Desktop/Awais-Tariq/base-KD/data/cifar-10-batches-py/test_batch,6419,truck,ship,0.931154191493988,False,True,/home/tariq/Desktop/Awais-Tariq/base-KD/reports/cifar10_full_audit/vit_scratch/failure_images/06419_true-truck_pred-ship.png,false_negative_for_truck;false_positive_for_ship
6422,cifar10_test_06422,/home/tariq/Desktop/Awais-Tariq/base-KD/data/cifar-10-batches-py/test_batch,6422,deer,cat,0.9103527069091797,False,True,/home/tariq/Desktop/Awais-Tariq/base-KD/reports/cifar10_full_audit/vit_scratch/failure_images/06422_true-deer_pred-cat.png,false_negative_for_deer;false_positive_for_cat
6423,cifar10_test_06423,/home/tariq/Desktop/Awais-Tariq/base-KD/data/cifar-10-batches-py/test_batch,6423,dog,bird,0.3813020884990692,False,True,/home/tariq/Desktop/Awais-Tariq/base-KD/reports/cifar10_full_audit/vit_scratch/failure_images/06423_true-dog_pred-bird.png,false_negative_for_dog;false_positive_for_bird
6424,cifar10_test_06424,/home/tariq/Desktop/Awais-Tariq/base-KD/data/cifar-10-batches-py/test_batch,6424,ship,airplane,0.9712139368057251,False,True,/home/tariq/Desktop/Awais-Tariq/base-KD/reports/cifar10_full_audit/vit_scratch/failure_images/06424_true-ship_pred-airplane.png,false_negative_for_ship;false_positive_for_airplane
6425,cifar10_test_06425,/home/tariq/Desktop/Awais-Tariq/base-KD/data/cifar-10-batches-py/test_batch,6425,bird,airplane,0.9924501180648804,False,True,/home/tariq/Desktop/Awais-Tariq/base-KD/reports/cifar10_full_audit/vit_scratch/failure_images/06425_true-bird_pred-airplane.png,false_negative_for_bird;false_positive_for_airplane
6428,cifar10_test_06428,/home/tariq/Desktop/Awais-Tariq/base-KD/data/cifar-10-batches-py/test_batch,6428,dog,cat,0.9711217284202576,False,True,/home/tariq/Desktop/Awais-Tariq/base-KD/reports/cifar10_full_audit/vit_scratch/failure_images/06428_true-dog_pred-cat.png,false_negative_for_dog;false_positive_for_cat
6434,cifar10_test_06434,/home/tariq/Desktop/Awais-Tariq/base-KD/data/cifar-10-batches-py/test_batch,6434,airplane,ship,0.9998290538787842,False,True,/home/tariq/Desktop/Awais-Tariq/base-KD/reports/cifar10_full_audit/vit_scratch/failure_images/06434_true-airplane_pred-ship.png,false_negative_for_airplane;false_positive_for_ship
6439,cifar10_test_06439,/home/tariq/Desktop/Awais-Tariq/base-KD/data/cifar-10-batches-py/test_batch,6439,cat,frog,0.998115062713623,False,True,/home/tariq/Desktop/Awais-Tariq/base-KD/reports/cifar10_full_audit/vit_scratch/failure_images/06439_true-cat_pred-frog.png,false_negative_for_cat;false_positive_for_frog
6440,cifar10_test_06440,/home/tariq/Desktop/Awais-Tariq/base-KD/data/cifar-10-batches-py/test_batch,6440,cat,frog,0.7449784874916077,False,False,/home/tariq/Desktop/Awais-Tariq/base-KD/reports/cifar10_full_audit/vit_scratch/failure_images/06440_true-cat_pred-frog.png,false_negative_for_cat;false_positive_for_frog
6444,cifar10_test_06444,/home/tariq/Desktop/Awais-Tariq/base-KD/data/cifar-10-batches-py/test_batch,6444,cat,dog,0.5350908041000366,False,True,/home/tariq/Desktop/Awais-Tariq/base-KD/reports/cifar10_full_audit/vit_scratch/failure_images/06444_true-cat_pred-dog.png,false_negative_for_cat;false_positive_for_dog
6446,cifar10_test_06446,/home/tariq/Desktop/Awais-Tariq/base-KD/data/cifar-10-batches-py/test_batch,6446,deer,bird,0.9694476127624512,False,True,/home/tariq/Desktop/Awais-Tariq/base-KD/reports/cifar10_full_audit/vit_scratch/failure_images/06446_true-deer_pred-bird.png,false_negative_for_deer;false_positive_for_bird
6466,cifar10_test_06466,/home/tariq/Desktop/Awais-Tariq/base-KD/data/cifar-10-batches-py/test_batch,6466,ship,bird,0.45945852994918823,False,True,/home/tariq/Desktop/Awais-Tariq/base-KD/reports/cifar10_full_audit/vit_scratch/failure_images/06466_true-ship_pred-bird.png,false_negative_for_ship;false_positive_for_bird
6477,cifar10_test_06477,/home/tariq/Desktop/Awais-Tariq/base-KD/data/cifar-10-batches-py/test_batch,6477,deer,horse,0.9231290221214294,False,True,/home/tariq/Desktop/Awais-Tariq/base-KD/reports/cifar10_full_audit/vit_scratch/failure_images/06477_true-deer_pred-horse.png,false_negative_for_deer;false_positive_for_horse
6481,cifar10_test_06481,/home/tariq/Desktop/Awais-Tariq/base-KD/data/cifar-10-batches-py/test_batch,6481,airplane,frog,0.6694868206977844,False,False,/home/tariq/Desktop/Awais-Tariq/base-KD/reports/cifar10_full_audit/vit_scratch/failure_images/06481_true-airplane_pred-frog.png,false_negative_for_airplane;false_positive_for_frog
6486,cifar10_test_06486,/home/tariq/Desktop/Awais-Tariq/base-KD/data/cifar-10-batches-py/test_batch,6486,ship,horse,0.47018304467201233,False,True,/home/tariq/Desktop/Awais-Tariq/base-KD/reports/cifar10_full_audit/vit_scratch/failure_images/06486_true-ship_pred-horse.png,false_negative_for_ship;false_positive_for_horse
6491,cifar10_test_06491,/home/tariq/Desktop/Awais-Tariq/base-KD/data/cifar-10-batches-py/test_batch,6491,airplane,ship,0.7085959315299988,False,False,/home/tariq/Desktop/Awais-Tariq/base-KD/reports/cifar10_full_audit/vit_scratch/failure_images/06491_true-airplane_pred-ship.png,false_negative_for_airplane;false_positive_for_ship
6497,cifar10_test_06497,/home/tariq/Desktop/Awais-Tariq/base-KD/data/cifar-10-batches-py/test_batch,6497,deer,bird,0.9991896748542786,False,True,/home/tariq/Desktop/Awais-Tariq/base-KD/reports/cifar10_full_audit/vit_scratch/failure_images/06497_true-deer_pred-bird.png,false_negative_for_deer;false_positive_for_bird
6498,cifar10_test_06498,/home/tariq/Desktop/Awais-Tariq/base-KD/data/cifar-10-batches-py/test_batch,6498,deer,frog,0.9932130575180054,False,True,/home/tariq/Desktop/Awais-Tariq/base-KD/reports/cifar10_full_audit/vit_scratch/failure_images/06498_true-deer_pred-frog.png,false_negative_for_deer;false_positive_for_frog
6500,cifar10_test_06500,/home/tariq/Desktop/Awais-Tariq/base-KD/data/cifar-10-batches-py/test_batch,6500,horse,cat,0.9815493226051331,False,False,/home/tariq/Desktop/Awais-Tariq/base-KD/reports/cifar10_full_audit/vit_scratch/failure_images/06500_true-horse_pred-cat.png,false_negative_for_horse;false_positive_for_cat
6510,cifar10_test_06510,/home/tariq/Desktop/Awais-Tariq/base-KD/data/cifar-10-batches-py/test_batch,6510,deer,dog,0.5128716826438904,False,False,/home/tariq/Desktop/Awais-Tariq/base-KD/reports/cifar10_full_audit/vit_scratch/failure_images/06510_true-deer_pred-dog.png,false_negative_for_deer;false_positive_for_dog
6514,cifar10_test_06514,/home/tariq/Desktop/Awais-Tariq/base-KD/data/cifar-10-batches-py/test_batch,6514,cat,deer,0.948478102684021,False,True,/home/tariq/Desktop/Awais-Tariq/base-KD/reports/cifar10_full_audit/vit_scratch/failure_images/06514_true-cat_pred-deer.png,false_negative_for_cat;false_positive_for_deer
6522,cifar10_test_06522,/home/tariq/Desktop/Awais-Tariq/base-KD/data/cifar-10-batches-py/test_batch,6522,truck,automobile,0.9661756753921509,False,True,/home/tariq/Desktop/Awais-Tariq/base-KD/reports/cifar10_full_audit/vit_scratch/failure_images/06522_true-truck_pred-automobile.png,false_negative_for_truck;false_positive_for_automobile
6525,cifar10_test_06525,/home/tariq/Desktop/Awais-Tariq/base-KD/data/cifar-10-batches-py/test_batch,6525,cat,horse,0.9811314344406128,False,True,/home/tariq/Desktop/Awais-Tariq/base-KD/reports/cifar10_full_audit/vit_scratch/failure_images/06525_true-cat_pred-horse.png,false_negative_for_cat;false_positive_for_horse
6532,cifar10_test_06532,/home/tariq/Desktop/Awais-Tariq/base-KD/data/cifar-10-batches-py/test_batch,6532,dog,cat,0.9801890850067139,False,True,/home/tariq/Desktop/Awais-Tariq/base-KD/reports/cifar10_full_audit/vit_scratch/failure_images/06532_true-dog_pred-cat.png,false_negative_for_dog;false_positive_for_cat
6533,cifar10_test_06533,/home/tariq/Desktop/Awais-Tariq/base-KD/data/cifar-10-batches-py/test_batch,6533,bird,horse,0.4819052815437317,False,True,/home/tariq/Desktop/Awais-Tariq/base-KD/reports/cifar10_full_audit/vit_scratch/failure_images/06533_true-bird_pred-horse.png,false_negative_for_bird;false_positive_for_horse
6535,cifar10_test_06535,/home/tariq/Desktop/Awais-Tariq/base-KD/data/cifar-10-batches-py/test_batch,6535,dog,cat,0.7334822416305542,False,True,/home/tariq/Desktop/Awais-Tariq/base-KD/reports/cifar10_full_audit/vit_scratch/failure_images/06535_true-dog_pred-cat.png,false_negative_for_dog;false_positive_for_cat
6538,cifar10_test_06538,/home/tariq/Desktop/Awais-Tariq/base-KD/data/cifar-10-batches-py/test_batch,6538,cat,dog,0.6674507856369019,False,True,/home/tariq/Desktop/Awais-Tariq/base-KD/reports/cifar10_full_audit/vit_scratch/failure_images/06538_true-cat_pred-dog.png,false_negative_for_cat;false_positive_for_dog
6540,cifar10_test_06540,/home/tariq/Desktop/Awais-Tariq/base-KD/data/cifar-10-batches-py/test_batch,6540,ship,airplane,0.75205397605896,False,True,/home/tariq/Desktop/Awais-Tariq/base-KD/reports/cifar10_full_audit/vit_scratch/failure_images/06540_true-ship_pred-airplane.png,false_negative_for_ship;false_positive_for_airplane
6541,cifar10_test_06541,/home/tariq/Desktop/Awais-Tariq/base-KD/data/cifar-10-batches-py/test_batch,6541,ship,automobile,0.770577609539032,False,True,/home/tariq/Desktop/Awais-Tariq/base-KD/reports/cifar10_full_audit/vit_scratch/failure_images/06541_true-ship_pred-automobile.png,false_negative_for_ship;false_positive_for_automobile
6542,cifar10_test_06542,/home/tariq/Desktop/Awais-Tariq/base-KD/data/cifar-10-batches-py/test_batch,6542,truck,airplane,0.580737292766571,False,True,/home/tariq/Desktop/Awais-Tariq/base-KD/reports/cifar10_full_audit/vit_scratch/failure_images/06542_true-truck_pred-airplane.png,false_negative_for_truck;false_positive_for_airplane
6543,cifar10_test_06543,/home/tariq/Desktop/Awais-Tariq/base-KD/data/cifar-10-batches-py/test_batch,6543,frog,dog,0.42741432785987854,False,True,/home/tariq/Desktop/Awais-Tariq/base-KD/reports/cifar10_full_audit/vit_scratch/failure_images/06543_true-frog_pred-dog.png,false_negative_for_frog;false_positive_for_dog
6544,cifar10_test_06544,/home/tariq/Desktop/Awais-Tariq/base-KD/data/cifar-10-batches-py/test_batch,6544,airplane,ship,0.875940203666687,False,True,/home/tariq/Desktop/Awais-Tariq/base-KD/reports/cifar10_full_audit/vit_scratch/failure_images/06544_true-airplane_pred-ship.png,false_negative_for_airplane;false_positive_for_ship
6545,cifar10_test_06545,/home/tariq/Desktop/Awais-Tariq/base-KD/data/cifar-10-batches-py/test_batch,6545,truck,ship,0.9978711605072021,False,True,/home/tariq/Desktop/Awais-Tariq/base-KD/reports/cifar10_full_audit/vit_scratch/failure_images/06545_true-truck_pred-ship.png,false_negative_for_truck;false_positive_for_ship
6559,cifar10_test_06559,/home/tariq/Desktop/Awais-Tariq/base-KD/data/cifar-10-batches-py/test_batch,6559,bird,deer,0.999607503414154,False,True,/home/tariq/Desktop/Awais-Tariq/base-KD/reports/cifar10_full_audit/vit_scratch/failure_images/06559_true-bird_pred-deer.png,false_negative_for_bird;false_positive_for_deer
6560,cifar10_test_06560,/home/tariq/Desktop/Awais-Tariq/base-KD/data/cifar-10-batches-py/test_batch,6560,frog,deer,0.6497858762741089,False,True,/home/tariq/Desktop/Awais-Tariq/base-KD/reports/cifar10_full_audit/vit_scratch/failure_images/06560_true-frog_pred-deer.png,false_negative_for_frog;false_positive_for_deer
6566,cifar10_test_06566,/home/tariq/Desktop/Awais-Tariq/base-KD/data/cifar-10-batches-py/test_batch,6566,automobile,truck,0.5283413529396057,False,True,/home/tariq/Desktop/Awais-Tariq/base-KD/reports/cifar10_full_audit/vit_scratch/failure_images/06566_true-automobile_pred-truck.png,false_negative_for_automobile;false_positive_for_truck
6569,cifar10_test_06569,/home/tariq/Desktop/Awais-Tariq/base-KD/data/cifar-10-batches-py/test_batch,6569,ship,truck,0.9916327595710754,False,True,/home/tariq/Desktop/Awais-Tariq/base-KD/reports/cifar10_full_audit/vit_scratch/failure_images/06569_true-ship_pred-truck.png,false_negative_for_ship;false_positive_for_truck
6573,cifar10_test_06573,/home/tariq/Desktop/Awais-Tariq/base-KD/data/cifar-10-batches-py/test_batch,6573,horse,dog,0.752512514591217,False,True,/home/tariq/Desktop/Awais-Tariq/base-KD/reports/cifar10_full_audit/vit_scratch/failure_images/06573_true-horse_pred-dog.png,false_negative_for_horse;false_positive_for_dog
6574,cifar10_test_06574,/home/tariq/Desktop/Awais-Tariq/base-KD/data/cifar-10-batches-py/test_batch,6574,airplane,cat,0.5437870621681213,False,True,/home/tariq/Desktop/Awais-Tariq/base-KD/reports/cifar10_full_audit/vit_scratch/failure_images/06574_true-airplane_pred-cat.png,false_negative_for_airplane;false_positive_for_cat
6584,cifar10_test_06584,/home/tariq/Desktop/Awais-Tariq/base-KD/data/cifar-10-batches-py/test_batch,6584,dog,frog,0.9911441802978516,False,False,/home/tariq/Desktop/Awais-Tariq/base-KD/reports/cifar10_full_audit/vit_scratch/failure_images/06584_true-dog_pred-frog.png,false_negative_for_dog;false_positive_for_frog
6588,cifar10_test_06588,/home/tariq/Desktop/Awais-Tariq/base-KD/data/cifar-10-batches-py/test_batch,6588,airplane,ship,0.7579262256622314,False,True,/home/tariq/Desktop/Awais-Tariq/base-KD/reports/cifar10_full_audit/vit_scratch/failure_images/06588_true-airplane_pred-ship.png,false_negative_for_airplane;false_positive_for_ship
6590,cifar10_test_06590,/home/tariq/Desktop/Awais-Tariq/base-KD/data/cifar-10-batches-py/test_batch,6590,dog,horse,0.996852695941925,False,True,/home/tariq/Desktop/Awais-Tariq/base-KD/reports/cifar10_full_audit/vit_scratch/failure_images/06590_true-dog_pred-horse.png,false_negative_for_dog;false_positive_for_horse
6625,cifar10_test_06625,/home/tariq/Desktop/Awais-Tariq/base-KD/data/cifar-10-batches-py/test_batch,6625,deer,bird,0.9999529123306274,False,True,/home/tariq/Desktop/Awais-Tariq/base-KD/reports/cifar10_full_audit/vit_scratch/failure_images/06625_true-deer_pred-bird.png,false_negative_for_deer;false_positive_for_bird
6628,cifar10_test_06628,/home/tariq/Desktop/Awais-Tariq/base-KD/data/cifar-10-batches-py/test_batch,6628,deer,cat,0.9715926051139832,False,True,/home/tariq/Desktop/Awais-Tariq/base-KD/reports/cifar10_full_audit/vit_scratch/failure_images/06628_true-deer_pred-cat.png,false_negative_for_deer;false_positive_for_cat
6630,cifar10_test_06630,/home/tariq/Desktop/Awais-Tariq/base-KD/data/cifar-10-batches-py/test_batch,6630,horse,truck,0.6873155236244202,False,True,/home/tariq/Desktop/Awais-Tariq/base-KD/reports/cifar10_full_audit/vit_scratch/failure_images/06630_true-horse_pred-truck.png,false_negative_for_horse;false_positive_for_truck
6640,cifar10_test_06640,/home/tariq/Desktop/Awais-Tariq/base-KD/data/cifar-10-batches-py/test_batch,6640,dog,cat,0.6976791620254517,False,True,/home/tariq/Desktop/Awais-Tariq/base-KD/reports/cifar10_full_audit/vit_scratch/failure_images/06640_true-dog_pred-cat.png,false_negative_for_dog;false_positive_for_cat
6641,cifar10_test_06641,/home/tariq/Desktop/Awais-Tariq/base-KD/data/cifar-10-batches-py/test_batch,6641,airplane,cat,0.9165428280830383,False,True,/home/tariq/Desktop/Awais-Tariq/base-KD/reports/cifar10_full_audit/vit_scratch/failure_images/06641_true-airplane_pred-cat.png,false_negative_for_airplane;false_positive_for_cat
6653,cifar10_test_06653,/home/tariq/Desktop/Awais-Tariq/base-KD/data/cifar-10-batches-py/test_batch,6653,airplane,bird,0.6884868741035461,False,True,/home/tariq/Desktop/Awais-Tariq/base-KD/reports/cifar10_full_audit/vit_scratch/failure_images/06653_true-airplane_pred-bird.png,false_negative_for_airplane;false_positive_for_bird
6656,cifar10_test_06656,/home/tariq/Desktop/Awais-Tariq/base-KD/data/cifar-10-batches-py/test_batch,6656,frog,cat,0.601181149482727,False,True,/home/tariq/Desktop/Awais-Tariq/base-KD/reports/cifar10_full_audit/vit_scratch/failure_images/06656_true-frog_pred-cat.png,false_negative_for_frog;false_positive_for_cat
6658,cifar10_test_06658,/home/tariq/Desktop/Awais-Tariq/base-KD/data/cifar-10-batches-py/test_batch,6658,frog,cat,0.9996483325958252,False,True,/home/tariq/Desktop/Awais-Tariq/base-KD/reports/cifar10_full_audit/vit_scratch/failure_images/06658_true-frog_pred-cat.png,false_negative_for_frog;false_positive_for_cat
6665,cifar10_test_06665,/home/tariq/Desktop/Awais-Tariq/base-KD/data/cifar-10-batches-py/test_batch,6665,deer,dog,0.6050839424133301,False,True,/home/tariq/Desktop/Awais-Tariq/base-KD/reports/cifar10_full_audit/vit_scratch/failure_images/06665_true-deer_pred-dog.png,false_negative_for_deer;false_positive_for_dog
6666,cifar10_test_06666,/home/tariq/Desktop/Awais-Tariq/base-KD/data/cifar-10-batches-py/test_batch,6666,bird,deer,0.5133468508720398,False,True,/home/tariq/Desktop/Awais-Tariq/base-KD/reports/cifar10_full_audit/vit_scratch/failure_images/06666_true-bird_pred-deer.png,false_negative_for_bird;false_positive_for_deer
6669,cifar10_test_06669,/home/tariq/Desktop/Awais-Tariq/base-KD/data/cifar-10-batches-py/test_batch,6669,dog,bird,0.9995582699775696,False,False,/home/tariq/Desktop/Awais-Tariq/base-KD/reports/cifar10_full_audit/vit_scratch/failure_images/06669_true-dog_pred-bird.png,false_negative_for_dog;false_positive_for_bird
6673,cifar10_test_06673,/home/tariq/Desktop/Awais-Tariq/base-KD/data/cifar-10-batches-py/test_batch,6673,deer,bird,0.9562729597091675,False,True,/home/tariq/Desktop/Awais-Tariq/base-KD/reports/cifar10_full_audit/vit_scratch/failure_images/06673_true-deer_pred-bird.png,false_negative_for_deer;false_positive_for_bird
6677,cifar10_test_06677,/home/tariq/Desktop/Awais-Tariq/base-KD/data/cifar-10-batches-py/test_batch,6677,dog,cat,0.8867912292480469,False,True,/home/tariq/Desktop/Awais-Tariq/base-KD/reports/cifar10_full_audit/vit_scratch/failure_images/06677_true-dog_pred-cat.png,false_negative_for_dog;false_positive_for_cat
6679,cifar10_test_06679,/home/tariq/Desktop/Awais-Tariq/base-KD/data/cifar-10-batches-py/test_batch,6679,bird,deer,0.9841780066490173,False,True,/home/tariq/Desktop/Awais-Tariq/base-KD/reports/cifar10_full_audit/vit_scratch/failure_images/06679_true-bird_pred-deer.png,false_negative_for_bird;false_positive_for_deer
6681,cifar10_test_06681,/home/tariq/Desktop/Awais-Tariq/base-KD/data/cifar-10-batches-py/test_batch,6681,truck,deer,0.7616294026374817,False,True,/home/tariq/Desktop/Awais-Tariq/base-KD/reports/cifar10_full_audit/vit_scratch/failure_images/06681_true-truck_pred-deer.png,false_negative_for_truck;false_positive_for_deer
6687,cifar10_test_06687,/home/tariq/Desktop/Awais-Tariq/base-KD/data/cifar-10-batches-py/test_batch,6687,cat,bird,0.7392953038215637,False,True,/home/tariq/Desktop/Awais-Tariq/base-KD/reports/cifar10_full_audit/vit_scratch/failure_images/06687_true-cat_pred-bird.png,false_negative_for_cat;false_positive_for_bird
6698,cifar10_test_06698,/home/tariq/Desktop/Awais-Tariq/base-KD/data/cifar-10-batches-py/test_batch,6698,cat,frog,0.986480712890625,False,True,/home/tariq/Desktop/Awais-Tariq/base-KD/reports/cifar10_full_audit/vit_scratch/failure_images/06698_true-cat_pred-frog.png,false_negative_for_cat;false_positive_for_frog
6706,cifar10_test_06706,/home/tariq/Desktop/Awais-Tariq/base-KD/data/cifar-10-batches-py/test_batch,6706,frog,cat,0.9997208714485168,False,True,/home/tariq/Desktop/Awais-Tariq/base-KD/reports/cifar10_full_audit/vit_scratch/failure_images/06706_true-frog_pred-cat.png,false_negative_for_frog;false_positive_for_cat
6715,cifar10_test_06715,/home/tariq/Desktop/Awais-Tariq/base-KD/data/cifar-10-batches-py/test_batch,6715,bird,frog,0.9747937321662903,False,True,/home/tariq/Desktop/Awais-Tariq/base-KD/reports/cifar10_full_audit/vit_scratch/failure_images/06715_true-bird_pred-frog.png,false_negative_for_bird;false_positive_for_frog
6723,cifar10_test_06723,/home/tariq/Desktop/Awais-Tariq/base-KD/data/cifar-10-batches-py/test_batch,6723,dog,horse,0.995100200176239,False,True,/home/tariq/Desktop/Awais-Tariq/base-KD/reports/cifar10_full_audit/vit_scratch/failure_images/06723_true-dog_pred-horse.png,false_negative_for_dog;false_positive_for_horse
6727,cifar10_test_06727,/home/tariq/Desktop/Awais-Tariq/base-KD/data/cifar-10-batches-py/test_batch,6727,frog,bird,0.5380880832672119,False,True,/home/tariq/Desktop/Awais-Tariq/base-KD/reports/cifar10_full_audit/vit_scratch/failure_images/06727_true-frog_pred-bird.png,false_negative_for_frog;false_positive_for_bird
6729,cifar10_test_06729,/home/tariq/Desktop/Awais-Tariq/base-KD/data/cifar-10-batches-py/test_batch,6729,airplane,automobile,0.9980396628379822,False,False,/home/tariq/Desktop/Awais-Tariq/base-KD/reports/cifar10_full_audit/vit_scratch/failure_images/06729_true-airplane_pred-automobile.png,false_negative_for_airplane;false_positive_for_automobile
6737,cifar10_test_06737,/home/tariq/Desktop/Awais-Tariq/base-KD/data/cifar-10-batches-py/test_batch,6737,ship,truck,0.43924975395202637,False,True,/home/tariq/Desktop/Awais-Tariq/base-KD/reports/cifar10_full_audit/vit_scratch/failure_images/06737_true-ship_pred-truck.png,false_negative_for_ship;false_positive_for_truck
6748,cifar10_test_06748,/home/tariq/Desktop/Awais-Tariq/base-KD/data/cifar-10-batches-py/test_batch,6748,airplane,frog,0.9290806651115417,False,True,/home/tariq/Desktop/Awais-Tariq/base-KD/reports/cifar10_full_audit/vit_scratch/failure_images/06748_true-airplane_pred-frog.png,false_negative_for_airplane;false_positive_for_frog
6750,cifar10_test_06750,/home/tariq/Desktop/Awais-Tariq/base-KD/data/cifar-10-batches-py/test_batch,6750,deer,frog,0.9428654313087463,False,True,/home/tariq/Desktop/Awais-Tariq/base-KD/reports/cifar10_full_audit/vit_scratch/failure_images/06750_true-deer_pred-frog.png,false_negative_for_deer;false_positive_for_frog
6753,cifar10_test_06753,/home/tariq/Desktop/Awais-Tariq/base-KD/data/cifar-10-batches-py/test_batch,6753,deer,frog,0.9914343357086182,False,True,/home/tariq/Desktop/Awais-Tariq/base-KD/reports/cifar10_full_audit/vit_scratch/failure_images/06753_true-deer_pred-frog.png,false_negative_for_deer;false_positive_for_frog
6756,cifar10_test_06756,/home/tariq/Desktop/Awais-Tariq/base-KD/data/cifar-10-batches-py/test_batch,6756,dog,horse,0.8490632176399231,False,True,/home/tariq/Desktop/Awais-Tariq/base-KD/reports/cifar10_full_audit/vit_scratch/failure_images/06756_true-dog_pred-horse.png,false_negative_for_dog;false_positive_for_horse
6759,cifar10_test_06759,/home/tariq/Desktop/Awais-Tariq/base-KD/data/cifar-10-batches-py/test_batch,6759,automobile,truck,0.7019047737121582,False,True,/home/tariq/Desktop/Awais-Tariq/base-KD/reports/cifar10_full_audit/vit_scratch/failure_images/06759_true-automobile_pred-truck.png,false_negative_for_automobile;false_positive_for_truck
6763,cifar10_test_06763,/home/tariq/Desktop/Awais-Tariq/base-KD/data/cifar-10-batches-py/test_batch,6763,bird,cat,0.9402998685836792,False,False,/home/tariq/Desktop/Awais-Tariq/base-KD/reports/cifar10_full_audit/vit_scratch/failure_images/06763_true-bird_pred-cat.png,false_negative_for_bird;false_positive_for_cat
6765,cifar10_test_06765,/home/tariq/Desktop/Awais-Tariq/base-KD/data/cifar-10-batches-py/test_batch,6765,ship,truck,0.9767265319824219,False,True,/home/tariq/Desktop/Awais-Tariq/base-KD/reports/cifar10_full_audit/vit_scratch/failure_images/06765_true-ship_pred-truck.png,false_negative_for_ship;false_positive_for_truck
6774,cifar10_test_06774,/home/tariq/Desktop/Awais-Tariq/base-KD/data/cifar-10-batches-py/test_batch,6774,cat,dog,0.4907945394515991,False,True,/home/tariq/Desktop/Awais-Tariq/base-KD/reports/cifar10_full_audit/vit_scratch/failure_images/06774_true-cat_pred-dog.png,false_negative_for_cat;false_positive_for_dog
6777,cifar10_test_06777,/home/tariq/Desktop/Awais-Tariq/base-KD/data/cifar-10-batches-py/test_batch,6777,bird,deer,0.9985892176628113,False,True,/home/tariq/Desktop/Awais-Tariq/base-KD/reports/cifar10_full_audit/vit_scratch/failure_images/06777_true-bird_pred-deer.png,false_negative_for_bird;false_positive_for_deer
6781,cifar10_test_06781,/home/tariq/Desktop/Awais-Tariq/base-KD/data/cifar-10-batches-py/test_batch,6781,cat,frog,0.9827620387077332,False,True,/home/tariq/Desktop/Awais-Tariq/base-KD/reports/cifar10_full_audit/vit_scratch/failure_images/06781_true-cat_pred-frog.png,false_negative_for_cat;false_positive_for_frog
6782,cifar10_test_06782,/home/tariq/Desktop/Awais-Tariq/base-KD/data/cifar-10-batches-py/test_batch,6782,dog,deer,0.9739771485328674,False,True,/home/tariq/Desktop/Awais-Tariq/base-KD/reports/cifar10_full_audit/vit_scratch/failure_images/06782_true-dog_pred-deer.png,false_negative_for_dog;false_positive_for_deer
6783,cifar10_test_06783,/home/tariq/Desktop/Awais-Tariq/base-KD/data/cifar-10-batches-py/test_batch,6783,cat,frog,0.8953685164451599,False,True,/home/tariq/Desktop/Awais-Tariq/base-KD/reports/cifar10_full_audit/vit_scratch/failure_images/06783_true-cat_pred-frog.png,false_negative_for_cat;false_positive_for_frog
6786,cifar10_test_06786,/home/tariq/Desktop/Awais-Tariq/base-KD/data/cifar-10-batches-py/test_batch,6786,cat,dog,0.9938634634017944,False,True,/home/tariq/Desktop/Awais-Tariq/base-KD/reports/cifar10_full_audit/vit_scratch/failure_images/06786_true-cat_pred-dog.png,false_negative_for_cat;false_positive_for_dog
6792,cifar10_test_06792,/home/tariq/Desktop/Awais-Tariq/base-KD/data/cifar-10-batches-py/test_batch,6792,cat,horse,0.501079797744751,False,True,/home/tariq/Desktop/Awais-Tariq/base-KD/reports/cifar10_full_audit/vit_scratch/failure_images/06792_true-cat_pred-horse.png,false_negative_for_cat;false_positive_for_horse
6795,cifar10_test_06795,/home/tariq/Desktop/Awais-Tariq/base-KD/data/cifar-10-batches-py/test_batch,6795,truck,cat,0.4511500298976898,False,True,/home/tariq/Desktop/Awais-Tariq/base-KD/reports/cifar10_full_audit/vit_scratch/failure_images/06795_true-truck_pred-cat.png,false_negative_for_truck;false_positive_for_cat
6814,cifar10_test_06814,/home/tariq/Desktop/Awais-Tariq/base-KD/data/cifar-10-batches-py/test_batch,6814,truck,automobile,0.5346171855926514,False,True,/home/tariq/Desktop/Awais-Tariq/base-KD/reports/cifar10_full_audit/vit_scratch/failure_images/06814_true-truck_pred-automobile.png,false_negative_for_truck;false_positive_for_automobile
6819,cifar10_test_06819,/home/tariq/Desktop/Awais-Tariq/base-KD/data/cifar-10-batches-py/test_batch,6819,bird,frog,0.9548327922821045,False,True,/home/tariq/Desktop/Awais-Tariq/base-KD/reports/cifar10_full_audit/vit_scratch/failure_images/06819_true-bird_pred-frog.png,false_negative_for_bird;false_positive_for_frog
6827,cifar10_test_06827,/home/tariq/Desktop/Awais-Tariq/base-KD/data/cifar-10-batches-py/test_batch,6827,cat,dog,0.8341809511184692,False,True,/home/tariq/Desktop/Awais-Tariq/base-KD/reports/cifar10_full_audit/vit_scratch/failure_images/06827_true-cat_pred-dog.png,false_negative_for_cat;false_positive_for_dog
6832,cifar10_test_06832,/home/tariq/Desktop/Awais-Tariq/base-KD/data/cifar-10-batches-py/test_batch,6832,automobile,truck,0.48595231771469116,False,True,/home/tariq/Desktop/Awais-Tariq/base-KD/reports/cifar10_full_audit/vit_scratch/failure_images/06832_true-automobile_pred-truck.png,false_negative_for_automobile;false_positive_for_truck
6833,cifar10_test_06833,/home/tariq/Desktop/Awais-Tariq/base-KD/data/cifar-10-batches-py/test_batch,6833,cat,frog,0.9666769504547119,False,True,/home/tariq/Desktop/Awais-Tariq/base-KD/reports/cifar10_full_audit/vit_scratch/failure_images/06833_true-cat_pred-frog.png,false_negative_for_cat;false_positive_for_frog
6835,cifar10_test_06835,/home/tariq/Desktop/Awais-Tariq/base-KD/data/cifar-10-batches-py/test_batch,6835,dog,cat,0.8641852140426636,False,True,/home/tariq/Desktop/Awais-Tariq/base-KD/reports/cifar10_full_audit/vit_scratch/failure_images/06835_true-dog_pred-cat.png,false_negative_for_dog;false_positive_for_cat
6837,cifar10_test_06837,/home/tariq/Desktop/Awais-Tariq/base-KD/data/cifar-10-batches-py/test_batch,6837,dog,horse,0.9932897686958313,False,True,/home/tariq/Desktop/Awais-Tariq/base-KD/reports/cifar10_full_audit/vit_scratch/failure_images/06837_true-dog_pred-horse.png,false_negative_for_dog;false_positive_for_horse
6841,cifar10_test_06841,/home/tariq/Desktop/Awais-Tariq/base-KD/data/cifar-10-batches-py/test_batch,6841,automobile,truck,0.5019118189811707,False,True,/home/tariq/Desktop/Awais-Tariq/base-KD/reports/cifar10_full_audit/vit_scratch/failure_images/06841_true-automobile_pred-truck.png,false_negative_for_automobile;false_positive_for_truck
6853,cifar10_test_06853,/home/tariq/Desktop/Awais-Tariq/base-KD/data/cifar-10-batches-py/test_batch,6853,deer,cat,0.5091318488121033,False,True,/home/tariq/Desktop/Awais-Tariq/base-KD/reports/cifar10_full_audit/vit_scratch/failure_images/06853_true-deer_pred-cat.png,false_negative_for_deer;false_positive_for_cat
6854,cifar10_test_06854,/home/tariq/Desktop/Awais-Tariq/base-KD/data/cifar-10-batches-py/test_batch,6854,airplane,ship,0.6448220610618591,False,True,/home/tariq/Desktop/Awais-Tariq/base-KD/reports/cifar10_full_audit/vit_scratch/failure_images/06854_true-airplane_pred-ship.png,false_negative_for_airplane;false_positive_for_ship
6859,cifar10_test_06859,/home/tariq/Desktop/Awais-Tariq/base-KD/data/cifar-10-batches-py/test_batch,6859,cat,automobile,0.33227354288101196,False,False,/home/tariq/Desktop/Awais-Tariq/base-KD/reports/cifar10_full_audit/vit_scratch/failure_images/06859_true-cat_pred-automobile.png,false_negative_for_cat;false_positive_for_automobile
6861,cifar10_test_06861,/home/tariq/Desktop/Awais-Tariq/base-KD/data/cifar-10-batches-py/test_batch,6861,ship,airplane,0.9308257102966309,False,True,/home/tariq/Desktop/Awais-Tariq/base-KD/reports/cifar10_full_audit/vit_scratch/failure_images/06861_true-ship_pred-airplane.png,false_negative_for_ship;false_positive_for_airplane
6865,cifar10_test_06865,/home/tariq/Desktop/Awais-Tariq/base-KD/data/cifar-10-batches-py/test_batch,6865,cat,deer,0.8252333998680115,False,True,/home/tariq/Desktop/Awais-Tariq/base-KD/reports/cifar10_full_audit/vit_scratch/failure_images/06865_true-cat_pred-deer.png,false_negative_for_cat;false_positive_for_deer
6866,cifar10_test_06866,/home/tariq/Desktop/Awais-Tariq/base-KD/data/cifar-10-batches-py/test_batch,6866,deer,frog,0.8314236402511597,False,True,/home/tariq/Desktop/Awais-Tariq/base-KD/reports/cifar10_full_audit/vit_scratch/failure_images/06866_true-deer_pred-frog.png,false_negative_for_deer;false_positive_for_frog
6872,cifar10_test_06872,/home/tariq/Desktop/Awais-Tariq/base-KD/data/cifar-10-batches-py/test_batch,6872,airplane,frog,0.9999666213989258,False,True,/home/tariq/Desktop/Awais-Tariq/base-KD/reports/cifar10_full_audit/vit_scratch/failure_images/06872_true-airplane_pred-frog.png,false_negative_for_airplane;false_positive_for_frog
6877,cifar10_test_06877,/home/tariq/Desktop/Awais-Tariq/base-KD/data/cifar-10-batches-py/test_batch,6877,airplane,ship,0.9994977712631226,False,True,/home/tariq/Desktop/Awais-Tariq/base-KD/reports/cifar10_full_audit/vit_scratch/failure_images/06877_true-airplane_pred-ship.png,false_negative_for_airplane;false_positive_for_ship
6889,cifar10_test_06889,/home/tariq/Desktop/Awais-Tariq/base-KD/data/cifar-10-batches-py/test_batch,6889,dog,cat,0.8635274767875671,False,True,/home/tariq/Desktop/Awais-Tariq/base-KD/reports/cifar10_full_audit/vit_scratch/failure_images/06889_true-dog_pred-cat.png,false_negative_for_dog;false_positive_for_cat
6897,cifar10_test_06897,/home/tariq/Desktop/Awais-Tariq/base-KD/data/cifar-10-batches-py/test_batch,6897,truck,automobile,0.916225790977478,False,True,/home/tariq/Desktop/Awais-Tariq/base-KD/reports/cifar10_full_audit/vit_scratch/failure_images/06897_true-truck_pred-automobile.png,false_negative_for_truck;false_positive_for_automobile
6898,cifar10_test_06898,/home/tariq/Desktop/Awais-Tariq/base-KD/data/cifar-10-batches-py/test_batch,6898,cat,dog,0.8131194114685059,False,True,/home/tariq/Desktop/Awais-Tariq/base-KD/reports/cifar10_full_audit/vit_scratch/failure_images/06898_true-cat_pred-dog.png,false_negative_for_cat;false_positive_for_dog
6901,cifar10_test_06901,/home/tariq/Desktop/Awais-Tariq/base-KD/data/cifar-10-batches-py/test_batch,6901,bird,deer,0.9512269496917725,False,True,/home/tariq/Desktop/Awais-Tariq/base-KD/reports/cifar10_full_audit/vit_scratch/failure_images/06901_true-bird_pred-deer.png,false_negative_for_bird;false_positive_for_deer
6904,cifar10_test_06904,/home/tariq/Desktop/Awais-Tariq/base-KD/data/cifar-10-batches-py/test_batch,6904,dog,airplane,0.9634794592857361,False,True,/home/tariq/Desktop/Awais-Tariq/base-KD/reports/cifar10_full_audit/vit_scratch/failure_images/06904_true-dog_pred-airplane.png,false_negative_for_dog;false_positive_for_airplane
6909,cifar10_test_06909,/home/tariq/Desktop/Awais-Tariq/base-KD/data/cifar-10-batches-py/test_batch,6909,deer,bird,0.9925318360328674,False,True,/home/tariq/Desktop/Awais-Tariq/base-KD/reports/cifar10_full_audit/vit_scratch/failure_images/06909_true-deer_pred-bird.png,false_negative_for_deer;false_positive_for_bird
6912,cifar10_test_06912,/home/tariq/Desktop/Awais-Tariq/base-KD/data/cifar-10-batches-py/test_batch,6912,cat,horse,0.9861025810241699,False,False,/home/tariq/Desktop/Awais-Tariq/base-KD/reports/cifar10_full_audit/vit_scratch/failure_images/06912_true-cat_pred-horse.png,false_negative_for_cat;false_positive_for_horse
6914,cifar10_test_06914,/home/tariq/Desktop/Awais-Tariq/base-KD/data/cifar-10-batches-py/test_batch,6914,ship,bird,0.4512815773487091,False,True,/home/tariq/Desktop/Awais-Tariq/base-KD/reports/cifar10_full_audit/vit_scratch/failure_images/06914_true-ship_pred-bird.png,false_negative_for_ship;false_positive_for_bird
6917,cifar10_test_06917,/home/tariq/Desktop/Awais-Tariq/base-KD/data/cifar-10-batches-py/test_batch,6917,frog,cat,0.9934526681900024,False,True,/home/tariq/Desktop/Awais-Tariq/base-KD/reports/cifar10_full_audit/vit_scratch/failure_images/06917_true-frog_pred-cat.png,false_negative_for_frog;false_positive_for_cat
6920,cifar10_test_06920,/home/tariq/Desktop/Awais-Tariq/base-KD/data/cifar-10-batches-py/test_batch,6920,dog,bird,0.9964017868041992,False,True,/home/tariq/Desktop/Awais-Tariq/base-KD/reports/cifar10_full_audit/vit_scratch/failure_images/06920_true-dog_pred-bird.png,false_negative_for_dog;false_positive_for_bird
6924,cifar10_test_06924,/home/tariq/Desktop/Awais-Tariq/base-KD/data/cifar-10-batches-py/test_batch,6924,dog,cat,0.8468492031097412,False,True,/home/tariq/Desktop/Awais-Tariq/base-KD/reports/cifar10_full_audit/vit_scratch/failure_images/06924_true-dog_pred-cat.png,false_negative_for_dog;false_positive_for_cat
6927,cifar10_test_06927,/home/tariq/Desktop/Awais-Tariq/base-KD/data/cifar-10-batches-py/test_batch,6927,dog,horse,0.5319891571998596,False,True,/home/tariq/Desktop/Awais-Tariq/base-KD/reports/cifar10_full_audit/vit_scratch/failure_images/06927_true-dog_pred-horse.png,false_negative_for_dog;false_positive_for_horse
6930,cifar10_test_06930,/home/tariq/Desktop/Awais-Tariq/base-KD/data/cifar-10-batches-py/test_batch,6930,bird,airplane,0.9984225034713745,False,True,/home/tariq/Desktop/Awais-Tariq/base-KD/reports/cifar10_full_audit/vit_scratch/failure_images/06930_true-bird_pred-airplane.png,false_negative_for_bird;false_positive_for_airplane
6933,cifar10_test_06933,/home/tariq/Desktop/Awais-Tariq/base-KD/data/cifar-10-batches-py/test_batch,6933,airplane,bird,0.9466241002082825,False,True,/home/tariq/Desktop/Awais-Tariq/base-KD/reports/cifar10_full_audit/vit_scratch/failure_images/06933_true-airplane_pred-bird.png,false_negative_for_airplane;false_positive_for_bird
6941,cifar10_test_06941,/home/tariq/Desktop/Awais-Tariq/base-KD/data/cifar-10-batches-py/test_batch,6941,deer,airplane,0.5831729173660278,False,True,/home/tariq/Desktop/Awais-Tariq/base-KD/reports/cifar10_full_audit/vit_scratch/failure_images/06941_true-deer_pred-airplane.png,false_negative_for_deer;false_positive_for_airplane
6942,cifar10_test_06942,/home/tariq/Desktop/Awais-Tariq/base-KD/data/cifar-10-batches-py/test_batch,6942,cat,bird,0.8034331202507019,False,True,/home/tariq/Desktop/Awais-Tariq/base-KD/reports/cifar10_full_audit/vit_scratch/failure_images/06942_true-cat_pred-bird.png,false_negative_for_cat;false_positive_for_bird
6951,cifar10_test_06951,/home/tariq/Desktop/Awais-Tariq/base-KD/data/cifar-10-batches-py/test_batch,6951,truck,cat,0.7288336753845215,False,True,/home/tariq/Desktop/Awais-Tariq/base-KD/reports/cifar10_full_audit/vit_scratch/failure_images/06951_true-truck_pred-cat.png,false_negative_for_truck;false_positive_for_cat
6958,cifar10_test_06958,/home/tariq/Desktop/Awais-Tariq/base-KD/data/cifar-10-batches-py/test_batch,6958,horse,cat,0.40257528424263,False,True,/home/tariq/Desktop/Awais-Tariq/base-KD/reports/cifar10_full_audit/vit_scratch/failure_images/06958_true-horse_pred-cat.png,false_negative_for_horse;false_positive_for_cat
6959,cifar10_test_06959,/home/tariq/Desktop/Awais-Tariq/base-KD/data/cifar-10-batches-py/test_batch,6959,dog,horse,0.8204294443130493,False,False,/home/tariq/Desktop/Awais-Tariq/base-KD/reports/cifar10_full_audit/vit_scratch/failure_images/06959_true-dog_pred-horse.png,false_negative_for_dog;false_positive_for_horse
6965,cifar10_test_06965,/home/tariq/Desktop/Awais-Tariq/base-KD/data/cifar-10-batches-py/test_batch,6965,frog,cat,0.6937678456306458,False,True,/home/tariq/Desktop/Awais-Tariq/base-KD/reports/cifar10_full_audit/vit_scratch/failure_images/06965_true-frog_pred-cat.png,false_negative_for_frog;false_positive_for_cat
6969,cifar10_test_06969,/home/tariq/Desktop/Awais-Tariq/base-KD/data/cifar-10-batches-py/test_batch,6969,bird,deer,0.977194607257843,False,False,/home/tariq/Desktop/Awais-Tariq/base-KD/reports/cifar10_full_audit/vit_scratch/failure_images/06969_true-bird_pred-deer.png,false_negative_for_bird;false_positive_for_deer
6970,cifar10_test_06970,/home/tariq/Desktop/Awais-Tariq/base-KD/data/cifar-10-batches-py/test_batch,6970,airplane,bird,0.9968570470809937,False,True,/home/tariq/Desktop/Awais-Tariq/base-KD/reports/cifar10_full_audit/vit_scratch/failure_images/06970_true-airplane_pred-bird.png,false_negative_for_airplane;false_positive_for_bird
6976,cifar10_test_06976,/home/tariq/Desktop/Awais-Tariq/base-KD/data/cifar-10-batches-py/test_batch,6976,cat,bird,0.9325847029685974,False,True,/home/tariq/Desktop/Awais-Tariq/base-KD/reports/cifar10_full_audit/vit_scratch/failure_images/06976_true-cat_pred-bird.png,false_negative_for_cat;false_positive_for_bird
6977,cifar10_test_06977,/home/tariq/Desktop/Awais-Tariq/base-KD/data/cifar-10-batches-py/test_batch,6977,horse,cat,0.9171510934829712,False,True,/home/tariq/Desktop/Awais-Tariq/base-KD/reports/cifar10_full_audit/vit_scratch/failure_images/06977_true-horse_pred-cat.png,false_negative_for_horse;false_positive_for_cat
6983,cifar10_test_06983,/home/tariq/Desktop/Awais-Tariq/base-KD/data/cifar-10-batches-py/test_batch,6983,truck,automobile,0.9923926591873169,False,True,/home/tariq/Desktop/Awais-Tariq/base-KD/reports/cifar10_full_audit/vit_scratch/failure_images/06983_true-truck_pred-automobile.png,false_negative_for_truck;false_positive_for_automobile
6988,cifar10_test_06988,/home/tariq/Desktop/Awais-Tariq/base-KD/data/cifar-10-batches-py/test_batch,6988,deer,bird,0.8730081915855408,False,True,/home/tariq/Desktop/Awais-Tariq/base-KD/reports/cifar10_full_audit/vit_scratch/failure_images/06988_true-deer_pred-bird.png,false_negative_for_deer;false_positive_for_bird
6994,cifar10_test_06994,/home/tariq/Desktop/Awais-Tariq/base-KD/data/cifar-10-batches-py/test_batch,6994,cat,deer,0.8294322490692139,False,True,/home/tariq/Desktop/Awais-Tariq/base-KD/reports/cifar10_full_audit/vit_scratch/failure_images/06994_true-cat_pred-deer.png,false_negative_for_cat;false_positive_for_deer
7000,cifar10_test_07000,/home/tariq/Desktop/Awais-Tariq/base-KD/data/cifar-10-batches-py/test_batch,7000,bird,ship,0.9931871891021729,False,True,/home/tariq/Desktop/Awais-Tariq/base-KD/reports/cifar10_full_audit/vit_scratch/failure_images/07000_true-bird_pred-ship.png,false_negative_for_bird;false_positive_for_ship
7002,cifar10_test_07002,/home/tariq/Desktop/Awais-Tariq/base-KD/data/cifar-10-batches-py/test_batch,7002,cat,deer,0.7558973431587219,False,False,/home/tariq/Desktop/Awais-Tariq/base-KD/reports/cifar10_full_audit/vit_scratch/failure_images/07002_true-cat_pred-deer.png,false_negative_for_cat;false_positive_for_deer
7005,cifar10_test_07005,/home/tariq/Desktop/Awais-Tariq/base-KD/data/cifar-10-batches-py/test_batch,7005,automobile,truck,0.9498894810676575,False,True,/home/tariq/Desktop/Awais-Tariq/base-KD/reports/cifar10_full_audit/vit_scratch/failure_images/07005_true-automobile_pred-truck.png,false_negative_for_automobile;false_positive_for_truck
7011,cifar10_test_07011,/home/tariq/Desktop/Awais-Tariq/base-KD/data/cifar-10-batches-py/test_batch,7011,horse,bird,0.6696889996528625,False,True,/home/tariq/Desktop/Awais-Tariq/base-KD/reports/cifar10_full_audit/vit_scratch/failure_images/07011_true-horse_pred-bird.png,false_negative_for_horse;false_positive_for_bird
7014,cifar10_test_07014,/home/tariq/Desktop/Awais-Tariq/base-KD/data/cifar-10-batches-py/test_batch,7014,cat,bird,0.9620540142059326,False,True,/home/tariq/Desktop/Awais-Tariq/base-KD/reports/cifar10_full_audit/vit_scratch/failure_images/07014_true-cat_pred-bird.png,false_negative_for_cat;false_positive_for_bird
7017,cifar10_test_07017,/home/tariq/Desktop/Awais-Tariq/base-KD/data/cifar-10-batches-py/test_batch,7017,automobile,truck,0.9598358273506165,False,True,/home/tariq/Desktop/Awais-Tariq/base-KD/reports/cifar10_full_audit/vit_scratch/failure_images/07017_true-automobile_pred-truck.png,false_negative_for_automobile;false_positive_for_truck
7022,cifar10_test_07022,/home/tariq/Desktop/Awais-Tariq/base-KD/data/cifar-10-batches-py/test_batch,7022,bird,dog,0.6312811374664307,False,True,/home/tariq/Desktop/Awais-Tariq/base-KD/reports/cifar10_full_audit/vit_scratch/failure_images/07022_true-bird_pred-dog.png,false_negative_for_bird;false_positive_for_dog
7026,cifar10_test_07026,/home/tariq/Desktop/Awais-Tariq/base-KD/data/cifar-10-batches-py/test_batch,7026,cat,frog,0.9954332709312439,False,True,/home/tariq/Desktop/Awais-Tariq/base-KD/reports/cifar10_full_audit/vit_scratch/failure_images/07026_true-cat_pred-frog.png,false_negative_for_cat;false_positive_for_frog
7035,cifar10_test_07035,/home/tariq/Desktop/Awais-Tariq/base-KD/data/cifar-10-batches-py/test_batch,7035,automobile,truck,0.9866634607315063,False,True,/home/tariq/Desktop/Awais-Tariq/base-KD/reports/cifar10_full_audit/vit_scratch/failure_images/07035_true-automobile_pred-truck.png,false_negative_for_automobile;false_positive_for_truck
7037,cifar10_test_07037,/home/tariq/Desktop/Awais-Tariq/base-KD/data/cifar-10-batches-py/test_batch,7037,horse,dog,0.9458231925964355,False,True,/home/tariq/Desktop/Awais-Tariq/base-KD/reports/cifar10_full_audit/vit_scratch/failure_images/07037_true-horse_pred-dog.png,false_negative_for_horse;false_positive_for_dog
7038,cifar10_test_07038,/home/tariq/Desktop/Awais-Tariq/base-KD/data/cifar-10-batches-py/test_batch,7038,airplane,ship,0.9974710941314697,False,True,/home/tariq/Desktop/Awais-Tariq/base-KD/reports/cifar10_full_audit/vit_scratch/failure_images/07038_true-airplane_pred-ship.png,false_negative_for_airplane;false_positive_for_ship
7054,cifar10_test_07054,/home/tariq/Desktop/Awais-Tariq/base-KD/data/cifar-10-batches-py/test_batch,7054,bird,airplane,0.9733207821846008,False,True,/home/tariq/Desktop/Awais-Tariq/base-KD/reports/cifar10_full_audit/vit_scratch/failure_images/07054_true-bird_pred-airplane.png,false_negative_for_bird;false_positive_for_airplane
7059,cifar10_test_07059,/home/tariq/Desktop/Awais-Tariq/base-KD/data/cifar-10-batches-py/test_batch,7059,deer,frog,0.9999809265136719,False,True,/home/tariq/Desktop/Awais-Tariq/base-KD/reports/cifar10_full_audit/vit_scratch/failure_images/07059_true-deer_pred-frog.png,false_negative_for_deer;false_positive_for_frog
7061,cifar10_test_07061,/home/tariq/Desktop/Awais-Tariq/base-KD/data/cifar-10-batches-py/test_batch,7061,deer,bird,0.9654862284660339,False,True,/home/tariq/Desktop/Awais-Tariq/base-KD/reports/cifar10_full_audit/vit_scratch/failure_images/07061_true-deer_pred-bird.png,false_negative_for_deer;false_positive_for_bird
7062,cifar10_test_07062,/home/tariq/Desktop/Awais-Tariq/base-KD/data/cifar-10-batches-py/test_batch,7062,deer,frog,0.9946534633636475,False,True,/home/tariq/Desktop/Awais-Tariq/base-KD/reports/cifar10_full_audit/vit_scratch/failure_images/07062_true-deer_pred-frog.png,false_negative_for_deer;false_positive_for_frog
7074,cifar10_test_07074,/home/tariq/Desktop/Awais-Tariq/base-KD/data/cifar-10-batches-py/test_batch,7074,cat,dog,0.655988872051239,False,True,/home/tariq/Desktop/Awais-Tariq/base-KD/reports/cifar10_full_audit/vit_scratch/failure_images/07074_true-cat_pred-dog.png,false_negative_for_cat;false_positive_for_dog
7084,cifar10_test_07084,/home/tariq/Desktop/Awais-Tariq/base-KD/data/cifar-10-batches-py/test_batch,7084,deer,bird,0.9773270487785339,False,True,/home/tariq/Desktop/Awais-Tariq/base-KD/reports/cifar10_full_audit/vit_scratch/failure_images/07084_true-deer_pred-bird.png,false_negative_for_deer;false_positive_for_bird
7099,cifar10_test_07099,/home/tariq/Desktop/Awais-Tariq/base-KD/data/cifar-10-batches-py/test_batch,7099,cat,dog,0.9106228947639465,False,True,/home/tariq/Desktop/Awais-Tariq/base-KD/reports/cifar10_full_audit/vit_scratch/failure_images/07099_true-cat_pred-dog.png,false_negative_for_cat;false_positive_for_dog
7104,cifar10_test_07104,/home/tariq/Desktop/Awais-Tariq/base-KD/data/cifar-10-batches-py/test_batch,7104,bird,ship,0.8570197820663452,False,False,/home/tariq/Desktop/Awais-Tariq/base-KD/reports/cifar10_full_audit/vit_scratch/failure_images/07104_true-bird_pred-ship.png,false_negative_for_bird;false_positive_for_ship
7107,cifar10_test_07107,/home/tariq/Desktop/Awais-Tariq/base-KD/data/cifar-10-batches-py/test_batch,7107,bird,deer,0.8794257044792175,False,False,/home/tariq/Desktop/Awais-Tariq/base-KD/reports/cifar10_full_audit/vit_scratch/failure_images/07107_true-bird_pred-deer.png,false_negative_for_bird;false_positive_for_deer
7112,cifar10_test_07112,/home/tariq/Desktop/Awais-Tariq/base-KD/data/cifar-10-batches-py/test_batch,7112,bird,airplane,0.8485879302024841,False,True,/home/tariq/Desktop/Awais-Tariq/base-KD/reports/cifar10_full_audit/vit_scratch/failure_images/07112_true-bird_pred-airplane.png,false_negative_for_bird;false_positive_for_airplane
7117,cifar10_test_07117,/home/tariq/Desktop/Awais-Tariq/base-KD/data/cifar-10-batches-py/test_batch,7117,frog,automobile,0.9264346361160278,False,False,/home/tariq/Desktop/Awais-Tariq/base-KD/reports/cifar10_full_audit/vit_scratch/failure_images/07117_true-frog_pred-automobile.png,false_negative_for_frog;false_positive_for_automobile
7119,cifar10_test_07119,/home/tariq/Desktop/Awais-Tariq/base-KD/data/cifar-10-batches-py/test_batch,7119,dog,horse,0.8982653617858887,False,False,/home/tariq/Desktop/Awais-Tariq/base-KD/reports/cifar10_full_audit/vit_scratch/failure_images/07119_true-dog_pred-horse.png,false_negative_for_dog;false_positive_for_horse
7124,cifar10_test_07124,/home/tariq/Desktop/Awais-Tariq/base-KD/data/cifar-10-batches-py/test_batch,7124,dog,deer,0.7447205185890198,False,True,/home/tariq/Desktop/Awais-Tariq/base-KD/reports/cifar10_full_audit/vit_scratch/failure_images/07124_true-dog_pred-deer.png,false_negative_for_dog;false_positive_for_deer
7125,cifar10_test_07125,/home/tariq/Desktop/Awais-Tariq/base-KD/data/cifar-10-batches-py/test_batch,7125,dog,cat,0.7237027287483215,False,True,/home/tariq/Desktop/Awais-Tariq/base-KD/reports/cifar10_full_audit/vit_scratch/failure_images/07125_true-dog_pred-cat.png,false_negative_for_dog;false_positive_for_cat
7127,cifar10_test_07127,/home/tariq/Desktop/Awais-Tariq/base-KD/data/cifar-10-batches-py/test_batch,7127,dog,airplane,0.8843376636505127,False,False,/home/tariq/Desktop/Awais-Tariq/base-KD/reports/cifar10_full_audit/vit_scratch/failure_images/07127_true-dog_pred-airplane.png,false_negative_for_dog;false_positive_for_airplane
7143,cifar10_test_07143,/home/tariq/Desktop/Awais-Tariq/base-KD/data/cifar-10-batches-py/test_batch,7143,deer,cat,0.9700661301612854,False,True,/home/tariq/Desktop/Awais-Tariq/base-KD/reports/cifar10_full_audit/vit_scratch/failure_images/07143_true-deer_pred-cat.png,false_negative_for_deer;false_positive_for_cat
7145,cifar10_test_07145,/home/tariq/Desktop/Awais-Tariq/base-KD/data/cifar-10-batches-py/test_batch,7145,cat,dog,0.999268114566803,False,True,/home/tariq/Desktop/Awais-Tariq/base-KD/reports/cifar10_full_audit/vit_scratch/failure_images/07145_true-cat_pred-dog.png,false_negative_for_cat;false_positive_for_dog
7150,cifar10_test_07150,/home/tariq/Desktop/Awais-Tariq/base-KD/data/cifar-10-batches-py/test_batch,7150,cat,frog,0.7320658564567566,False,True,/home/tariq/Desktop/Awais-Tariq/base-KD/reports/cifar10_full_audit/vit_scratch/failure_images/07150_true-cat_pred-frog.png,false_negative_for_cat;false_positive_for_frog
7153,cifar10_test_07153,/home/tariq/Desktop/Awais-Tariq/base-KD/data/cifar-10-batches-py/test_batch,7153,horse,deer,0.665054202079773,False,True,/home/tariq/Desktop/Awais-Tariq/base-KD/reports/cifar10_full_audit/vit_scratch/failure_images/07153_true-horse_pred-deer.png,false_negative_for_horse;false_positive_for_deer
7168,cifar10_test_07168,/home/tariq/Desktop/Awais-Tariq/base-KD/data/cifar-10-batches-py/test_batch,7168,dog,cat,0.9422246217727661,False,True,/home/tariq/Desktop/Awais-Tariq/base-KD/reports/cifar10_full_audit/vit_scratch/failure_images/07168_true-dog_pred-cat.png,false_negative_for_dog;false_positive_for_cat
7172,cifar10_test_07172,/home/tariq/Desktop/Awais-Tariq/base-KD/data/cifar-10-batches-py/test_batch,7172,deer,frog,0.9683008193969727,False,True,/home/tariq/Desktop/Awais-Tariq/base-KD/reports/cifar10_full_audit/vit_scratch/failure_images/07172_true-deer_pred-frog.png,false_negative_for_deer;false_positive_for_frog
7173,cifar10_test_07173,/home/tariq/Desktop/Awais-Tariq/base-KD/data/cifar-10-batches-py/test_batch,7173,automobile,frog,0.9944499731063843,False,True,/home/tariq/Desktop/Awais-Tariq/base-KD/reports/cifar10_full_audit/vit_scratch/failure_images/07173_true-automobile_pred-frog.png,false_negative_for_automobile;false_positive_for_frog
7174,cifar10_test_07174,/home/tariq/Desktop/Awais-Tariq/base-KD/data/cifar-10-batches-py/test_batch,7174,cat,frog,0.6780404448509216,False,True,/home/tariq/Desktop/Awais-Tariq/base-KD/reports/cifar10_full_audit/vit_scratch/failure_images/07174_true-cat_pred-frog.png,false_negative_for_cat;false_positive_for_frog
7177,cifar10_test_07177,/home/tariq/Desktop/Awais-Tariq/base-KD/data/cifar-10-batches-py/test_batch,7177,bird,horse,0.8013375997543335,False,False,/home/tariq/Desktop/Awais-Tariq/base-KD/reports/cifar10_full_audit/vit_scratch/failure_images/07177_true-bird_pred-horse.png,false_negative_for_bird;false_positive_for_horse
7183,cifar10_test_07183,/home/tariq/Desktop/Awais-Tariq/base-KD/data/cifar-10-batches-py/test_batch,7183,frog,dog,0.34692904353141785,False,True,/home/tariq/Desktop/Awais-Tariq/base-KD/reports/cifar10_full_audit/vit_scratch/failure_images/07183_true-frog_pred-dog.png,false_negative_for_frog;false_positive_for_dog
7186,cifar10_test_07186,/home/tariq/Desktop/Awais-Tariq/base-KD/data/cifar-10-batches-py/test_batch,7186,bird,automobile,0.9377036690711975,False,True,/home/tariq/Desktop/Awais-Tariq/base-KD/reports/cifar10_full_audit/vit_scratch/failure_images/07186_true-bird_pred-automobile.png,false_negative_for_bird;false_positive_for_automobile
7200,cifar10_test_07200,/home/tariq/Desktop/Awais-Tariq/base-KD/data/cifar-10-batches-py/test_batch,7200,deer,cat,0.9554401636123657,False,True,/home/tariq/Desktop/Awais-Tariq/base-KD/reports/cifar10_full_audit/vit_scratch/failure_images/07200_true-deer_pred-cat.png,false_negative_for_deer;false_positive_for_cat
7202,cifar10_test_07202,/home/tariq/Desktop/Awais-Tariq/base-KD/data/cifar-10-batches-py/test_batch,7202,cat,dog,0.9592560529708862,False,True,/home/tariq/Desktop/Awais-Tariq/base-KD/reports/cifar10_full_audit/vit_scratch/failure_images/07202_true-cat_pred-dog.png,false_negative_for_cat;false_positive_for_dog
7203,cifar10_test_07203,/home/tariq/Desktop/Awais-Tariq/base-KD/data/cifar-10-batches-py/test_batch,7203,dog,horse,0.9134746789932251,False,True,/home/tariq/Desktop/Awais-Tariq/base-KD/reports/cifar10_full_audit/vit_scratch/failure_images/07203_true-dog_pred-horse.png,false_negative_for_dog;false_positive_for_horse
7214,cifar10_test_07214,/home/tariq/Desktop/Awais-Tariq/base-KD/data/cifar-10-batches-py/test_batch,7214,cat,dog,0.9618423581123352,False,True,/home/tariq/Desktop/Awais-Tariq/base-KD/reports/cifar10_full_audit/vit_scratch/failure_images/07214_true-cat_pred-dog.png,false_negative_for_cat;false_positive_for_dog
7218,cifar10_test_07218,/home/tariq/Desktop/Awais-Tariq/base-KD/data/cifar-10-batches-py/test_batch,7218,truck,airplane,0.7749074101448059,False,True,/home/tariq/Desktop/Awais-Tariq/base-KD/reports/cifar10_full_audit/vit_scratch/failure_images/07218_true-truck_pred-airplane.png,false_negative_for_truck;false_positive_for_airplane
7219,cifar10_test_07219,/home/tariq/Desktop/Awais-Tariq/base-KD/data/cifar-10-batches-py/test_batch,7219,horse,deer,0.6682348847389221,False,True,/home/tariq/Desktop/Awais-Tariq/base-KD/reports/cifar10_full_audit/vit_scratch/failure_images/07219_true-horse_pred-deer.png,false_negative_for_horse;false_positive_for_deer
7222,cifar10_test_07222,/home/tariq/Desktop/Awais-Tariq/base-KD/data/cifar-10-batches-py/test_batch,7222,ship,airplane,0.9829961657524109,False,True,/home/tariq/Desktop/Awais-Tariq/base-KD/reports/cifar10_full_audit/vit_scratch/failure_images/07222_true-ship_pred-airplane.png,false_negative_for_ship;false_positive_for_airplane
7229,cifar10_test_07229,/home/tariq/Desktop/Awais-Tariq/base-KD/data/cifar-10-batches-py/test_batch,7229,bird,cat,0.8152482509613037,False,True,/home/tariq/Desktop/Awais-Tariq/base-KD/reports/cifar10_full_audit/vit_scratch/failure_images/07229_true-bird_pred-cat.png,false_negative_for_bird;false_positive_for_cat
7230,cifar10_test_07230,/home/tariq/Desktop/Awais-Tariq/base-KD/data/cifar-10-batches-py/test_batch,7230,bird,cat,0.9001622796058655,False,True,/home/tariq/Desktop/Awais-Tariq/base-KD/reports/cifar10_full_audit/vit_scratch/failure_images/07230_true-bird_pred-cat.png,false_negative_for_bird;false_positive_for_cat
7237,cifar10_test_07237,/home/tariq/Desktop/Awais-Tariq/base-KD/data/cifar-10-batches-py/test_batch,7237,horse,dog,0.9380580186843872,False,True,/home/tariq/Desktop/Awais-Tariq/base-KD/reports/cifar10_full_audit/vit_scratch/failure_images/07237_true-horse_pred-dog.png,false_negative_for_horse;false_positive_for_dog
7248,cifar10_test_07248,/home/tariq/Desktop/Awais-Tariq/base-KD/data/cifar-10-batches-py/test_batch,7248,deer,cat,0.9989927411079407,False,True,/home/tariq/Desktop/Awais-Tariq/base-KD/reports/cifar10_full_audit/vit_scratch/failure_images/07248_true-deer_pred-cat.png,false_negative_for_deer;false_positive_for_cat
7255,cifar10_test_07255,/home/tariq/Desktop/Awais-Tariq/base-KD/data/cifar-10-batches-py/test_batch,7255,cat,horse,0.3515094518661499,False,True,/home/tariq/Desktop/Awais-Tariq/base-KD/reports/cifar10_full_audit/vit_scratch/failure_images/07255_true-cat_pred-horse.png,false_negative_for_cat;false_positive_for_horse
7264,cifar10_test_07264,/home/tariq/Desktop/Awais-Tariq/base-KD/data/cifar-10-batches-py/test_batch,7264,deer,frog,0.7804814577102661,False,True,/home/tariq/Desktop/Awais-Tariq/base-KD/reports/cifar10_full_audit/vit_scratch/failure_images/07264_true-deer_pred-frog.png,false_negative_for_deer;false_positive_for_frog
7267,cifar10_test_07267,/home/tariq/Desktop/Awais-Tariq/base-KD/data/cifar-10-batches-py/test_batch,7267,dog,frog,0.9998581409454346,False,True,/home/tariq/Desktop/Awais-Tariq/base-KD/reports/cifar10_full_audit/vit_scratch/failure_images/07267_true-dog_pred-frog.png,false_negative_for_dog;false_positive_for_frog
7271,cifar10_test_07271,/home/tariq/Desktop/Awais-Tariq/base-KD/data/cifar-10-batches-py/test_batch,7271,horse,deer,0.998548686504364,False,True,/home/tariq/Desktop/Awais-Tariq/base-KD/reports/cifar10_full_audit/vit_scratch/failure_images/07271_true-horse_pred-deer.png,false_negative_for_horse;false_positive_for_deer
7274,cifar10_test_07274,/home/tariq/Desktop/Awais-Tariq/base-KD/data/cifar-10-batches-py/test_batch,7274,automobile,truck,0.9956954717636108,False,True,/home/tariq/Desktop/Awais-Tariq/base-KD/reports/cifar10_full_audit/vit_scratch/failure_images/07274_true-automobile_pred-truck.png,false_negative_for_automobile;false_positive_for_truck
7275,cifar10_test_07275,/home/tariq/Desktop/Awais-Tariq/base-KD/data/cifar-10-batches-py/test_batch,7275,cat,automobile,0.973828911781311,False,True,/home/tariq/Desktop/Awais-Tariq/base-KD/reports/cifar10_full_audit/vit_scratch/failure_images/07275_true-cat_pred-automobile.png,false_negative_for_cat;false_positive_for_automobile
7277,cifar10_test_07277,/home/tariq/Desktop/Awais-Tariq/base-KD/data/cifar-10-batches-py/test_batch,7277,deer,frog,0.6377773880958557,False,True,/home/tariq/Desktop/Awais-Tariq/base-KD/reports/cifar10_full_audit/vit_scratch/failure_images/07277_true-deer_pred-frog.png,false_negative_for_deer;false_positive_for_frog
7280,cifar10_test_07280,/home/tariq/Desktop/Awais-Tariq/base-KD/data/cifar-10-batches-py/test_batch,7280,automobile,airplane,0.904471218585968,False,True,/home/tariq/Desktop/Awais-Tariq/base-KD/reports/cifar10_full_audit/vit_scratch/failure_images/07280_true-automobile_pred-airplane.png,false_negative_for_automobile;false_positive_for_airplane
7283,cifar10_test_07283,/home/tariq/Desktop/Awais-Tariq/base-KD/data/cifar-10-batches-py/test_batch,7283,cat,horse,0.9902783036231995,False,True,/home/tariq/Desktop/Awais-Tariq/base-KD/reports/cifar10_full_audit/vit_scratch/failure_images/07283_true-cat_pred-horse.png,false_negative_for_cat;false_positive_for_horse
7286,cifar10_test_07286,/home/tariq/Desktop/Awais-Tariq/base-KD/data/cifar-10-batches-py/test_batch,7286,bird,truck,0.712315022945404,False,True,/home/tariq/Desktop/Awais-Tariq/base-KD/reports/cifar10_full_audit/vit_scratch/failure_images/07286_true-bird_pred-truck.png,false_negative_for_bird;false_positive_for_truck
7292,cifar10_test_07292,/home/tariq/Desktop/Awais-Tariq/base-KD/data/cifar-10-batches-py/test_batch,7292,dog,cat,0.9914445281028748,False,True,/home/tariq/Desktop/Awais-Tariq/base-KD/reports/cifar10_full_audit/vit_scratch/failure_images/07292_true-dog_pred-cat.png,false_negative_for_dog;false_positive_for_cat
7300,cifar10_test_07300,/home/tariq/Desktop/Awais-Tariq/base-KD/data/cifar-10-batches-py/test_batch,7300,cat,dog,0.9988154172897339,False,True,/home/tariq/Desktop/Awais-Tariq/base-KD/reports/cifar10_full_audit/vit_scratch/failure_images/07300_true-cat_pred-dog.png,false_negative_for_cat;false_positive_for_dog
7310,cifar10_test_07310,/home/tariq/Desktop/Awais-Tariq/base-KD/data/cifar-10-batches-py/test_batch,7310,cat,airplane,0.848301351070404,False,True,/home/tariq/Desktop/Awais-Tariq/base-KD/reports/cifar10_full_audit/vit_scratch/failure_images/07310_true-cat_pred-airplane.png,false_negative_for_cat;false_positive_for_airplane
7311,cifar10_test_07311,/home/tariq/Desktop/Awais-Tariq/base-KD/data/cifar-10-batches-py/test_batch,7311,automobile,truck,0.8362852931022644,False,True,/home/tariq/Desktop/Awais-Tariq/base-KD/reports/cifar10_full_audit/vit_scratch/failure_images/07311_true-automobile_pred-truck.png,false_negative_for_automobile;false_positive_for_truck
7343,cifar10_test_07343,/home/tariq/Desktop/Awais-Tariq/base-KD/data/cifar-10-batches-py/test_batch,7343,horse,bird,0.5182446837425232,False,True,/home/tariq/Desktop/Awais-Tariq/base-KD/reports/cifar10_full_audit/vit_scratch/failure_images/07343_true-horse_pred-bird.png,false_negative_for_horse;false_positive_for_bird
7348,cifar10_test_07348,/home/tariq/Desktop/Awais-Tariq/base-KD/data/cifar-10-batches-py/test_batch,7348,bird,frog,0.780271053314209,False,True,/home/tariq/Desktop/Awais-Tariq/base-KD/reports/cifar10_full_audit/vit_scratch/failure_images/07348_true-bird_pred-frog.png,false_negative_for_bird;false_positive_for_frog
7351,cifar10_test_07351,/home/tariq/Desktop/Awais-Tariq/base-KD/data/cifar-10-batches-py/test_batch,7351,bird,cat,0.9747809171676636,False,True,/home/tariq/Desktop/Awais-Tariq/base-KD/reports/cifar10_full_audit/vit_scratch/failure_images/07351_true-bird_pred-cat.png,false_negative_for_bird;false_positive_for_cat
7370,cifar10_test_07370,/home/tariq/Desktop/Awais-Tariq/base-KD/data/cifar-10-batches-py/test_batch,7370,cat,ship,0.7987105846405029,False,True,/home/tariq/Desktop/Awais-Tariq/base-KD/reports/cifar10_full_audit/vit_scratch/failure_images/07370_true-cat_pred-ship.png,false_negative_for_cat;false_positive_for_ship
7374,cifar10_test_07374,/home/tariq/Desktop/Awais-Tariq/base-KD/data/cifar-10-batches-py/test_batch,7374,cat,dog,0.9515546560287476,False,True,/home/tariq/Desktop/Awais-Tariq/base-KD/reports/cifar10_full_audit/vit_scratch/failure_images/07374_true-cat_pred-dog.png,false_negative_for_cat;false_positive_for_dog
7378,cifar10_test_07378,/home/tariq/Desktop/Awais-Tariq/base-KD/data/cifar-10-batches-py/test_batch,7378,cat,dog,0.89438796043396,False,True,/home/tariq/Desktop/Awais-Tariq/base-KD/reports/cifar10_full_audit/vit_scratch/failure_images/07378_true-cat_pred-dog.png,false_negative_for_cat;false_positive_for_dog
7384,cifar10_test_07384,/home/tariq/Desktop/Awais-Tariq/base-KD/data/cifar-10-batches-py/test_batch,7384,cat,dog,0.9475619792938232,False,True,/home/tariq/Desktop/Awais-Tariq/base-KD/reports/cifar10_full_audit/vit_scratch/failure_images/07384_true-cat_pred-dog.png,false_negative_for_cat;false_positive_for_dog
7398,cifar10_test_07398,/home/tariq/Desktop/Awais-Tariq/base-KD/data/cifar-10-batches-py/test_batch,7398,dog,bird,0.9535099864006042,False,True,/home/tariq/Desktop/Awais-Tariq/base-KD/reports/cifar10_full_audit/vit_scratch/failure_images/07398_true-dog_pred-bird.png,false_negative_for_dog;false_positive_for_bird
7399,cifar10_test_07399,/home/tariq/Desktop/Awais-Tariq/base-KD/data/cifar-10-batches-py/test_batch,7399,cat,dog,0.9763159155845642,False,True,/home/tariq/Desktop/Awais-Tariq/base-KD/reports/cifar10_full_audit/vit_scratch/failure_images/07399_true-cat_pred-dog.png,false_negative_for_cat;false_positive_for_dog
7402,cifar10_test_07402,/home/tariq/Desktop/Awais-Tariq/base-KD/data/cifar-10-batches-py/test_batch,7402,airplane,truck,0.8751347661018372,False,True,/home/tariq/Desktop/Awais-Tariq/base-KD/reports/cifar10_full_audit/vit_scratch/failure_images/07402_true-airplane_pred-truck.png,false_negative_for_airplane;false_positive_for_truck
7406,cifar10_test_07406,/home/tariq/Desktop/Awais-Tariq/base-KD/data/cifar-10-batches-py/test_batch,7406,horse,bird,0.999462902545929,False,True,/home/tariq/Desktop/Awais-Tariq/base-KD/reports/cifar10_full_audit/vit_scratch/failure_images/07406_true-horse_pred-bird.png,false_negative_for_horse;false_positive_for_bird
7408,cifar10_test_07408,/home/tariq/Desktop/Awais-Tariq/base-KD/data/cifar-10-batches-py/test_batch,7408,deer,dog,0.7357581853866577,False,True,/home/tariq/Desktop/Awais-Tariq/base-KD/reports/cifar10_full_audit/vit_scratch/failure_images/07408_true-deer_pred-dog.png,false_negative_for_deer;false_positive_for_dog
7414,cifar10_test_07414,/home/tariq/Desktop/Awais-Tariq/base-KD/data/cifar-10-batches-py/test_batch,7414,ship,airplane,0.9995015859603882,False,True,/home/tariq/Desktop/Awais-Tariq/base-KD/reports/cifar10_full_audit/vit_scratch/failure_images/07414_true-ship_pred-airplane.png,false_negative_for_ship;false_positive_for_airplane
7420,cifar10_test_07420,/home/tariq/Desktop/Awais-Tariq/base-KD/data/cifar-10-batches-py/test_batch,7420,cat,deer,0.8158923983573914,False,True,/home/tariq/Desktop/Awais-Tariq/base-KD/reports/cifar10_full_audit/vit_scratch/failure_images/07420_true-cat_pred-deer.png,false_negative_for_cat;false_positive_for_deer
7431,cifar10_test_07431,/home/tariq/Desktop/Awais-Tariq/base-KD/data/cifar-10-batches-py/test_batch,7431,truck,ship,0.936621904373169,False,True,/home/tariq/Desktop/Awais-Tariq/base-KD/reports/cifar10_full_audit/vit_scratch/failure_images/07431_true-truck_pred-ship.png,false_negative_for_truck;false_positive_for_ship
7435,cifar10_test_07435,/home/tariq/Desktop/Awais-Tariq/base-KD/data/cifar-10-batches-py/test_batch,7435,horse,cat,0.9594323635101318,False,True,/home/tariq/Desktop/Awais-Tariq/base-KD/reports/cifar10_full_audit/vit_scratch/failure_images/07435_true-horse_pred-cat.png,false_negative_for_horse;false_positive_for_cat
7439,cifar10_test_07439,/home/tariq/Desktop/Awais-Tariq/base-KD/data/cifar-10-batches-py/test_batch,7439,dog,truck,0.5913394689559937,False,True,/home/tariq/Desktop/Awais-Tariq/base-KD/reports/cifar10_full_audit/vit_scratch/failure_images/07439_true-dog_pred-truck.png,false_negative_for_dog;false_positive_for_truck
7440,cifar10_test_07440,/home/tariq/Desktop/Awais-Tariq/base-KD/data/cifar-10-batches-py/test_batch,7440,cat,frog,0.8917912840843201,False,True,/home/tariq/Desktop/Awais-Tariq/base-KD/reports/cifar10_full_audit/vit_scratch/failure_images/07440_true-cat_pred-frog.png,false_negative_for_cat;false_positive_for_frog
7443,cifar10_test_07443,/home/tariq/Desktop/Awais-Tariq/base-KD/data/cifar-10-batches-py/test_batch,7443,horse,dog,0.8297864198684692,False,True,/home/tariq/Desktop/Awais-Tariq/base-KD/reports/cifar10_full_audit/vit_scratch/failure_images/07443_true-horse_pred-dog.png,false_negative_for_horse;false_positive_for_dog
7444,cifar10_test_07444,/home/tariq/Desktop/Awais-Tariq/base-KD/data/cifar-10-batches-py/test_batch,7444,truck,automobile,0.9511820673942566,False,True,/home/tariq/Desktop/Awais-Tariq/base-KD/reports/cifar10_full_audit/vit_scratch/failure_images/07444_true-truck_pred-automobile.png,false_negative_for_truck;false_positive_for_automobile
7446,cifar10_test_07446,/home/tariq/Desktop/Awais-Tariq/base-KD/data/cifar-10-batches-py/test_batch,7446,dog,frog,0.9989826083183289,False,True,/home/tariq/Desktop/Awais-Tariq/base-KD/reports/cifar10_full_audit/vit_scratch/failure_images/07446_true-dog_pred-frog.png,false_negative_for_dog;false_positive_for_frog
7449,cifar10_test_07449,/home/tariq/Desktop/Awais-Tariq/base-KD/data/cifar-10-batches-py/test_batch,7449,airplane,bird,0.5286601185798645,False,True,/home/tariq/Desktop/Awais-Tariq/base-KD/reports/cifar10_full_audit/vit_scratch/failure_images/07449_true-airplane_pred-bird.png,false_negative_for_airplane;false_positive_for_bird
7455,cifar10_test_07455,/home/tariq/Desktop/Awais-Tariq/base-KD/data/cifar-10-batches-py/test_batch,7455,automobile,truck,0.9629484415054321,False,True,/home/tariq/Desktop/Awais-Tariq/base-KD/reports/cifar10_full_audit/vit_scratch/failure_images/07455_true-automobile_pred-truck.png,false_negative_for_automobile;false_positive_for_truck
7458,cifar10_test_07458,/home/tariq/Desktop/Awais-Tariq/base-KD/data/cifar-10-batches-py/test_batch,7458,bird,dog,0.893290102481842,False,False,/home/tariq/Desktop/Awais-Tariq/base-KD/reports/cifar10_full_audit/vit_scratch/failure_images/07458_true-bird_pred-dog.png,false_negative_for_bird;false_positive_for_dog
7462,cifar10_test_07462,/home/tariq/Desktop/Awais-Tariq/base-KD/data/cifar-10-batches-py/test_batch,7462,ship,automobile,0.9970857501029968,False,True,/home/tariq/Desktop/Awais-Tariq/base-KD/reports/cifar10_full_audit/vit_scratch/failure_images/07462_true-ship_pred-automobile.png,false_negative_for_ship;false_positive_for_automobile
7465,cifar10_test_07465,/home/tariq/Desktop/Awais-Tariq/base-KD/data/cifar-10-batches-py/test_batch,7465,airplane,ship,0.650957465171814,False,True,/home/tariq/Desktop/Awais-Tariq/base-KD/reports/cifar10_full_audit/vit_scratch/failure_images/07465_true-airplane_pred-ship.png,false_negative_for_airplane;false_positive_for_ship
7482,cifar10_test_07482,/home/tariq/Desktop/Awais-Tariq/base-KD/data/cifar-10-batches-py/test_batch,7482,deer,frog,0.9219897985458374,False,True,/home/tariq/Desktop/Awais-Tariq/base-KD/reports/cifar10_full_audit/vit_scratch/failure_images/07482_true-deer_pred-frog.png,false_negative_for_deer;false_positive_for_frog
7491,cifar10_test_07491,/home/tariq/Desktop/Awais-Tariq/base-KD/data/cifar-10-batches-py/test_batch,7491,truck,horse,0.9979656934738159,False,True,/home/tariq/Desktop/Awais-Tariq/base-KD/reports/cifar10_full_audit/vit_scratch/failure_images/07491_true-truck_pred-horse.png,false_negative_for_truck;false_positive_for_horse
7496,cifar10_test_07496,/home/tariq/Desktop/Awais-Tariq/base-KD/data/cifar-10-batches-py/test_batch,7496,cat,bird,0.5252255201339722,False,True,/home/tariq/Desktop/Awais-Tariq/base-KD/reports/cifar10_full_audit/vit_scratch/failure_images/07496_true-cat_pred-bird.png,false_negative_for_cat;false_positive_for_bird
7497,cifar10_test_07497,/home/tariq/Desktop/Awais-Tariq/base-KD/data/cifar-10-batches-py/test_batch,7497,cat,dog,0.9542863965034485,False,True,/home/tariq/Desktop/Awais-Tariq/base-KD/reports/cifar10_full_audit/vit_scratch/failure_images/07497_true-cat_pred-dog.png,false_negative_for_cat;false_positive_for_dog
7509,cifar10_test_07509,/home/tariq/Desktop/Awais-Tariq/base-KD/data/cifar-10-batches-py/test_batch,7509,cat,automobile,0.9583123326301575,False,True,/home/tariq/Desktop/Awais-Tariq/base-KD/reports/cifar10_full_audit/vit_scratch/failure_images/07509_true-cat_pred-automobile.png,false_negative_for_cat;false_positive_for_automobile
7517,cifar10_test_07517,/home/tariq/Desktop/Awais-Tariq/base-KD/data/cifar-10-batches-py/test_batch,7517,bird,frog,0.996187150478363,False,True,/home/tariq/Desktop/Awais-Tariq/base-KD/reports/cifar10_full_audit/vit_scratch/failure_images/07517_true-bird_pred-frog.png,false_negative_for_bird;false_positive_for_frog
7524,cifar10_test_07524,/home/tariq/Desktop/Awais-Tariq/base-KD/data/cifar-10-batches-py/test_batch,7524,cat,truck,0.9764634370803833,False,False,/home/tariq/Desktop/Awais-Tariq/base-KD/reports/cifar10_full_audit/vit_scratch/failure_images/07524_true-cat_pred-truck.png,false_negative_for_cat;false_positive_for_truck
7536,cifar10_test_07536,/home/tariq/Desktop/Awais-Tariq/base-KD/data/cifar-10-batches-py/test_batch,7536,ship,automobile,0.7732998132705688,False,True,/home/tariq/Desktop/Awais-Tariq/base-KD/reports/cifar10_full_audit/vit_scratch/failure_images/07536_true-ship_pred-automobile.png,false_negative_for_ship;false_positive_for_automobile
7539,cifar10_test_07539,/home/tariq/Desktop/Awais-Tariq/base-KD/data/cifar-10-batches-py/test_batch,7539,dog,bird,0.9890937805175781,False,True,/home/tariq/Desktop/Awais-Tariq/base-KD/reports/cifar10_full_audit/vit_scratch/failure_images/07539_true-dog_pred-bird.png,false_negative_for_dog;false_positive_for_bird
7545,cifar10_test_07545,/home/tariq/Desktop/Awais-Tariq/base-KD/data/cifar-10-batches-py/test_batch,7545,dog,cat,0.8023431301116943,False,True,/home/tariq/Desktop/Awais-Tariq/base-KD/reports/cifar10_full_audit/vit_scratch/failure_images/07545_true-dog_pred-cat.png,false_negative_for_dog;false_positive_for_cat
7551,cifar10_test_07551,/home/tariq/Desktop/Awais-Tariq/base-KD/data/cifar-10-batches-py/test_batch,7551,frog,dog,0.9948592185974121,False,True,/home/tariq/Desktop/Awais-Tariq/base-KD/reports/cifar10_full_audit/vit_scratch/failure_images/07551_true-frog_pred-dog.png,false_negative_for_frog;false_positive_for_dog
7552,cifar10_test_07552,/home/tariq/Desktop/Awais-Tariq/base-KD/data/cifar-10-batches-py/test_batch,7552,deer,horse,0.5152437686920166,False,True,/home/tariq/Desktop/Awais-Tariq/base-KD/reports/cifar10_full_audit/vit_scratch/failure_images/07552_true-deer_pred-horse.png,false_negative_for_deer;false_positive_for_horse
7556,cifar10_test_07556,/home/tariq/Desktop/Awais-Tariq/base-KD/data/cifar-10-batches-py/test_batch,7556,bird,cat,0.9853496551513672,False,True,/home/tariq/Desktop/Awais-Tariq/base-KD/reports/cifar10_full_audit/vit_scratch/failure_images/07556_true-bird_pred-cat.png,false_negative_for_bird;false_positive_for_cat
7559,cifar10_test_07559,/home/tariq/Desktop/Awais-Tariq/base-KD/data/cifar-10-batches-py/test_batch,7559,ship,automobile,0.9862985014915466,False,True,/home/tariq/Desktop/Awais-Tariq/base-KD/reports/cifar10_full_audit/vit_scratch/failure_images/07559_true-ship_pred-automobile.png,false_negative_for_ship;false_positive_for_automobile
7561,cifar10_test_07561,/home/tariq/Desktop/Awais-Tariq/base-KD/data/cifar-10-batches-py/test_batch,7561,bird,frog,0.9615118503570557,False,True,/home/tariq/Desktop/Awais-Tariq/base-KD/reports/cifar10_full_audit/vit_scratch/failure_images/07561_true-bird_pred-frog.png,false_negative_for_bird;false_positive_for_frog
7562,cifar10_test_07562,/home/tariq/Desktop/Awais-Tariq/base-KD/data/cifar-10-batches-py/test_batch,7562,bird,cat,0.6400780081748962,False,True,/home/tariq/Desktop/Awais-Tariq/base-KD/reports/cifar10_full_audit/vit_scratch/failure_images/07562_true-bird_pred-cat.png,false_negative_for_bird;false_positive_for_cat
7571,cifar10_test_07571,/home/tariq/Desktop/Awais-Tariq/base-KD/data/cifar-10-batches-py/test_batch,7571,deer,frog,0.9987542629241943,False,True,/home/tariq/Desktop/Awais-Tariq/base-KD/reports/cifar10_full_audit/vit_scratch/failure_images/07571_true-deer_pred-frog.png,false_negative_for_deer;false_positive_for_frog
7578,cifar10_test_07578,/home/tariq/Desktop/Awais-Tariq/base-KD/data/cifar-10-batches-py/test_batch,7578,truck,automobile,0.7493947744369507,False,True,/home/tariq/Desktop/Awais-Tariq/base-KD/reports/cifar10_full_audit/vit_scratch/failure_images/07578_true-truck_pred-automobile.png,false_negative_for_truck;false_positive_for_automobile
7582,cifar10_test_07582,/home/tariq/Desktop/Awais-Tariq/base-KD/data/cifar-10-batches-py/test_batch,7582,dog,cat,0.5573779940605164,False,True,/home/tariq/Desktop/Awais-Tariq/base-KD/reports/cifar10_full_audit/vit_scratch/failure_images/07582_true-dog_pred-cat.png,false_negative_for_dog;false_positive_for_cat
7583,cifar10_test_07583,/home/tariq/Desktop/Awais-Tariq/base-KD/data/cifar-10-batches-py/test_batch,7583,automobile,truck,0.9976410865783691,False,True,/home/tariq/Desktop/Awais-Tariq/base-KD/reports/cifar10_full_audit/vit_scratch/failure_images/07583_true-automobile_pred-truck.png,false_negative_for_automobile;false_positive_for_truck
7588,cifar10_test_07588,/home/tariq/Desktop/Awais-Tariq/base-KD/data/cifar-10-batches-py/test_batch,7588,bird,deer,0.9768622517585754,False,False,/home/tariq/Desktop/Awais-Tariq/base-KD/reports/cifar10_full_audit/vit_scratch/failure_images/07588_true-bird_pred-deer.png,false_negative_for_bird;false_positive_for_deer
7590,cifar10_test_07590,/home/tariq/Desktop/Awais-Tariq/base-KD/data/cifar-10-batches-py/test_batch,7590,bird,deer,0.623682975769043,False,False,/home/tariq/Desktop/Awais-Tariq/base-KD/reports/cifar10_full_audit/vit_scratch/failure_images/07590_true-bird_pred-deer.png,false_negative_for_bird;false_positive_for_deer
7596,cifar10_test_07596,/home/tariq/Desktop/Awais-Tariq/base-KD/data/cifar-10-batches-py/test_batch,7596,cat,dog,0.8821761608123779,False,True,/home/tariq/Desktop/Awais-Tariq/base-KD/reports/cifar10_full_audit/vit_scratch/failure_images/07596_true-cat_pred-dog.png,false_negative_for_cat;false_positive_for_dog
7600,cifar10_test_07600,/home/tariq/Desktop/Awais-Tariq/base-KD/data/cifar-10-batches-py/test_batch,7600,ship,truck,0.5610131621360779,False,True,/home/tariq/Desktop/Awais-Tariq/base-KD/reports/cifar10_full_audit/vit_scratch/failure_images/07600_true-ship_pred-truck.png,false_negative_for_ship;false_positive_for_truck
7605,cifar10_test_07605,/home/tariq/Desktop/Awais-Tariq/base-KD/data/cifar-10-batches-py/test_batch,7605,bird,frog,0.9999731779098511,False,True,/home/tariq/Desktop/Awais-Tariq/base-KD/reports/cifar10_full_audit/vit_scratch/failure_images/07605_true-bird_pred-frog.png,false_negative_for_bird;false_positive_for_frog
7609,cifar10_test_07609,/home/tariq/Desktop/Awais-Tariq/base-KD/data/cifar-10-batches-py/test_batch,7609,airplane,automobile,0.9944509863853455,False,True,/home/tariq/Desktop/Awais-Tariq/base-KD/reports/cifar10_full_audit/vit_scratch/failure_images/07609_true-airplane_pred-automobile.png,false_negative_for_airplane;false_positive_for_automobile
7610,cifar10_test_07610,/home/tariq/Desktop/Awais-Tariq/base-KD/data/cifar-10-batches-py/test_batch,7610,horse,cat,0.5092890858650208,False,False,/home/tariq/Desktop/Awais-Tariq/base-KD/reports/cifar10_full_audit/vit_scratch/failure_images/07610_true-horse_pred-cat.png,false_negative_for_horse;false_positive_for_cat
7611,cifar10_test_07611,/home/tariq/Desktop/Awais-Tariq/base-KD/data/cifar-10-batches-py/test_batch,7611,horse,deer,0.9802008867263794,False,False,/home/tariq/Desktop/Awais-Tariq/base-KD/reports/cifar10_full_audit/vit_scratch/failure_images/07611_true-horse_pred-deer.png,false_negative_for_horse;false_positive_for_deer
7617,cifar10_test_07617,/home/tariq/Desktop/Awais-Tariq/base-KD/data/cifar-10-batches-py/test_batch,7617,bird,airplane,0.8668419122695923,False,True,/home/tariq/Desktop/Awais-Tariq/base-KD/reports/cifar10_full_audit/vit_scratch/failure_images/07617_true-bird_pred-airplane.png,false_negative_for_bird;false_positive_for_airplane
7625,cifar10_test_07625,/home/tariq/Desktop/Awais-Tariq/base-KD/data/cifar-10-batches-py/test_batch,7625,horse,airplane,0.477537602186203,False,True,/home/tariq/Desktop/Awais-Tariq/base-KD/reports/cifar10_full_audit/vit_scratch/failure_images/07625_true-horse_pred-airplane.png,false_negative_for_horse;false_positive_for_airplane
7638,cifar10_test_07638,/home/tariq/Desktop/Awais-Tariq/base-KD/data/cifar-10-batches-py/test_batch,7638,automobile,airplane,0.8941935896873474,False,True,/home/tariq/Desktop/Awais-Tariq/base-KD/reports/cifar10_full_audit/vit_scratch/failure_images/07638_true-automobile_pred-airplane.png,false_negative_for_automobile;false_positive_for_airplane
7639,cifar10_test_07639,/home/tariq/Desktop/Awais-Tariq/base-KD/data/cifar-10-batches-py/test_batch,7639,truck,automobile,0.977266252040863,False,True,/home/tariq/Desktop/Awais-Tariq/base-KD/reports/cifar10_full_audit/vit_scratch/failure_images/07639_true-truck_pred-automobile.png,false_negative_for_truck;false_positive_for_automobile
7641,cifar10_test_07641,/home/tariq/Desktop/Awais-Tariq/base-KD/data/cifar-10-batches-py/test_batch,7641,horse,dog,0.9874687194824219,False,True,/home/tariq/Desktop/Awais-Tariq/base-KD/reports/cifar10_full_audit/vit_scratch/failure_images/07641_true-horse_pred-dog.png,false_negative_for_horse;false_positive_for_dog
7643,cifar10_test_07643,/home/tariq/Desktop/Awais-Tariq/base-KD/data/cifar-10-batches-py/test_batch,7643,ship,truck,0.9623233079910278,False,True,/home/tariq/Desktop/Awais-Tariq/base-KD/reports/cifar10_full_audit/vit_scratch/failure_images/07643_true-ship_pred-truck.png,false_negative_for_ship;false_positive_for_truck
7657,cifar10_test_07657,/home/tariq/Desktop/Awais-Tariq/base-KD/data/cifar-10-batches-py/test_batch,7657,bird,horse,0.8974756598472595,False,False,/home/tariq/Desktop/Awais-Tariq/base-KD/reports/cifar10_full_audit/vit_scratch/failure_images/07657_true-bird_pred-horse.png,false_negative_for_bird;false_positive_for_horse
7663,cifar10_test_07663,/home/tariq/Desktop/Awais-Tariq/base-KD/data/cifar-10-batches-py/test_batch,7663,bird,frog,0.9701288342475891,False,True,/home/tariq/Desktop/Awais-Tariq/base-KD/reports/cifar10_full_audit/vit_scratch/failure_images/07663_true-bird_pred-frog.png,false_negative_for_bird;false_positive_for_frog
7666,cifar10_test_07666,/home/tariq/Desktop/Awais-Tariq/base-KD/data/cifar-10-batches-py/test_batch,7666,bird,horse,0.9999656677246094,False,True,/home/tariq/Desktop/Awais-Tariq/base-KD/reports/cifar10_full_audit/vit_scratch/failure_images/07666_true-bird_pred-horse.png,false_negative_for_bird;false_positive_for_horse
7668,cifar10_test_07668,/home/tariq/Desktop/Awais-Tariq/base-KD/data/cifar-10-batches-py/test_batch,7668,dog,cat,0.9950951337814331,False,True,/home/tariq/Desktop/Awais-Tariq/base-KD/reports/cifar10_full_audit/vit_scratch/failure_images/07668_true-dog_pred-cat.png,false_negative_for_dog;false_positive_for_cat
7669,cifar10_test_07669,/home/tariq/Desktop/Awais-Tariq/base-KD/data/cifar-10-batches-py/test_batch,7669,horse,deer,0.562673807144165,False,True,/home/tariq/Desktop/Awais-Tariq/base-KD/reports/cifar10_full_audit/vit_scratch/failure_images/07669_true-horse_pred-deer.png,false_negative_for_horse;false_positive_for_deer
7680,cifar10_test_07680,/home/tariq/Desktop/Awais-Tariq/base-KD/data/cifar-10-batches-py/test_batch,7680,cat,dog,0.9981689453125,False,True,/home/tariq/Desktop/Awais-Tariq/base-KD/reports/cifar10_full_audit/vit_scratch/failure_images/07680_true-cat_pred-dog.png,false_negative_for_cat;false_positive_for_dog
7682,cifar10_test_07682,/home/tariq/Desktop/Awais-Tariq/base-KD/data/cifar-10-batches-py/test_batch,7682,ship,automobile,0.693713903427124,False,True,/home/tariq/Desktop/Awais-Tariq/base-KD/reports/cifar10_full_audit/vit_scratch/failure_images/07682_true-ship_pred-automobile.png,false_negative_for_ship;false_positive_for_automobile
7687,cifar10_test_07687,/home/tariq/Desktop/Awais-Tariq/base-KD/data/cifar-10-batches-py/test_batch,7687,frog,horse,0.7382750511169434,False,True,/home/tariq/Desktop/Awais-Tariq/base-KD/reports/cifar10_full_audit/vit_scratch/failure_images/07687_true-frog_pred-horse.png,false_negative_for_frog;false_positive_for_horse
7688,cifar10_test_07688,/home/tariq/Desktop/Awais-Tariq/base-KD/data/cifar-10-batches-py/test_batch,7688,ship,dog,0.9978001713752747,False,True,/home/tariq/Desktop/Awais-Tariq/base-KD/reports/cifar10_full_audit/vit_scratch/failure_images/07688_true-ship_pred-dog.png,false_negative_for_ship;false_positive_for_dog
7709,cifar10_test_07709,/home/tariq/Desktop/Awais-Tariq/base-KD/data/cifar-10-batches-py/test_batch,7709,cat,bird,0.7230592370033264,False,True,/home/tariq/Desktop/Awais-Tariq/base-KD/reports/cifar10_full_audit/vit_scratch/failure_images/07709_true-cat_pred-bird.png,false_negative_for_cat;false_positive_for_bird
7711,cifar10_test_07711,/home/tariq/Desktop/Awais-Tariq/base-KD/data/cifar-10-batches-py/test_batch,7711,frog,deer,0.822539746761322,False,True,/home/tariq/Desktop/Awais-Tariq/base-KD/reports/cifar10_full_audit/vit_scratch/failure_images/07711_true-frog_pred-deer.png,false_negative_for_frog;false_positive_for_deer
7716,cifar10_test_07716,/home/tariq/Desktop/Awais-Tariq/base-KD/data/cifar-10-batches-py/test_batch,7716,dog,horse,0.880549430847168,False,True,/home/tariq/Desktop/Awais-Tariq/base-KD/reports/cifar10_full_audit/vit_scratch/failure_images/07716_true-dog_pred-horse.png,false_negative_for_dog;false_positive_for_horse
7722,cifar10_test_07722,/home/tariq/Desktop/Awais-Tariq/base-KD/data/cifar-10-batches-py/test_batch,7722,horse,dog,0.8998767733573914,False,True,/home/tariq/Desktop/Awais-Tariq/base-KD/reports/cifar10_full_audit/vit_scratch/failure_images/07722_true-horse_pred-dog.png,false_negative_for_horse;false_positive_for_dog
7723,cifar10_test_07723,/home/tariq/Desktop/Awais-Tariq/base-KD/data/cifar-10-batches-py/test_batch,7723,cat,frog,0.3111342787742615,False,True,/home/tariq/Desktop/Awais-Tariq/base-KD/reports/cifar10_full_audit/vit_scratch/failure_images/07723_true-cat_pred-frog.png,false_negative_for_cat;false_positive_for_frog
7736,cifar10_test_07736,/home/tariq/Desktop/Awais-Tariq/base-KD/data/cifar-10-batches-py/test_batch,7736,cat,dog,0.8672215342521667,False,True,/home/tariq/Desktop/Awais-Tariq/base-KD/reports/cifar10_full_audit/vit_scratch/failure_images/07736_true-cat_pred-dog.png,false_negative_for_cat;false_positive_for_dog
7737,cifar10_test_07737,/home/tariq/Desktop/Awais-Tariq/base-KD/data/cifar-10-batches-py/test_batch,7737,airplane,ship,0.7037017941474915,False,True,/home/tariq/Desktop/Awais-Tariq/base-KD/reports/cifar10_full_audit/vit_scratch/failure_images/07737_true-airplane_pred-ship.png,false_negative_for_airplane;false_positive_for_ship
7741,cifar10_test_07741,/home/tariq/Desktop/Awais-Tariq/base-KD/data/cifar-10-batches-py/test_batch,7741,dog,bird,0.4781286120414734,False,True,/home/tariq/Desktop/Awais-Tariq/base-KD/reports/cifar10_full_audit/vit_scratch/failure_images/07741_true-dog_pred-bird.png,false_negative_for_dog;false_positive_for_bird
7744,cifar10_test_07744,/home/tariq/Desktop/Awais-Tariq/base-KD/data/cifar-10-batches-py/test_batch,7744,deer,cat,0.9983929991722107,False,True,/home/tariq/Desktop/Awais-Tariq/base-KD/reports/cifar10_full_audit/vit_scratch/failure_images/07744_true-deer_pred-cat.png,false_negative_for_deer;false_positive_for_cat
7750,cifar10_test_07750,/home/tariq/Desktop/Awais-Tariq/base-KD/data/cifar-10-batches-py/test_batch,7750,cat,bird,0.8957647085189819,False,True,/home/tariq/Desktop/Awais-Tariq/base-KD/reports/cifar10_full_audit/vit_scratch/failure_images/07750_true-cat_pred-bird.png,false_negative_for_cat;false_positive_for_bird
7760,cifar10_test_07760,/home/tariq/Desktop/Awais-Tariq/base-KD/data/cifar-10-batches-py/test_batch,7760,bird,airplane,0.8617733120918274,False,True,/home/tariq/Desktop/Awais-Tariq/base-KD/reports/cifar10_full_audit/vit_scratch/failure_images/07760_true-bird_pred-airplane.png,false_negative_for_bird;false_positive_for_airplane
7761,cifar10_test_07761,/home/tariq/Desktop/Awais-Tariq/base-KD/data/cifar-10-batches-py/test_batch,7761,bird,dog,0.9911624193191528,False,False,/home/tariq/Desktop/Awais-Tariq/base-KD/reports/cifar10_full_audit/vit_scratch/failure_images/07761_true-bird_pred-dog.png,false_negative_for_bird;false_positive_for_dog
7763,cifar10_test_07763,/home/tariq/Desktop/Awais-Tariq/base-KD/data/cifar-10-batches-py/test_batch,7763,deer,cat,0.9864700436592102,False,True,/home/tariq/Desktop/Awais-Tariq/base-KD/reports/cifar10_full_audit/vit_scratch/failure_images/07763_true-deer_pred-cat.png,false_negative_for_deer;false_positive_for_cat
7771,cifar10_test_07771,/home/tariq/Desktop/Awais-Tariq/base-KD/data/cifar-10-batches-py/test_batch,7771,bird,airplane,0.7844337821006775,False,True,/home/tariq/Desktop/Awais-Tariq/base-KD/reports/cifar10_full_audit/vit_scratch/failure_images/07771_true-bird_pred-airplane.png,false_negative_for_bird;false_positive_for_airplane
7778,cifar10_test_07778,/home/tariq/Desktop/Awais-Tariq/base-KD/data/cifar-10-batches-py/test_batch,7778,airplane,frog,0.9999779462814331,False,True,/home/tariq/Desktop/Awais-Tariq/base-KD/reports/cifar10_full_audit/vit_scratch/failure_images/07778_true-airplane_pred-frog.png,false_negative_for_airplane;false_positive_for_frog
7779,cifar10_test_07779,/home/tariq/Desktop/Awais-Tariq/base-KD/data/cifar-10-batches-py/test_batch,7779,dog,cat,0.48033350706100464,False,True,/home/tariq/Desktop/Awais-Tariq/base-KD/reports/cifar10_full_audit/vit_scratch/failure_images/07779_true-dog_pred-cat.png,false_negative_for_dog;false_positive_for_cat
7780,cifar10_test_07780,/home/tariq/Desktop/Awais-Tariq/base-KD/data/cifar-10-batches-py/test_batch,7780,cat,ship,0.5632872581481934,False,True,/home/tariq/Desktop/Awais-Tariq/base-KD/reports/cifar10_full_audit/vit_scratch/failure_images/07780_true-cat_pred-ship.png,false_negative_for_cat;false_positive_for_ship
7784,cifar10_test_07784,/home/tariq/Desktop/Awais-Tariq/base-KD/data/cifar-10-batches-py/test_batch,7784,horse,bird,0.996239185333252,False,True,/home/tariq/Desktop/Awais-Tariq/base-KD/reports/cifar10_full_audit/vit_scratch/failure_images/07784_true-horse_pred-bird.png,false_negative_for_horse;false_positive_for_bird
7785,cifar10_test_07785,/home/tariq/Desktop/Awais-Tariq/base-KD/data/cifar-10-batches-py/test_batch,7785,deer,frog,0.7959973216056824,False,True,/home/tariq/Desktop/Awais-Tariq/base-KD/reports/cifar10_full_audit/vit_scratch/failure_images/07785_true-deer_pred-frog.png,false_negative_for_deer;false_positive_for_frog
7792,cifar10_test_07792,/home/tariq/Desktop/Awais-Tariq/base-KD/data/cifar-10-batches-py/test_batch,7792,truck,automobile,0.7806607484817505,False,True,/home/tariq/Desktop/Awais-Tariq/base-KD/reports/cifar10_full_audit/vit_scratch/failure_images/07792_true-truck_pred-automobile.png,false_negative_for_truck;false_positive_for_automobile
7797,cifar10_test_07797,/home/tariq/Desktop/Awais-Tariq/base-KD/data/cifar-10-batches-py/test_batch,7797,cat,frog,0.9988960027694702,False,True,/home/tariq/Desktop/Awais-Tariq/base-KD/reports/cifar10_full_audit/vit_scratch/failure_images/07797_true-cat_pred-frog.png,false_negative_for_cat;false_positive_for_frog
7801,cifar10_test_07801,/home/tariq/Desktop/Awais-Tariq/base-KD/data/cifar-10-batches-py/test_batch,7801,deer,bird,0.9318479299545288,False,True,/home/tariq/Desktop/Awais-Tariq/base-KD/reports/cifar10_full_audit/vit_scratch/failure_images/07801_true-deer_pred-bird.png,false_negative_for_deer;false_positive_for_bird
7802,cifar10_test_07802,/home/tariq/Desktop/Awais-Tariq/base-KD/data/cifar-10-batches-py/test_batch,7802,bird,cat,0.3057408034801483,False,True,/home/tariq/Desktop/Awais-Tariq/base-KD/reports/cifar10_full_audit/vit_scratch/failure_images/07802_true-bird_pred-cat.png,false_negative_for_bird;false_positive_for_cat
7815,cifar10_test_07815,/home/tariq/Desktop/Awais-Tariq/base-KD/data/cifar-10-batches-py/test_batch,7815,airplane,ship,0.9969045519828796,False,True,/home/tariq/Desktop/Awais-Tariq/base-KD/reports/cifar10_full_audit/vit_scratch/failure_images/07815_true-airplane_pred-ship.png,false_negative_for_airplane;false_positive_for_ship
7816,cifar10_test_07816,/home/tariq/Desktop/Awais-Tariq/base-KD/data/cifar-10-batches-py/test_batch,7816,airplane,horse,0.9274609684944153,False,True,/home/tariq/Desktop/Awais-Tariq/base-KD/reports/cifar10_full_audit/vit_scratch/failure_images/07816_true-airplane_pred-horse.png,false_negative_for_airplane;false_positive_for_horse
7821,cifar10_test_07821,/home/tariq/Desktop/Awais-Tariq/base-KD/data/cifar-10-batches-py/test_batch,7821,bird,ship,0.8802946209907532,False,True,/home/tariq/Desktop/Awais-Tariq/base-KD/reports/cifar10_full_audit/vit_scratch/failure_images/07821_true-bird_pred-ship.png,false_negative_for_bird;false_positive_for_ship
7826,cifar10_test_07826,/home/tariq/Desktop/Awais-Tariq/base-KD/data/cifar-10-batches-py/test_batch,7826,truck,automobile,0.9846832156181335,False,True,/home/tariq/Desktop/Awais-Tariq/base-KD/reports/cifar10_full_audit/vit_scratch/failure_images/07826_true-truck_pred-automobile.png,false_negative_for_truck;false_positive_for_automobile
7830,cifar10_test_07830,/home/tariq/Desktop/Awais-Tariq/base-KD/data/cifar-10-batches-py/test_batch,7830,bird,horse,0.8326348662376404,False,True,/home/tariq/Desktop/Awais-Tariq/base-KD/reports/cifar10_full_audit/vit_scratch/failure_images/07830_true-bird_pred-horse.png,false_negative_for_bird;false_positive_for_horse
7831,cifar10_test_07831,/home/tariq/Desktop/Awais-Tariq/base-KD/data/cifar-10-batches-py/test_batch,7831,bird,cat,0.8883683085441589,False,True,/home/tariq/Desktop/Awais-Tariq/base-KD/reports/cifar10_full_audit/vit_scratch/failure_images/07831_true-bird_pred-cat.png,false_negative_for_bird;false_positive_for_cat
7841,cifar10_test_07841,/home/tariq/Desktop/Awais-Tariq/base-KD/data/cifar-10-batches-py/test_batch,7841,frog,bird,0.2924806475639343,False,True,/home/tariq/Desktop/Awais-Tariq/base-KD/reports/cifar10_full_audit/vit_scratch/failure_images/07841_true-frog_pred-bird.png,false_negative_for_frog;false_positive_for_bird
7842,cifar10_test_07842,/home/tariq/Desktop/Awais-Tariq/base-KD/data/cifar-10-batches-py/test_batch,7842,dog,deer,0.9680849313735962,False,True,/home/tariq/Desktop/Awais-Tariq/base-KD/reports/cifar10_full_audit/vit_scratch/failure_images/07842_true-dog_pred-deer.png,false_negative_for_dog;false_positive_for_deer
7853,cifar10_test_07853,/home/tariq/Desktop/Awais-Tariq/base-KD/data/cifar-10-batches-py/test_batch,7853,cat,dog,0.6421991586685181,False,True,/home/tariq/Desktop/Awais-Tariq/base-KD/reports/cifar10_full_audit/vit_scratch/failure_images/07853_true-cat_pred-dog.png,false_negative_for_cat;false_positive_for_dog
7857,cifar10_test_07857,/home/tariq/Desktop/Awais-Tariq/base-KD/data/cifar-10-batches-py/test_batch,7857,deer,bird,0.4780195951461792,False,False,/home/tariq/Desktop/Awais-Tariq/base-KD/reports/cifar10_full_audit/vit_scratch/failure_images/07857_true-deer_pred-bird.png,false_negative_for_deer;false_positive_for_bird
7860,cifar10_test_07860,/home/tariq/Desktop/Awais-Tariq/base-KD/data/cifar-10-batches-py/test_batch,7860,ship,airplane,0.9402986168861389,False,True,/home/tariq/Desktop/Awais-Tariq/base-KD/reports/cifar10_full_audit/vit_scratch/failure_images/07860_true-ship_pred-airplane.png,false_negative_for_ship;false_positive_for_airplane
7861,cifar10_test_07861,/home/tariq/Desktop/Awais-Tariq/base-KD/data/cifar-10-batches-py/test_batch,7861,airplane,horse,0.9502866864204407,False,True,/home/tariq/Desktop/Awais-Tariq/base-KD/reports/cifar10_full_audit/vit_scratch/failure_images/07861_true-airplane_pred-horse.png,false_negative_for_airplane;false_positive_for_horse
7875,cifar10_test_07875,/home/tariq/Desktop/Awais-Tariq/base-KD/data/cifar-10-batches-py/test_batch,7875,bird,dog,0.9450249075889587,False,True,/home/tariq/Desktop/Awais-Tariq/base-KD/reports/cifar10_full_audit/vit_scratch/failure_images/07875_true-bird_pred-dog.png,false_negative_for_bird;false_positive_for_dog
7879,cifar10_test_07879,/home/tariq/Desktop/Awais-Tariq/base-KD/data/cifar-10-batches-py/test_batch,7879,cat,dog,0.5243585109710693,False,True,/home/tariq/Desktop/Awais-Tariq/base-KD/reports/cifar10_full_audit/vit_scratch/failure_images/07879_true-cat_pred-dog.png,false_negative_for_cat;false_positive_for_dog
7887,cifar10_test_07887,/home/tariq/Desktop/Awais-Tariq/base-KD/data/cifar-10-batches-py/test_batch,7887,dog,cat,0.9856666922569275,False,True,/home/tariq/Desktop/Awais-Tariq/base-KD/reports/cifar10_full_audit/vit_scratch/failure_images/07887_true-dog_pred-cat.png,false_negative_for_dog;false_positive_for_cat
7892,cifar10_test_07892,/home/tariq/Desktop/Awais-Tariq/base-KD/data/cifar-10-batches-py/test_batch,7892,automobile,truck,0.9996540546417236,False,True,/home/tariq/Desktop/Awais-Tariq/base-KD/reports/cifar10_full_audit/vit_scratch/failure_images/07892_true-automobile_pred-truck.png,false_negative_for_automobile;false_positive_for_truck
7895,cifar10_test_07895,/home/tariq/Desktop/Awais-Tariq/base-KD/data/cifar-10-batches-py/test_batch,7895,deer,bird,0.47120505571365356,False,True,/home/tariq/Desktop/Awais-Tariq/base-KD/reports/cifar10_full_audit/vit_scratch/failure_images/07895_true-deer_pred-bird.png,false_negative_for_deer;false_positive_for_bird
7905,cifar10_test_07905,/home/tariq/Desktop/Awais-Tariq/base-KD/data/cifar-10-batches-py/test_batch,7905,cat,horse,0.723924458026886,False,True,/home/tariq/Desktop/Awais-Tariq/base-KD/reports/cifar10_full_audit/vit_scratch/failure_images/07905_true-cat_pred-horse.png,false_negative_for_cat;false_positive_for_horse
7909,cifar10_test_07909,/home/tariq/Desktop/Awais-Tariq/base-KD/data/cifar-10-batches-py/test_batch,7909,automobile,truck,0.9736724495887756,False,True,/home/tariq/Desktop/Awais-Tariq/base-KD/reports/cifar10_full_audit/vit_scratch/failure_images/07909_true-automobile_pred-truck.png,false_negative_for_automobile;false_positive_for_truck
7912,cifar10_test_07912,/home/tariq/Desktop/Awais-Tariq/base-KD/data/cifar-10-batches-py/test_batch,7912,airplane,cat,0.8108741044998169,False,True,/home/tariq/Desktop/Awais-Tariq/base-KD/reports/cifar10_full_audit/vit_scratch/failure_images/07912_true-airplane_pred-cat.png,false_negative_for_airplane;false_positive_for_cat
7921,cifar10_test_07921,/home/tariq/Desktop/Awais-Tariq/base-KD/data/cifar-10-batches-py/test_batch,7921,deer,bird,0.8899208307266235,False,True,/home/tariq/Desktop/Awais-Tariq/base-KD/reports/cifar10_full_audit/vit_scratch/failure_images/07921_true-deer_pred-bird.png,false_negative_for_deer;false_positive_for_bird
7931,cifar10_test_07931,/home/tariq/Desktop/Awais-Tariq/base-KD/data/cifar-10-batches-py/test_batch,7931,truck,automobile,0.7456789016723633,False,True,/home/tariq/Desktop/Awais-Tariq/base-KD/reports/cifar10_full_audit/vit_scratch/failure_images/07931_true-truck_pred-automobile.png,false_negative_for_truck;false_positive_for_automobile
7935,cifar10_test_07935,/home/tariq/Desktop/Awais-Tariq/base-KD/data/cifar-10-batches-py/test_batch,7935,horse,bird,0.46721354126930237,False,True,/home/tariq/Desktop/Awais-Tariq/base-KD/reports/cifar10_full_audit/vit_scratch/failure_images/07935_true-horse_pred-bird.png,false_negative_for_horse;false_positive_for_bird
7940,cifar10_test_07940,/home/tariq/Desktop/Awais-Tariq/base-KD/data/cifar-10-batches-py/test_batch,7940,bird,frog,0.9596773386001587,False,True,/home/tariq/Desktop/Awais-Tariq/base-KD/reports/cifar10_full_audit/vit_scratch/failure_images/07940_true-bird_pred-frog.png,false_negative_for_bird;false_positive_for_frog
7952,cifar10_test_07952,/home/tariq/Desktop/Awais-Tariq/base-KD/data/cifar-10-batches-py/test_batch,7952,cat,deer,0.9470039010047913,False,True,/home/tariq/Desktop/Awais-Tariq/base-KD/reports/cifar10_full_audit/vit_scratch/failure_images/07952_true-cat_pred-deer.png,false_negative_for_cat;false_positive_for_deer
7956,cifar10_test_07956,/home/tariq/Desktop/Awais-Tariq/base-KD/data/cifar-10-batches-py/test_batch,7956,deer,frog,0.8881441950798035,False,True,/home/tariq/Desktop/Awais-Tariq/base-KD/reports/cifar10_full_audit/vit_scratch/failure_images/07956_true-deer_pred-frog.png,false_negative_for_deer;false_positive_for_frog
7961,cifar10_test_07961,/home/tariq/Desktop/Awais-Tariq/base-KD/data/cifar-10-batches-py/test_batch,7961,cat,deer,0.8677195906639099,False,True,/home/tariq/Desktop/Awais-Tariq/base-KD/reports/cifar10_full_audit/vit_scratch/failure_images/07961_true-cat_pred-deer.png,false_negative_for_cat;false_positive_for_deer
7967,cifar10_test_07967,/home/tariq/Desktop/Awais-Tariq/base-KD/data/cifar-10-batches-py/test_batch,7967,truck,horse,0.8219157457351685,False,True,/home/tariq/Desktop/Awais-Tariq/base-KD/reports/cifar10_full_audit/vit_scratch/failure_images/07967_true-truck_pred-horse.png,false_negative_for_truck;false_positive_for_horse
7979,cifar10_test_07979,/home/tariq/Desktop/Awais-Tariq/base-KD/data/cifar-10-batches-py/test_batch,7979,cat,dog,0.644909679889679,False,True,/home/tariq/Desktop/Awais-Tariq/base-KD/reports/cifar10_full_audit/vit_scratch/failure_images/07979_true-cat_pred-dog.png,false_negative_for_cat;false_positive_for_dog
7983,cifar10_test_07983,/home/tariq/Desktop/Awais-Tariq/base-KD/data/cifar-10-batches-py/test_batch,7983,frog,bird,0.9531437754631042,False,True,/home/tariq/Desktop/Awais-Tariq/base-KD/reports/cifar10_full_audit/vit_scratch/failure_images/07983_true-frog_pred-bird.png,false_negative_for_frog;false_positive_for_bird
7989,cifar10_test_07989,/home/tariq/Desktop/Awais-Tariq/base-KD/data/cifar-10-batches-py/test_batch,7989,horse,cat,0.9835863709449768,False,True,/home/tariq/Desktop/Awais-Tariq/base-KD/reports/cifar10_full_audit/vit_scratch/failure_images/07989_true-horse_pred-cat.png,false_negative_for_horse;false_positive_for_cat
7998,cifar10_test_07998,/home/tariq/Desktop/Awais-Tariq/base-KD/data/cifar-10-batches-py/test_batch,7998,bird,cat,0.9333561062812805,False,True,/home/tariq/Desktop/Awais-Tariq/base-KD/reports/cifar10_full_audit/vit_scratch/failure_images/07998_true-bird_pred-cat.png,false_negative_for_bird;false_positive_for_cat
8009,cifar10_test_08009,/home/tariq/Desktop/Awais-Tariq/base-KD/data/cifar-10-batches-py/test_batch,8009,dog,cat,0.974462628364563,False,True,/home/tariq/Desktop/Awais-Tariq/base-KD/reports/cifar10_full_audit/vit_scratch/failure_images/08009_true-dog_pred-cat.png,false_negative_for_dog;false_positive_for_cat
8010,cifar10_test_08010,/home/tariq/Desktop/Awais-Tariq/base-KD/data/cifar-10-batches-py/test_batch,8010,bird,cat,0.9551816582679749,False,True,/home/tariq/Desktop/Awais-Tariq/base-KD/reports/cifar10_full_audit/vit_scratch/failure_images/08010_true-bird_pred-cat.png,false_negative_for_bird;false_positive_for_cat
8016,cifar10_test_08016,/home/tariq/Desktop/Awais-Tariq/base-KD/data/cifar-10-batches-py/test_batch,8016,deer,cat,0.4523981809616089,False,True,/home/tariq/Desktop/Awais-Tariq/base-KD/reports/cifar10_full_audit/vit_scratch/failure_images/08016_true-deer_pred-cat.png,false_negative_for_deer;false_positive_for_cat
8020,cifar10_test_08020,/home/tariq/Desktop/Awais-Tariq/base-KD/data/cifar-10-batches-py/test_batch,8020,frog,dog,0.5300658941268921,False,True,/home/tariq/Desktop/Awais-Tariq/base-KD/reports/cifar10_full_audit/vit_scratch/failure_images/08020_true-frog_pred-dog.png,false_negative_for_frog;false_positive_for_dog
8022,cifar10_test_08022,/home/tariq/Desktop/Awais-Tariq/base-KD/data/cifar-10-batches-py/test_batch,8022,bird,dog,0.8778284192085266,False,False,/home/tariq/Desktop/Awais-Tariq/base-KD/reports/cifar10_full_audit/vit_scratch/failure_images/08022_true-bird_pred-dog.png,false_negative_for_bird;false_positive_for_dog
8025,cifar10_test_08025,/home/tariq/Desktop/Awais-Tariq/base-KD/data/cifar-10-batches-py/test_batch,8025,dog,cat,0.5371037721633911,False,True,/home/tariq/Desktop/Awais-Tariq/base-KD/reports/cifar10_full_audit/vit_scratch/failure_images/08025_true-dog_pred-cat.png,false_negative_for_dog;false_positive_for_cat
8030,cifar10_test_08030,/home/tariq/Desktop/Awais-Tariq/base-KD/data/cifar-10-batches-py/test_batch,8030,bird,airplane,0.563261866569519,False,True,/home/tariq/Desktop/Awais-Tariq/base-KD/reports/cifar10_full_audit/vit_scratch/failure_images/08030_true-bird_pred-airplane.png,false_negative_for_bird;false_positive_for_airplane
8041,cifar10_test_08041,/home/tariq/Desktop/Awais-Tariq/base-KD/data/cifar-10-batches-py/test_batch,8041,ship,cat,0.9582095146179199,False,True,/home/tariq/Desktop/Awais-Tariq/base-KD/reports/cifar10_full_audit/vit_scratch/failure_images/08041_true-ship_pred-cat.png,false_negative_for_ship;false_positive_for_cat
8043,cifar10_test_08043,/home/tariq/Desktop/Awais-Tariq/base-KD/data/cifar-10-batches-py/test_batch,8043,airplane,bird,0.9912579655647278,False,True,/home/tariq/Desktop/Awais-Tariq/base-KD/reports/cifar10_full_audit/vit_scratch/failure_images/08043_true-airplane_pred-bird.png,false_negative_for_airplane;false_positive_for_bird
8046,cifar10_test_08046,/home/tariq/Desktop/Awais-Tariq/base-KD/data/cifar-10-batches-py/test_batch,8046,ship,cat,0.3341923654079437,False,True,/home/tariq/Desktop/Awais-Tariq/base-KD/reports/cifar10_full_audit/vit_scratch/failure_images/08046_true-ship_pred-cat.png,false_negative_for_ship;false_positive_for_cat
8047,cifar10_test_08047,/home/tariq/Desktop/Awais-Tariq/base-KD/data/cifar-10-batches-py/test_batch,8047,airplane,ship,0.9187412858009338,False,True,/home/tariq/Desktop/Awais-Tariq/base-KD/reports/cifar10_full_audit/vit_scratch/failure_images/08047_true-airplane_pred-ship.png,false_negative_for_airplane;false_positive_for_ship
8051,cifar10_test_08051,/home/tariq/Desktop/Awais-Tariq/base-KD/data/cifar-10-batches-py/test_batch,8051,truck,automobile,0.6318983435630798,False,True,/home/tariq/Desktop/Awais-Tariq/base-KD/reports/cifar10_full_audit/vit_scratch/failure_images/08051_true-truck_pred-automobile.png,false_negative_for_truck;false_positive_for_automobile
8066,cifar10_test_08066,/home/tariq/Desktop/Awais-Tariq/base-KD/data/cifar-10-batches-py/test_batch,8066,truck,cat,0.6636915802955627,False,True,/home/tariq/Desktop/Awais-Tariq/base-KD/reports/cifar10_full_audit/vit_scratch/failure_images/08066_true-truck_pred-cat.png,false_negative_for_truck;false_positive_for_cat
8069,cifar10_test_08069,/home/tariq/Desktop/Awais-Tariq/base-KD/data/cifar-10-batches-py/test_batch,8069,deer,bird,0.6906365156173706,False,True,/home/tariq/Desktop/Awais-Tariq/base-KD/reports/cifar10_full_audit/vit_scratch/failure_images/08069_true-deer_pred-bird.png,false_negative_for_deer;false_positive_for_bird
8071,cifar10_test_08071,/home/tariq/Desktop/Awais-Tariq/base-KD/data/cifar-10-batches-py/test_batch,8071,deer,frog,0.7004192471504211,False,False,/home/tariq/Desktop/Awais-Tariq/base-KD/reports/cifar10_full_audit/vit_scratch/failure_images/08071_true-deer_pred-frog.png,false_negative_for_deer;false_positive_for_frog
8078,cifar10_test_08078,/home/tariq/Desktop/Awais-Tariq/base-KD/data/cifar-10-batches-py/test_batch,8078,horse,deer,0.6109311580657959,False,True,/home/tariq/Desktop/Awais-Tariq/base-KD/reports/cifar10_full_audit/vit_scratch/failure_images/08078_true-horse_pred-deer.png,false_negative_for_horse;false_positive_for_deer
8079,cifar10_test_08079,/home/tariq/Desktop/Awais-Tariq/base-KD/data/cifar-10-batches-py/test_batch,8079,dog,cat,0.46849772334098816,False,True,/home/tariq/Desktop/Awais-Tariq/base-KD/reports/cifar10_full_audit/vit_scratch/failure_images/08079_true-dog_pred-cat.png,false_negative_for_dog;false_positive_for_cat
8086,cifar10_test_08086,/home/tariq/Desktop/Awais-Tariq/base-KD/data/cifar-10-batches-py/test_batch,8086,deer,airplane,0.99849534034729,False,True,/home/tariq/Desktop/Awais-Tariq/base-KD/reports/cifar10_full_audit/vit_scratch/failure_images/08086_true-deer_pred-airplane.png,false_negative_for_deer;false_positive_for_airplane
8098,cifar10_test_08098,/home/tariq/Desktop/Awais-Tariq/base-KD/data/cifar-10-batches-py/test_batch,8098,automobile,truck,0.9977797865867615,False,True,/home/tariq/Desktop/Awais-Tariq/base-KD/reports/cifar10_full_audit/vit_scratch/failure_images/08098_true-automobile_pred-truck.png,false_negative_for_automobile;false_positive_for_truck
8100,cifar10_test_08100,/home/tariq/Desktop/Awais-Tariq/base-KD/data/cifar-10-batches-py/test_batch,8100,frog,dog,0.6771846413612366,False,True,/home/tariq/Desktop/Awais-Tariq/base-KD/reports/cifar10_full_audit/vit_scratch/failure_images/08100_true-frog_pred-dog.png,false_negative_for_frog;false_positive_for_dog
8103,cifar10_test_08103,/home/tariq/Desktop/Awais-Tariq/base-KD/data/cifar-10-batches-py/test_batch,8103,horse,deer,0.6845713257789612,False,True,/home/tariq/Desktop/Awais-Tariq/base-KD/reports/cifar10_full_audit/vit_scratch/failure_images/08103_true-horse_pred-deer.png,false_negative_for_horse;false_positive_for_deer
8108,cifar10_test_08108,/home/tariq/Desktop/Awais-Tariq/base-KD/data/cifar-10-batches-py/test_batch,8108,dog,cat,0.8435951471328735,False,True,/home/tariq/Desktop/Awais-Tariq/base-KD/reports/cifar10_full_audit/vit_scratch/failure_images/08108_true-dog_pred-cat.png,false_negative_for_dog;false_positive_for_cat
8110,cifar10_test_08110,/home/tariq/Desktop/Awais-Tariq/base-KD/data/cifar-10-batches-py/test_batch,8110,dog,cat,0.4750821888446808,False,True,/home/tariq/Desktop/Awais-Tariq/base-KD/reports/cifar10_full_audit/vit_scratch/failure_images/08110_true-dog_pred-cat.png,false_negative_for_dog;false_positive_for_cat
8111,cifar10_test_08111,/home/tariq/Desktop/Awais-Tariq/base-KD/data/cifar-10-batches-py/test_batch,8111,dog,cat,0.7483519911766052,False,True,/home/tariq/Desktop/Awais-Tariq/base-KD/reports/cifar10_full_audit/vit_scratch/failure_images/08111_true-dog_pred-cat.png,false_negative_for_dog;false_positive_for_cat
8112,cifar10_test_08112,/home/tariq/Desktop/Awais-Tariq/base-KD/data/cifar-10-batches-py/test_batch,8112,cat,frog,0.998902440071106,False,True,/home/tariq/Desktop/Awais-Tariq/base-KD/reports/cifar10_full_audit/vit_scratch/failure_images/08112_true-cat_pred-frog.png,false_negative_for_cat;false_positive_for_frog
8115,cifar10_test_08115,/home/tariq/Desktop/Awais-Tariq/base-KD/data/cifar-10-batches-py/test_batch,8115,dog,cat,0.9587491154670715,False,True,/home/tariq/Desktop/Awais-Tariq/base-KD/reports/cifar10_full_audit/vit_scratch/failure_images/08115_true-dog_pred-cat.png,false_negative_for_dog;false_positive_for_cat
8118,cifar10_test_08118,/home/tariq/Desktop/Awais-Tariq/base-KD/data/cifar-10-batches-py/test_batch,8118,deer,dog,0.47797346115112305,False,True,/home/tariq/Desktop/Awais-Tariq/base-KD/reports/cifar10_full_audit/vit_scratch/failure_images/08118_true-deer_pred-dog.png,false_negative_for_deer;false_positive_for_dog
8119,cifar10_test_08119,/home/tariq/Desktop/Awais-Tariq/base-KD/data/cifar-10-batches-py/test_batch,8119,frog,bird,0.885618269443512,False,True,/home/tariq/Desktop/Awais-Tariq/base-KD/reports/cifar10_full_audit/vit_scratch/failure_images/08119_true-frog_pred-bird.png,false_negative_for_frog;false_positive_for_bird
8125,cifar10_test_08125,/home/tariq/Desktop/Awais-Tariq/base-KD/data/cifar-10-batches-py/test_batch,8125,ship,automobile,0.9916326403617859,False,True,/home/tariq/Desktop/Awais-Tariq/base-KD/reports/cifar10_full_audit/vit_scratch/failure_images/08125_true-ship_pred-automobile.png,false_negative_for_ship;false_positive_for_automobile
8126,cifar10_test_08126,/home/tariq/Desktop/Awais-Tariq/base-KD/data/cifar-10-batches-py/test_batch,8126,deer,dog,0.8612002730369568,False,True,/home/tariq/Desktop/Awais-Tariq/base-KD/reports/cifar10_full_audit/vit_scratch/failure_images/08126_true-deer_pred-dog.png,false_negative_for_deer;false_positive_for_dog
8128,cifar10_test_08128,/home/tariq/Desktop/Awais-Tariq/base-KD/data/cifar-10-batches-py/test_batch,8128,horse,cat,0.9928712248802185,False,True,/home/tariq/Desktop/Awais-Tariq/base-KD/reports/cifar10_full_audit/vit_scratch/failure_images/08128_true-horse_pred-cat.png,false_negative_for_horse;false_positive_for_cat
8131,cifar10_test_08131,/home/tariq/Desktop/Awais-Tariq/base-KD/data/cifar-10-batches-py/test_batch,8131,cat,frog,0.9947108030319214,False,True,/home/tariq/Desktop/Awais-Tariq/base-KD/reports/cifar10_full_audit/vit_scratch/failure_images/08131_true-cat_pred-frog.png,false_negative_for_cat;false_positive_for_frog
8135,cifar10_test_08135,/home/tariq/Desktop/Awais-Tariq/base-KD/data/cifar-10-batches-py/test_batch,8135,horse,bird,0.7768964767456055,False,True,/home/tariq/Desktop/Awais-Tariq/base-KD/reports/cifar10_full_audit/vit_scratch/failure_images/08135_true-horse_pred-bird.png,false_negative_for_horse;false_positive_for_bird
8136,cifar10_test_08136,/home/tariq/Desktop/Awais-Tariq/base-KD/data/cifar-10-batches-py/test_batch,8136,cat,ship,0.9899285435676575,False,True,/home/tariq/Desktop/Awais-Tariq/base-KD/reports/cifar10_full_audit/vit_scratch/failure_images/08136_true-cat_pred-ship.png,false_negative_for_cat;false_positive_for_ship
8138,cifar10_test_08138,/home/tariq/Desktop/Awais-Tariq/base-KD/data/cifar-10-batches-py/test_batch,8138,automobile,truck,0.664151132106781,False,True,/home/tariq/Desktop/Awais-Tariq/base-KD/reports/cifar10_full_audit/vit_scratch/failure_images/08138_true-automobile_pred-truck.png,false_negative_for_automobile;false_positive_for_truck
8139,cifar10_test_08139,/home/tariq/Desktop/Awais-Tariq/base-KD/data/cifar-10-batches-py/test_batch,8139,automobile,truck,0.9988490343093872,False,True,/home/tariq/Desktop/Awais-Tariq/base-KD/reports/cifar10_full_audit/vit_scratch/failure_images/08139_true-automobile_pred-truck.png,false_negative_for_automobile;false_positive_for_truck
8140,cifar10_test_08140,/home/tariq/Desktop/Awais-Tariq/base-KD/data/cifar-10-batches-py/test_batch,8140,dog,bird,0.5830911993980408,False,True,/home/tariq/Desktop/Awais-Tariq/base-KD/reports/cifar10_full_audit/vit_scratch/failure_images/08140_true-dog_pred-bird.png,false_negative_for_dog;false_positive_for_bird
8142,cifar10_test_08142,/home/tariq/Desktop/Awais-Tariq/base-KD/data/cifar-10-batches-py/test_batch,8142,horse,ship,0.3514154851436615,False,True,/home/tariq/Desktop/Awais-Tariq/base-KD/reports/cifar10_full_audit/vit_scratch/failure_images/08142_true-horse_pred-ship.png,false_negative_for_horse;false_positive_for_ship
8145,cifar10_test_08145,/home/tariq/Desktop/Awais-Tariq/base-KD/data/cifar-10-batches-py/test_batch,8145,truck,ship,0.4729842245578766,False,True,/home/tariq/Desktop/Awais-Tariq/base-KD/reports/cifar10_full_audit/vit_scratch/failure_images/08145_true-truck_pred-ship.png,false_negative_for_truck;false_positive_for_ship
8147,cifar10_test_08147,/home/tariq/Desktop/Awais-Tariq/base-KD/data/cifar-10-batches-py/test_batch,8147,dog,truck,0.4762955605983734,False,True,/home/tariq/Desktop/Awais-Tariq/base-KD/reports/cifar10_full_audit/vit_scratch/failure_images/08147_true-dog_pred-truck.png,false_negative_for_dog;false_positive_for_truck
8166,cifar10_test_08166,/home/tariq/Desktop/Awais-Tariq/base-KD/data/cifar-10-batches-py/test_batch,8166,bird,dog,0.9970064759254456,False,False,/home/tariq/Desktop/Awais-Tariq/base-KD/reports/cifar10_full_audit/vit_scratch/failure_images/08166_true-bird_pred-dog.png,false_negative_for_bird;false_positive_for_dog
8169,cifar10_test_08169,/home/tariq/Desktop/Awais-Tariq/base-KD/data/cifar-10-batches-py/test_batch,8169,cat,frog,0.9945253133773804,False,True,/home/tariq/Desktop/Awais-Tariq/base-KD/reports/cifar10_full_audit/vit_scratch/failure_images/08169_true-cat_pred-frog.png,false_negative_for_cat;false_positive_for_frog
8172,cifar10_test_08172,/home/tariq/Desktop/Awais-Tariq/base-KD/data/cifar-10-batches-py/test_batch,8172,dog,bird,0.9509122967720032,False,True,/home/tariq/Desktop/Awais-Tariq/base-KD/reports/cifar10_full_audit/vit_scratch/failure_images/08172_true-dog_pred-bird.png,false_negative_for_dog;false_positive_for_bird
8173,cifar10_test_08173,/home/tariq/Desktop/Awais-Tariq/base-KD/data/cifar-10-batches-py/test_batch,8173,dog,cat,0.8986456394195557,False,True,/home/tariq/Desktop/Awais-Tariq/base-KD/reports/cifar10_full_audit/vit_scratch/failure_images/08173_true-dog_pred-cat.png,false_negative_for_dog;false_positive_for_cat
8177,cifar10_test_08177,/home/tariq/Desktop/Awais-Tariq/base-KD/data/cifar-10-batches-py/test_batch,8177,ship,truck,0.8821664452552795,False,True,/home/tariq/Desktop/Awais-Tariq/base-KD/reports/cifar10_full_audit/vit_scratch/failure_images/08177_true-ship_pred-truck.png,false_negative_for_ship;false_positive_for_truck
8200,cifar10_test_08200,/home/tariq/Desktop/Awais-Tariq/base-KD/data/cifar-10-batches-py/test_batch,8200,cat,frog,0.9961812496185303,False,True,/home/tariq/Desktop/Awais-Tariq/base-KD/reports/cifar10_full_audit/vit_scratch/failure_images/08200_true-cat_pred-frog.png,false_negative_for_cat;false_positive_for_frog
8212,cifar10_test_08212,/home/tariq/Desktop/Awais-Tariq/base-KD/data/cifar-10-batches-py/test_batch,8212,dog,cat,0.7757788300514221,False,True,/home/tariq/Desktop/Awais-Tariq/base-KD/reports/cifar10_full_audit/vit_scratch/failure_images/08212_true-dog_pred-cat.png,false_negative_for_dog;false_positive_for_cat
8216,cifar10_test_08216,/home/tariq/Desktop/Awais-Tariq/base-KD/data/cifar-10-batches-py/test_batch,8216,cat,dog,0.9516175985336304,False,True,/home/tariq/Desktop/Awais-Tariq/base-KD/reports/cifar10_full_audit/vit_scratch/failure_images/08216_true-cat_pred-dog.png,false_negative_for_cat;false_positive_for_dog
8222,cifar10_test_08222,/home/tariq/Desktop/Awais-Tariq/base-KD/data/cifar-10-batches-py/test_batch,8222,automobile,ship,0.9923350214958191,False,True,/home/tariq/Desktop/Awais-Tariq/base-KD/reports/cifar10_full_audit/vit_scratch/failure_images/08222_true-automobile_pred-ship.png,false_negative_for_automobile;false_positive_for_ship
8224,cifar10_test_08224,/home/tariq/Desktop/Awais-Tariq/base-KD/data/cifar-10-batches-py/test_batch,8224,cat,frog,0.5533409118652344,False,True,/home/tariq/Desktop/Awais-Tariq/base-KD/reports/cifar10_full_audit/vit_scratch/failure_images/08224_true-cat_pred-frog.png,false_negative_for_cat;false_positive_for_frog
8234,cifar10_test_08234,/home/tariq/Desktop/Awais-Tariq/base-KD/data/cifar-10-batches-py/test_batch,8234,ship,airplane,0.7900776863098145,False,True,/home/tariq/Desktop/Awais-Tariq/base-KD/reports/cifar10_full_audit/vit_scratch/failure_images/08234_true-ship_pred-airplane.png,false_negative_for_ship;false_positive_for_airplane
8236,cifar10_test_08236,/home/tariq/Desktop/Awais-Tariq/base-KD/data/cifar-10-batches-py/test_batch,8236,dog,frog,0.8213671445846558,False,False,/home/tariq/Desktop/Awais-Tariq/base-KD/reports/cifar10_full_audit/vit_scratch/failure_images/08236_true-dog_pred-frog.png,false_negative_for_dog;false_positive_for_frog
8254,cifar10_test_08254,/home/tariq/Desktop/Awais-Tariq/base-KD/data/cifar-10-batches-py/test_batch,8254,ship,airplane,0.6847884058952332,False,True,/home/tariq/Desktop/Awais-Tariq/base-KD/reports/cifar10_full_audit/vit_scratch/failure_images/08254_true-ship_pred-airplane.png,false_negative_for_ship;false_positive_for_airplane
8258,cifar10_test_08258,/home/tariq/Desktop/Awais-Tariq/base-KD/data/cifar-10-batches-py/test_batch,8258,cat,deer,0.8256209492683411,False,True,/home/tariq/Desktop/Awais-Tariq/base-KD/reports/cifar10_full_audit/vit_scratch/failure_images/08258_true-cat_pred-deer.png,false_negative_for_cat;false_positive_for_deer
8268,cifar10_test_08268,/home/tariq/Desktop/Awais-Tariq/base-KD/data/cifar-10-batches-py/test_batch,8268,dog,deer,0.8076140284538269,False,True,/home/tariq/Desktop/Awais-Tariq/base-KD/reports/cifar10_full_audit/vit_scratch/failure_images/08268_true-dog_pred-deer.png,false_negative_for_dog;false_positive_for_deer
8269,cifar10_test_08269,/home/tariq/Desktop/Awais-Tariq/base-KD/data/cifar-10-batches-py/test_batch,8269,ship,airplane,0.9940499067306519,False,True,/home/tariq/Desktop/Awais-Tariq/base-KD/reports/cifar10_full_audit/vit_scratch/failure_images/08269_true-ship_pred-airplane.png,false_negative_for_ship;false_positive_for_airplane
8272,cifar10_test_08272,/home/tariq/Desktop/Awais-Tariq/base-KD/data/cifar-10-batches-py/test_batch,8272,truck,ship,0.5385071635246277,False,True,/home/tariq/Desktop/Awais-Tariq/base-KD/reports/cifar10_full_audit/vit_scratch/failure_images/08272_true-truck_pred-ship.png,false_negative_for_truck;false_positive_for_ship
8275,cifar10_test_08275,/home/tariq/Desktop/Awais-Tariq/base-KD/data/cifar-10-batches-py/test_batch,8275,cat,dog,0.4486767649650574,False,True,/home/tariq/Desktop/Awais-Tariq/base-KD/reports/cifar10_full_audit/vit_scratch/failure_images/08275_true-cat_pred-dog.png,false_negative_for_cat;false_positive_for_dog
8276,cifar10_test_08276,/home/tariq/Desktop/Awais-Tariq/base-KD/data/cifar-10-batches-py/test_batch,8276,truck,airplane,0.5339820384979248,False,True,/home/tariq/Desktop/Awais-Tariq/base-KD/reports/cifar10_full_audit/vit_scratch/failure_images/08276_true-truck_pred-airplane.png,false_negative_for_truck;false_positive_for_airplane
8277,cifar10_test_08277,/home/tariq/Desktop/Awais-Tariq/base-KD/data/cifar-10-batches-py/test_batch,8277,deer,dog,0.9186931252479553,False,False,/home/tariq/Desktop/Awais-Tariq/base-KD/reports/cifar10_full_audit/vit_scratch/failure_images/08277_true-deer_pred-dog.png,false_negative_for_deer;false_positive_for_dog
8281,cifar10_test_08281,/home/tariq/Desktop/Awais-Tariq/base-KD/data/cifar-10-batches-py/test_batch,8281,cat,dog,0.6504703164100647,False,True,/home/tariq/Desktop/Awais-Tariq/base-KD/reports/cifar10_full_audit/vit_scratch/failure_images/08281_true-cat_pred-dog.png,false_negative_for_cat;false_positive_for_dog
8286,cifar10_test_08286,/home/tariq/Desktop/Awais-Tariq/base-KD/data/cifar-10-batches-py/test_batch,8286,horse,dog,0.6421144604682922,False,True,/home/tariq/Desktop/Awais-Tariq/base-KD/reports/cifar10_full_audit/vit_scratch/failure_images/08286_true-horse_pred-dog.png,false_negative_for_horse;false_positive_for_dog
8290,cifar10_test_08290,/home/tariq/Desktop/Awais-Tariq/base-KD/data/cifar-10-batches-py/test_batch,8290,ship,airplane,0.9887648820877075,False,True,/home/tariq/Desktop/Awais-Tariq/base-KD/reports/cifar10_full_audit/vit_scratch/failure_images/08290_true-ship_pred-airplane.png,false_negative_for_ship;false_positive_for_airplane
8295,cifar10_test_08295,/home/tariq/Desktop/Awais-Tariq/base-KD/data/cifar-10-batches-py/test_batch,8295,cat,airplane,0.5822594165802002,False,True,/home/tariq/Desktop/Awais-Tariq/base-KD/reports/cifar10_full_audit/vit_scratch/failure_images/08295_true-cat_pred-airplane.png,false_negative_for_cat;false_positive_for_airplane
8296,cifar10_test_08296,/home/tariq/Desktop/Awais-Tariq/base-KD/data/cifar-10-batches-py/test_batch,8296,dog,cat,0.9997963309288025,False,True,/home/tariq/Desktop/Awais-Tariq/base-KD/reports/cifar10_full_audit/vit_scratch/failure_images/08296_true-dog_pred-cat.png,false_negative_for_dog;false_positive_for_cat
8298,cifar10_test_08298,/home/tariq/Desktop/Awais-Tariq/base-KD/data/cifar-10-batches-py/test_batch,8298,cat,airplane,0.7809160351753235,False,True,/home/tariq/Desktop/Awais-Tariq/base-KD/reports/cifar10_full_audit/vit_scratch/failure_images/08298_true-cat_pred-airplane.png,false_negative_for_cat;false_positive_for_airplane
8304,cifar10_test_08304,/home/tariq/Desktop/Awais-Tariq/base-KD/data/cifar-10-batches-py/test_batch,8304,automobile,truck,0.9991080164909363,False,True,/home/tariq/Desktop/Awais-Tariq/base-KD/reports/cifar10_full_audit/vit_scratch/failure_images/08304_true-automobile_pred-truck.png,false_negative_for_automobile;false_positive_for_truck
8310,cifar10_test_08310,/home/tariq/Desktop/Awais-Tariq/base-KD/data/cifar-10-batches-py/test_batch,8310,cat,dog,0.8905740976333618,False,True,/home/tariq/Desktop/Awais-Tariq/base-KD/reports/cifar10_full_audit/vit_scratch/failure_images/08310_true-cat_pred-dog.png,false_negative_for_cat;false_positive_for_dog
8312,cifar10_test_08312,/home/tariq/Desktop/Awais-Tariq/base-KD/data/cifar-10-batches-py/test_batch,8312,truck,automobile,0.8420129418373108,False,True,/home/tariq/Desktop/Awais-Tariq/base-KD/reports/cifar10_full_audit/vit_scratch/failure_images/08312_true-truck_pred-automobile.png,false_negative_for_truck;false_positive_for_automobile
8317,cifar10_test_08317,/home/tariq/Desktop/Awais-Tariq/base-KD/data/cifar-10-batches-py/test_batch,8317,dog,cat,0.9989973902702332,False,True,/home/tariq/Desktop/Awais-Tariq/base-KD/reports/cifar10_full_audit/vit_scratch/failure_images/08317_true-dog_pred-cat.png,false_negative_for_dog;false_positive_for_cat
8324,cifar10_test_08324,/home/tariq/Desktop/Awais-Tariq/base-KD/data/cifar-10-batches-py/test_batch,8324,cat,dog,0.998134970664978,False,True,/home/tariq/Desktop/Awais-Tariq/base-KD/reports/cifar10_full_audit/vit_scratch/failure_images/08324_true-cat_pred-dog.png,false_negative_for_cat;false_positive_for_dog
8326,cifar10_test_08326,/home/tariq/Desktop/Awais-Tariq/base-KD/data/cifar-10-batches-py/test_batch,8326,cat,dog,0.8083457350730896,False,True,/home/tariq/Desktop/Awais-Tariq/base-KD/reports/cifar10_full_audit/vit_scratch/failure_images/08326_true-cat_pred-dog.png,false_negative_for_cat;false_positive_for_dog
8335,cifar10_test_08335,/home/tariq/Desktop/Awais-Tariq/base-KD/data/cifar-10-batches-py/test_batch,8335,horse,cat,0.9787927269935608,False,True,/home/tariq/Desktop/Awais-Tariq/base-KD/reports/cifar10_full_audit/vit_scratch/failure_images/08335_true-horse_pred-cat.png,false_negative_for_horse;false_positive_for_cat
8348,cifar10_test_08348,/home/tariq/Desktop/Awais-Tariq/base-KD/data/cifar-10-batches-py/test_batch,8348,frog,cat,0.9960011839866638,False,True,/home/tariq/Desktop/Awais-Tariq/base-KD/reports/cifar10_full_audit/vit_scratch/failure_images/08348_true-frog_pred-cat.png,false_negative_for_frog;false_positive_for_cat
8361,cifar10_test_08361,/home/tariq/Desktop/Awais-Tariq/base-KD/data/cifar-10-batches-py/test_batch,8361,ship,automobile,0.801737904548645,False,True,/home/tariq/Desktop/Awais-Tariq/base-KD/reports/cifar10_full_audit/vit_scratch/failure_images/08361_true-ship_pred-automobile.png,false_negative_for_ship;false_positive_for_automobile
8364,cifar10_test_08364,/home/tariq/Desktop/Awais-Tariq/base-KD/data/cifar-10-batches-py/test_batch,8364,horse,ship,0.8663648366928101,False,False,/home/tariq/Desktop/Awais-Tariq/base-KD/reports/cifar10_full_audit/vit_scratch/failure_images/08364_true-horse_pred-ship.png,false_negative_for_horse;false_positive_for_ship
8366,cifar10_test_08366,/home/tariq/Desktop/Awais-Tariq/base-KD/data/cifar-10-batches-py/test_batch,8366,automobile,truck,0.9396418929100037,False,True,/home/tariq/Desktop/Awais-Tariq/base-KD/reports/cifar10_full_audit/vit_scratch/failure_images/08366_true-automobile_pred-truck.png,false_negative_for_automobile;false_positive_for_truck
8375,cifar10_test_08375,/home/tariq/Desktop/Awais-Tariq/base-KD/data/cifar-10-batches-py/test_batch,8375,deer,frog,0.999779999256134,False,True,/home/tariq/Desktop/Awais-Tariq/base-KD/reports/cifar10_full_audit/vit_scratch/failure_images/08375_true-deer_pred-frog.png,false_negative_for_deer;false_positive_for_frog
8376,cifar10_test_08376,/home/tariq/Desktop/Awais-Tariq/base-KD/data/cifar-10-batches-py/test_batch,8376,horse,cat,0.5794626474380493,False,True,/home/tariq/Desktop/Awais-Tariq/base-KD/reports/cifar10_full_audit/vit_scratch/failure_images/08376_true-horse_pred-cat.png,false_negative_for_horse;false_positive_for_cat
8378,cifar10_test_08378,/home/tariq/Desktop/Awais-Tariq/base-KD/data/cifar-10-batches-py/test_batch,8378,dog,deer,0.6873759627342224,False,True,/home/tariq/Desktop/Awais-Tariq/base-KD/reports/cifar10_full_audit/vit_scratch/failure_images/08378_true-dog_pred-deer.png,false_negative_for_dog;false_positive_for_deer
8384,cifar10_test_08384,/home/tariq/Desktop/Awais-Tariq/base-KD/data/cifar-10-batches-py/test_batch,8384,bird,cat,0.8847347497940063,False,True,/home/tariq/Desktop/Awais-Tariq/base-KD/reports/cifar10_full_audit/vit_scratch/failure_images/08384_true-bird_pred-cat.png,false_negative_for_bird;false_positive_for_cat
8385,cifar10_test_08385,/home/tariq/Desktop/Awais-Tariq/base-KD/data/cifar-10-batches-py/test_batch,8385,truck,airplane,0.9958199262619019,False,True,/home/tariq/Desktop/Awais-Tariq/base-KD/reports/cifar10_full_audit/vit_scratch/failure_images/08385_true-truck_pred-airplane.png,false_negative_for_truck;false_positive_for_airplane
8386,cifar10_test_08386,/home/tariq/Desktop/Awais-Tariq/base-KD/data/cifar-10-batches-py/test_batch,8386,cat,truck,0.7347333431243896,False,True,/home/tariq/Desktop/Awais-Tariq/base-KD/reports/cifar10_full_audit/vit_scratch/failure_images/08386_true-cat_pred-truck.png,false_negative_for_cat;false_positive_for_truck
8387,cifar10_test_08387,/home/tariq/Desktop/Awais-Tariq/base-KD/data/cifar-10-batches-py/test_batch,8387,airplane,ship,0.9999943971633911,False,True,/home/tariq/Desktop/Awais-Tariq/base-KD/reports/cifar10_full_audit/vit_scratch/failure_images/08387_true-airplane_pred-ship.png,false_negative_for_airplane;false_positive_for_ship
8398,cifar10_test_08398,/home/tariq/Desktop/Awais-Tariq/base-KD/data/cifar-10-batches-py/test_batch,8398,deer,bird,0.6143398880958557,False,True,/home/tariq/Desktop/Awais-Tariq/base-KD/reports/cifar10_full_audit/vit_scratch/failure_images/08398_true-deer_pred-bird.png,false_negative_for_deer;false_positive_for_bird
8404,cifar10_test_08404,/home/tariq/Desktop/Awais-Tariq/base-KD/data/cifar-10-batches-py/test_batch,8404,bird,deer,0.9998375177383423,False,False,/home/tariq/Desktop/Awais-Tariq/base-KD/reports/cifar10_full_audit/vit_scratch/failure_images/08404_true-bird_pred-deer.png,false_negative_for_bird;false_positive_for_deer
8405,cifar10_test_08405,/home/tariq/Desktop/Awais-Tariq/base-KD/data/cifar-10-batches-py/test_batch,8405,airplane,bird,0.8683807253837585,False,True,/home/tariq/Desktop/Awais-Tariq/base-KD/reports/cifar10_full_audit/vit_scratch/failure_images/08405_true-airplane_pred-bird.png,false_negative_for_airplane;false_positive_for_bird
8410,cifar10_test_08410,/home/tariq/Desktop/Awais-Tariq/base-KD/data/cifar-10-batches-py/test_batch,8410,dog,horse,0.9896358847618103,False,True,/home/tariq/Desktop/Awais-Tariq/base-KD/reports/cifar10_full_audit/vit_scratch/failure_images/08410_true-dog_pred-horse.png,false_negative_for_dog;false_positive_for_horse
8420,cifar10_test_08420,/home/tariq/Desktop/Awais-Tariq/base-KD/data/cifar-10-batches-py/test_batch,8420,cat,frog,0.9509894847869873,False,True,/home/tariq/Desktop/Awais-Tariq/base-KD/reports/cifar10_full_audit/vit_scratch/failure_images/08420_true-cat_pred-frog.png,false_negative_for_cat;false_positive_for_frog
8422,cifar10_test_08422,/home/tariq/Desktop/Awais-Tariq/base-KD/data/cifar-10-batches-py/test_batch,8422,bird,deer,0.44644495844841003,False,True,/home/tariq/Desktop/Awais-Tariq/base-KD/reports/cifar10_full_audit/vit_scratch/failure_images/08422_true-bird_pred-deer.png,false_negative_for_bird;false_positive_for_deer
8427,cifar10_test_08427,/home/tariq/Desktop/Awais-Tariq/base-KD/data/cifar-10-batches-py/test_batch,8427,bird,deer,0.6922473907470703,False,True,/home/tariq/Desktop/Awais-Tariq/base-KD/reports/cifar10_full_audit/vit_scratch/failure_images/08427_true-bird_pred-deer.png,false_negative_for_bird;false_positive_for_deer
8428,cifar10_test_08428,/home/tariq/Desktop/Awais-Tariq/base-KD/data/cifar-10-batches-py/test_batch,8428,dog,deer,0.9701321125030518,False,True,/home/tariq/Desktop/Awais-Tariq/base-KD/reports/cifar10_full_audit/vit_scratch/failure_images/08428_true-dog_pred-deer.png,false_negative_for_dog;false_positive_for_deer
8432,cifar10_test_08432,/home/tariq/Desktop/Awais-Tariq/base-KD/data/cifar-10-batches-py/test_batch,8432,dog,cat,0.9980288147926331,False,True,/home/tariq/Desktop/Awais-Tariq/base-KD/reports/cifar10_full_audit/vit_scratch/failure_images/08432_true-dog_pred-cat.png,false_negative_for_dog;false_positive_for_cat
8433,cifar10_test_08433,/home/tariq/Desktop/Awais-Tariq/base-KD/data/cifar-10-batches-py/test_batch,8433,cat,frog,0.9357277154922485,False,True,/home/tariq/Desktop/Awais-Tariq/base-KD/reports/cifar10_full_audit/vit_scratch/failure_images/08433_true-cat_pred-frog.png,false_negative_for_cat;false_positive_for_frog
8435,cifar10_test_08435,/home/tariq/Desktop/Awais-Tariq/base-KD/data/cifar-10-batches-py/test_batch,8435,cat,truck,0.8530598282814026,False,True,/home/tariq/Desktop/Awais-Tariq/base-KD/reports/cifar10_full_audit/vit_scratch/failure_images/08435_true-cat_pred-truck.png,false_negative_for_cat;false_positive_for_truck
8440,cifar10_test_08440,/home/tariq/Desktop/Awais-Tariq/base-KD/data/cifar-10-batches-py/test_batch,8440,dog,bird,0.9688398838043213,False,True,/home/tariq/Desktop/Awais-Tariq/base-KD/reports/cifar10_full_audit/vit_scratch/failure_images/08440_true-dog_pred-bird.png,false_negative_for_dog;false_positive_for_bird
8443,cifar10_test_08443,/home/tariq/Desktop/Awais-Tariq/base-KD/data/cifar-10-batches-py/test_batch,8443,bird,deer,0.8121376633644104,False,True,/home/tariq/Desktop/Awais-Tariq/base-KD/reports/cifar10_full_audit/vit_scratch/failure_images/08443_true-bird_pred-deer.png,false_negative_for_bird;false_positive_for_deer
8450,cifar10_test_08450,/home/tariq/Desktop/Awais-Tariq/base-KD/data/cifar-10-batches-py/test_batch,8450,truck,cat,0.4421347379684448,False,True,/home/tariq/Desktop/Awais-Tariq/base-KD/reports/cifar10_full_audit/vit_scratch/failure_images/08450_true-truck_pred-cat.png,false_negative_for_truck;false_positive_for_cat
8451,cifar10_test_08451,/home/tariq/Desktop/Awais-Tariq/base-KD/data/cifar-10-batches-py/test_batch,8451,dog,horse,0.7735503911972046,False,True,/home/tariq/Desktop/Awais-Tariq/base-KD/reports/cifar10_full_audit/vit_scratch/failure_images/08451_true-dog_pred-horse.png,false_negative_for_dog;false_positive_for_horse
8452,cifar10_test_08452,/home/tariq/Desktop/Awais-Tariq/base-KD/data/cifar-10-batches-py/test_batch,8452,deer,frog,0.8777673244476318,False,True,/home/tariq/Desktop/Awais-Tariq/base-KD/reports/cifar10_full_audit/vit_scratch/failure_images/08452_true-deer_pred-frog.png,false_negative_for_deer;false_positive_for_frog
8454,cifar10_test_08454,/home/tariq/Desktop/Awais-Tariq/base-KD/data/cifar-10-batches-py/test_batch,8454,bird,deer,0.9487868547439575,False,True,/home/tariq/Desktop/Awais-Tariq/base-KD/reports/cifar10_full_audit/vit_scratch/failure_images/08454_true-bird_pred-deer.png,false_negative_for_bird;false_positive_for_deer
8456,cifar10_test_08456,/home/tariq/Desktop/Awais-Tariq/base-KD/data/cifar-10-batches-py/test_batch,8456,deer,bird,0.6491736769676208,False,True,/home/tariq/Desktop/Awais-Tariq/base-KD/reports/cifar10_full_audit/vit_scratch/failure_images/08456_true-deer_pred-bird.png,false_negative_for_deer;false_positive_for_bird
8457,cifar10_test_08457,/home/tariq/Desktop/Awais-Tariq/base-KD/data/cifar-10-batches-py/test_batch,8457,bird,deer,0.8260204792022705,False,True,/home/tariq/Desktop/Awais-Tariq/base-KD/reports/cifar10_full_audit/vit_scratch/failure_images/08457_true-bird_pred-deer.png,false_negative_for_bird;false_positive_for_deer
8469,cifar10_test_08469,/home/tariq/Desktop/Awais-Tariq/base-KD/data/cifar-10-batches-py/test_batch,8469,dog,automobile,0.5746408104896545,False,True,/home/tariq/Desktop/Awais-Tariq/base-KD/reports/cifar10_full_audit/vit_scratch/failure_images/08469_true-dog_pred-automobile.png,false_negative_for_dog;false_positive_for_automobile
8471,cifar10_test_08471,/home/tariq/Desktop/Awais-Tariq/base-KD/data/cifar-10-batches-py/test_batch,8471,airplane,truck,0.6192606091499329,False,True,/home/tariq/Desktop/Awais-Tariq/base-KD/reports/cifar10_full_audit/vit_scratch/failure_images/08471_true-airplane_pred-truck.png,false_negative_for_airplane;false_positive_for_truck
8476,cifar10_test_08476,/home/tariq/Desktop/Awais-Tariq/base-KD/data/cifar-10-batches-py/test_batch,8476,airplane,automobile,0.9306126832962036,False,True,/home/tariq/Desktop/Awais-Tariq/base-KD/reports/cifar10_full_audit/vit_scratch/failure_images/08476_true-airplane_pred-automobile.png,false_negative_for_airplane;false_positive_for_automobile
8480,cifar10_test_08480,/home/tariq/Desktop/Awais-Tariq/base-KD/data/cifar-10-batches-py/test_batch,8480,bird,automobile,0.8442260026931763,False,True,/home/tariq/Desktop/Awais-Tariq/base-KD/reports/cifar10_full_audit/vit_scratch/failure_images/08480_true-bird_pred-automobile.png,false_negative_for_bird;false_positive_for_automobile
8481,cifar10_test_08481,/home/tariq/Desktop/Awais-Tariq/base-KD/data/cifar-10-batches-py/test_batch,8481,cat,bird,0.9981192946434021,False,True,/home/tariq/Desktop/Awais-Tariq/base-KD/reports/cifar10_full_audit/vit_scratch/failure_images/08481_true-cat_pred-bird.png,false_negative_for_cat;false_positive_for_bird
8484,cifar10_test_08484,/home/tariq/Desktop/Awais-Tariq/base-KD/data/cifar-10-batches-py/test_batch,8484,cat,frog,0.9215008020401001,False,True,/home/tariq/Desktop/Awais-Tariq/base-KD/reports/cifar10_full_audit/vit_scratch/failure_images/08484_true-cat_pred-frog.png,false_negative_for_cat;false_positive_for_frog
8487,cifar10_test_08487,/home/tariq/Desktop/Awais-Tariq/base-KD/data/cifar-10-batches-py/test_batch,8487,deer,bird,0.9958279728889465,False,True,/home/tariq/Desktop/Awais-Tariq/base-KD/reports/cifar10_full_audit/vit_scratch/failure_images/08487_true-deer_pred-bird.png,false_negative_for_deer;false_positive_for_bird
8507,cifar10_test_08507,/home/tariq/Desktop/Awais-Tariq/base-KD/data/cifar-10-batches-py/test_batch,8507,ship,airplane,0.7502622008323669,False,True,/home/tariq/Desktop/Awais-Tariq/base-KD/reports/cifar10_full_audit/vit_scratch/failure_images/08507_true-ship_pred-airplane.png,false_negative_for_ship;false_positive_for_airplane
8511,cifar10_test_08511,/home/tariq/Desktop/Awais-Tariq/base-KD/data/cifar-10-batches-py/test_batch,8511,bird,frog,0.6997194290161133,False,True,/home/tariq/Desktop/Awais-Tariq/base-KD/reports/cifar10_full_audit/vit_scratch/failure_images/08511_true-bird_pred-frog.png,false_negative_for_bird;false_positive_for_frog
8520,cifar10_test_08520,/home/tariq/Desktop/Awais-Tariq/base-KD/data/cifar-10-batches-py/test_batch,8520,ship,airplane,0.9429478049278259,False,True,/home/tariq/Desktop/Awais-Tariq/base-KD/reports/cifar10_full_audit/vit_scratch/failure_images/08520_true-ship_pred-airplane.png,false_negative_for_ship;false_positive_for_airplane
8521,cifar10_test_08521,/home/tariq/Desktop/Awais-Tariq/base-KD/data/cifar-10-batches-py/test_batch,8521,truck,ship,0.9053918719291687,False,True,/home/tariq/Desktop/Awais-Tariq/base-KD/reports/cifar10_full_audit/vit_scratch/failure_images/08521_true-truck_pred-ship.png,false_negative_for_truck;false_positive_for_ship
8532,cifar10_test_08532,/home/tariq/Desktop/Awais-Tariq/base-KD/data/cifar-10-batches-py/test_batch,8532,cat,bird,0.5804271697998047,False,True,/home/tariq/Desktop/Awais-Tariq/base-KD/reports/cifar10_full_audit/vit_scratch/failure_images/08532_true-cat_pred-bird.png,false_negative_for_cat;false_positive_for_bird
8536,cifar10_test_08536,/home/tariq/Desktop/Awais-Tariq/base-KD/data/cifar-10-batches-py/test_batch,8536,automobile,airplane,0.5506690144538879,False,True,/home/tariq/Desktop/Awais-Tariq/base-KD/reports/cifar10_full_audit/vit_scratch/failure_images/08536_true-automobile_pred-airplane.png,false_negative_for_automobile;false_positive_for_airplane
8541,cifar10_test_08541,/home/tariq/Desktop/Awais-Tariq/base-KD/data/cifar-10-batches-py/test_batch,8541,ship,automobile,0.9960225820541382,False,True,/home/tariq/Desktop/Awais-Tariq/base-KD/reports/cifar10_full_audit/vit_scratch/failure_images/08541_true-ship_pred-automobile.png,false_negative_for_ship;false_positive_for_automobile
8549,cifar10_test_08549,/home/tariq/Desktop/Awais-Tariq/base-KD/data/cifar-10-batches-py/test_batch,8549,automobile,truck,0.9982473850250244,False,True,/home/tariq/Desktop/Awais-Tariq/base-KD/reports/cifar10_full_audit/vit_scratch/failure_images/08549_true-automobile_pred-truck.png,false_negative_for_automobile;false_positive_for_truck
8558,cifar10_test_08558,/home/tariq/Desktop/Awais-Tariq/base-KD/data/cifar-10-batches-py/test_batch,8558,bird,airplane,0.706268846988678,False,True,/home/tariq/Desktop/Awais-Tariq/base-KD/reports/cifar10_full_audit/vit_scratch/failure_images/08558_true-bird_pred-airplane.png,false_negative_for_bird;false_positive_for_airplane
8562,cifar10_test_08562,/home/tariq/Desktop/Awais-Tariq/base-KD/data/cifar-10-batches-py/test_batch,8562,bird,frog,0.7533300518989563,False,True,/home/tariq/Desktop/Awais-Tariq/base-KD/reports/cifar10_full_audit/vit_scratch/failure_images/08562_true-bird_pred-frog.png,false_negative_for_bird;false_positive_for_frog
8563,cifar10_test_08563,/home/tariq/Desktop/Awais-Tariq/base-KD/data/cifar-10-batches-py/test_batch,8563,airplane,bird,0.7987973093986511,False,True,/home/tariq/Desktop/Awais-Tariq/base-KD/reports/cifar10_full_audit/vit_scratch/failure_images/08563_true-airplane_pred-bird.png,false_negative_for_airplane;false_positive_for_bird
8570,cifar10_test_08570,/home/tariq/Desktop/Awais-Tariq/base-KD/data/cifar-10-batches-py/test_batch,8570,frog,cat,0.9984367489814758,False,True,/home/tariq/Desktop/Awais-Tariq/base-KD/reports/cifar10_full_audit/vit_scratch/failure_images/08570_true-frog_pred-cat.png,false_negative_for_frog;false_positive_for_cat
8573,cifar10_test_08573,/home/tariq/Desktop/Awais-Tariq/base-KD/data/cifar-10-batches-py/test_batch,8573,frog,bird,0.44856294989585876,False,True,/home/tariq/Desktop/Awais-Tariq/base-KD/reports/cifar10_full_audit/vit_scratch/failure_images/08573_true-frog_pred-bird.png,false_negative_for_frog;false_positive_for_bird
8576,cifar10_test_08576,/home/tariq/Desktop/Awais-Tariq/base-KD/data/cifar-10-batches-py/test_batch,8576,bird,ship,0.5003895163536072,False,True,/home/tariq/Desktop/Awais-Tariq/base-KD/reports/cifar10_full_audit/vit_scratch/failure_images/08576_true-bird_pred-ship.png,false_negative_for_bird;false_positive_for_ship
8577,cifar10_test_08577,/home/tariq/Desktop/Awais-Tariq/base-KD/data/cifar-10-batches-py/test_batch,8577,cat,frog,0.6844539642333984,False,True,/home/tariq/Desktop/Awais-Tariq/base-KD/reports/cifar10_full_audit/vit_scratch/failure_images/08577_true-cat_pred-frog.png,false_negative_for_cat;false_positive_for_frog
8580,cifar10_test_08580,/home/tariq/Desktop/Awais-Tariq/base-KD/data/cifar-10-batches-py/test_batch,8580,cat,bird,0.7035622596740723,False,True,/home/tariq/Desktop/Awais-Tariq/base-KD/reports/cifar10_full_audit/vit_scratch/failure_images/08580_true-cat_pred-bird.png,false_negative_for_cat;false_positive_for_bird
8586,cifar10_test_08586,/home/tariq/Desktop/Awais-Tariq/base-KD/data/cifar-10-batches-py/test_batch,8586,frog,deer,0.4471582770347595,False,True,/home/tariq/Desktop/Awais-Tariq/base-KD/reports/cifar10_full_audit/vit_scratch/failure_images/08586_true-frog_pred-deer.png,false_negative_for_frog;false_positive_for_deer
8589,cifar10_test_08589,/home/tariq/Desktop/Awais-Tariq/base-KD/data/cifar-10-batches-py/test_batch,8589,dog,cat,0.9856032133102417,False,True,/home/tariq/Desktop/Awais-Tariq/base-KD/reports/cifar10_full_audit/vit_scratch/failure_images/08589_true-dog_pred-cat.png,false_negative_for_dog;false_positive_for_cat
8590,cifar10_test_08590,/home/tariq/Desktop/Awais-Tariq/base-KD/data/cifar-10-batches-py/test_batch,8590,airplane,bird,0.9398775100708008,False,True,/home/tariq/Desktop/Awais-Tariq/base-KD/reports/cifar10_full_audit/vit_scratch/failure_images/08590_true-airplane_pred-bird.png,false_negative_for_airplane;false_positive_for_bird
8591,cifar10_test_08591,/home/tariq/Desktop/Awais-Tariq/base-KD/data/cifar-10-batches-py/test_batch,8591,frog,deer,0.9809327125549316,False,True,/home/tariq/Desktop/Awais-Tariq/base-KD/reports/cifar10_full_audit/vit_scratch/failure_images/08591_true-frog_pred-deer.png,false_negative_for_frog;false_positive_for_deer
8600,cifar10_test_08600,/home/tariq/Desktop/Awais-Tariq/base-KD/data/cifar-10-batches-py/test_batch,8600,cat,dog,0.8688704371452332,False,True,/home/tariq/Desktop/Awais-Tariq/base-KD/reports/cifar10_full_audit/vit_scratch/failure_images/08600_true-cat_pred-dog.png,false_negative_for_cat;false_positive_for_dog
8601,cifar10_test_08601,/home/tariq/Desktop/Awais-Tariq/base-KD/data/cifar-10-batches-py/test_batch,8601,cat,dog,0.9998832941055298,False,True,/home/tariq/Desktop/Awais-Tariq/base-KD/reports/cifar10_full_audit/vit_scratch/failure_images/08601_true-cat_pred-dog.png,false_negative_for_cat;false_positive_for_dog
8602,cifar10_test_08602,/home/tariq/Desktop/Awais-Tariq/base-KD/data/cifar-10-batches-py/test_batch,8602,ship,airplane,0.9990710020065308,False,True,/home/tariq/Desktop/Awais-Tariq/base-KD/reports/cifar10_full_audit/vit_scratch/failure_images/08602_true-ship_pred-airplane.png,false_negative_for_ship;false_positive_for_airplane
8603,cifar10_test_08603,/home/tariq/Desktop/Awais-Tariq/base-KD/data/cifar-10-batches-py/test_batch,8603,automobile,truck,0.5619727969169617,False,True,/home/tariq/Desktop/Awais-Tariq/base-KD/reports/cifar10_full_audit/vit_scratch/failure_images/08603_true-automobile_pred-truck.png,false_negative_for_automobile;false_positive_for_truck
8616,cifar10_test_08616,/home/tariq/Desktop/Awais-Tariq/base-KD/data/cifar-10-batches-py/test_batch,8616,cat,deer,0.4045222997665405,False,True,/home/tariq/Desktop/Awais-Tariq/base-KD/reports/cifar10_full_audit/vit_scratch/failure_images/08616_true-cat_pred-deer.png,false_negative_for_cat;false_positive_for_deer
8617,cifar10_test_08617,/home/tariq/Desktop/Awais-Tariq/base-KD/data/cifar-10-batches-py/test_batch,8617,cat,deer,0.9750366806983948,False,True,/home/tariq/Desktop/Awais-Tariq/base-KD/reports/cifar10_full_audit/vit_scratch/failure_images/08617_true-cat_pred-deer.png,false_negative_for_cat;false_positive_for_deer
8625,cifar10_test_08625,/home/tariq/Desktop/Awais-Tariq/base-KD/data/cifar-10-batches-py/test_batch,8625,dog,cat,0.6240977048873901,False,True,/home/tariq/Desktop/Awais-Tariq/base-KD/reports/cifar10_full_audit/vit_scratch/failure_images/08625_true-dog_pred-cat.png,false_negative_for_dog;false_positive_for_cat
8631,cifar10_test_08631,/home/tariq/Desktop/Awais-Tariq/base-KD/data/cifar-10-batches-py/test_batch,8631,bird,deer,0.940941572189331,False,True,/home/tariq/Desktop/Awais-Tariq/base-KD/reports/cifar10_full_audit/vit_scratch/failure_images/08631_true-bird_pred-deer.png,false_negative_for_bird;false_positive_for_deer
8633,cifar10_test_08633,/home/tariq/Desktop/Awais-Tariq/base-KD/data/cifar-10-batches-py/test_batch,8633,cat,bird,0.9998705387115479,False,True,/home/tariq/Desktop/Awais-Tariq/base-KD/reports/cifar10_full_audit/vit_scratch/failure_images/08633_true-cat_pred-bird.png,false_negative_for_cat;false_positive_for_bird
8642,cifar10_test_08642,/home/tariq/Desktop/Awais-Tariq/base-KD/data/cifar-10-batches-py/test_batch,8642,cat,frog,0.9999382495880127,False,True,/home/tariq/Desktop/Awais-Tariq/base-KD/reports/cifar10_full_audit/vit_scratch/failure_images/08642_true-cat_pred-frog.png,false_negative_for_cat;false_positive_for_frog
8644,cifar10_test_08644,/home/tariq/Desktop/Awais-Tariq/base-KD/data/cifar-10-batches-py/test_batch,8644,ship,cat,0.9795278310775757,False,True,/home/tariq/Desktop/Awais-Tariq/base-KD/reports/cifar10_full_audit/vit_scratch/failure_images/08644_true-ship_pred-cat.png,false_negative_for_ship;false_positive_for_cat
8665,cifar10_test_08665,/home/tariq/Desktop/Awais-Tariq/base-KD/data/cifar-10-batches-py/test_batch,8665,cat,bird,0.8540927767753601,False,True,/home/tariq/Desktop/Awais-Tariq/base-KD/reports/cifar10_full_audit/vit_scratch/failure_images/08665_true-cat_pred-bird.png,false_negative_for_cat;false_positive_for_bird
8666,cifar10_test_08666,/home/tariq/Desktop/Awais-Tariq/base-KD/data/cifar-10-batches-py/test_batch,8666,airplane,bird,0.7629531025886536,False,True,/home/tariq/Desktop/Awais-Tariq/base-KD/reports/cifar10_full_audit/vit_scratch/failure_images/08666_true-airplane_pred-bird.png,false_negative_for_airplane;false_positive_for_bird
8667,cifar10_test_08667,/home/tariq/Desktop/Awais-Tariq/base-KD/data/cifar-10-batches-py/test_batch,8667,deer,horse,0.8823549747467041,False,True,/home/tariq/Desktop/Awais-Tariq/base-KD/reports/cifar10_full_audit/vit_scratch/failure_images/08667_true-deer_pred-horse.png,false_negative_for_deer;false_positive_for_horse
8669,cifar10_test_08669,/home/tariq/Desktop/Awais-Tariq/base-KD/data/cifar-10-batches-py/test_batch,8669,deer,horse,0.5315123796463013,False,True,/home/tariq/Desktop/Awais-Tariq/base-KD/reports/cifar10_full_audit/vit_scratch/failure_images/08669_true-deer_pred-horse.png,false_negative_for_deer;false_positive_for_horse
8672,cifar10_test_08672,/home/tariq/Desktop/Awais-Tariq/base-KD/data/cifar-10-batches-py/test_batch,8672,horse,deer,0.673632025718689,False,True,/home/tariq/Desktop/Awais-Tariq/base-KD/reports/cifar10_full_audit/vit_scratch/failure_images/08672_true-horse_pred-deer.png,false_negative_for_horse;false_positive_for_deer
8677,cifar10_test_08677,/home/tariq/Desktop/Awais-Tariq/base-KD/data/cifar-10-batches-py/test_batch,8677,cat,bird,0.942068874835968,False,True,/home/tariq/Desktop/Awais-Tariq/base-KD/reports/cifar10_full_audit/vit_scratch/failure_images/08677_true-cat_pred-bird.png,false_negative_for_cat;false_positive_for_bird
8690,cifar10_test_08690,/home/tariq/Desktop/Awais-Tariq/base-KD/data/cifar-10-batches-py/test_batch,8690,ship,airplane,0.5352322459220886,False,True,/home/tariq/Desktop/Awais-Tariq/base-KD/reports/cifar10_full_audit/vit_scratch/failure_images/08690_true-ship_pred-airplane.png,false_negative_for_ship;false_positive_for_airplane
8692,cifar10_test_08692,/home/tariq/Desktop/Awais-Tariq/base-KD/data/cifar-10-batches-py/test_batch,8692,dog,deer,0.7275606393814087,False,True,/home/tariq/Desktop/Awais-Tariq/base-KD/reports/cifar10_full_audit/vit_scratch/failure_images/08692_true-dog_pred-deer.png,false_negative_for_dog;false_positive_for_deer
8699,cifar10_test_08699,/home/tariq/Desktop/Awais-Tariq/base-KD/data/cifar-10-batches-py/test_batch,8699,deer,dog,0.9892297387123108,False,True,/home/tariq/Desktop/Awais-Tariq/base-KD/reports/cifar10_full_audit/vit_scratch/failure_images/08699_true-deer_pred-dog.png,false_negative_for_deer;false_positive_for_dog
8708,cifar10_test_08708,/home/tariq/Desktop/Awais-Tariq/base-KD/data/cifar-10-batches-py/test_batch,8708,horse,bird,0.9566347599029541,False,True,/home/tariq/Desktop/Awais-Tariq/base-KD/reports/cifar10_full_audit/vit_scratch/failure_images/08708_true-horse_pred-bird.png,false_negative_for_horse;false_positive_for_bird
8713,cifar10_test_08713,/home/tariq/Desktop/Awais-Tariq/base-KD/data/cifar-10-batches-py/test_batch,8713,bird,frog,0.9734023213386536,False,True,/home/tariq/Desktop/Awais-Tariq/base-KD/reports/cifar10_full_audit/vit_scratch/failure_images/08713_true-bird_pred-frog.png,false_negative_for_bird;false_positive_for_frog
8720,cifar10_test_08720,/home/tariq/Desktop/Awais-Tariq/base-KD/data/cifar-10-batches-py/test_batch,8720,bird,airplane,0.9873666763305664,False,True,/home/tariq/Desktop/Awais-Tariq/base-KD/reports/cifar10_full_audit/vit_scratch/failure_images/08720_true-bird_pred-airplane.png,false_negative_for_bird;false_positive_for_airplane
8722,cifar10_test_08722,/home/tariq/Desktop/Awais-Tariq/base-KD/data/cifar-10-batches-py/test_batch,8722,horse,cat,0.8037477135658264,False,True,/home/tariq/Desktop/Awais-Tariq/base-KD/reports/cifar10_full_audit/vit_scratch/failure_images/08722_true-horse_pred-cat.png,false_negative_for_horse;false_positive_for_cat
8723,cifar10_test_08723,/home/tariq/Desktop/Awais-Tariq/base-KD/data/cifar-10-batches-py/test_batch,8723,dog,deer,0.6415226459503174,False,True,/home/tariq/Desktop/Awais-Tariq/base-KD/reports/cifar10_full_audit/vit_scratch/failure_images/08723_true-dog_pred-deer.png,false_negative_for_dog;false_positive_for_deer
8727,cifar10_test_08727,/home/tariq/Desktop/Awais-Tariq/base-KD/data/cifar-10-batches-py/test_batch,8727,truck,airplane,0.9995588660240173,False,True,/home/tariq/Desktop/Awais-Tariq/base-KD/reports/cifar10_full_audit/vit_scratch/failure_images/08727_true-truck_pred-airplane.png,false_negative_for_truck;false_positive_for_airplane
8738,cifar10_test_08738,/home/tariq/Desktop/Awais-Tariq/base-KD/data/cifar-10-batches-py/test_batch,8738,deer,frog,0.7356210947036743,False,True,/home/tariq/Desktop/Awais-Tariq/base-KD/reports/cifar10_full_audit/vit_scratch/failure_images/08738_true-deer_pred-frog.png,false_negative_for_deer;false_positive_for_frog
8742,cifar10_test_08742,/home/tariq/Desktop/Awais-Tariq/base-KD/data/cifar-10-batches-py/test_batch,8742,truck,airplane,0.5857135057449341,False,True,/home/tariq/Desktop/Awais-Tariq/base-KD/reports/cifar10_full_audit/vit_scratch/failure_images/08742_true-truck_pred-airplane.png,false_negative_for_truck;false_positive_for_airplane
8746,cifar10_test_08746,/home/tariq/Desktop/Awais-Tariq/base-KD/data/cifar-10-batches-py/test_batch,8746,cat,bird,0.975142776966095,False,True,/home/tariq/Desktop/Awais-Tariq/base-KD/reports/cifar10_full_audit/vit_scratch/failure_images/08746_true-cat_pred-bird.png,false_negative_for_cat;false_positive_for_bird
8749,cifar10_test_08749,/home/tariq/Desktop/Awais-Tariq/base-KD/data/cifar-10-batches-py/test_batch,8749,dog,truck,0.9985070824623108,False,True,/home/tariq/Desktop/Awais-Tariq/base-KD/reports/cifar10_full_audit/vit_scratch/failure_images/08749_true-dog_pred-truck.png,false_negative_for_dog;false_positive_for_truck
8751,cifar10_test_08751,/home/tariq/Desktop/Awais-Tariq/base-KD/data/cifar-10-batches-py/test_batch,8751,automobile,truck,0.7305319309234619,False,True,/home/tariq/Desktop/Awais-Tariq/base-KD/reports/cifar10_full_audit/vit_scratch/failure_images/08751_true-automobile_pred-truck.png,false_negative_for_automobile;false_positive_for_truck
8752,cifar10_test_08752,/home/tariq/Desktop/Awais-Tariq/base-KD/data/cifar-10-batches-py/test_batch,8752,dog,cat,0.9896813035011292,False,True,/home/tariq/Desktop/Awais-Tariq/base-KD/reports/cifar10_full_audit/vit_scratch/failure_images/08752_true-dog_pred-cat.png,false_negative_for_dog;false_positive_for_cat
8753,cifar10_test_08753,/home/tariq/Desktop/Awais-Tariq/base-KD/data/cifar-10-batches-py/test_batch,8753,deer,horse,0.8931957483291626,False,True,/home/tariq/Desktop/Awais-Tariq/base-KD/reports/cifar10_full_audit/vit_scratch/failure_images/08753_true-deer_pred-horse.png,false_negative_for_deer;false_positive_for_horse
8757,cifar10_test_08757,/home/tariq/Desktop/Awais-Tariq/base-KD/data/cifar-10-batches-py/test_batch,8757,ship,frog,0.9999196529388428,False,True,/home/tariq/Desktop/Awais-Tariq/base-KD/reports/cifar10_full_audit/vit_scratch/failure_images/08757_true-ship_pred-frog.png,false_negative_for_ship;false_positive_for_frog
8758,cifar10_test_08758,/home/tariq/Desktop/Awais-Tariq/base-KD/data/cifar-10-batches-py/test_batch,8758,truck,deer,0.5645263195037842,False,True,/home/tariq/Desktop/Awais-Tariq/base-KD/reports/cifar10_full_audit/vit_scratch/failure_images/08758_true-truck_pred-deer.png,false_negative_for_truck;false_positive_for_deer
8774,cifar10_test_08774,/home/tariq/Desktop/Awais-Tariq/base-KD/data/cifar-10-batches-py/test_batch,8774,cat,horse,0.9876113533973694,False,True,/home/tariq/Desktop/Awais-Tariq/base-KD/reports/cifar10_full_audit/vit_scratch/failure_images/08774_true-cat_pred-horse.png,false_negative_for_cat;false_positive_for_horse
8778,cifar10_test_08778,/home/tariq/Desktop/Awais-Tariq/base-KD/data/cifar-10-batches-py/test_batch,8778,cat,deer,0.9978581070899963,False,False,/home/tariq/Desktop/Awais-Tariq/base-KD/reports/cifar10_full_audit/vit_scratch/failure_images/08778_true-cat_pred-deer.png,false_negative_for_cat;false_positive_for_deer
8781,cifar10_test_08781,/home/tariq/Desktop/Awais-Tariq/base-KD/data/cifar-10-batches-py/test_batch,8781,frog,bird,0.49018755555152893,False,True,/home/tariq/Desktop/Awais-Tariq/base-KD/reports/cifar10_full_audit/vit_scratch/failure_images/08781_true-frog_pred-bird.png,false_negative_for_frog;false_positive_for_bird
8785,cifar10_test_08785,/home/tariq/Desktop/Awais-Tariq/base-KD/data/cifar-10-batches-py/test_batch,8785,ship,airplane,0.9132335186004639,False,True,/home/tariq/Desktop/Awais-Tariq/base-KD/reports/cifar10_full_audit/vit_scratch/failure_images/08785_true-ship_pred-airplane.png,false_negative_for_ship;false_positive_for_airplane
8788,cifar10_test_08788,/home/tariq/Desktop/Awais-Tariq/base-KD/data/cifar-10-batches-py/test_batch,8788,dog,cat,0.9963439106941223,False,True,/home/tariq/Desktop/Awais-Tariq/base-KD/reports/cifar10_full_audit/vit_scratch/failure_images/08788_true-dog_pred-cat.png,false_negative_for_dog;false_positive_for_cat
8794,cifar10_test_08794,/home/tariq/Desktop/Awais-Tariq/base-KD/data/cifar-10-batches-py/test_batch,8794,dog,cat,0.6748862266540527,False,True,/home/tariq/Desktop/Awais-Tariq/base-KD/reports/cifar10_full_audit/vit_scratch/failure_images/08794_true-dog_pred-cat.png,false_negative_for_dog;false_positive_for_cat
8797,cifar10_test_08797,/home/tariq/Desktop/Awais-Tariq/base-KD/data/cifar-10-batches-py/test_batch,8797,truck,automobile,0.5976710319519043,False,True,/home/tariq/Desktop/Awais-Tariq/base-KD/reports/cifar10_full_audit/vit_scratch/failure_images/08797_true-truck_pred-automobile.png,false_negative_for_truck;false_positive_for_automobile
8799,cifar10_test_08799,/home/tariq/Desktop/Awais-Tariq/base-KD/data/cifar-10-batches-py/test_batch,8799,automobile,truck,0.537733793258667,False,True,/home/tariq/Desktop/Awais-Tariq/base-KD/reports/cifar10_full_audit/vit_scratch/failure_images/08799_true-automobile_pred-truck.png,false_negative_for_automobile;false_positive_for_truck
8803,cifar10_test_08803,/home/tariq/Desktop/Awais-Tariq/base-KD/data/cifar-10-batches-py/test_batch,8803,cat,dog,0.9898486733436584,False,True,/home/tariq/Desktop/Awais-Tariq/base-KD/reports/cifar10_full_audit/vit_scratch/failure_images/08803_true-cat_pred-dog.png,false_negative_for_cat;false_positive_for_dog
8806,cifar10_test_08806,/home/tariq/Desktop/Awais-Tariq/base-KD/data/cifar-10-batches-py/test_batch,8806,cat,bird,0.5321796536445618,False,True,/home/tariq/Desktop/Awais-Tariq/base-KD/reports/cifar10_full_audit/vit_scratch/failure_images/08806_true-cat_pred-bird.png,false_negative_for_cat;false_positive_for_bird
8809,cifar10_test_08809,/home/tariq/Desktop/Awais-Tariq/base-KD/data/cifar-10-batches-py/test_batch,8809,ship,airplane,0.8200315833091736,False,True,/home/tariq/Desktop/Awais-Tariq/base-KD/reports/cifar10_full_audit/vit_scratch/failure_images/08809_true-ship_pred-airplane.png,false_negative_for_ship;false_positive_for_airplane
8811,cifar10_test_08811,/home/tariq/Desktop/Awais-Tariq/base-KD/data/cifar-10-batches-py/test_batch,8811,automobile,airplane,0.8120957612991333,False,False,/home/tariq/Desktop/Awais-Tariq/base-KD/reports/cifar10_full_audit/vit_scratch/failure_images/08811_true-automobile_pred-airplane.png,false_negative_for_automobile;false_positive_for_airplane
8815,cifar10_test_08815,/home/tariq/Desktop/Awais-Tariq/base-KD/data/cifar-10-batches-py/test_batch,8815,cat,automobile,0.9466139674186707,False,True,/home/tariq/Desktop/Awais-Tariq/base-KD/reports/cifar10_full_audit/vit_scratch/failure_images/08815_true-cat_pred-automobile.png,false_negative_for_cat;false_positive_for_automobile
8818,cifar10_test_08818,/home/tariq/Desktop/Awais-Tariq/base-KD/data/cifar-10-batches-py/test_batch,8818,cat,dog,0.5678991675376892,False,True,/home/tariq/Desktop/Awais-Tariq/base-KD/reports/cifar10_full_audit/vit_scratch/failure_images/08818_true-cat_pred-dog.png,false_negative_for_cat;false_positive_for_dog
8820,cifar10_test_08820,/home/tariq/Desktop/Awais-Tariq/base-KD/data/cifar-10-batches-py/test_batch,8820,bird,airplane,0.9504318237304688,False,True,/home/tariq/Desktop/Awais-Tariq/base-KD/reports/cifar10_full_audit/vit_scratch/failure_images/08820_true-bird_pred-airplane.png,false_negative_for_bird;false_positive_for_airplane
8825,cifar10_test_08825,/home/tariq/Desktop/Awais-Tariq/base-KD/data/cifar-10-batches-py/test_batch,8825,airplane,ship,0.8271623849868774,False,True,/home/tariq/Desktop/Awais-Tariq/base-KD/reports/cifar10_full_audit/vit_scratch/failure_images/08825_true-airplane_pred-ship.png,false_negative_for_airplane;false_positive_for_ship
8827,cifar10_test_08827,/home/tariq/Desktop/Awais-Tariq/base-KD/data/cifar-10-batches-py/test_batch,8827,bird,deer,0.9731378555297852,False,True,/home/tariq/Desktop/Awais-Tariq/base-KD/reports/cifar10_full_audit/vit_scratch/failure_images/08827_true-bird_pred-deer.png,false_negative_for_bird;false_positive_for_deer
8840,cifar10_test_08840,/home/tariq/Desktop/Awais-Tariq/base-KD/data/cifar-10-batches-py/test_batch,8840,bird,dog,0.9559961557388306,False,True,/home/tariq/Desktop/Awais-Tariq/base-KD/reports/cifar10_full_audit/vit_scratch/failure_images/08840_true-bird_pred-dog.png,false_negative_for_bird;false_positive_for_dog
8841,cifar10_test_08841,/home/tariq/Desktop/Awais-Tariq/base-KD/data/cifar-10-batches-py/test_batch,8841,bird,airplane,0.9895948171615601,False,True,/home/tariq/Desktop/Awais-Tariq/base-KD/reports/cifar10_full_audit/vit_scratch/failure_images/08841_true-bird_pred-airplane.png,false_negative_for_bird;false_positive_for_airplane
8847,cifar10_test_08847,/home/tariq/Desktop/Awais-Tariq/base-KD/data/cifar-10-batches-py/test_batch,8847,dog,deer,0.999850869178772,False,True,/home/tariq/Desktop/Awais-Tariq/base-KD/reports/cifar10_full_audit/vit_scratch/failure_images/08847_true-dog_pred-deer.png,false_negative_for_dog;false_positive_for_deer
8848,cifar10_test_08848,/home/tariq/Desktop/Awais-Tariq/base-KD/data/cifar-10-batches-py/test_batch,8848,cat,horse,0.9073463082313538,False,True,/home/tariq/Desktop/Awais-Tariq/base-KD/reports/cifar10_full_audit/vit_scratch/failure_images/08848_true-cat_pred-horse.png,false_negative_for_cat;false_positive_for_horse
8850,cifar10_test_08850,/home/tariq/Desktop/Awais-Tariq/base-KD/data/cifar-10-batches-py/test_batch,8850,automobile,truck,0.944390058517456,False,True,/home/tariq/Desktop/Awais-Tariq/base-KD/reports/cifar10_full_audit/vit_scratch/failure_images/08850_true-automobile_pred-truck.png,false_negative_for_automobile;false_positive_for_truck
8858,cifar10_test_08858,/home/tariq/Desktop/Awais-Tariq/base-KD/data/cifar-10-batches-py/test_batch,8858,frog,cat,0.7049514651298523,False,True,/home/tariq/Desktop/Awais-Tariq/base-KD/reports/cifar10_full_audit/vit_scratch/failure_images/08858_true-frog_pred-cat.png,false_negative_for_frog;false_positive_for_cat
8861,cifar10_test_08861,/home/tariq/Desktop/Awais-Tariq/base-KD/data/cifar-10-batches-py/test_batch,8861,deer,cat,0.7211324572563171,False,True,/home/tariq/Desktop/Awais-Tariq/base-KD/reports/cifar10_full_audit/vit_scratch/failure_images/08861_true-deer_pred-cat.png,false_negative_for_deer;false_positive_for_cat
8868,cifar10_test_08868,/home/tariq/Desktop/Awais-Tariq/base-KD/data/cifar-10-batches-py/test_batch,8868,deer,horse,0.7819623947143555,False,True,/home/tariq/Desktop/Awais-Tariq/base-KD/reports/cifar10_full_audit/vit_scratch/failure_images/08868_true-deer_pred-horse.png,false_negative_for_deer;false_positive_for_horse
8869,cifar10_test_08869,/home/tariq/Desktop/Awais-Tariq/base-KD/data/cifar-10-batches-py/test_batch,8869,dog,cat,0.9679426550865173,False,True,/home/tariq/Desktop/Awais-Tariq/base-KD/reports/cifar10_full_audit/vit_scratch/failure_images/08869_true-dog_pred-cat.png,false_negative_for_dog;false_positive_for_cat
8876,cifar10_test_08876,/home/tariq/Desktop/Awais-Tariq/base-KD/data/cifar-10-batches-py/test_batch,8876,airplane,truck,0.9608801603317261,False,True,/home/tariq/Desktop/Awais-Tariq/base-KD/reports/cifar10_full_audit/vit_scratch/failure_images/08876_true-airplane_pred-truck.png,false_negative_for_airplane;false_positive_for_truck
8877,cifar10_test_08877,/home/tariq/Desktop/Awais-Tariq/base-KD/data/cifar-10-batches-py/test_batch,8877,truck,automobile,0.6501368284225464,False,True,/home/tariq/Desktop/Awais-Tariq/base-KD/reports/cifar10_full_audit/vit_scratch/failure_images/08877_true-truck_pred-automobile.png,false_negative_for_truck;false_positive_for_automobile
8882,cifar10_test_08882,/home/tariq/Desktop/Awais-Tariq/base-KD/data/cifar-10-batches-py/test_batch,8882,cat,horse,0.9202340841293335,False,True,/home/tariq/Desktop/Awais-Tariq/base-KD/reports/cifar10_full_audit/vit_scratch/failure_images/08882_true-cat_pred-horse.png,false_negative_for_cat;false_positive_for_horse
8886,cifar10_test_08886,/home/tariq/Desktop/Awais-Tariq/base-KD/data/cifar-10-batches-py/test_batch,8886,deer,horse,0.7815691828727722,False,True,/home/tariq/Desktop/Awais-Tariq/base-KD/reports/cifar10_full_audit/vit_scratch/failure_images/08886_true-deer_pred-horse.png,false_negative_for_deer;false_positive_for_horse
8912,cifar10_test_08912,/home/tariq/Desktop/Awais-Tariq/base-KD/data/cifar-10-batches-py/test_batch,8912,deer,cat,0.6440479755401611,False,True,/home/tariq/Desktop/Awais-Tariq/base-KD/reports/cifar10_full_audit/vit_scratch/failure_images/08912_true-deer_pred-cat.png,false_negative_for_deer;false_positive_for_cat
8922,cifar10_test_08922,/home/tariq/Desktop/Awais-Tariq/base-KD/data/cifar-10-batches-py/test_batch,8922,truck,horse,0.6726921200752258,False,True,/home/tariq/Desktop/Awais-Tariq/base-KD/reports/cifar10_full_audit/vit_scratch/failure_images/08922_true-truck_pred-horse.png,false_negative_for_truck;false_positive_for_horse
8923,cifar10_test_08923,/home/tariq/Desktop/Awais-Tariq/base-KD/data/cifar-10-batches-py/test_batch,8923,frog,bird,0.9689891934394836,False,True,/home/tariq/Desktop/Awais-Tariq/base-KD/reports/cifar10_full_audit/vit_scratch/failure_images/08923_true-frog_pred-bird.png,false_negative_for_frog;false_positive_for_bird
8928,cifar10_test_08928,/home/tariq/Desktop/Awais-Tariq/base-KD/data/cifar-10-batches-py/test_batch,8928,deer,bird,0.9999873638153076,False,True,/home/tariq/Desktop/Awais-Tariq/base-KD/reports/cifar10_full_audit/vit_scratch/failure_images/08928_true-deer_pred-bird.png,false_negative_for_deer;false_positive_for_bird
8940,cifar10_test_08940,/home/tariq/Desktop/Awais-Tariq/base-KD/data/cifar-10-batches-py/test_batch,8940,frog,airplane,0.4707527160644531,False,False,/home/tariq/Desktop/Awais-Tariq/base-KD/reports/cifar10_full_audit/vit_scratch/failure_images/08940_true-frog_pred-airplane.png,false_negative_for_frog;false_positive_for_airplane
8943,cifar10_test_08943,/home/tariq/Desktop/Awais-Tariq/base-KD/data/cifar-10-batches-py/test_batch,8943,horse,deer,0.9242105484008789,False,True,/home/tariq/Desktop/Awais-Tariq/base-KD/reports/cifar10_full_audit/vit_scratch/failure_images/08943_true-horse_pred-deer.png,false_negative_for_horse;false_positive_for_deer
8944,cifar10_test_08944,/home/tariq/Desktop/Awais-Tariq/base-KD/data/cifar-10-batches-py/test_batch,8944,deer,airplane,0.8919001221656799,False,True,/home/tariq/Desktop/Awais-Tariq/base-KD/reports/cifar10_full_audit/vit_scratch/failure_images/08944_true-deer_pred-airplane.png,false_negative_for_deer;false_positive_for_airplane
8952,cifar10_test_08952,/home/tariq/Desktop/Awais-Tariq/base-KD/data/cifar-10-batches-py/test_batch,8952,cat,frog,0.8054717183113098,False,True,/home/tariq/Desktop/Awais-Tariq/base-KD/reports/cifar10_full_audit/vit_scratch/failure_images/08952_true-cat_pred-frog.png,false_negative_for_cat;false_positive_for_frog
8956,cifar10_test_08956,/home/tariq/Desktop/Awais-Tariq/base-KD/data/cifar-10-batches-py/test_batch,8956,bird,horse,0.979891836643219,False,True,/home/tariq/Desktop/Awais-Tariq/base-KD/reports/cifar10_full_audit/vit_scratch/failure_images/08956_true-bird_pred-horse.png,false_negative_for_bird;false_positive_for_horse
8972,cifar10_test_08972,/home/tariq/Desktop/Awais-Tariq/base-KD/data/cifar-10-batches-py/test_batch,8972,truck,airplane,0.676954984664917,False,True,/home/tariq/Desktop/Awais-Tariq/base-KD/reports/cifar10_full_audit/vit_scratch/failure_images/08972_true-truck_pred-airplane.png,false_negative_for_truck;false_positive_for_airplane
8976,cifar10_test_08976,/home/tariq/Desktop/Awais-Tariq/base-KD/data/cifar-10-batches-py/test_batch,8976,horse,dog,0.743209719657898,False,True,/home/tariq/Desktop/Awais-Tariq/base-KD/reports/cifar10_full_audit/vit_scratch/failure_images/08976_true-horse_pred-dog.png,false_negative_for_horse;false_positive_for_dog
8977,cifar10_test_08977,/home/tariq/Desktop/Awais-Tariq/base-KD/data/cifar-10-batches-py/test_batch,8977,airplane,truck,0.9816204309463501,False,True,/home/tariq/Desktop/Awais-Tariq/base-KD/reports/cifar10_full_audit/vit_scratch/failure_images/08977_true-airplane_pred-truck.png,false_negative_for_airplane;false_positive_for_truck
8981,cifar10_test_08981,/home/tariq/Desktop/Awais-Tariq/base-KD/data/cifar-10-batches-py/test_batch,8981,horse,deer,0.9134875535964966,False,True,/home/tariq/Desktop/Awais-Tariq/base-KD/reports/cifar10_full_audit/vit_scratch/failure_images/08981_true-horse_pred-deer.png,false_negative_for_horse;false_positive_for_deer
8985,cifar10_test_08985,/home/tariq/Desktop/Awais-Tariq/base-KD/data/cifar-10-batches-py/test_batch,8985,truck,airplane,0.9998905658721924,False,True,/home/tariq/Desktop/Awais-Tariq/base-KD/reports/cifar10_full_audit/vit_scratch/failure_images/08985_true-truck_pred-airplane.png,false_negative_for_truck;false_positive_for_airplane
8993,cifar10_test_08993,/home/tariq/Desktop/Awais-Tariq/base-KD/data/cifar-10-batches-py/test_batch,8993,airplane,truck,0.9942783117294312,False,True,/home/tariq/Desktop/Awais-Tariq/base-KD/reports/cifar10_full_audit/vit_scratch/failure_images/08993_true-airplane_pred-truck.png,false_negative_for_airplane;false_positive_for_truck
8996,cifar10_test_08996,/home/tariq/Desktop/Awais-Tariq/base-KD/data/cifar-10-batches-py/test_batch,8996,cat,deer,0.6115090847015381,False,True,/home/tariq/Desktop/Awais-Tariq/base-KD/reports/cifar10_full_audit/vit_scratch/failure_images/08996_true-cat_pred-deer.png,false_negative_for_cat;false_positive_for_deer
8997,cifar10_test_08997,/home/tariq/Desktop/Awais-Tariq/base-KD/data/cifar-10-batches-py/test_batch,8997,dog,frog,0.607107937335968,False,True,/home/tariq/Desktop/Awais-Tariq/base-KD/reports/cifar10_full_audit/vit_scratch/failure_images/08997_true-dog_pred-frog.png,false_negative_for_dog;false_positive_for_frog
9021,cifar10_test_09021,/home/tariq/Desktop/Awais-Tariq/base-KD/data/cifar-10-batches-py/test_batch,9021,airplane,automobile,0.6765689849853516,False,True,/home/tariq/Desktop/Awais-Tariq/base-KD/reports/cifar10_full_audit/vit_scratch/failure_images/09021_true-airplane_pred-automobile.png,false_negative_for_airplane;false_positive_for_automobile
9029,cifar10_test_09029,/home/tariq/Desktop/Awais-Tariq/base-KD/data/cifar-10-batches-py/test_batch,9029,deer,horse,0.6416105628013611,False,True,/home/tariq/Desktop/Awais-Tariq/base-KD/reports/cifar10_full_audit/vit_scratch/failure_images/09029_true-deer_pred-horse.png,false_negative_for_deer;false_positive_for_horse
9035,cifar10_test_09035,/home/tariq/Desktop/Awais-Tariq/base-KD/data/cifar-10-batches-py/test_batch,9035,deer,horse,0.999114453792572,False,True,/home/tariq/Desktop/Awais-Tariq/base-KD/reports/cifar10_full_audit/vit_scratch/failure_images/09035_true-deer_pred-horse.png,false_negative_for_deer;false_positive_for_horse
9036,cifar10_test_09036,/home/tariq/Desktop/Awais-Tariq/base-KD/data/cifar-10-batches-py/test_batch,9036,deer,horse,0.9985111355781555,False,True,/home/tariq/Desktop/Awais-Tariq/base-KD/reports/cifar10_full_audit/vit_scratch/failure_images/09036_true-deer_pred-horse.png,false_negative_for_deer;false_positive_for_horse
9039,cifar10_test_09039,/home/tariq/Desktop/Awais-Tariq/base-KD/data/cifar-10-batches-py/test_batch,9039,bird,frog,0.9960689544677734,False,True,/home/tariq/Desktop/Awais-Tariq/base-KD/reports/cifar10_full_audit/vit_scratch/failure_images/09039_true-bird_pred-frog.png,false_negative_for_bird;false_positive_for_frog
9048,cifar10_test_09048,/home/tariq/Desktop/Awais-Tariq/base-KD/data/cifar-10-batches-py/test_batch,9048,airplane,automobile,0.9819411039352417,False,True,/home/tariq/Desktop/Awais-Tariq/base-KD/reports/cifar10_full_audit/vit_scratch/failure_images/09048_true-airplane_pred-automobile.png,false_negative_for_airplane;false_positive_for_automobile
9053,cifar10_test_09053,/home/tariq/Desktop/Awais-Tariq/base-KD/data/cifar-10-batches-py/test_batch,9053,dog,cat,0.44544804096221924,False,True,/home/tariq/Desktop/Awais-Tariq/base-KD/reports/cifar10_full_audit/vit_scratch/failure_images/09053_true-dog_pred-cat.png,false_negative_for_dog;false_positive_for_cat
9059,cifar10_test_09059,/home/tariq/Desktop/Awais-Tariq/base-KD/data/cifar-10-batches-py/test_batch,9059,bird,dog,0.9944292306900024,False,True,/home/tariq/Desktop/Awais-Tariq/base-KD/reports/cifar10_full_audit/vit_scratch/failure_images/09059_true-bird_pred-dog.png,false_negative_for_bird;false_positive_for_dog
9064,cifar10_test_09064,/home/tariq/Desktop/Awais-Tariq/base-KD/data/cifar-10-batches-py/test_batch,9064,automobile,truck,0.7646118402481079,False,True,/home/tariq/Desktop/Awais-Tariq/base-KD/reports/cifar10_full_audit/vit_scratch/failure_images/09064_true-automobile_pred-truck.png,false_negative_for_automobile;false_positive_for_truck
9074,cifar10_test_09074,/home/tariq/Desktop/Awais-Tariq/base-KD/data/cifar-10-batches-py/test_batch,9074,deer,bird,0.8326571583747864,False,True,/home/tariq/Desktop/Awais-Tariq/base-KD/reports/cifar10_full_audit/vit_scratch/failure_images/09074_true-deer_pred-bird.png,false_negative_for_deer;false_positive_for_bird
9080,cifar10_test_09080,/home/tariq/Desktop/Awais-Tariq/base-KD/data/cifar-10-batches-py/test_batch,9080,cat,dog,0.9385395050048828,False,True,/home/tariq/Desktop/Awais-Tariq/base-KD/reports/cifar10_full_audit/vit_scratch/failure_images/09080_true-cat_pred-dog.png,false_negative_for_cat;false_positive_for_dog
9083,cifar10_test_09083,/home/tariq/Desktop/Awais-Tariq/base-KD/data/cifar-10-batches-py/test_batch,9083,ship,automobile,0.8430559039115906,False,True,/home/tariq/Desktop/Awais-Tariq/base-KD/reports/cifar10_full_audit/vit_scratch/failure_images/09083_true-ship_pred-automobile.png,false_negative_for_ship;false_positive_for_automobile
9085,cifar10_test_09085,/home/tariq/Desktop/Awais-Tariq/base-KD/data/cifar-10-batches-py/test_batch,9085,truck,automobile,0.9745866060256958,False,True,/home/tariq/Desktop/Awais-Tariq/base-KD/reports/cifar10_full_audit/vit_scratch/failure_images/09085_true-truck_pred-automobile.png,false_negative_for_truck;false_positive_for_automobile
9088,cifar10_test_09088,/home/tariq/Desktop/Awais-Tariq/base-KD/data/cifar-10-batches-py/test_batch,9088,bird,deer,0.9630846381187439,False,True,/home/tariq/Desktop/Awais-Tariq/base-KD/reports/cifar10_full_audit/vit_scratch/failure_images/09088_true-bird_pred-deer.png,false_negative_for_bird;false_positive_for_deer
9090,cifar10_test_09090,/home/tariq/Desktop/Awais-Tariq/base-KD/data/cifar-10-batches-py/test_batch,9090,bird,frog,0.7335455417633057,False,True,/home/tariq/Desktop/Awais-Tariq/base-KD/reports/cifar10_full_audit/vit_scratch/failure_images/09090_true-bird_pred-frog.png,false_negative_for_bird;false_positive_for_frog
9103,cifar10_test_09103,/home/tariq/Desktop/Awais-Tariq/base-KD/data/cifar-10-batches-py/test_batch,9103,horse,deer,0.9985097050666809,False,True,/home/tariq/Desktop/Awais-Tariq/base-KD/reports/cifar10_full_audit/vit_scratch/failure_images/09103_true-horse_pred-deer.png,false_negative_for_horse;false_positive_for_deer
9107,cifar10_test_09107,/home/tariq/Desktop/Awais-Tariq/base-KD/data/cifar-10-batches-py/test_batch,9107,dog,horse,0.971912145614624,False,False,/home/tariq/Desktop/Awais-Tariq/base-KD/reports/cifar10_full_audit/vit_scratch/failure_images/09107_true-dog_pred-horse.png,false_negative_for_dog;false_positive_for_horse
9116,cifar10_test_09116,/home/tariq/Desktop/Awais-Tariq/base-KD/data/cifar-10-batches-py/test_batch,9116,deer,bird,0.8864574432373047,False,True,/home/tariq/Desktop/Awais-Tariq/base-KD/reports/cifar10_full_audit/vit_scratch/failure_images/09116_true-deer_pred-bird.png,false_negative_for_deer;false_positive_for_bird
9120,cifar10_test_09120,/home/tariq/Desktop/Awais-Tariq/base-KD/data/cifar-10-batches-py/test_batch,9120,cat,dog,0.9774274826049805,False,True,/home/tariq/Desktop/Awais-Tariq/base-KD/reports/cifar10_full_audit/vit_scratch/failure_images/09120_true-cat_pred-dog.png,false_negative_for_cat;false_positive_for_dog
9124,cifar10_test_09124,/home/tariq/Desktop/Awais-Tariq/base-KD/data/cifar-10-batches-py/test_batch,9124,airplane,ship,0.6950672268867493,False,True,/home/tariq/Desktop/Awais-Tariq/base-KD/reports/cifar10_full_audit/vit_scratch/failure_images/09124_true-airplane_pred-ship.png,false_negative_for_airplane;false_positive_for_ship
9127,cifar10_test_09127,/home/tariq/Desktop/Awais-Tariq/base-KD/data/cifar-10-batches-py/test_batch,9127,ship,truck,0.6559766530990601,False,True,/home/tariq/Desktop/Awais-Tariq/base-KD/reports/cifar10_full_audit/vit_scratch/failure_images/09127_true-ship_pred-truck.png,false_negative_for_ship;false_positive_for_truck
9128,cifar10_test_09128,/home/tariq/Desktop/Awais-Tariq/base-KD/data/cifar-10-batches-py/test_batch,9128,deer,cat,0.992572009563446,False,False,/home/tariq/Desktop/Awais-Tariq/base-KD/reports/cifar10_full_audit/vit_scratch/failure_images/09128_true-deer_pred-cat.png,false_negative_for_deer;false_positive_for_cat
9131,cifar10_test_09131,/home/tariq/Desktop/Awais-Tariq/base-KD/data/cifar-10-batches-py/test_batch,9131,cat,dog,0.8296470642089844,False,True,/home/tariq/Desktop/Awais-Tariq/base-KD/reports/cifar10_full_audit/vit_scratch/failure_images/09131_true-cat_pred-dog.png,false_negative_for_cat;false_positive_for_dog
9132,cifar10_test_09132,/home/tariq/Desktop/Awais-Tariq/base-KD/data/cifar-10-batches-py/test_batch,9132,bird,dog,0.8872097134590149,False,True,/home/tariq/Desktop/Awais-Tariq/base-KD/reports/cifar10_full_audit/vit_scratch/failure_images/09132_true-bird_pred-dog.png,false_negative_for_bird;false_positive_for_dog
9137,cifar10_test_09137,/home/tariq/Desktop/Awais-Tariq/base-KD/data/cifar-10-batches-py/test_batch,9137,bird,cat,0.9970076680183411,False,False,/home/tariq/Desktop/Awais-Tariq/base-KD/reports/cifar10_full_audit/vit_scratch/failure_images/09137_true-bird_pred-cat.png,false_negative_for_bird;false_positive_for_cat
9143,cifar10_test_09143,/home/tariq/Desktop/Awais-Tariq/base-KD/data/cifar-10-batches-py/test_batch,9143,truck,airplane,0.9992676377296448,False,True,/home/tariq/Desktop/Awais-Tariq/base-KD/reports/cifar10_full_audit/vit_scratch/failure_images/09143_true-truck_pred-airplane.png,false_negative_for_truck;false_positive_for_airplane
9148,cifar10_test_09148,/home/tariq/Desktop/Awais-Tariq/base-KD/data/cifar-10-batches-py/test_batch,9148,cat,dog,0.7804815769195557,False,True,/home/tariq/Desktop/Awais-Tariq/base-KD/reports/cifar10_full_audit/vit_scratch/failure_images/09148_true-cat_pred-dog.png,false_negative_for_cat;false_positive_for_dog
9149,cifar10_test_09149,/home/tariq/Desktop/Awais-Tariq/base-KD/data/cifar-10-batches-py/test_batch,9149,horse,airplane,0.9460959434509277,False,True,/home/tariq/Desktop/Awais-Tariq/base-KD/reports/cifar10_full_audit/vit_scratch/failure_images/09149_true-horse_pred-airplane.png,false_negative_for_horse;false_positive_for_airplane
9153,cifar10_test_09153,/home/tariq/Desktop/Awais-Tariq/base-KD/data/cifar-10-batches-py/test_batch,9153,bird,airplane,0.9696048498153687,False,True,/home/tariq/Desktop/Awais-Tariq/base-KD/reports/cifar10_full_audit/vit_scratch/failure_images/09153_true-bird_pred-airplane.png,false_negative_for_bird;false_positive_for_airplane
9160,cifar10_test_09160,/home/tariq/Desktop/Awais-Tariq/base-KD/data/cifar-10-batches-py/test_batch,9160,dog,deer,0.5429672598838806,False,True,/home/tariq/Desktop/Awais-Tariq/base-KD/reports/cifar10_full_audit/vit_scratch/failure_images/09160_true-dog_pred-deer.png,false_negative_for_dog;false_positive_for_deer
9163,cifar10_test_09163,/home/tariq/Desktop/Awais-Tariq/base-KD/data/cifar-10-batches-py/test_batch,9163,deer,frog,0.9395152926445007,False,True,/home/tariq/Desktop/Awais-Tariq/base-KD/reports/cifar10_full_audit/vit_scratch/failure_images/09163_true-deer_pred-frog.png,false_negative_for_deer;false_positive_for_frog
9169,cifar10_test_09169,/home/tariq/Desktop/Awais-Tariq/base-KD/data/cifar-10-batches-py/test_batch,9169,automobile,airplane,0.9883891344070435,False,True,/home/tariq/Desktop/Awais-Tariq/base-KD/reports/cifar10_full_audit/vit_scratch/failure_images/09169_true-automobile_pred-airplane.png,false_negative_for_automobile;false_positive_for_airplane
9170,cifar10_test_09170,/home/tariq/Desktop/Awais-Tariq/base-KD/data/cifar-10-batches-py/test_batch,9170,airplane,truck,0.5802034139633179,False,True,/home/tariq/Desktop/Awais-Tariq/base-KD/reports/cifar10_full_audit/vit_scratch/failure_images/09170_true-airplane_pred-truck.png,false_negative_for_airplane;false_positive_for_truck
9180,cifar10_test_09180,/home/tariq/Desktop/Awais-Tariq/base-KD/data/cifar-10-batches-py/test_batch,9180,dog,cat,0.9992989301681519,False,True,/home/tariq/Desktop/Awais-Tariq/base-KD/reports/cifar10_full_audit/vit_scratch/failure_images/09180_true-dog_pred-cat.png,false_negative_for_dog;false_positive_for_cat
9204,cifar10_test_09204,/home/tariq/Desktop/Awais-Tariq/base-KD/data/cifar-10-batches-py/test_batch,9204,truck,ship,0.936682403087616,False,True,/home/tariq/Desktop/Awais-Tariq/base-KD/reports/cifar10_full_audit/vit_scratch/failure_images/09204_true-truck_pred-ship.png,false_negative_for_truck;false_positive_for_ship
9205,cifar10_test_09205,/home/tariq/Desktop/Awais-Tariq/base-KD/data/cifar-10-batches-py/test_batch,9205,deer,horse,0.9983901977539062,False,True,/home/tariq/Desktop/Awais-Tariq/base-KD/reports/cifar10_full_audit/vit_scratch/failure_images/09205_true-deer_pred-horse.png,false_negative_for_deer;false_positive_for_horse
9209,cifar10_test_09209,/home/tariq/Desktop/Awais-Tariq/base-KD/data/cifar-10-batches-py/test_batch,9209,truck,automobile,0.542384684085846,False,True,/home/tariq/Desktop/Awais-Tariq/base-KD/reports/cifar10_full_audit/vit_scratch/failure_images/09209_true-truck_pred-automobile.png,false_negative_for_truck;false_positive_for_automobile
9216,cifar10_test_09216,/home/tariq/Desktop/Awais-Tariq/base-KD/data/cifar-10-batches-py/test_batch,9216,frog,cat,0.9751395583152771,False,True,/home/tariq/Desktop/Awais-Tariq/base-KD/reports/cifar10_full_audit/vit_scratch/failure_images/09216_true-frog_pred-cat.png,false_negative_for_frog;false_positive_for_cat
9227,cifar10_test_09227,/home/tariq/Desktop/Awais-Tariq/base-KD/data/cifar-10-batches-py/test_batch,9227,automobile,truck,0.9990406632423401,False,True,/home/tariq/Desktop/Awais-Tariq/base-KD/reports/cifar10_full_audit/vit_scratch/failure_images/09227_true-automobile_pred-truck.png,false_negative_for_automobile;false_positive_for_truck
9230,cifar10_test_09230,/home/tariq/Desktop/Awais-Tariq/base-KD/data/cifar-10-batches-py/test_batch,9230,bird,deer,0.8803638815879822,False,True,/home/tariq/Desktop/Awais-Tariq/base-KD/reports/cifar10_full_audit/vit_scratch/failure_images/09230_true-bird_pred-deer.png,false_negative_for_bird;false_positive_for_deer
9237,cifar10_test_09237,/home/tariq/Desktop/Awais-Tariq/base-KD/data/cifar-10-batches-py/test_batch,9237,horse,bird,0.8404048681259155,False,True,/home/tariq/Desktop/Awais-Tariq/base-KD/reports/cifar10_full_audit/vit_scratch/failure_images/09237_true-horse_pred-bird.png,false_negative_for_horse;false_positive_for_bird
9241,cifar10_test_09241,/home/tariq/Desktop/Awais-Tariq/base-KD/data/cifar-10-batches-py/test_batch,9241,frog,deer,0.5470573902130127,False,True,/home/tariq/Desktop/Awais-Tariq/base-KD/reports/cifar10_full_audit/vit_scratch/failure_images/09241_true-frog_pred-deer.png,false_negative_for_frog;false_positive_for_deer
9248,cifar10_test_09248,/home/tariq/Desktop/Awais-Tariq/base-KD/data/cifar-10-batches-py/test_batch,9248,airplane,ship,0.7163594365119934,False,True,/home/tariq/Desktop/Awais-Tariq/base-KD/reports/cifar10_full_audit/vit_scratch/failure_images/09248_true-airplane_pred-ship.png,false_negative_for_airplane;false_positive_for_ship
9250,cifar10_test_09250,/home/tariq/Desktop/Awais-Tariq/base-KD/data/cifar-10-batches-py/test_batch,9250,cat,dog,0.992708146572113,False,True,/home/tariq/Desktop/Awais-Tariq/base-KD/reports/cifar10_full_audit/vit_scratch/failure_images/09250_true-cat_pred-dog.png,false_negative_for_cat;false_positive_for_dog
9262,cifar10_test_09262,/home/tariq/Desktop/Awais-Tariq/base-KD/data/cifar-10-batches-py/test_batch,9262,airplane,truck,0.8243998289108276,False,False,/home/tariq/Desktop/Awais-Tariq/base-KD/reports/cifar10_full_audit/vit_scratch/failure_images/09262_true-airplane_pred-truck.png,false_negative_for_airplane;false_positive_for_truck
9267,cifar10_test_09267,/home/tariq/Desktop/Awais-Tariq/base-KD/data/cifar-10-batches-py/test_batch,9267,bird,frog,0.4929518401622772,False,True,/home/tariq/Desktop/Awais-Tariq/base-KD/reports/cifar10_full_audit/vit_scratch/failure_images/09267_true-bird_pred-frog.png,false_negative_for_bird;false_positive_for_frog
9269,cifar10_test_09269,/home/tariq/Desktop/Awais-Tariq/base-KD/data/cifar-10-batches-py/test_batch,9269,dog,cat,0.9909667372703552,False,True,/home/tariq/Desktop/Awais-Tariq/base-KD/reports/cifar10_full_audit/vit_scratch/failure_images/09269_true-dog_pred-cat.png,false_negative_for_dog;false_positive_for_cat
9274,cifar10_test_09274,/home/tariq/Desktop/Awais-Tariq/base-KD/data/cifar-10-batches-py/test_batch,9274,ship,airplane,0.9989131689071655,False,True,/home/tariq/Desktop/Awais-Tariq/base-KD/reports/cifar10_full_audit/vit_scratch/failure_images/09274_true-ship_pred-airplane.png,false_negative_for_ship;false_positive_for_airplane
9282,cifar10_test_09282,/home/tariq/Desktop/Awais-Tariq/base-KD/data/cifar-10-batches-py/test_batch,9282,horse,cat,0.9724311232566833,False,True,/home/tariq/Desktop/Awais-Tariq/base-KD/reports/cifar10_full_audit/vit_scratch/failure_images/09282_true-horse_pred-cat.png,false_negative_for_horse;false_positive_for_cat
9287,cifar10_test_09287,/home/tariq/Desktop/Awais-Tariq/base-KD/data/cifar-10-batches-py/test_batch,9287,truck,airplane,0.6695932745933533,False,True,/home/tariq/Desktop/Awais-Tariq/base-KD/reports/cifar10_full_audit/vit_scratch/failure_images/09287_true-truck_pred-airplane.png,false_negative_for_truck;false_positive_for_airplane
9291,cifar10_test_09291,/home/tariq/Desktop/Awais-Tariq/base-KD/data/cifar-10-batches-py/test_batch,9291,ship,truck,0.6183152198791504,False,True,/home/tariq/Desktop/Awais-Tariq/base-KD/reports/cifar10_full_audit/vit_scratch/failure_images/09291_true-ship_pred-truck.png,false_negative_for_ship;false_positive_for_truck
9300,cifar10_test_09300,/home/tariq/Desktop/Awais-Tariq/base-KD/data/cifar-10-batches-py/test_batch,9300,dog,cat,0.9999353885650635,False,True,/home/tariq/Desktop/Awais-Tariq/base-KD/reports/cifar10_full_audit/vit_scratch/failure_images/09300_true-dog_pred-cat.png,false_negative_for_dog;false_positive_for_cat
9301,cifar10_test_09301,/home/tariq/Desktop/Awais-Tariq/base-KD/data/cifar-10-batches-py/test_batch,9301,horse,cat,0.7300565838813782,False,True,/home/tariq/Desktop/Awais-Tariq/base-KD/reports/cifar10_full_audit/vit_scratch/failure_images/09301_true-horse_pred-cat.png,false_negative_for_horse;false_positive_for_cat
9302,cifar10_test_09302,/home/tariq/Desktop/Awais-Tariq/base-KD/data/cifar-10-batches-py/test_batch,9302,cat,truck,0.9898090362548828,False,True,/home/tariq/Desktop/Awais-Tariq/base-KD/reports/cifar10_full_audit/vit_scratch/failure_images/09302_true-cat_pred-truck.png,false_negative_for_cat;false_positive_for_truck
9303,cifar10_test_09303,/home/tariq/Desktop/Awais-Tariq/base-KD/data/cifar-10-batches-py/test_batch,9303,truck,automobile,0.8827616572380066,False,True,/home/tariq/Desktop/Awais-Tariq/base-KD/reports/cifar10_full_audit/vit_scratch/failure_images/09303_true-truck_pred-automobile.png,false_negative_for_truck;false_positive_for_automobile
9305,cifar10_test_09305,/home/tariq/Desktop/Awais-Tariq/base-KD/data/cifar-10-batches-py/test_batch,9305,dog,horse,0.7606282234191895,False,True,/home/tariq/Desktop/Awais-Tariq/base-KD/reports/cifar10_full_audit/vit_scratch/failure_images/09305_true-dog_pred-horse.png,false_negative_for_dog;false_positive_for_horse
9309,cifar10_test_09309,/home/tariq/Desktop/Awais-Tariq/base-KD/data/cifar-10-batches-py/test_batch,9309,dog,cat,0.6422900557518005,False,True,/home/tariq/Desktop/Awais-Tariq/base-KD/reports/cifar10_full_audit/vit_scratch/failure_images/09309_true-dog_pred-cat.png,false_negative_for_dog;false_positive_for_cat
9327,cifar10_test_09327,/home/tariq/Desktop/Awais-Tariq/base-KD/data/cifar-10-batches-py/test_batch,9327,bird,cat,0.9044984579086304,False,True,/home/tariq/Desktop/Awais-Tariq/base-KD/reports/cifar10_full_audit/vit_scratch/failure_images/09327_true-bird_pred-cat.png,false_negative_for_bird;false_positive_for_cat
9329,cifar10_test_09329,/home/tariq/Desktop/Awais-Tariq/base-KD/data/cifar-10-batches-py/test_batch,9329,horse,deer,0.676494300365448,False,True,/home/tariq/Desktop/Awais-Tariq/base-KD/reports/cifar10_full_audit/vit_scratch/failure_images/09329_true-horse_pred-deer.png,false_negative_for_horse;false_positive_for_deer
9336,cifar10_test_09336,/home/tariq/Desktop/Awais-Tariq/base-KD/data/cifar-10-batches-py/test_batch,9336,cat,dog,0.9845012426376343,False,True,/home/tariq/Desktop/Awais-Tariq/base-KD/reports/cifar10_full_audit/vit_scratch/failure_images/09336_true-cat_pred-dog.png,false_negative_for_cat;false_positive_for_dog
9337,cifar10_test_09337,/home/tariq/Desktop/Awais-Tariq/base-KD/data/cifar-10-batches-py/test_batch,9337,dog,cat,0.8002398610115051,False,False,/home/tariq/Desktop/Awais-Tariq/base-KD/reports/cifar10_full_audit/vit_scratch/failure_images/09337_true-dog_pred-cat.png,false_negative_for_dog;false_positive_for_cat
9339,cifar10_test_09339,/home/tariq/Desktop/Awais-Tariq/base-KD/data/cifar-10-batches-py/test_batch,9339,automobile,ship,0.9049299359321594,False,True,/home/tariq/Desktop/Awais-Tariq/base-KD/reports/cifar10_full_audit/vit_scratch/failure_images/09339_true-automobile_pred-ship.png,false_negative_for_automobile;false_positive_for_ship
9341,cifar10_test_09341,/home/tariq/Desktop/Awais-Tariq/base-KD/data/cifar-10-batches-py/test_batch,9341,bird,cat,0.8899774551391602,False,False,/home/tariq/Desktop/Awais-Tariq/base-KD/reports/cifar10_full_audit/vit_scratch/failure_images/09341_true-bird_pred-cat.png,false_negative_for_bird;false_positive_for_cat
9346,cifar10_test_09346,/home/tariq/Desktop/Awais-Tariq/base-KD/data/cifar-10-batches-py/test_batch,9346,horse,dog,0.9333620071411133,False,True,/home/tariq/Desktop/Awais-Tariq/base-KD/reports/cifar10_full_audit/vit_scratch/failure_images/09346_true-horse_pred-dog.png,false_negative_for_horse;false_positive_for_dog
9352,cifar10_test_09352,/home/tariq/Desktop/Awais-Tariq/base-KD/data/cifar-10-batches-py/test_batch,9352,automobile,ship,0.5319543480873108,False,True,/home/tariq/Desktop/Awais-Tariq/base-KD/reports/cifar10_full_audit/vit_scratch/failure_images/09352_true-automobile_pred-ship.png,false_negative_for_automobile;false_positive_for_ship
9353,cifar10_test_09353,/home/tariq/Desktop/Awais-Tariq/base-KD/data/cifar-10-batches-py/test_batch,9353,dog,deer,0.5685509443283081,False,True,/home/tariq/Desktop/Awais-Tariq/base-KD/reports/cifar10_full_audit/vit_scratch/failure_images/09353_true-dog_pred-deer.png,false_negative_for_dog;false_positive_for_deer
9360,cifar10_test_09360,/home/tariq/Desktop/Awais-Tariq/base-KD/data/cifar-10-batches-py/test_batch,9360,dog,cat,0.8644503355026245,False,True,/home/tariq/Desktop/Awais-Tariq/base-KD/reports/cifar10_full_audit/vit_scratch/failure_images/09360_true-dog_pred-cat.png,false_negative_for_dog;false_positive_for_cat
9361,cifar10_test_09361,/home/tariq/Desktop/Awais-Tariq/base-KD/data/cifar-10-batches-py/test_batch,9361,ship,airplane,0.6331458687782288,False,False,/home/tariq/Desktop/Awais-Tariq/base-KD/reports/cifar10_full_audit/vit_scratch/failure_images/09361_true-ship_pred-airplane.png,false_negative_for_ship;false_positive_for_airplane
9363,cifar10_test_09363,/home/tariq/Desktop/Awais-Tariq/base-KD/data/cifar-10-batches-py/test_batch,9363,dog,cat,0.9992747902870178,False,True,/home/tariq/Desktop/Awais-Tariq/base-KD/reports/cifar10_full_audit/vit_scratch/failure_images/09363_true-dog_pred-cat.png,false_negative_for_dog;false_positive_for_cat
9369,cifar10_test_09369,/home/tariq/Desktop/Awais-Tariq/base-KD/data/cifar-10-batches-py/test_batch,9369,dog,frog,0.982018232345581,False,False,/home/tariq/Desktop/Awais-Tariq/base-KD/reports/cifar10_full_audit/vit_scratch/failure_images/09369_true-dog_pred-frog.png,false_negative_for_dog;false_positive_for_frog
9370,cifar10_test_09370,/home/tariq/Desktop/Awais-Tariq/base-KD/data/cifar-10-batches-py/test_batch,9370,ship,horse,0.8936269879341125,False,True,/home/tariq/Desktop/Awais-Tariq/base-KD/reports/cifar10_full_audit/vit_scratch/failure_images/09370_true-ship_pred-horse.png,false_negative_for_ship;false_positive_for_horse
9375,cifar10_test_09375,/home/tariq/Desktop/Awais-Tariq/base-KD/data/cifar-10-batches-py/test_batch,9375,cat,truck,0.6562426686286926,False,False,/home/tariq/Desktop/Awais-Tariq/base-KD/reports/cifar10_full_audit/vit_scratch/failure_images/09375_true-cat_pred-truck.png,false_negative_for_cat;false_positive_for_truck
9377,cifar10_test_09377,/home/tariq/Desktop/Awais-Tariq/base-KD/data/cifar-10-batches-py/test_batch,9377,deer,horse,0.7265446186065674,False,True,/home/tariq/Desktop/Awais-Tariq/base-KD/reports/cifar10_full_audit/vit_scratch/failure_images/09377_true-deer_pred-horse.png,false_negative_for_deer;false_positive_for_horse
9384,cifar10_test_09384,/home/tariq/Desktop/Awais-Tariq/base-KD/data/cifar-10-batches-py/test_batch,9384,deer,bird,0.9972033500671387,False,True,/home/tariq/Desktop/Awais-Tariq/base-KD/reports/cifar10_full_audit/vit_scratch/failure_images/09384_true-deer_pred-bird.png,false_negative_for_deer;false_positive_for_bird
9395,cifar10_test_09395,/home/tariq/Desktop/Awais-Tariq/base-KD/data/cifar-10-batches-py/test_batch,9395,horse,bird,0.7182119488716125,False,True,/home/tariq/Desktop/Awais-Tariq/base-KD/reports/cifar10_full_audit/vit_scratch/failure_images/09395_true-horse_pred-bird.png,false_negative_for_horse;false_positive_for_bird
9398,cifar10_test_09398,/home/tariq/Desktop/Awais-Tariq/base-KD/data/cifar-10-batches-py/test_batch,9398,ship,truck,0.6565290093421936,False,False,/home/tariq/Desktop/Awais-Tariq/base-KD/reports/cifar10_full_audit/vit_scratch/failure_images/09398_true-ship_pred-truck.png,false_negative_for_ship;false_positive_for_truck
9414,cifar10_test_09414,/home/tariq/Desktop/Awais-Tariq/base-KD/data/cifar-10-batches-py/test_batch,9414,dog,cat,0.7209815382957458,False,True,/home/tariq/Desktop/Awais-Tariq/base-KD/reports/cifar10_full_audit/vit_scratch/failure_images/09414_true-dog_pred-cat.png,false_negative_for_dog;false_positive_for_cat
9415,cifar10_test_09415,/home/tariq/Desktop/Awais-Tariq/base-KD/data/cifar-10-batches-py/test_batch,9415,airplane,automobile,0.9723933339118958,False,True,/home/tariq/Desktop/Awais-Tariq/base-KD/reports/cifar10_full_audit/vit_scratch/failure_images/09415_true-airplane_pred-automobile.png,false_negative_for_airplane;false_positive_for_automobile
9418,cifar10_test_09418,/home/tariq/Desktop/Awais-Tariq/base-KD/data/cifar-10-batches-py/test_batch,9418,ship,automobile,0.5087922811508179,False,True,/home/tariq/Desktop/Awais-Tariq/base-KD/reports/cifar10_full_audit/vit_scratch/failure_images/09418_true-ship_pred-automobile.png,false_negative_for_ship;false_positive_for_automobile
9426,cifar10_test_09426,/home/tariq/Desktop/Awais-Tariq/base-KD/data/cifar-10-batches-py/test_batch,9426,bird,frog,0.999966025352478,False,True,/home/tariq/Desktop/Awais-Tariq/base-KD/reports/cifar10_full_audit/vit_scratch/failure_images/09426_true-bird_pred-frog.png,false_negative_for_bird;false_positive_for_frog
9428,cifar10_test_09428,/home/tariq/Desktop/Awais-Tariq/base-KD/data/cifar-10-batches-py/test_batch,9428,horse,dog,0.9579833745956421,False,False,/home/tariq/Desktop/Awais-Tariq/base-KD/reports/cifar10_full_audit/vit_scratch/failure_images/09428_true-horse_pred-dog.png,false_negative_for_horse;false_positive_for_dog
9429,cifar10_test_09429,/home/tariq/Desktop/Awais-Tariq/base-KD/data/cifar-10-batches-py/test_batch,9429,deer,bird,0.5660846829414368,False,True,/home/tariq/Desktop/Awais-Tariq/base-KD/reports/cifar10_full_audit/vit_scratch/failure_images/09429_true-deer_pred-bird.png,false_negative_for_deer;false_positive_for_bird
9431,cifar10_test_09431,/home/tariq/Desktop/Awais-Tariq/base-KD/data/cifar-10-batches-py/test_batch,9431,cat,dog,0.9992157220840454,False,True,/home/tariq/Desktop/Awais-Tariq/base-KD/reports/cifar10_full_audit/vit_scratch/failure_images/09431_true-cat_pred-dog.png,false_negative_for_cat;false_positive_for_dog
9436,cifar10_test_09436,/home/tariq/Desktop/Awais-Tariq/base-KD/data/cifar-10-batches-py/test_batch,9436,automobile,deer,0.9894056916236877,False,True,/home/tariq/Desktop/Awais-Tariq/base-KD/reports/cifar10_full_audit/vit_scratch/failure_images/09436_true-automobile_pred-deer.png,false_negative_for_automobile;false_positive_for_deer
9443,cifar10_test_09443,/home/tariq/Desktop/Awais-Tariq/base-KD/data/cifar-10-batches-py/test_batch,9443,dog,bird,0.8138582110404968,False,True,/home/tariq/Desktop/Awais-Tariq/base-KD/reports/cifar10_full_audit/vit_scratch/failure_images/09443_true-dog_pred-bird.png,false_negative_for_dog;false_positive_for_bird
9445,cifar10_test_09445,/home/tariq/Desktop/Awais-Tariq/base-KD/data/cifar-10-batches-py/test_batch,9445,truck,horse,0.9909607768058777,False,True,/home/tariq/Desktop/Awais-Tariq/base-KD/reports/cifar10_full_audit/vit_scratch/failure_images/09445_true-truck_pred-horse.png,false_negative_for_truck;false_positive_for_horse
9447,cifar10_test_09447,/home/tariq/Desktop/Awais-Tariq/base-KD/data/cifar-10-batches-py/test_batch,9447,deer,horse,0.8256183862686157,False,True,/home/tariq/Desktop/Awais-Tariq/base-KD/reports/cifar10_full_audit/vit_scratch/failure_images/09447_true-deer_pred-horse.png,false_negative_for_deer;false_positive_for_horse
9448,cifar10_test_09448,/home/tariq/Desktop/Awais-Tariq/base-KD/data/cifar-10-batches-py/test_batch,9448,cat,automobile,0.47816526889801025,False,True,/home/tariq/Desktop/Awais-Tariq/base-KD/reports/cifar10_full_audit/vit_scratch/failure_images/09448_true-cat_pred-automobile.png,false_negative_for_cat;false_positive_for_automobile
9465,cifar10_test_09465,/home/tariq/Desktop/Awais-Tariq/base-KD/data/cifar-10-batches-py/test_batch,9465,dog,horse,0.5470991730690002,False,True,/home/tariq/Desktop/Awais-Tariq/base-KD/reports/cifar10_full_audit/vit_scratch/failure_images/09465_true-dog_pred-horse.png,false_negative_for_dog;false_positive_for_horse
9467,cifar10_test_09467,/home/tariq/Desktop/Awais-Tariq/base-KD/data/cifar-10-batches-py/test_batch,9467,bird,horse,0.9995964169502258,False,True,/home/tariq/Desktop/Awais-Tariq/base-KD/reports/cifar10_full_audit/vit_scratch/failure_images/09467_true-bird_pred-horse.png,false_negative_for_bird;false_positive_for_horse
9483,cifar10_test_09483,/home/tariq/Desktop/Awais-Tariq/base-KD/data/cifar-10-batches-py/test_batch,9483,airplane,ship,0.5567220449447632,False,True,/home/tariq/Desktop/Awais-Tariq/base-KD/reports/cifar10_full_audit/vit_scratch/failure_images/09483_true-airplane_pred-ship.png,false_negative_for_airplane;false_positive_for_ship
9493,cifar10_test_09493,/home/tariq/Desktop/Awais-Tariq/base-KD/data/cifar-10-batches-py/test_batch,9493,airplane,truck,0.9970396161079407,False,True,/home/tariq/Desktop/Awais-Tariq/base-KD/reports/cifar10_full_audit/vit_scratch/failure_images/09493_true-airplane_pred-truck.png,false_negative_for_airplane;false_positive_for_truck
9497,cifar10_test_09497,/home/tariq/Desktop/Awais-Tariq/base-KD/data/cifar-10-batches-py/test_batch,9497,cat,frog,0.9992977380752563,False,False,/home/tariq/Desktop/Awais-Tariq/base-KD/reports/cifar10_full_audit/vit_scratch/failure_images/09497_true-cat_pred-frog.png,false_negative_for_cat;false_positive_for_frog
9498,cifar10_test_09498,/home/tariq/Desktop/Awais-Tariq/base-KD/data/cifar-10-batches-py/test_batch,9498,cat,frog,0.8007360100746155,False,True,/home/tariq/Desktop/Awais-Tariq/base-KD/reports/cifar10_full_audit/vit_scratch/failure_images/09498_true-cat_pred-frog.png,false_negative_for_cat;false_positive_for_frog
9503,cifar10_test_09503,/home/tariq/Desktop/Awais-Tariq/base-KD/data/cifar-10-batches-py/test_batch,9503,bird,frog,0.6524829268455505,False,True,/home/tariq/Desktop/Awais-Tariq/base-KD/reports/cifar10_full_audit/vit_scratch/failure_images/09503_true-bird_pred-frog.png,false_negative_for_bird;false_positive_for_frog
9505,cifar10_test_09505,/home/tariq/Desktop/Awais-Tariq/base-KD/data/cifar-10-batches-py/test_batch,9505,cat,dog,0.9850026965141296,False,True,/home/tariq/Desktop/Awais-Tariq/base-KD/reports/cifar10_full_audit/vit_scratch/failure_images/09505_true-cat_pred-dog.png,false_negative_for_cat;false_positive_for_dog
9506,cifar10_test_09506,/home/tariq/Desktop/Awais-Tariq/base-KD/data/cifar-10-batches-py/test_batch,9506,deer,automobile,0.6126286387443542,False,False,/home/tariq/Desktop/Awais-Tariq/base-KD/reports/cifar10_full_audit/vit_scratch/failure_images/09506_true-deer_pred-automobile.png,false_negative_for_deer;false_positive_for_automobile
9515,cifar10_test_09515,/home/tariq/Desktop/Awais-Tariq/base-KD/data/cifar-10-batches-py/test_batch,9515,airplane,truck,0.9751135110855103,False,True,/home/tariq/Desktop/Awais-Tariq/base-KD/reports/cifar10_full_audit/vit_scratch/failure_images/09515_true-airplane_pred-truck.png,false_negative_for_airplane;false_positive_for_truck
9522,cifar10_test_09522,/home/tariq/Desktop/Awais-Tariq/base-KD/data/cifar-10-batches-py/test_batch,9522,cat,deer,0.9547748565673828,False,True,/home/tariq/Desktop/Awais-Tariq/base-KD/reports/cifar10_full_audit/vit_scratch/failure_images/09522_true-cat_pred-deer.png,false_negative_for_cat;false_positive_for_deer
9528,cifar10_test_09528,/home/tariq/Desktop/Awais-Tariq/base-KD/data/cifar-10-batches-py/test_batch,9528,airplane,ship,0.9728145599365234,False,True,/home/tariq/Desktop/Awais-Tariq/base-KD/reports/cifar10_full_audit/vit_scratch/failure_images/09528_true-airplane_pred-ship.png,false_negative_for_airplane;false_positive_for_ship
9535,cifar10_test_09535,/home/tariq/Desktop/Awais-Tariq/base-KD/data/cifar-10-batches-py/test_batch,9535,automobile,truck,0.9997839331626892,False,True,/home/tariq/Desktop/Awais-Tariq/base-KD/reports/cifar10_full_audit/vit_scratch/failure_images/09535_true-automobile_pred-truck.png,false_negative_for_automobile;false_positive_for_truck
9542,cifar10_test_09542,/home/tariq/Desktop/Awais-Tariq/base-KD/data/cifar-10-batches-py/test_batch,9542,automobile,truck,0.9737935066223145,False,True,/home/tariq/Desktop/Awais-Tariq/base-KD/reports/cifar10_full_audit/vit_scratch/failure_images/09542_true-automobile_pred-truck.png,false_negative_for_automobile;false_positive_for_truck
9551,cifar10_test_09551,/home/tariq/Desktop/Awais-Tariq/base-KD/data/cifar-10-batches-py/test_batch,9551,dog,deer,0.9798714518547058,False,True,/home/tariq/Desktop/Awais-Tariq/base-KD/reports/cifar10_full_audit/vit_scratch/failure_images/09551_true-dog_pred-deer.png,false_negative_for_dog;false_positive_for_deer
9557,cifar10_test_09557,/home/tariq/Desktop/Awais-Tariq/base-KD/data/cifar-10-batches-py/test_batch,9557,dog,bird,0.9322276711463928,False,True,/home/tariq/Desktop/Awais-Tariq/base-KD/reports/cifar10_full_audit/vit_scratch/failure_images/09557_true-dog_pred-bird.png,false_negative_for_dog;false_positive_for_bird
9563,cifar10_test_09563,/home/tariq/Desktop/Awais-Tariq/base-KD/data/cifar-10-batches-py/test_batch,9563,automobile,truck,0.9965043067932129,False,True,/home/tariq/Desktop/Awais-Tariq/base-KD/reports/cifar10_full_audit/vit_scratch/failure_images/09563_true-automobile_pred-truck.png,false_negative_for_automobile;false_positive_for_truck
9567,cifar10_test_09567,/home/tariq/Desktop/Awais-Tariq/base-KD/data/cifar-10-batches-py/test_batch,9567,horse,airplane,0.8657227158546448,False,True,/home/tariq/Desktop/Awais-Tariq/base-KD/reports/cifar10_full_audit/vit_scratch/failure_images/09567_true-horse_pred-airplane.png,false_negative_for_horse;false_positive_for_airplane
9576,cifar10_test_09576,/home/tariq/Desktop/Awais-Tariq/base-KD/data/cifar-10-batches-py/test_batch,9576,cat,dog,0.6127585768699646,False,True,/home/tariq/Desktop/Awais-Tariq/base-KD/reports/cifar10_full_audit/vit_scratch/failure_images/09576_true-cat_pred-dog.png,false_negative_for_cat;false_positive_for_dog
9579,cifar10_test_09579,/home/tariq/Desktop/Awais-Tariq/base-KD/data/cifar-10-batches-py/test_batch,9579,bird,frog,0.9484056234359741,False,True,/home/tariq/Desktop/Awais-Tariq/base-KD/reports/cifar10_full_audit/vit_scratch/failure_images/09579_true-bird_pred-frog.png,false_negative_for_bird;false_positive_for_frog
9584,cifar10_test_09584,/home/tariq/Desktop/Awais-Tariq/base-KD/data/cifar-10-batches-py/test_batch,9584,cat,frog,0.9962165951728821,False,True,/home/tariq/Desktop/Awais-Tariq/base-KD/reports/cifar10_full_audit/vit_scratch/failure_images/09584_true-cat_pred-frog.png,false_negative_for_cat;false_positive_for_frog
9587,cifar10_test_09587,/home/tariq/Desktop/Awais-Tariq/base-KD/data/cifar-10-batches-py/test_batch,9587,horse,cat,0.9678689241409302,False,True,/home/tariq/Desktop/Awais-Tariq/base-KD/reports/cifar10_full_audit/vit_scratch/failure_images/09587_true-horse_pred-cat.png,false_negative_for_horse;false_positive_for_cat
9590,cifar10_test_09590,/home/tariq/Desktop/Awais-Tariq/base-KD/data/cifar-10-batches-py/test_batch,9590,airplane,dog,0.8442333936691284,False,True,/home/tariq/Desktop/Awais-Tariq/base-KD/reports/cifar10_full_audit/vit_scratch/failure_images/09590_true-airplane_pred-dog.png,false_negative_for_airplane;false_positive_for_dog
9593,cifar10_test_09593,/home/tariq/Desktop/Awais-Tariq/base-KD/data/cifar-10-batches-py/test_batch,9593,automobile,truck,0.9937995076179504,False,True,/home/tariq/Desktop/Awais-Tariq/base-KD/reports/cifar10_full_audit/vit_scratch/failure_images/09593_true-automobile_pred-truck.png,false_negative_for_automobile;false_positive_for_truck
9597,cifar10_test_09597,/home/tariq/Desktop/Awais-Tariq/base-KD/data/cifar-10-batches-py/test_batch,9597,deer,horse,0.8884420990943909,False,True,/home/tariq/Desktop/Awais-Tariq/base-KD/reports/cifar10_full_audit/vit_scratch/failure_images/09597_true-deer_pred-horse.png,false_negative_for_deer;false_positive_for_horse
9601,cifar10_test_09601,/home/tariq/Desktop/Awais-Tariq/base-KD/data/cifar-10-batches-py/test_batch,9601,automobile,horse,0.9790186882019043,False,True,/home/tariq/Desktop/Awais-Tariq/base-KD/reports/cifar10_full_audit/vit_scratch/failure_images/09601_true-automobile_pred-horse.png,false_negative_for_automobile;false_positive_for_horse
9603,cifar10_test_09603,/home/tariq/Desktop/Awais-Tariq/base-KD/data/cifar-10-batches-py/test_batch,9603,bird,horse,0.9999334812164307,False,True,/home/tariq/Desktop/Awais-Tariq/base-KD/reports/cifar10_full_audit/vit_scratch/failure_images/09603_true-bird_pred-horse.png,false_negative_for_bird;false_positive_for_horse
9608,cifar10_test_09608,/home/tariq/Desktop/Awais-Tariq/base-KD/data/cifar-10-batches-py/test_batch,9608,airplane,bird,0.5524485111236572,False,True,/home/tariq/Desktop/Awais-Tariq/base-KD/reports/cifar10_full_audit/vit_scratch/failure_images/09608_true-airplane_pred-bird.png,false_negative_for_airplane;false_positive_for_bird
9609,cifar10_test_09609,/home/tariq/Desktop/Awais-Tariq/base-KD/data/cifar-10-batches-py/test_batch,9609,automobile,frog,0.9631850719451904,False,True,/home/tariq/Desktop/Awais-Tariq/base-KD/reports/cifar10_full_audit/vit_scratch/failure_images/09609_true-automobile_pred-frog.png,false_negative_for_automobile;false_positive_for_frog
9616,cifar10_test_09616,/home/tariq/Desktop/Awais-Tariq/base-KD/data/cifar-10-batches-py/test_batch,9616,dog,deer,0.9962450861930847,False,True,/home/tariq/Desktop/Awais-Tariq/base-KD/reports/cifar10_full_audit/vit_scratch/failure_images/09616_true-dog_pred-deer.png,false_negative_for_dog;false_positive_for_deer
9638,cifar10_test_09638,/home/tariq/Desktop/Awais-Tariq/base-KD/data/cifar-10-batches-py/test_batch,9638,bird,dog,0.9447116851806641,False,True,/home/tariq/Desktop/Awais-Tariq/base-KD/reports/cifar10_full_audit/vit_scratch/failure_images/09638_true-bird_pred-dog.png,false_negative_for_bird;false_positive_for_dog
9641,cifar10_test_09641,/home/tariq/Desktop/Awais-Tariq/base-KD/data/cifar-10-batches-py/test_batch,9641,frog,cat,0.9983863830566406,False,True,/home/tariq/Desktop/Awais-Tariq/base-KD/reports/cifar10_full_audit/vit_scratch/failure_images/09641_true-frog_pred-cat.png,false_negative_for_frog;false_positive_for_cat
9646,cifar10_test_09646,/home/tariq/Desktop/Awais-Tariq/base-KD/data/cifar-10-batches-py/test_batch,9646,dog,horse,0.7060254812240601,False,True,/home/tariq/Desktop/Awais-Tariq/base-KD/reports/cifar10_full_audit/vit_scratch/failure_images/09646_true-dog_pred-horse.png,false_negative_for_dog;false_positive_for_horse
9647,cifar10_test_09647,/home/tariq/Desktop/Awais-Tariq/base-KD/data/cifar-10-batches-py/test_batch,9647,cat,airplane,0.9837678074836731,False,True,/home/tariq/Desktop/Awais-Tariq/base-KD/reports/cifar10_full_audit/vit_scratch/failure_images/09647_true-cat_pred-airplane.png,false_negative_for_cat;false_positive_for_airplane
9654,cifar10_test_09654,/home/tariq/Desktop/Awais-Tariq/base-KD/data/cifar-10-batches-py/test_batch,9654,dog,horse,0.7956569194793701,False,True,/home/tariq/Desktop/Awais-Tariq/base-KD/reports/cifar10_full_audit/vit_scratch/failure_images/09654_true-dog_pred-horse.png,false_negative_for_dog;false_positive_for_horse
9657,cifar10_test_09657,/home/tariq/Desktop/Awais-Tariq/base-KD/data/cifar-10-batches-py/test_batch,9657,dog,cat,0.999393105506897,False,True,/home/tariq/Desktop/Awais-Tariq/base-KD/reports/cifar10_full_audit/vit_scratch/failure_images/09657_true-dog_pred-cat.png,false_negative_for_dog;false_positive_for_cat
9666,cifar10_test_09666,/home/tariq/Desktop/Awais-Tariq/base-KD/data/cifar-10-batches-py/test_batch,9666,cat,deer,0.9718263745307922,False,True,/home/tariq/Desktop/Awais-Tariq/base-KD/reports/cifar10_full_audit/vit_scratch/failure_images/09666_true-cat_pred-deer.png,false_negative_for_cat;false_positive_for_deer
9668,cifar10_test_09668,/home/tariq/Desktop/Awais-Tariq/base-KD/data/cifar-10-batches-py/test_batch,9668,deer,horse,0.9999889135360718,False,True,/home/tariq/Desktop/Awais-Tariq/base-KD/reports/cifar10_full_audit/vit_scratch/failure_images/09668_true-deer_pred-horse.png,false_negative_for_deer;false_positive_for_horse
9673,cifar10_test_09673,/home/tariq/Desktop/Awais-Tariq/base-KD/data/cifar-10-batches-py/test_batch,9673,truck,automobile,0.566867470741272,False,True,/home/tariq/Desktop/Awais-Tariq/base-KD/reports/cifar10_full_audit/vit_scratch/failure_images/09673_true-truck_pred-automobile.png,false_negative_for_truck;false_positive_for_automobile
9678,cifar10_test_09678,/home/tariq/Desktop/Awais-Tariq/base-KD/data/cifar-10-batches-py/test_batch,9678,cat,bird,0.9717463254928589,False,True,/home/tariq/Desktop/Awais-Tariq/base-KD/reports/cifar10_full_audit/vit_scratch/failure_images/09678_true-cat_pred-bird.png,false_negative_for_cat;false_positive_for_bird
9690,cifar10_test_09690,/home/tariq/Desktop/Awais-Tariq/base-KD/data/cifar-10-batches-py/test_batch,9690,deer,bird,0.9893224835395813,False,True,/home/tariq/Desktop/Awais-Tariq/base-KD/reports/cifar10_full_audit/vit_scratch/failure_images/09690_true-deer_pred-bird.png,false_negative_for_deer;false_positive_for_bird
9694,cifar10_test_09694,/home/tariq/Desktop/Awais-Tariq/base-KD/data/cifar-10-batches-py/test_batch,9694,automobile,frog,0.9991841912269592,False,True,/home/tariq/Desktop/Awais-Tariq/base-KD/reports/cifar10_full_audit/vit_scratch/failure_images/09694_true-automobile_pred-frog.png,false_negative_for_automobile;false_positive_for_frog
9699,cifar10_test_09699,/home/tariq/Desktop/Awais-Tariq/base-KD/data/cifar-10-batches-py/test_batch,9699,airplane,truck,0.9932284951210022,False,True,/home/tariq/Desktop/Awais-Tariq/base-KD/reports/cifar10_full_audit/vit_scratch/failure_images/09699_true-airplane_pred-truck.png,false_negative_for_airplane;false_positive_for_truck
9705,cifar10_test_09705,/home/tariq/Desktop/Awais-Tariq/base-KD/data/cifar-10-batches-py/test_batch,9705,frog,deer,0.777258038520813,False,True,/home/tariq/Desktop/Awais-Tariq/base-KD/reports/cifar10_full_audit/vit_scratch/failure_images/09705_true-frog_pred-deer.png,false_negative_for_frog;false_positive_for_deer
9709,cifar10_test_09709,/home/tariq/Desktop/Awais-Tariq/base-KD/data/cifar-10-batches-py/test_batch,9709,airplane,horse,0.9643397331237793,False,True,/home/tariq/Desktop/Awais-Tariq/base-KD/reports/cifar10_full_audit/vit_scratch/failure_images/09709_true-airplane_pred-horse.png,false_negative_for_airplane;false_positive_for_horse
9716,cifar10_test_09716,/home/tariq/Desktop/Awais-Tariq/base-KD/data/cifar-10-batches-py/test_batch,9716,horse,deer,0.6447765231132507,False,True,/home/tariq/Desktop/Awais-Tariq/base-KD/reports/cifar10_full_audit/vit_scratch/failure_images/09716_true-horse_pred-deer.png,false_negative_for_horse;false_positive_for_deer
9727,cifar10_test_09727,/home/tariq/Desktop/Awais-Tariq/base-KD/data/cifar-10-batches-py/test_batch,9727,frog,airplane,0.9165507555007935,False,True,/home/tariq/Desktop/Awais-Tariq/base-KD/reports/cifar10_full_audit/vit_scratch/failure_images/09727_true-frog_pred-airplane.png,false_negative_for_frog;false_positive_for_airplane
9731,cifar10_test_09731,/home/tariq/Desktop/Awais-Tariq/base-KD/data/cifar-10-batches-py/test_batch,9731,bird,frog,0.984305739402771,False,True,/home/tariq/Desktop/Awais-Tariq/base-KD/reports/cifar10_full_audit/vit_scratch/failure_images/09731_true-bird_pred-frog.png,false_negative_for_bird;false_positive_for_frog
9742,cifar10_test_09742,/home/tariq/Desktop/Awais-Tariq/base-KD/data/cifar-10-batches-py/test_batch,9742,truck,airplane,0.5205014944076538,False,True,/home/tariq/Desktop/Awais-Tariq/base-KD/reports/cifar10_full_audit/vit_scratch/failure_images/09742_true-truck_pred-airplane.png,false_negative_for_truck;false_positive_for_airplane
9746,cifar10_test_09746,/home/tariq/Desktop/Awais-Tariq/base-KD/data/cifar-10-batches-py/test_batch,9746,bird,airplane,0.8059888482093811,False,True,/home/tariq/Desktop/Awais-Tariq/base-KD/reports/cifar10_full_audit/vit_scratch/failure_images/09746_true-bird_pred-airplane.png,false_negative_for_bird;false_positive_for_airplane
9750,cifar10_test_09750,/home/tariq/Desktop/Awais-Tariq/base-KD/data/cifar-10-batches-py/test_batch,9750,bird,cat,0.9373486042022705,False,True,/home/tariq/Desktop/Awais-Tariq/base-KD/reports/cifar10_full_audit/vit_scratch/failure_images/09750_true-bird_pred-cat.png,false_negative_for_bird;false_positive_for_cat
9780,cifar10_test_09780,/home/tariq/Desktop/Awais-Tariq/base-KD/data/cifar-10-batches-py/test_batch,9780,deer,bird,0.7300388216972351,False,True,/home/tariq/Desktop/Awais-Tariq/base-KD/reports/cifar10_full_audit/vit_scratch/failure_images/09780_true-deer_pred-bird.png,false_negative_for_deer;false_positive_for_bird
9784,cifar10_test_09784,/home/tariq/Desktop/Awais-Tariq/base-KD/data/cifar-10-batches-py/test_batch,9784,ship,airplane,0.855365514755249,False,True,/home/tariq/Desktop/Awais-Tariq/base-KD/reports/cifar10_full_audit/vit_scratch/failure_images/09784_true-ship_pred-airplane.png,false_negative_for_ship;false_positive_for_airplane
9790,cifar10_test_09790,/home/tariq/Desktop/Awais-Tariq/base-KD/data/cifar-10-batches-py/test_batch,9790,ship,airplane,0.7079877853393555,False,True,/home/tariq/Desktop/Awais-Tariq/base-KD/reports/cifar10_full_audit/vit_scratch/failure_images/09790_true-ship_pred-airplane.png,false_negative_for_ship;false_positive_for_airplane
9791,cifar10_test_09791,/home/tariq/Desktop/Awais-Tariq/base-KD/data/cifar-10-batches-py/test_batch,9791,truck,airplane,0.9674047827720642,False,False,/home/tariq/Desktop/Awais-Tariq/base-KD/reports/cifar10_full_audit/vit_scratch/failure_images/09791_true-truck_pred-airplane.png,false_negative_for_truck;false_positive_for_airplane
9793,cifar10_test_09793,/home/tariq/Desktop/Awais-Tariq/base-KD/data/cifar-10-batches-py/test_batch,9793,bird,dog,0.6903109550476074,False,True,/home/tariq/Desktop/Awais-Tariq/base-KD/reports/cifar10_full_audit/vit_scratch/failure_images/09793_true-bird_pred-dog.png,false_negative_for_bird;false_positive_for_dog
9801,cifar10_test_09801,/home/tariq/Desktop/Awais-Tariq/base-KD/data/cifar-10-batches-py/test_batch,9801,frog,cat,0.8155150413513184,False,True,/home/tariq/Desktop/Awais-Tariq/base-KD/reports/cifar10_full_audit/vit_scratch/failure_images/09801_true-frog_pred-cat.png,false_negative_for_frog;false_positive_for_cat
9817,cifar10_test_09817,/home/tariq/Desktop/Awais-Tariq/base-KD/data/cifar-10-batches-py/test_batch,9817,truck,automobile,0.7032405734062195,False,True,/home/tariq/Desktop/Awais-Tariq/base-KD/reports/cifar10_full_audit/vit_scratch/failure_images/09817_true-truck_pred-automobile.png,false_negative_for_truck;false_positive_for_automobile
9819,cifar10_test_09819,/home/tariq/Desktop/Awais-Tariq/base-KD/data/cifar-10-batches-py/test_batch,9819,cat,dog,0.9990307092666626,False,True,/home/tariq/Desktop/Awais-Tariq/base-KD/reports/cifar10_full_audit/vit_scratch/failure_images/09819_true-cat_pred-dog.png,false_negative_for_cat;false_positive_for_dog
9829,cifar10_test_09829,/home/tariq/Desktop/Awais-Tariq/base-KD/data/cifar-10-batches-py/test_batch,9829,dog,deer,0.5431190133094788,False,True,/home/tariq/Desktop/Awais-Tariq/base-KD/reports/cifar10_full_audit/vit_scratch/failure_images/09829_true-dog_pred-deer.png,false_negative_for_dog;false_positive_for_deer
9832,cifar10_test_09832,/home/tariq/Desktop/Awais-Tariq/base-KD/data/cifar-10-batches-py/test_batch,9832,bird,frog,0.9964216947555542,False,False,/home/tariq/Desktop/Awais-Tariq/base-KD/reports/cifar10_full_audit/vit_scratch/failure_images/09832_true-bird_pred-frog.png,false_negative_for_bird;false_positive_for_frog
9842,cifar10_test_09842,/home/tariq/Desktop/Awais-Tariq/base-KD/data/cifar-10-batches-py/test_batch,9842,frog,deer,0.7716633081436157,False,True,/home/tariq/Desktop/Awais-Tariq/base-KD/reports/cifar10_full_audit/vit_scratch/failure_images/09842_true-frog_pred-deer.png,false_negative_for_frog;false_positive_for_deer
9847,cifar10_test_09847,/home/tariq/Desktop/Awais-Tariq/base-KD/data/cifar-10-batches-py/test_batch,9847,airplane,ship,0.9941326975822449,False,True,/home/tariq/Desktop/Awais-Tariq/base-KD/reports/cifar10_full_audit/vit_scratch/failure_images/09847_true-airplane_pred-ship.png,false_negative_for_airplane;false_positive_for_ship
9851,cifar10_test_09851,/home/tariq/Desktop/Awais-Tariq/base-KD/data/cifar-10-batches-py/test_batch,9851,frog,bird,0.7528502345085144,False,True,/home/tariq/Desktop/Awais-Tariq/base-KD/reports/cifar10_full_audit/vit_scratch/failure_images/09851_true-frog_pred-bird.png,false_negative_for_frog;false_positive_for_bird
9853,cifar10_test_09853,/home/tariq/Desktop/Awais-Tariq/base-KD/data/cifar-10-batches-py/test_batch,9853,dog,frog,0.9743480682373047,False,True,/home/tariq/Desktop/Awais-Tariq/base-KD/reports/cifar10_full_audit/vit_scratch/failure_images/09853_true-dog_pred-frog.png,false_negative_for_dog;false_positive_for_frog
9857,cifar10_test_09857,/home/tariq/Desktop/Awais-Tariq/base-KD/data/cifar-10-batches-py/test_batch,9857,airplane,automobile,0.9591570496559143,False,True,/home/tariq/Desktop/Awais-Tariq/base-KD/reports/cifar10_full_audit/vit_scratch/failure_images/09857_true-airplane_pred-automobile.png,false_negative_for_airplane;false_positive_for_automobile
9867,cifar10_test_09867,/home/tariq/Desktop/Awais-Tariq/base-KD/data/cifar-10-batches-py/test_batch,9867,ship,airplane,0.9963240623474121,False,True,/home/tariq/Desktop/Awais-Tariq/base-KD/reports/cifar10_full_audit/vit_scratch/failure_images/09867_true-ship_pred-airplane.png,false_negative_for_ship;false_positive_for_airplane
9873,cifar10_test_09873,/home/tariq/Desktop/Awais-Tariq/base-KD/data/cifar-10-batches-py/test_batch,9873,bird,frog,0.41743892431259155,False,False,/home/tariq/Desktop/Awais-Tariq/base-KD/reports/cifar10_full_audit/vit_scratch/failure_images/09873_true-bird_pred-frog.png,false_negative_for_bird;false_positive_for_frog
9874,cifar10_test_09874,/home/tariq/Desktop/Awais-Tariq/base-KD/data/cifar-10-batches-py/test_batch,9874,bird,airplane,0.6116005182266235,False,True,/home/tariq/Desktop/Awais-Tariq/base-KD/reports/cifar10_full_audit/vit_scratch/failure_images/09874_true-bird_pred-airplane.png,false_negative_for_bird;false_positive_for_airplane
9877,cifar10_test_09877,/home/tariq/Desktop/Awais-Tariq/base-KD/data/cifar-10-batches-py/test_batch,9877,frog,bird,0.9884555339813232,False,True,/home/tariq/Desktop/Awais-Tariq/base-KD/reports/cifar10_full_audit/vit_scratch/failure_images/09877_true-frog_pred-bird.png,false_negative_for_frog;false_positive_for_bird
9879,cifar10_test_09879,/home/tariq/Desktop/Awais-Tariq/base-KD/data/cifar-10-batches-py/test_batch,9879,horse,truck,0.5963660478591919,False,True,/home/tariq/Desktop/Awais-Tariq/base-KD/reports/cifar10_full_audit/vit_scratch/failure_images/09879_true-horse_pred-truck.png,false_negative_for_horse;false_positive_for_truck
9883,cifar10_test_09883,/home/tariq/Desktop/Awais-Tariq/base-KD/data/cifar-10-batches-py/test_batch,9883,horse,airplane,0.4898977279663086,False,True,/home/tariq/Desktop/Awais-Tariq/base-KD/reports/cifar10_full_audit/vit_scratch/failure_images/09883_true-horse_pred-airplane.png,false_negative_for_horse;false_positive_for_airplane
9894,cifar10_test_09894,/home/tariq/Desktop/Awais-Tariq/base-KD/data/cifar-10-batches-py/test_batch,9894,automobile,airplane,0.9848981499671936,False,True,/home/tariq/Desktop/Awais-Tariq/base-KD/reports/cifar10_full_audit/vit_scratch/failure_images/09894_true-automobile_pred-airplane.png,false_negative_for_automobile;false_positive_for_airplane
9901,cifar10_test_09901,/home/tariq/Desktop/Awais-Tariq/base-KD/data/cifar-10-batches-py/test_batch,9901,cat,dog,0.9000227451324463,False,False,/home/tariq/Desktop/Awais-Tariq/base-KD/reports/cifar10_full_audit/vit_scratch/failure_images/09901_true-cat_pred-dog.png,false_negative_for_cat;false_positive_for_dog
9902,cifar10_test_09902,/home/tariq/Desktop/Awais-Tariq/base-KD/data/cifar-10-batches-py/test_batch,9902,frog,airplane,0.9156185984611511,False,True,/home/tariq/Desktop/Awais-Tariq/base-KD/reports/cifar10_full_audit/vit_scratch/failure_images/09902_true-frog_pred-airplane.png,false_negative_for_frog;false_positive_for_airplane
9903,cifar10_test_09903,/home/tariq/Desktop/Awais-Tariq/base-KD/data/cifar-10-batches-py/test_batch,9903,frog,dog,0.5940655469894409,False,True,/home/tariq/Desktop/Awais-Tariq/base-KD/reports/cifar10_full_audit/vit_scratch/failure_images/09903_true-frog_pred-dog.png,false_negative_for_frog;false_positive_for_dog
9907,cifar10_test_09907,/home/tariq/Desktop/Awais-Tariq/base-KD/data/cifar-10-batches-py/test_batch,9907,automobile,cat,0.6290680170059204,False,True,/home/tariq/Desktop/Awais-Tariq/base-KD/reports/cifar10_full_audit/vit_scratch/failure_images/09907_true-automobile_pred-cat.png,false_negative_for_automobile;false_positive_for_cat
9910,cifar10_test_09910,/home/tariq/Desktop/Awais-Tariq/base-KD/data/cifar-10-batches-py/test_batch,9910,deer,horse,0.9996789693832397,False,True,/home/tariq/Desktop/Awais-Tariq/base-KD/reports/cifar10_full_audit/vit_scratch/failure_images/09910_true-deer_pred-horse.png,false_negative_for_deer;false_positive_for_horse
9911,cifar10_test_09911,/home/tariq/Desktop/Awais-Tariq/base-KD/data/cifar-10-batches-py/test_batch,9911,deer,horse,0.8608302474021912,False,True,/home/tariq/Desktop/Awais-Tariq/base-KD/reports/cifar10_full_audit/vit_scratch/failure_images/09911_true-deer_pred-horse.png,false_negative_for_deer;false_positive_for_horse
9918,cifar10_test_09918,/home/tariq/Desktop/Awais-Tariq/base-KD/data/cifar-10-batches-py/test_batch,9918,dog,truck,0.696192741394043,False,True,/home/tariq/Desktop/Awais-Tariq/base-KD/reports/cifar10_full_audit/vit_scratch/failure_images/09918_true-dog_pred-truck.png,false_negative_for_dog;false_positive_for_truck
9921,cifar10_test_09921,/home/tariq/Desktop/Awais-Tariq/base-KD/data/cifar-10-batches-py/test_batch,9921,airplane,ship,0.991085946559906,False,True,/home/tariq/Desktop/Awais-Tariq/base-KD/reports/cifar10_full_audit/vit_scratch/failure_images/09921_true-airplane_pred-ship.png,false_negative_for_airplane;false_positive_for_ship
9923,cifar10_test_09923,/home/tariq/Desktop/Awais-Tariq/base-KD/data/cifar-10-batches-py/test_batch,9923,horse,airplane,0.9666919708251953,False,True,/home/tariq/Desktop/Awais-Tariq/base-KD/reports/cifar10_full_audit/vit_scratch/failure_images/09923_true-horse_pred-airplane.png,false_negative_for_horse;false_positive_for_airplane
9926,cifar10_test_09926,/home/tariq/Desktop/Awais-Tariq/base-KD/data/cifar-10-batches-py/test_batch,9926,cat,frog,0.9894105792045593,False,True,/home/tariq/Desktop/Awais-Tariq/base-KD/reports/cifar10_full_audit/vit_scratch/failure_images/09926_true-cat_pred-frog.png,false_negative_for_cat;false_positive_for_frog
9928,cifar10_test_09928,/home/tariq/Desktop/Awais-Tariq/base-KD/data/cifar-10-batches-py/test_batch,9928,dog,frog,0.7229340672492981,False,True,/home/tariq/Desktop/Awais-Tariq/base-KD/reports/cifar10_full_audit/vit_scratch/failure_images/09928_true-dog_pred-frog.png,false_negative_for_dog;false_positive_for_frog
9930,cifar10_test_09930,/home/tariq/Desktop/Awais-Tariq/base-KD/data/cifar-10-batches-py/test_batch,9930,ship,cat,0.5696863532066345,False,True,/home/tariq/Desktop/Awais-Tariq/base-KD/reports/cifar10_full_audit/vit_scratch/failure_images/09930_true-ship_pred-cat.png,false_negative_for_ship;false_positive_for_cat
9934,cifar10_test_09934,/home/tariq/Desktop/Awais-Tariq/base-KD/data/cifar-10-batches-py/test_batch,9934,deer,horse,0.9988704323768616,False,True,/home/tariq/Desktop/Awais-Tariq/base-KD/reports/cifar10_full_audit/vit_scratch/failure_images/09934_true-deer_pred-horse.png,false_negative_for_deer;false_positive_for_horse
9943,cifar10_test_09943,/home/tariq/Desktop/Awais-Tariq/base-KD/data/cifar-10-batches-py/test_batch,9943,horse,airplane,0.7452360391616821,False,True,/home/tariq/Desktop/Awais-Tariq/base-KD/reports/cifar10_full_audit/vit_scratch/failure_images/09943_true-horse_pred-airplane.png,false_negative_for_horse;false_positive_for_airplane
9959,cifar10_test_09959,/home/tariq/Desktop/Awais-Tariq/base-KD/data/cifar-10-batches-py/test_batch,9959,bird,cat,0.9997431635856628,False,True,/home/tariq/Desktop/Awais-Tariq/base-KD/reports/cifar10_full_audit/vit_scratch/failure_images/09959_true-bird_pred-cat.png,false_negative_for_bird;false_positive_for_cat
9962,cifar10_test_09962,/home/tariq/Desktop/Awais-Tariq/base-KD/data/cifar-10-batches-py/test_batch,9962,deer,bird,0.9866375923156738,False,True,/home/tariq/Desktop/Awais-Tariq/base-KD/reports/cifar10_full_audit/vit_scratch/failure_images/09962_true-deer_pred-bird.png,false_negative_for_deer;false_positive_for_bird
9967,cifar10_test_09967,/home/tariq/Desktop/Awais-Tariq/base-KD/data/cifar-10-batches-py/test_batch,9967,cat,deer,0.7977559566497803,False,True,/home/tariq/Desktop/Awais-Tariq/base-KD/reports/cifar10_full_audit/vit_scratch/failure_images/09967_true-cat_pred-deer.png,false_negative_for_cat;false_positive_for_deer
9982,cifar10_test_09982,/home/tariq/Desktop/Awais-Tariq/base-KD/data/cifar-10-batches-py/test_batch,9982,bird,frog,0.9942223429679871,False,True,/home/tariq/Desktop/Awais-Tariq/base-KD/reports/cifar10_full_audit/vit_scratch/failure_images/09982_true-bird_pred-frog.png,false_negative_for_bird;false_positive_for_frog
9986,cifar10_test_09986,/home/tariq/Desktop/Awais-Tariq/base-KD/data/cifar-10-batches-py/test_batch,9986,ship,airplane,0.9582006931304932,False,True,/home/tariq/Desktop/Awais-Tariq/base-KD/reports/cifar10_full_audit/vit_scratch/failure_images/09986_true-ship_pred-airplane.png,false_negative_for_ship;false_positive_for_airplane
