test_index,image_id,source_path,source_record_index,true_class,predicted_class,confidence,top1_correct,top5_correct,saved_image,error_type
2,cifar10_test_00002,/home/tariq/Desktop/Awais-Tariq/base-KD/data/cifar-10-batches-py/test_batch,2,ship,automobile,0.5066149234771729,False,True,/home/tariq/Desktop/Awais-Tariq/base-KD/reports/cifar10_full_audit/mamba_scratch/failure_images/00002_true-ship_pred-automobile.png,false_negative_for_ship;false_positive_for_automobile
9,cifar10_test_00009,/home/tariq/Desktop/Awais-Tariq/base-KD/data/cifar-10-batches-py/test_batch,9,automobile,truck,0.932224690914154,False,True,/home/tariq/Desktop/Awais-Tariq/base-KD/reports/cifar10_full_audit/mamba_scratch/failure_images/00009_true-automobile_pred-truck.png,false_negative_for_automobile;false_positive_for_truck
33,cifar10_test_00033,/home/tariq/Desktop/Awais-Tariq/base-KD/data/cifar-10-batches-py/test_batch,33,dog,cat,0.5032067894935608,False,True,/home/tariq/Desktop/Awais-Tariq/base-KD/reports/cifar10_full_audit/mamba_scratch/failure_images/00033_true-dog_pred-cat.png,false_negative_for_dog;false_positive_for_cat
35,cifar10_test_00035,/home/tariq/Desktop/Awais-Tariq/base-KD/data/cifar-10-batches-py/test_batch,35,bird,automobile,0.6133114695549011,False,False,/home/tariq/Desktop/Awais-Tariq/base-KD/reports/cifar10_full_audit/mamba_scratch/failure_images/00035_true-bird_pred-automobile.png,false_negative_for_bird;false_positive_for_automobile
37,cifar10_test_00037,/home/tariq/Desktop/Awais-Tariq/base-KD/data/cifar-10-batches-py/test_batch,37,automobile,truck,0.5578537583351135,False,True,/home/tariq/Desktop/Awais-Tariq/base-KD/reports/cifar10_full_audit/mamba_scratch/failure_images/00037_true-automobile_pred-truck.png,false_negative_for_automobile;false_positive_for_truck
52,cifar10_test_00052,/home/tariq/Desktop/Awais-Tariq/base-KD/data/cifar-10-batches-py/test_batch,52,airplane,horse,0.9483225345611572,False,False,/home/tariq/Desktop/Awais-Tariq/base-KD/reports/cifar10_full_audit/mamba_scratch/failure_images/00052_true-airplane_pred-horse.png,false_negative_for_airplane;false_positive_for_horse
57,cifar10_test_00057,/home/tariq/Desktop/Awais-Tariq/base-KD/data/cifar-10-batches-py/test_batch,57,horse,dog,0.7902746200561523,False,True,/home/tariq/Desktop/Awais-Tariq/base-KD/reports/cifar10_full_audit/mamba_scratch/failure_images/00057_true-horse_pred-dog.png,false_negative_for_horse;false_positive_for_dog
58,cifar10_test_00058,/home/tariq/Desktop/Awais-Tariq/base-KD/data/cifar-10-batches-py/test_batch,58,deer,cat,0.740386962890625,False,False,/home/tariq/Desktop/Awais-Tariq/base-KD/reports/cifar10_full_audit/mamba_scratch/failure_images/00058_true-deer_pred-cat.png,false_negative_for_deer;false_positive_for_cat
61,cifar10_test_00061,/home/tariq/Desktop/Awais-Tariq/base-KD/data/cifar-10-batches-py/test_batch,61,cat,dog,0.9999991655349731,False,True,/home/tariq/Desktop/Awais-Tariq/base-KD/reports/cifar10_full_audit/mamba_scratch/failure_images/00061_true-cat_pred-dog.png,false_negative_for_cat;false_positive_for_dog
68,cifar10_test_00068,/home/tariq/Desktop/Awais-Tariq/base-KD/data/cifar-10-batches-py/test_batch,68,cat,deer,0.7736110687255859,False,True,/home/tariq/Desktop/Awais-Tariq/base-KD/reports/cifar10_full_audit/mamba_scratch/failure_images/00068_true-cat_pred-deer.png,false_negative_for_cat;false_positive_for_deer
69,cifar10_test_00069,/home/tariq/Desktop/Awais-Tariq/base-KD/data/cifar-10-batches-py/test_batch,69,horse,deer,0.6223794221878052,False,True,/home/tariq/Desktop/Awais-Tariq/base-KD/reports/cifar10_full_audit/mamba_scratch/failure_images/00069_true-horse_pred-deer.png,false_negative_for_horse;false_positive_for_deer
77,cifar10_test_00077,/home/tariq/Desktop/Awais-Tariq/base-KD/data/cifar-10-batches-py/test_batch,77,cat,dog,0.6920974850654602,False,True,/home/tariq/Desktop/Awais-Tariq/base-KD/reports/cifar10_full_audit/mamba_scratch/failure_images/00077_true-cat_pred-dog.png,false_negative_for_cat;false_positive_for_dog
85,cifar10_test_00085,/home/tariq/Desktop/Awais-Tariq/base-KD/data/cifar-10-batches-py/test_batch,85,dog,horse,0.5887849926948547,False,True,/home/tariq/Desktop/Awais-Tariq/base-KD/reports/cifar10_full_audit/mamba_scratch/failure_images/00085_true-dog_pred-horse.png,false_negative_for_dog;false_positive_for_horse
87,cifar10_test_00087,/home/tariq/Desktop/Awais-Tariq/base-KD/data/cifar-10-batches-py/test_batch,87,horse,truck,0.6052062511444092,False,True,/home/tariq/Desktop/Awais-Tariq/base-KD/reports/cifar10_full_audit/mamba_scratch/failure_images/00087_true-horse_pred-truck.png,false_negative_for_horse;false_positive_for_truck
118,cifar10_test_00118,/home/tariq/Desktop/Awais-Tariq/base-KD/data/cifar-10-batches-py/test_batch,118,bird,cat,0.9983869791030884,False,True,/home/tariq/Desktop/Awais-Tariq/base-KD/reports/cifar10_full_audit/mamba_scratch/failure_images/00118_true-bird_pred-cat.png,false_negative_for_bird;false_positive_for_cat
125,cifar10_test_00125,/home/tariq/Desktop/Awais-Tariq/base-KD/data/cifar-10-batches-py/test_batch,125,airplane,bird,0.859119713306427,False,True,/home/tariq/Desktop/Awais-Tariq/base-KD/reports/cifar10_full_audit/mamba_scratch/failure_images/00125_true-airplane_pred-bird.png,false_negative_for_airplane;false_positive_for_bird
128,cifar10_test_00128,/home/tariq/Desktop/Awais-Tariq/base-KD/data/cifar-10-batches-py/test_batch,128,dog,frog,0.999836802482605,False,True,/home/tariq/Desktop/Awais-Tariq/base-KD/reports/cifar10_full_audit/mamba_scratch/failure_images/00128_true-dog_pred-frog.png,false_negative_for_dog;false_positive_for_frog
129,cifar10_test_00129,/home/tariq/Desktop/Awais-Tariq/base-KD/data/cifar-10-batches-py/test_batch,129,bird,airplane,0.8778870701789856,False,True,/home/tariq/Desktop/Awais-Tariq/base-KD/reports/cifar10_full_audit/mamba_scratch/failure_images/00129_true-bird_pred-airplane.png,false_negative_for_bird;false_positive_for_airplane
139,cifar10_test_00139,/home/tariq/Desktop/Awais-Tariq/base-KD/data/cifar-10-batches-py/test_batch,139,truck,ship,0.7395556569099426,False,True,/home/tariq/Desktop/Awais-Tariq/base-KD/reports/cifar10_full_audit/mamba_scratch/failure_images/00139_true-truck_pred-ship.png,false_negative_for_truck;false_positive_for_ship
145,cifar10_test_00145,/home/tariq/Desktop/Awais-Tariq/base-KD/data/cifar-10-batches-py/test_batch,145,horse,dog,0.4916272461414337,False,True,/home/tariq/Desktop/Awais-Tariq/base-KD/reports/cifar10_full_audit/mamba_scratch/failure_images/00145_true-horse_pred-dog.png,false_negative_for_horse;false_positive_for_dog
147,cifar10_test_00147,/home/tariq/Desktop/Awais-Tariq/base-KD/data/cifar-10-batches-py/test_batch,147,bird,dog,0.7742945551872253,False,True,/home/tariq/Desktop/Awais-Tariq/base-KD/reports/cifar10_full_audit/mamba_scratch/failure_images/00147_true-bird_pred-dog.png,false_negative_for_bird;false_positive_for_dog
148,cifar10_test_00148,/home/tariq/Desktop/Awais-Tariq/base-KD/data/cifar-10-batches-py/test_batch,148,dog,horse,0.7935452461242676,False,True,/home/tariq/Desktop/Awais-Tariq/base-KD/reports/cifar10_full_audit/mamba_scratch/failure_images/00148_true-dog_pred-horse.png,false_negative_for_dog;false_positive_for_horse
162,cifar10_test_00162,/home/tariq/Desktop/Awais-Tariq/base-KD/data/cifar-10-batches-py/test_batch,162,frog,cat,0.9049831032752991,False,True,/home/tariq/Desktop/Awais-Tariq/base-KD/reports/cifar10_full_audit/mamba_scratch/failure_images/00162_true-frog_pred-cat.png,false_negative_for_frog;false_positive_for_cat
165,cifar10_test_00165,/home/tariq/Desktop/Awais-Tariq/base-KD/data/cifar-10-batches-py/test_batch,165,deer,bird,0.9961287975311279,False,True,/home/tariq/Desktop/Awais-Tariq/base-KD/reports/cifar10_full_audit/mamba_scratch/failure_images/00165_true-deer_pred-bird.png,false_negative_for_deer;false_positive_for_bird
178,cifar10_test_00178,/home/tariq/Desktop/Awais-Tariq/base-KD/data/cifar-10-batches-py/test_batch,178,dog,cat,0.9999998807907104,False,True,/home/tariq/Desktop/Awais-Tariq/base-KD/reports/cifar10_full_audit/mamba_scratch/failure_images/00178_true-dog_pred-cat.png,false_negative_for_dog;false_positive_for_cat
188,cifar10_test_00188,/home/tariq/Desktop/Awais-Tariq/base-KD/data/cifar-10-batches-py/test_batch,188,deer,cat,0.9996792078018188,False,True,/home/tariq/Desktop/Awais-Tariq/base-KD/reports/cifar10_full_audit/mamba_scratch/failure_images/00188_true-deer_pred-cat.png,false_negative_for_deer;false_positive_for_cat
189,cifar10_test_00189,/home/tariq/Desktop/Awais-Tariq/base-KD/data/cifar-10-batches-py/test_batch,189,airplane,ship,0.5118435621261597,False,True,/home/tariq/Desktop/Awais-Tariq/base-KD/reports/cifar10_full_audit/mamba_scratch/failure_images/00189_true-airplane_pred-ship.png,false_negative_for_airplane;false_positive_for_ship
201,cifar10_test_00201,/home/tariq/Desktop/Awais-Tariq/base-KD/data/cifar-10-batches-py/test_batch,201,automobile,airplane,0.9994801878929138,False,True,/home/tariq/Desktop/Awais-Tariq/base-KD/reports/cifar10_full_audit/mamba_scratch/failure_images/00201_true-automobile_pred-airplane.png,false_negative_for_automobile;false_positive_for_airplane
221,cifar10_test_00221,/home/tariq/Desktop/Awais-Tariq/base-KD/data/cifar-10-batches-py/test_batch,221,frog,deer,0.4607439637184143,False,True,/home/tariq/Desktop/Awais-Tariq/base-KD/reports/cifar10_full_audit/mamba_scratch/failure_images/00221_true-frog_pred-deer.png,false_negative_for_frog;false_positive_for_deer
242,cifar10_test_00242,/home/tariq/Desktop/Awais-Tariq/base-KD/data/cifar-10-batches-py/test_batch,242,ship,automobile,0.33678731322288513,False,True,/home/tariq/Desktop/Awais-Tariq/base-KD/reports/cifar10_full_audit/mamba_scratch/failure_images/00242_true-ship_pred-automobile.png,false_negative_for_ship;false_positive_for_automobile
262,cifar10_test_00262,/home/tariq/Desktop/Awais-Tariq/base-KD/data/cifar-10-batches-py/test_batch,262,dog,cat,0.7689348459243774,False,True,/home/tariq/Desktop/Awais-Tariq/base-KD/reports/cifar10_full_audit/mamba_scratch/failure_images/00262_true-dog_pred-cat.png,false_negative_for_dog;false_positive_for_cat
263,cifar10_test_00263,/home/tariq/Desktop/Awais-Tariq/base-KD/data/cifar-10-batches-py/test_batch,263,horse,dog,0.7857076525688171,False,True,/home/tariq/Desktop/Awais-Tariq/base-KD/reports/cifar10_full_audit/mamba_scratch/failure_images/00263_true-horse_pred-dog.png,false_negative_for_horse;false_positive_for_dog
264,cifar10_test_00264,/home/tariq/Desktop/Awais-Tariq/base-KD/data/cifar-10-batches-py/test_batch,264,airplane,ship,0.8324130177497864,False,True,/home/tariq/Desktop/Awais-Tariq/base-KD/reports/cifar10_full_audit/mamba_scratch/failure_images/00264_true-airplane_pred-ship.png,false_negative_for_airplane;false_positive_for_ship
271,cifar10_test_00271,/home/tariq/Desktop/Awais-Tariq/base-KD/data/cifar-10-batches-py/test_batch,271,cat,dog,0.9605243802070618,False,True,/home/tariq/Desktop/Awais-Tariq/base-KD/reports/cifar10_full_audit/mamba_scratch/failure_images/00271_true-cat_pred-dog.png,false_negative_for_cat;false_positive_for_dog
277,cifar10_test_00277,/home/tariq/Desktop/Awais-Tariq/base-KD/data/cifar-10-batches-py/test_batch,277,cat,bird,0.543247640132904,False,True,/home/tariq/Desktop/Awais-Tariq/base-KD/reports/cifar10_full_audit/mamba_scratch/failure_images/00277_true-cat_pred-bird.png,false_negative_for_cat;false_positive_for_bird
287,cifar10_test_00287,/home/tariq/Desktop/Awais-Tariq/base-KD/data/cifar-10-batches-py/test_batch,287,airplane,ship,0.9998632669448853,False,True,/home/tariq/Desktop/Awais-Tariq/base-KD/reports/cifar10_full_audit/mamba_scratch/failure_images/00287_true-airplane_pred-ship.png,false_negative_for_airplane;false_positive_for_ship
309,cifar10_test_00309,/home/tariq/Desktop/Awais-Tariq/base-KD/data/cifar-10-batches-py/test_batch,309,frog,deer,0.9987947940826416,False,True,/home/tariq/Desktop/Awais-Tariq/base-KD/reports/cifar10_full_audit/mamba_scratch/failure_images/00309_true-frog_pred-deer.png,false_negative_for_frog;false_positive_for_deer
312,cifar10_test_00312,/home/tariq/Desktop/Awais-Tariq/base-KD/data/cifar-10-batches-py/test_batch,312,ship,airplane,0.9874261617660522,False,True,/home/tariq/Desktop/Awais-Tariq/base-KD/reports/cifar10_full_audit/mamba_scratch/failure_images/00312_true-ship_pred-airplane.png,false_negative_for_ship;false_positive_for_airplane
316,cifar10_test_00316,/home/tariq/Desktop/Awais-Tariq/base-KD/data/cifar-10-batches-py/test_batch,316,horse,bird,0.578175961971283,False,True,/home/tariq/Desktop/Awais-Tariq/base-KD/reports/cifar10_full_audit/mamba_scratch/failure_images/00316_true-horse_pred-bird.png,false_negative_for_horse;false_positive_for_bird
324,cifar10_test_00324,/home/tariq/Desktop/Awais-Tariq/base-KD/data/cifar-10-batches-py/test_batch,324,deer,dog,0.7591482400894165,False,True,/home/tariq/Desktop/Awais-Tariq/base-KD/reports/cifar10_full_audit/mamba_scratch/failure_images/00324_true-deer_pred-dog.png,false_negative_for_deer;false_positive_for_dog
332,cifar10_test_00332,/home/tariq/Desktop/Awais-Tariq/base-KD/data/cifar-10-batches-py/test_batch,332,cat,frog,0.5233830809593201,False,True,/home/tariq/Desktop/Awais-Tariq/base-KD/reports/cifar10_full_audit/mamba_scratch/failure_images/00332_true-cat_pred-frog.png,false_negative_for_cat;false_positive_for_frog
340,cifar10_test_00340,/home/tariq/Desktop/Awais-Tariq/base-KD/data/cifar-10-batches-py/test_batch,340,bird,deer,0.9642799496650696,False,True,/home/tariq/Desktop/Awais-Tariq/base-KD/reports/cifar10_full_audit/mamba_scratch/failure_images/00340_true-bird_pred-deer.png,false_negative_for_bird;false_positive_for_deer
355,cifar10_test_00355,/home/tariq/Desktop/Awais-Tariq/base-KD/data/cifar-10-batches-py/test_batch,355,horse,deer,0.9999971389770508,False,True,/home/tariq/Desktop/Awais-Tariq/base-KD/reports/cifar10_full_audit/mamba_scratch/failure_images/00355_true-horse_pred-deer.png,false_negative_for_horse;false_positive_for_deer
356,cifar10_test_00356,/home/tariq/Desktop/Awais-Tariq/base-KD/data/cifar-10-batches-py/test_batch,356,cat,dog,0.9976971745491028,False,True,/home/tariq/Desktop/Awais-Tariq/base-KD/reports/cifar10_full_audit/mamba_scratch/failure_images/00356_true-cat_pred-dog.png,false_negative_for_cat;false_positive_for_dog
363,cifar10_test_00363,/home/tariq/Desktop/Awais-Tariq/base-KD/data/cifar-10-batches-py/test_batch,363,automobile,airplane,0.8722246289253235,False,True,/home/tariq/Desktop/Awais-Tariq/base-KD/reports/cifar10_full_audit/mamba_scratch/failure_images/00363_true-automobile_pred-airplane.png,false_negative_for_automobile;false_positive_for_airplane
376,cifar10_test_00376,/home/tariq/Desktop/Awais-Tariq/base-KD/data/cifar-10-batches-py/test_batch,376,airplane,truck,0.989587664604187,False,True,/home/tariq/Desktop/Awais-Tariq/base-KD/reports/cifar10_full_audit/mamba_scratch/failure_images/00376_true-airplane_pred-truck.png,false_negative_for_airplane;false_positive_for_truck
387,cifar10_test_00387,/home/tariq/Desktop/Awais-Tariq/base-KD/data/cifar-10-batches-py/test_batch,387,bird,horse,0.9917883276939392,False,True,/home/tariq/Desktop/Awais-Tariq/base-KD/reports/cifar10_full_audit/mamba_scratch/failure_images/00387_true-bird_pred-horse.png,false_negative_for_bird;false_positive_for_horse
401,cifar10_test_00401,/home/tariq/Desktop/Awais-Tariq/base-KD/data/cifar-10-batches-py/test_batch,401,ship,automobile,0.999951958656311,False,True,/home/tariq/Desktop/Awais-Tariq/base-KD/reports/cifar10_full_audit/mamba_scratch/failure_images/00401_true-ship_pred-automobile.png,false_negative_for_ship;false_positive_for_automobile
405,cifar10_test_00405,/home/tariq/Desktop/Awais-Tariq/base-KD/data/cifar-10-batches-py/test_batch,405,deer,cat,0.6900972127914429,False,True,/home/tariq/Desktop/Awais-Tariq/base-KD/reports/cifar10_full_audit/mamba_scratch/failure_images/00405_true-deer_pred-cat.png,false_negative_for_deer;false_positive_for_cat
433,cifar10_test_00433,/home/tariq/Desktop/Awais-Tariq/base-KD/data/cifar-10-batches-py/test_batch,433,horse,deer,0.9300071001052856,False,True,/home/tariq/Desktop/Awais-Tariq/base-KD/reports/cifar10_full_audit/mamba_scratch/failure_images/00433_true-horse_pred-deer.png,false_negative_for_horse;false_positive_for_deer
439,cifar10_test_00439,/home/tariq/Desktop/Awais-Tariq/base-KD/data/cifar-10-batches-py/test_batch,439,automobile,truck,0.7698708176612854,False,True,/home/tariq/Desktop/Awais-Tariq/base-KD/reports/cifar10_full_audit/mamba_scratch/failure_images/00439_true-automobile_pred-truck.png,false_negative_for_automobile;false_positive_for_truck
456,cifar10_test_00456,/home/tariq/Desktop/Awais-Tariq/base-KD/data/cifar-10-batches-py/test_batch,456,cat,deer,0.9824674725532532,False,True,/home/tariq/Desktop/Awais-Tariq/base-KD/reports/cifar10_full_audit/mamba_scratch/failure_images/00456_true-cat_pred-deer.png,false_negative_for_cat;false_positive_for_deer
458,cifar10_test_00458,/home/tariq/Desktop/Awais-Tariq/base-KD/data/cifar-10-batches-py/test_batch,458,deer,cat,0.6286293268203735,False,True,/home/tariq/Desktop/Awais-Tariq/base-KD/reports/cifar10_full_audit/mamba_scratch/failure_images/00458_true-deer_pred-cat.png,false_negative_for_deer;false_positive_for_cat
463,cifar10_test_00463,/home/tariq/Desktop/Awais-Tariq/base-KD/data/cifar-10-batches-py/test_batch,463,deer,dog,0.9830968379974365,False,True,/home/tariq/Desktop/Awais-Tariq/base-KD/reports/cifar10_full_audit/mamba_scratch/failure_images/00463_true-deer_pred-dog.png,false_negative_for_deer;false_positive_for_dog
473,cifar10_test_00473,/home/tariq/Desktop/Awais-Tariq/base-KD/data/cifar-10-batches-py/test_batch,473,airplane,ship,0.9578449726104736,False,True,/home/tariq/Desktop/Awais-Tariq/base-KD/reports/cifar10_full_audit/mamba_scratch/failure_images/00473_true-airplane_pred-ship.png,false_negative_for_airplane;false_positive_for_ship
478,cifar10_test_00478,/home/tariq/Desktop/Awais-Tariq/base-KD/data/cifar-10-batches-py/test_batch,478,dog,cat,0.9818055033683777,False,True,/home/tariq/Desktop/Awais-Tariq/base-KD/reports/cifar10_full_audit/mamba_scratch/failure_images/00478_true-dog_pred-cat.png,false_negative_for_dog;false_positive_for_cat
480,cifar10_test_00480,/home/tariq/Desktop/Awais-Tariq/base-KD/data/cifar-10-batches-py/test_batch,480,ship,truck,0.3687087595462799,False,True,/home/tariq/Desktop/Awais-Tariq/base-KD/reports/cifar10_full_audit/mamba_scratch/failure_images/00480_true-ship_pred-truck.png,false_negative_for_ship;false_positive_for_truck
497,cifar10_test_00497,/home/tariq/Desktop/Awais-Tariq/base-KD/data/cifar-10-batches-py/test_batch,497,bird,dog,0.973099946975708,False,True,/home/tariq/Desktop/Awais-Tariq/base-KD/reports/cifar10_full_audit/mamba_scratch/failure_images/00497_true-bird_pred-dog.png,false_negative_for_bird;false_positive_for_dog
518,cifar10_test_00518,/home/tariq/Desktop/Awais-Tariq/base-KD/data/cifar-10-batches-py/test_batch,518,dog,cat,0.9907894730567932,False,True,/home/tariq/Desktop/Awais-Tariq/base-KD/reports/cifar10_full_audit/mamba_scratch/failure_images/00518_true-dog_pred-cat.png,false_negative_for_dog;false_positive_for_cat
551,cifar10_test_00551,/home/tariq/Desktop/Awais-Tariq/base-KD/data/cifar-10-batches-py/test_batch,551,dog,cat,0.993122398853302,False,True,/home/tariq/Desktop/Awais-Tariq/base-KD/reports/cifar10_full_audit/mamba_scratch/failure_images/00551_true-dog_pred-cat.png,false_negative_for_dog;false_positive_for_cat
567,cifar10_test_00567,/home/tariq/Desktop/Awais-Tariq/base-KD/data/cifar-10-batches-py/test_batch,567,horse,cat,0.6627917885780334,False,True,/home/tariq/Desktop/Awais-Tariq/base-KD/reports/cifar10_full_audit/mamba_scratch/failure_images/00567_true-horse_pred-cat.png,false_negative_for_horse;false_positive_for_cat
577,cifar10_test_00577,/home/tariq/Desktop/Awais-Tariq/base-KD/data/cifar-10-batches-py/test_batch,577,truck,ship,0.9969438910484314,False,True,/home/tariq/Desktop/Awais-Tariq/base-KD/reports/cifar10_full_audit/mamba_scratch/failure_images/00577_true-truck_pred-ship.png,false_negative_for_truck;false_positive_for_ship
615,cifar10_test_00615,/home/tariq/Desktop/Awais-Tariq/base-KD/data/cifar-10-batches-py/test_batch,615,ship,truck,0.998802900314331,False,True,/home/tariq/Desktop/Awais-Tariq/base-KD/reports/cifar10_full_audit/mamba_scratch/failure_images/00615_true-ship_pred-truck.png,false_negative_for_ship;false_positive_for_truck
637,cifar10_test_00637,/home/tariq/Desktop/Awais-Tariq/base-KD/data/cifar-10-batches-py/test_batch,637,cat,bird,0.982542872428894,False,True,/home/tariq/Desktop/Awais-Tariq/base-KD/reports/cifar10_full_audit/mamba_scratch/failure_images/00637_true-cat_pred-bird.png,false_negative_for_cat;false_positive_for_bird
646,cifar10_test_00646,/home/tariq/Desktop/Awais-Tariq/base-KD/data/cifar-10-batches-py/test_batch,646,cat,deer,0.5258451700210571,False,True,/home/tariq/Desktop/Awais-Tariq/base-KD/reports/cifar10_full_audit/mamba_scratch/failure_images/00646_true-cat_pred-deer.png,false_negative_for_cat;false_positive_for_deer
655,cifar10_test_00655,/home/tariq/Desktop/Awais-Tariq/base-KD/data/cifar-10-batches-py/test_batch,655,bird,deer,0.9332247376441956,False,True,/home/tariq/Desktop/Awais-Tariq/base-KD/reports/cifar10_full_audit/mamba_scratch/failure_images/00655_true-bird_pred-deer.png,false_negative_for_bird;false_positive_for_deer
672,cifar10_test_00672,/home/tariq/Desktop/Awais-Tariq/base-KD/data/cifar-10-batches-py/test_batch,672,frog,deer,0.960085928440094,False,True,/home/tariq/Desktop/Awais-Tariq/base-KD/reports/cifar10_full_audit/mamba_scratch/failure_images/00672_true-frog_pred-deer.png,false_negative_for_frog;false_positive_for_deer
680,cifar10_test_00680,/home/tariq/Desktop/Awais-Tariq/base-KD/data/cifar-10-batches-py/test_batch,680,truck,automobile,0.9996792078018188,False,True,/home/tariq/Desktop/Awais-Tariq/base-KD/reports/cifar10_full_audit/mamba_scratch/failure_images/00680_true-truck_pred-automobile.png,false_negative_for_truck;false_positive_for_automobile
682,cifar10_test_00682,/home/tariq/Desktop/Awais-Tariq/base-KD/data/cifar-10-batches-py/test_batch,682,deer,horse,0.5392835736274719,False,True,/home/tariq/Desktop/Awais-Tariq/base-KD/reports/cifar10_full_audit/mamba_scratch/failure_images/00682_true-deer_pred-horse.png,false_negative_for_deer;false_positive_for_horse
683,cifar10_test_00683,/home/tariq/Desktop/Awais-Tariq/base-KD/data/cifar-10-batches-py/test_batch,683,ship,airplane,0.9990768432617188,False,True,/home/tariq/Desktop/Awais-Tariq/base-KD/reports/cifar10_full_audit/mamba_scratch/failure_images/00683_true-ship_pred-airplane.png,false_negative_for_ship;false_positive_for_airplane
687,cifar10_test_00687,/home/tariq/Desktop/Awais-Tariq/base-KD/data/cifar-10-batches-py/test_batch,687,frog,bird,0.6261861324310303,False,True,/home/tariq/Desktop/Awais-Tariq/base-KD/reports/cifar10_full_audit/mamba_scratch/failure_images/00687_true-frog_pred-bird.png,false_negative_for_frog;false_positive_for_bird
725,cifar10_test_00725,/home/tariq/Desktop/Awais-Tariq/base-KD/data/cifar-10-batches-py/test_batch,725,bird,airplane,0.6744583249092102,False,True,/home/tariq/Desktop/Awais-Tariq/base-KD/reports/cifar10_full_audit/mamba_scratch/failure_images/00725_true-bird_pred-airplane.png,false_negative_for_bird;false_positive_for_airplane
727,cifar10_test_00727,/home/tariq/Desktop/Awais-Tariq/base-KD/data/cifar-10-batches-py/test_batch,727,cat,dog,0.5682952404022217,False,True,/home/tariq/Desktop/Awais-Tariq/base-KD/reports/cifar10_full_audit/mamba_scratch/failure_images/00727_true-cat_pred-dog.png,false_negative_for_cat;false_positive_for_dog
734,cifar10_test_00734,/home/tariq/Desktop/Awais-Tariq/base-KD/data/cifar-10-batches-py/test_batch,734,truck,automobile,0.5358868837356567,False,True,/home/tariq/Desktop/Awais-Tariq/base-KD/reports/cifar10_full_audit/mamba_scratch/failure_images/00734_true-truck_pred-automobile.png,false_negative_for_truck;false_positive_for_automobile
735,cifar10_test_00735,/home/tariq/Desktop/Awais-Tariq/base-KD/data/cifar-10-batches-py/test_batch,735,deer,bird,0.9618265628814697,False,True,/home/tariq/Desktop/Awais-Tariq/base-KD/reports/cifar10_full_audit/mamba_scratch/failure_images/00735_true-deer_pred-bird.png,false_negative_for_deer;false_positive_for_bird
749,cifar10_test_00749,/home/tariq/Desktop/Awais-Tariq/base-KD/data/cifar-10-batches-py/test_batch,749,dog,cat,0.7747730612754822,False,True,/home/tariq/Desktop/Awais-Tariq/base-KD/reports/cifar10_full_audit/mamba_scratch/failure_images/00749_true-dog_pred-cat.png,false_negative_for_dog;false_positive_for_cat
767,cifar10_test_00767,/home/tariq/Desktop/Awais-Tariq/base-KD/data/cifar-10-batches-py/test_batch,767,airplane,truck,0.6950908899307251,False,True,/home/tariq/Desktop/Awais-Tariq/base-KD/reports/cifar10_full_audit/mamba_scratch/failure_images/00767_true-airplane_pred-truck.png,false_negative_for_airplane;false_positive_for_truck
770,cifar10_test_00770,/home/tariq/Desktop/Awais-Tariq/base-KD/data/cifar-10-batches-py/test_batch,770,frog,cat,0.7535597085952759,False,True,/home/tariq/Desktop/Awais-Tariq/base-KD/reports/cifar10_full_audit/mamba_scratch/failure_images/00770_true-frog_pred-cat.png,false_negative_for_frog;false_positive_for_cat
771,cifar10_test_00771,/home/tariq/Desktop/Awais-Tariq/base-KD/data/cifar-10-batches-py/test_batch,771,automobile,airplane,0.8242545127868652,False,True,/home/tariq/Desktop/Awais-Tariq/base-KD/reports/cifar10_full_audit/mamba_scratch/failure_images/00771_true-automobile_pred-airplane.png,false_negative_for_automobile;false_positive_for_airplane
773,cifar10_test_00773,/home/tariq/Desktop/Awais-Tariq/base-KD/data/cifar-10-batches-py/test_batch,773,deer,frog,0.9923107624053955,False,True,/home/tariq/Desktop/Awais-Tariq/base-KD/reports/cifar10_full_audit/mamba_scratch/failure_images/00773_true-deer_pred-frog.png,false_negative_for_deer;false_positive_for_frog
775,cifar10_test_00775,/home/tariq/Desktop/Awais-Tariq/base-KD/data/cifar-10-batches-py/test_batch,775,bird,dog,0.9590839743614197,False,True,/home/tariq/Desktop/Awais-Tariq/base-KD/reports/cifar10_full_audit/mamba_scratch/failure_images/00775_true-bird_pred-dog.png,false_negative_for_bird;false_positive_for_dog
776,cifar10_test_00776,/home/tariq/Desktop/Awais-Tariq/base-KD/data/cifar-10-batches-py/test_batch,776,bird,dog,0.6791211366653442,False,True,/home/tariq/Desktop/Awais-Tariq/base-KD/reports/cifar10_full_audit/mamba_scratch/failure_images/00776_true-bird_pred-dog.png,false_negative_for_bird;false_positive_for_dog
790,cifar10_test_00790,/home/tariq/Desktop/Awais-Tariq/base-KD/data/cifar-10-batches-py/test_batch,790,cat,airplane,0.9991838335990906,False,True,/home/tariq/Desktop/Awais-Tariq/base-KD/reports/cifar10_full_audit/mamba_scratch/failure_images/00790_true-cat_pred-airplane.png,false_negative_for_cat;false_positive_for_airplane
792,cifar10_test_00792,/home/tariq/Desktop/Awais-Tariq/base-KD/data/cifar-10-batches-py/test_batch,792,cat,horse,0.9740051031112671,False,True,/home/tariq/Desktop/Awais-Tariq/base-KD/reports/cifar10_full_audit/mamba_scratch/failure_images/00792_true-cat_pred-horse.png,false_negative_for_cat;false_positive_for_horse
796,cifar10_test_00796,/home/tariq/Desktop/Awais-Tariq/base-KD/data/cifar-10-batches-py/test_batch,796,automobile,ship,0.6306930184364319,False,True,/home/tariq/Desktop/Awais-Tariq/base-KD/reports/cifar10_full_audit/mamba_scratch/failure_images/00796_true-automobile_pred-ship.png,false_negative_for_automobile;false_positive_for_ship
810,cifar10_test_00810,/home/tariq/Desktop/Awais-Tariq/base-KD/data/cifar-10-batches-py/test_batch,810,dog,cat,0.9932304620742798,False,True,/home/tariq/Desktop/Awais-Tariq/base-KD/reports/cifar10_full_audit/mamba_scratch/failure_images/00810_true-dog_pred-cat.png,false_negative_for_dog;false_positive_for_cat
817,cifar10_test_00817,/home/tariq/Desktop/Awais-Tariq/base-KD/data/cifar-10-batches-py/test_batch,817,dog,deer,0.999518871307373,False,True,/home/tariq/Desktop/Awais-Tariq/base-KD/reports/cifar10_full_audit/mamba_scratch/failure_images/00817_true-dog_pred-deer.png,false_negative_for_dog;false_positive_for_deer
829,cifar10_test_00829,/home/tariq/Desktop/Awais-Tariq/base-KD/data/cifar-10-batches-py/test_batch,829,cat,deer,0.7923552393913269,False,True,/home/tariq/Desktop/Awais-Tariq/base-KD/reports/cifar10_full_audit/mamba_scratch/failure_images/00829_true-cat_pred-deer.png,false_negative_for_cat;false_positive_for_deer
845,cifar10_test_00845,/home/tariq/Desktop/Awais-Tariq/base-KD/data/cifar-10-batches-py/test_batch,845,cat,bird,0.9799326658248901,False,True,/home/tariq/Desktop/Awais-Tariq/base-KD/reports/cifar10_full_audit/mamba_scratch/failure_images/00845_true-cat_pred-bird.png,false_negative_for_cat;false_positive_for_bird
850,cifar10_test_00850,/home/tariq/Desktop/Awais-Tariq/base-KD/data/cifar-10-batches-py/test_batch,850,horse,cat,0.6093389391899109,False,True,/home/tariq/Desktop/Awais-Tariq/base-KD/reports/cifar10_full_audit/mamba_scratch/failure_images/00850_true-horse_pred-cat.png,false_negative_for_horse;false_positive_for_cat
853,cifar10_test_00853,/home/tariq/Desktop/Awais-Tariq/base-KD/data/cifar-10-batches-py/test_batch,853,truck,automobile,0.9954535961151123,False,True,/home/tariq/Desktop/Awais-Tariq/base-KD/reports/cifar10_full_audit/mamba_scratch/failure_images/00853_true-truck_pred-automobile.png,false_negative_for_truck;false_positive_for_automobile
862,cifar10_test_00862,/home/tariq/Desktop/Awais-Tariq/base-KD/data/cifar-10-batches-py/test_batch,862,cat,frog,0.9982733726501465,False,True,/home/tariq/Desktop/Awais-Tariq/base-KD/reports/cifar10_full_audit/mamba_scratch/failure_images/00862_true-cat_pred-frog.png,false_negative_for_cat;false_positive_for_frog
866,cifar10_test_00866,/home/tariq/Desktop/Awais-Tariq/base-KD/data/cifar-10-batches-py/test_batch,866,cat,dog,0.6815182566642761,False,True,/home/tariq/Desktop/Awais-Tariq/base-KD/reports/cifar10_full_audit/mamba_scratch/failure_images/00866_true-cat_pred-dog.png,false_negative_for_cat;false_positive_for_dog
878,cifar10_test_00878,/home/tariq/Desktop/Awais-Tariq/base-KD/data/cifar-10-batches-py/test_batch,878,cat,frog,0.9192928671836853,False,True,/home/tariq/Desktop/Awais-Tariq/base-KD/reports/cifar10_full_audit/mamba_scratch/failure_images/00878_true-cat_pred-frog.png,false_negative_for_cat;false_positive_for_frog
882,cifar10_test_00882,/home/tariq/Desktop/Awais-Tariq/base-KD/data/cifar-10-batches-py/test_batch,882,cat,truck,0.9502663016319275,False,True,/home/tariq/Desktop/Awais-Tariq/base-KD/reports/cifar10_full_audit/mamba_scratch/failure_images/00882_true-cat_pred-truck.png,false_negative_for_cat;false_positive_for_truck
883,cifar10_test_00883,/home/tariq/Desktop/Awais-Tariq/base-KD/data/cifar-10-batches-py/test_batch,883,airplane,automobile,0.9410130381584167,False,True,/home/tariq/Desktop/Awais-Tariq/base-KD/reports/cifar10_full_audit/mamba_scratch/failure_images/00883_true-airplane_pred-automobile.png,false_negative_for_airplane;false_positive_for_automobile
893,cifar10_test_00893,/home/tariq/Desktop/Awais-Tariq/base-KD/data/cifar-10-batches-py/test_batch,893,frog,deer,0.5408946871757507,False,False,/home/tariq/Desktop/Awais-Tariq/base-KD/reports/cifar10_full_audit/mamba_scratch/failure_images/00893_true-frog_pred-deer.png,false_negative_for_frog;false_positive_for_deer
898,cifar10_test_00898,/home/tariq/Desktop/Awais-Tariq/base-KD/data/cifar-10-batches-py/test_batch,898,cat,horse,0.9926638603210449,False,True,/home/tariq/Desktop/Awais-Tariq/base-KD/reports/cifar10_full_audit/mamba_scratch/failure_images/00898_true-cat_pred-horse.png,false_negative_for_cat;false_positive_for_horse
912,cifar10_test_00912,/home/tariq/Desktop/Awais-Tariq/base-KD/data/cifar-10-batches-py/test_batch,912,airplane,bird,0.9997319579124451,False,True,/home/tariq/Desktop/Awais-Tariq/base-KD/reports/cifar10_full_audit/mamba_scratch/failure_images/00912_true-airplane_pred-bird.png,false_negative_for_airplane;false_positive_for_bird
922,cifar10_test_00922,/home/tariq/Desktop/Awais-Tariq/base-KD/data/cifar-10-batches-py/test_batch,922,truck,airplane,0.6777026653289795,False,True,/home/tariq/Desktop/Awais-Tariq/base-KD/reports/cifar10_full_audit/mamba_scratch/failure_images/00922_true-truck_pred-airplane.png,false_negative_for_truck;false_positive_for_airplane
924,cifar10_test_00924,/home/tariq/Desktop/Awais-Tariq/base-KD/data/cifar-10-batches-py/test_batch,924,dog,horse,0.992993175983429,False,True,/home/tariq/Desktop/Awais-Tariq/base-KD/reports/cifar10_full_audit/mamba_scratch/failure_images/00924_true-dog_pred-horse.png,false_negative_for_dog;false_positive_for_horse
933,cifar10_test_00933,/home/tariq/Desktop/Awais-Tariq/base-KD/data/cifar-10-batches-py/test_batch,933,bird,cat,0.9586199522018433,False,True,/home/tariq/Desktop/Awais-Tariq/base-KD/reports/cifar10_full_audit/mamba_scratch/failure_images/00933_true-bird_pred-cat.png,false_negative_for_bird;false_positive_for_cat
943,cifar10_test_00943,/home/tariq/Desktop/Awais-Tariq/base-KD/data/cifar-10-batches-py/test_batch,943,deer,frog,0.5930016040802002,False,True,/home/tariq/Desktop/Awais-Tariq/base-KD/reports/cifar10_full_audit/mamba_scratch/failure_images/00943_true-deer_pred-frog.png,false_negative_for_deer;false_positive_for_frog
945,cifar10_test_00945,/home/tariq/Desktop/Awais-Tariq/base-KD/data/cifar-10-batches-py/test_batch,945,cat,airplane,0.9240289330482483,False,True,/home/tariq/Desktop/Awais-Tariq/base-KD/reports/cifar10_full_audit/mamba_scratch/failure_images/00945_true-cat_pred-airplane.png,false_negative_for_cat;false_positive_for_airplane
948,cifar10_test_00948,/home/tariq/Desktop/Awais-Tariq/base-KD/data/cifar-10-batches-py/test_batch,948,cat,deer,0.9996374845504761,False,True,/home/tariq/Desktop/Awais-Tariq/base-KD/reports/cifar10_full_audit/mamba_scratch/failure_images/00948_true-cat_pred-deer.png,false_negative_for_cat;false_positive_for_deer
956,cifar10_test_00956,/home/tariq/Desktop/Awais-Tariq/base-KD/data/cifar-10-batches-py/test_batch,956,airplane,bird,0.986391544342041,False,True,/home/tariq/Desktop/Awais-Tariq/base-KD/reports/cifar10_full_audit/mamba_scratch/failure_images/00956_true-airplane_pred-bird.png,false_negative_for_airplane;false_positive_for_bird
957,cifar10_test_00957,/home/tariq/Desktop/Awais-Tariq/base-KD/data/cifar-10-batches-py/test_batch,957,cat,dog,0.9969968795776367,False,True,/home/tariq/Desktop/Awais-Tariq/base-KD/reports/cifar10_full_audit/mamba_scratch/failure_images/00957_true-cat_pred-dog.png,false_negative_for_cat;false_positive_for_dog
974,cifar10_test_00974,/home/tariq/Desktop/Awais-Tariq/base-KD/data/cifar-10-batches-py/test_batch,974,horse,cat,0.3973962366580963,False,True,/home/tariq/Desktop/Awais-Tariq/base-KD/reports/cifar10_full_audit/mamba_scratch/failure_images/00974_true-horse_pred-cat.png,false_negative_for_horse;false_positive_for_cat
982,cifar10_test_00982,/home/tariq/Desktop/Awais-Tariq/base-KD/data/cifar-10-batches-py/test_batch,982,airplane,horse,0.7992216944694519,False,False,/home/tariq/Desktop/Awais-Tariq/base-KD/reports/cifar10_full_audit/mamba_scratch/failure_images/00982_true-airplane_pred-horse.png,false_negative_for_airplane;false_positive_for_horse
991,cifar10_test_00991,/home/tariq/Desktop/Awais-Tariq/base-KD/data/cifar-10-batches-py/test_batch,991,dog,cat,0.8937000036239624,False,True,/home/tariq/Desktop/Awais-Tariq/base-KD/reports/cifar10_full_audit/mamba_scratch/failure_images/00991_true-dog_pred-cat.png,false_negative_for_dog;false_positive_for_cat
993,cifar10_test_00993,/home/tariq/Desktop/Awais-Tariq/base-KD/data/cifar-10-batches-py/test_batch,993,deer,horse,0.6049582362174988,False,True,/home/tariq/Desktop/Awais-Tariq/base-KD/reports/cifar10_full_audit/mamba_scratch/failure_images/00993_true-deer_pred-horse.png,false_negative_for_deer;false_positive_for_horse
1019,cifar10_test_01019,/home/tariq/Desktop/Awais-Tariq/base-KD/data/cifar-10-batches-py/test_batch,1019,dog,airplane,0.542341947555542,False,True,/home/tariq/Desktop/Awais-Tariq/base-KD/reports/cifar10_full_audit/mamba_scratch/failure_images/01019_true-dog_pred-airplane.png,false_negative_for_dog;false_positive_for_airplane
1031,cifar10_test_01031,/home/tariq/Desktop/Awais-Tariq/base-KD/data/cifar-10-batches-py/test_batch,1031,cat,dog,0.7440641522407532,False,True,/home/tariq/Desktop/Awais-Tariq/base-KD/reports/cifar10_full_audit/mamba_scratch/failure_images/01031_true-cat_pred-dog.png,false_negative_for_cat;false_positive_for_dog
1032,cifar10_test_01032,/home/tariq/Desktop/Awais-Tariq/base-KD/data/cifar-10-batches-py/test_batch,1032,frog,bird,0.7982587814331055,False,True,/home/tariq/Desktop/Awais-Tariq/base-KD/reports/cifar10_full_audit/mamba_scratch/failure_images/01032_true-frog_pred-bird.png,false_negative_for_frog;false_positive_for_bird
1034,cifar10_test_01034,/home/tariq/Desktop/Awais-Tariq/base-KD/data/cifar-10-batches-py/test_batch,1034,frog,cat,0.4981846213340759,False,True,/home/tariq/Desktop/Awais-Tariq/base-KD/reports/cifar10_full_audit/mamba_scratch/failure_images/01034_true-frog_pred-cat.png,false_negative_for_frog;false_positive_for_cat
1035,cifar10_test_01035,/home/tariq/Desktop/Awais-Tariq/base-KD/data/cifar-10-batches-py/test_batch,1035,frog,cat,0.8932614922523499,False,True,/home/tariq/Desktop/Awais-Tariq/base-KD/reports/cifar10_full_audit/mamba_scratch/failure_images/01035_true-frog_pred-cat.png,false_negative_for_frog;false_positive_for_cat
1042,cifar10_test_01042,/home/tariq/Desktop/Awais-Tariq/base-KD/data/cifar-10-batches-py/test_batch,1042,dog,bird,0.8436648845672607,False,True,/home/tariq/Desktop/Awais-Tariq/base-KD/reports/cifar10_full_audit/mamba_scratch/failure_images/01042_true-dog_pred-bird.png,false_negative_for_dog;false_positive_for_bird
1065,cifar10_test_01065,/home/tariq/Desktop/Awais-Tariq/base-KD/data/cifar-10-batches-py/test_batch,1065,cat,truck,0.8895034193992615,False,True,/home/tariq/Desktop/Awais-Tariq/base-KD/reports/cifar10_full_audit/mamba_scratch/failure_images/01065_true-cat_pred-truck.png,false_negative_for_cat;false_positive_for_truck
1072,cifar10_test_01072,/home/tariq/Desktop/Awais-Tariq/base-KD/data/cifar-10-batches-py/test_batch,1072,airplane,ship,0.999970555305481,False,True,/home/tariq/Desktop/Awais-Tariq/base-KD/reports/cifar10_full_audit/mamba_scratch/failure_images/01072_true-airplane_pred-ship.png,false_negative_for_airplane;false_positive_for_ship
1074,cifar10_test_01074,/home/tariq/Desktop/Awais-Tariq/base-KD/data/cifar-10-batches-py/test_batch,1074,cat,bird,0.9997228980064392,False,True,/home/tariq/Desktop/Awais-Tariq/base-KD/reports/cifar10_full_audit/mamba_scratch/failure_images/01074_true-cat_pred-bird.png,false_negative_for_cat;false_positive_for_bird
1080,cifar10_test_01080,/home/tariq/Desktop/Awais-Tariq/base-KD/data/cifar-10-batches-py/test_batch,1080,frog,automobile,0.8001963496208191,False,True,/home/tariq/Desktop/Awais-Tariq/base-KD/reports/cifar10_full_audit/mamba_scratch/failure_images/01080_true-frog_pred-automobile.png,false_negative_for_frog;false_positive_for_automobile
1088,cifar10_test_01088,/home/tariq/Desktop/Awais-Tariq/base-KD/data/cifar-10-batches-py/test_batch,1088,cat,dog,0.9999985694885254,False,True,/home/tariq/Desktop/Awais-Tariq/base-KD/reports/cifar10_full_audit/mamba_scratch/failure_images/01088_true-cat_pred-dog.png,false_negative_for_cat;false_positive_for_dog
1094,cifar10_test_01094,/home/tariq/Desktop/Awais-Tariq/base-KD/data/cifar-10-batches-py/test_batch,1094,frog,cat,0.5402469038963318,False,True,/home/tariq/Desktop/Awais-Tariq/base-KD/reports/cifar10_full_audit/mamba_scratch/failure_images/01094_true-frog_pred-cat.png,false_negative_for_frog;false_positive_for_cat
1105,cifar10_test_01105,/home/tariq/Desktop/Awais-Tariq/base-KD/data/cifar-10-batches-py/test_batch,1105,deer,bird,0.7737001776695251,False,True,/home/tariq/Desktop/Awais-Tariq/base-KD/reports/cifar10_full_audit/mamba_scratch/failure_images/01105_true-deer_pred-bird.png,false_negative_for_deer;false_positive_for_bird
1124,cifar10_test_01124,/home/tariq/Desktop/Awais-Tariq/base-KD/data/cifar-10-batches-py/test_batch,1124,cat,bird,0.9109192490577698,False,True,/home/tariq/Desktop/Awais-Tariq/base-KD/reports/cifar10_full_audit/mamba_scratch/failure_images/01124_true-cat_pred-bird.png,false_negative_for_cat;false_positive_for_bird
1131,cifar10_test_01131,/home/tariq/Desktop/Awais-Tariq/base-KD/data/cifar-10-batches-py/test_batch,1131,automobile,truck,0.9966185092926025,False,True,/home/tariq/Desktop/Awais-Tariq/base-KD/reports/cifar10_full_audit/mamba_scratch/failure_images/01131_true-automobile_pred-truck.png,false_negative_for_automobile;false_positive_for_truck
1132,cifar10_test_01132,/home/tariq/Desktop/Awais-Tariq/base-KD/data/cifar-10-batches-py/test_batch,1132,bird,cat,0.7680201530456543,False,True,/home/tariq/Desktop/Awais-Tariq/base-KD/reports/cifar10_full_audit/mamba_scratch/failure_images/01132_true-bird_pred-cat.png,false_negative_for_bird;false_positive_for_cat
1137,cifar10_test_01137,/home/tariq/Desktop/Awais-Tariq/base-KD/data/cifar-10-batches-py/test_batch,1137,airplane,truck,0.9970678687095642,False,True,/home/tariq/Desktop/Awais-Tariq/base-KD/reports/cifar10_full_audit/mamba_scratch/failure_images/01137_true-airplane_pred-truck.png,false_negative_for_airplane;false_positive_for_truck
1138,cifar10_test_01138,/home/tariq/Desktop/Awais-Tariq/base-KD/data/cifar-10-batches-py/test_batch,1138,dog,cat,0.6913716793060303,False,True,/home/tariq/Desktop/Awais-Tariq/base-KD/reports/cifar10_full_audit/mamba_scratch/failure_images/01138_true-dog_pred-cat.png,false_negative_for_dog;false_positive_for_cat
1147,cifar10_test_01147,/home/tariq/Desktop/Awais-Tariq/base-KD/data/cifar-10-batches-py/test_batch,1147,frog,truck,0.9214205145835876,False,True,/home/tariq/Desktop/Awais-Tariq/base-KD/reports/cifar10_full_audit/mamba_scratch/failure_images/01147_true-frog_pred-truck.png,false_negative_for_frog;false_positive_for_truck
1150,cifar10_test_01150,/home/tariq/Desktop/Awais-Tariq/base-KD/data/cifar-10-batches-py/test_batch,1150,bird,deer,0.7961394786834717,False,False,/home/tariq/Desktop/Awais-Tariq/base-KD/reports/cifar10_full_audit/mamba_scratch/failure_images/01150_true-bird_pred-deer.png,false_negative_for_bird;false_positive_for_deer
1159,cifar10_test_01159,/home/tariq/Desktop/Awais-Tariq/base-KD/data/cifar-10-batches-py/test_batch,1159,ship,truck,0.6915497779846191,False,True,/home/tariq/Desktop/Awais-Tariq/base-KD/reports/cifar10_full_audit/mamba_scratch/failure_images/01159_true-ship_pred-truck.png,false_negative_for_ship;false_positive_for_truck
1166,cifar10_test_01166,/home/tariq/Desktop/Awais-Tariq/base-KD/data/cifar-10-batches-py/test_batch,1166,cat,dog,0.9289277791976929,False,True,/home/tariq/Desktop/Awais-Tariq/base-KD/reports/cifar10_full_audit/mamba_scratch/failure_images/01166_true-cat_pred-dog.png,false_negative_for_cat;false_positive_for_dog
1177,cifar10_test_01177,/home/tariq/Desktop/Awais-Tariq/base-KD/data/cifar-10-batches-py/test_batch,1177,truck,automobile,0.7122636437416077,False,True,/home/tariq/Desktop/Awais-Tariq/base-KD/reports/cifar10_full_audit/mamba_scratch/failure_images/01177_true-truck_pred-automobile.png,false_negative_for_truck;false_positive_for_automobile
1178,cifar10_test_01178,/home/tariq/Desktop/Awais-Tariq/base-KD/data/cifar-10-batches-py/test_batch,1178,frog,bird,0.8179640173912048,False,True,/home/tariq/Desktop/Awais-Tariq/base-KD/reports/cifar10_full_audit/mamba_scratch/failure_images/01178_true-frog_pred-bird.png,false_negative_for_frog;false_positive_for_bird
1180,cifar10_test_01180,/home/tariq/Desktop/Awais-Tariq/base-KD/data/cifar-10-batches-py/test_batch,1180,cat,dog,0.7111899256706238,False,True,/home/tariq/Desktop/Awais-Tariq/base-KD/reports/cifar10_full_audit/mamba_scratch/failure_images/01180_true-cat_pred-dog.png,false_negative_for_cat;false_positive_for_dog
1199,cifar10_test_01199,/home/tariq/Desktop/Awais-Tariq/base-KD/data/cifar-10-batches-py/test_batch,1199,truck,automobile,0.7294836044311523,False,True,/home/tariq/Desktop/Awais-Tariq/base-KD/reports/cifar10_full_audit/mamba_scratch/failure_images/01199_true-truck_pred-automobile.png,false_negative_for_truck;false_positive_for_automobile
1222,cifar10_test_01222,/home/tariq/Desktop/Awais-Tariq/base-KD/data/cifar-10-batches-py/test_batch,1222,truck,automobile,0.9929332733154297,False,True,/home/tariq/Desktop/Awais-Tariq/base-KD/reports/cifar10_full_audit/mamba_scratch/failure_images/01222_true-truck_pred-automobile.png,false_negative_for_truck;false_positive_for_automobile
1228,cifar10_test_01228,/home/tariq/Desktop/Awais-Tariq/base-KD/data/cifar-10-batches-py/test_batch,1228,dog,cat,0.6717338562011719,False,True,/home/tariq/Desktop/Awais-Tariq/base-KD/reports/cifar10_full_audit/mamba_scratch/failure_images/01228_true-dog_pred-cat.png,false_negative_for_dog;false_positive_for_cat
1230,cifar10_test_01230,/home/tariq/Desktop/Awais-Tariq/base-KD/data/cifar-10-batches-py/test_batch,1230,dog,cat,0.9973337650299072,False,True,/home/tariq/Desktop/Awais-Tariq/base-KD/reports/cifar10_full_audit/mamba_scratch/failure_images/01230_true-dog_pred-cat.png,false_negative_for_dog;false_positive_for_cat
1236,cifar10_test_01236,/home/tariq/Desktop/Awais-Tariq/base-KD/data/cifar-10-batches-py/test_batch,1236,horse,bird,0.5916128158569336,False,False,/home/tariq/Desktop/Awais-Tariq/base-KD/reports/cifar10_full_audit/mamba_scratch/failure_images/01236_true-horse_pred-bird.png,false_negative_for_horse;false_positive_for_bird
1244,cifar10_test_01244,/home/tariq/Desktop/Awais-Tariq/base-KD/data/cifar-10-batches-py/test_batch,1244,dog,deer,0.42163801193237305,False,True,/home/tariq/Desktop/Awais-Tariq/base-KD/reports/cifar10_full_audit/mamba_scratch/failure_images/01244_true-dog_pred-deer.png,false_negative_for_dog;false_positive_for_deer
1249,cifar10_test_01249,/home/tariq/Desktop/Awais-Tariq/base-KD/data/cifar-10-batches-py/test_batch,1249,deer,frog,0.7766239643096924,False,True,/home/tariq/Desktop/Awais-Tariq/base-KD/reports/cifar10_full_audit/mamba_scratch/failure_images/01249_true-deer_pred-frog.png,false_negative_for_deer;false_positive_for_frog
1251,cifar10_test_01251,/home/tariq/Desktop/Awais-Tariq/base-KD/data/cifar-10-batches-py/test_batch,1251,bird,horse,0.8996415734291077,False,True,/home/tariq/Desktop/Awais-Tariq/base-KD/reports/cifar10_full_audit/mamba_scratch/failure_images/01251_true-bird_pred-horse.png,false_negative_for_bird;false_positive_for_horse
1265,cifar10_test_01265,/home/tariq/Desktop/Awais-Tariq/base-KD/data/cifar-10-batches-py/test_batch,1265,truck,automobile,0.9972997307777405,False,True,/home/tariq/Desktop/Awais-Tariq/base-KD/reports/cifar10_full_audit/mamba_scratch/failure_images/01265_true-truck_pred-automobile.png,false_negative_for_truck;false_positive_for_automobile
1277,cifar10_test_01277,/home/tariq/Desktop/Awais-Tariq/base-KD/data/cifar-10-batches-py/test_batch,1277,bird,cat,0.9014937877655029,False,True,/home/tariq/Desktop/Awais-Tariq/base-KD/reports/cifar10_full_audit/mamba_scratch/failure_images/01277_true-bird_pred-cat.png,false_negative_for_bird;false_positive_for_cat
1303,cifar10_test_01303,/home/tariq/Desktop/Awais-Tariq/base-KD/data/cifar-10-batches-py/test_batch,1303,deer,frog,0.9977366924285889,False,True,/home/tariq/Desktop/Awais-Tariq/base-KD/reports/cifar10_full_audit/mamba_scratch/failure_images/01303_true-deer_pred-frog.png,false_negative_for_deer;false_positive_for_frog
1306,cifar10_test_01306,/home/tariq/Desktop/Awais-Tariq/base-KD/data/cifar-10-batches-py/test_batch,1306,automobile,truck,0.5110425353050232,False,True,/home/tariq/Desktop/Awais-Tariq/base-KD/reports/cifar10_full_audit/mamba_scratch/failure_images/01306_true-automobile_pred-truck.png,false_negative_for_automobile;false_positive_for_truck
1307,cifar10_test_01307,/home/tariq/Desktop/Awais-Tariq/base-KD/data/cifar-10-batches-py/test_batch,1307,bird,airplane,0.504706621170044,False,True,/home/tariq/Desktop/Awais-Tariq/base-KD/reports/cifar10_full_audit/mamba_scratch/failure_images/01307_true-bird_pred-airplane.png,false_negative_for_bird;false_positive_for_airplane
1325,cifar10_test_01325,/home/tariq/Desktop/Awais-Tariq/base-KD/data/cifar-10-batches-py/test_batch,1325,bird,deer,0.9999526739120483,False,True,/home/tariq/Desktop/Awais-Tariq/base-KD/reports/cifar10_full_audit/mamba_scratch/failure_images/01325_true-bird_pred-deer.png,false_negative_for_bird;false_positive_for_deer
1339,cifar10_test_01339,/home/tariq/Desktop/Awais-Tariq/base-KD/data/cifar-10-batches-py/test_batch,1339,dog,cat,0.7320122122764587,False,True,/home/tariq/Desktop/Awais-Tariq/base-KD/reports/cifar10_full_audit/mamba_scratch/failure_images/01339_true-dog_pred-cat.png,false_negative_for_dog;false_positive_for_cat
1346,cifar10_test_01346,/home/tariq/Desktop/Awais-Tariq/base-KD/data/cifar-10-batches-py/test_batch,1346,cat,truck,0.9862126111984253,False,True,/home/tariq/Desktop/Awais-Tariq/base-KD/reports/cifar10_full_audit/mamba_scratch/failure_images/01346_true-cat_pred-truck.png,false_negative_for_cat;false_positive_for_truck
1353,cifar10_test_01353,/home/tariq/Desktop/Awais-Tariq/base-KD/data/cifar-10-batches-py/test_batch,1353,cat,deer,0.976077139377594,False,True,/home/tariq/Desktop/Awais-Tariq/base-KD/reports/cifar10_full_audit/mamba_scratch/failure_images/01353_true-cat_pred-deer.png,false_negative_for_cat;false_positive_for_deer
1355,cifar10_test_01355,/home/tariq/Desktop/Awais-Tariq/base-KD/data/cifar-10-batches-py/test_batch,1355,dog,horse,0.957209050655365,False,True,/home/tariq/Desktop/Awais-Tariq/base-KD/reports/cifar10_full_audit/mamba_scratch/failure_images/01355_true-dog_pred-horse.png,false_negative_for_dog;false_positive_for_horse
1385,cifar10_test_01385,/home/tariq/Desktop/Awais-Tariq/base-KD/data/cifar-10-batches-py/test_batch,1385,dog,cat,0.908722996711731,False,True,/home/tariq/Desktop/Awais-Tariq/base-KD/reports/cifar10_full_audit/mamba_scratch/failure_images/01385_true-dog_pred-cat.png,false_negative_for_dog;false_positive_for_cat
1399,cifar10_test_01399,/home/tariq/Desktop/Awais-Tariq/base-KD/data/cifar-10-batches-py/test_batch,1399,bird,airplane,0.9968048334121704,False,True,/home/tariq/Desktop/Awais-Tariq/base-KD/reports/cifar10_full_audit/mamba_scratch/failure_images/01399_true-bird_pred-airplane.png,false_negative_for_bird;false_positive_for_airplane
1420,cifar10_test_01420,/home/tariq/Desktop/Awais-Tariq/base-KD/data/cifar-10-batches-py/test_batch,1420,deer,horse,0.9449439644813538,False,True,/home/tariq/Desktop/Awais-Tariq/base-KD/reports/cifar10_full_audit/mamba_scratch/failure_images/01420_true-deer_pred-horse.png,false_negative_for_deer;false_positive_for_horse
1439,cifar10_test_01439,/home/tariq/Desktop/Awais-Tariq/base-KD/data/cifar-10-batches-py/test_batch,1439,truck,automobile,0.9615731239318848,False,True,/home/tariq/Desktop/Awais-Tariq/base-KD/reports/cifar10_full_audit/mamba_scratch/failure_images/01439_true-truck_pred-automobile.png,false_negative_for_truck;false_positive_for_automobile
1445,cifar10_test_01445,/home/tariq/Desktop/Awais-Tariq/base-KD/data/cifar-10-batches-py/test_batch,1445,cat,deer,0.6384952664375305,False,True,/home/tariq/Desktop/Awais-Tariq/base-KD/reports/cifar10_full_audit/mamba_scratch/failure_images/01445_true-cat_pred-deer.png,false_negative_for_cat;false_positive_for_deer
1470,cifar10_test_01470,/home/tariq/Desktop/Awais-Tariq/base-KD/data/cifar-10-batches-py/test_batch,1470,horse,dog,0.45954978466033936,False,True,/home/tariq/Desktop/Awais-Tariq/base-KD/reports/cifar10_full_audit/mamba_scratch/failure_images/01470_true-horse_pred-dog.png,false_negative_for_horse;false_positive_for_dog
1471,cifar10_test_01471,/home/tariq/Desktop/Awais-Tariq/base-KD/data/cifar-10-batches-py/test_batch,1471,ship,airplane,0.9917826652526855,False,True,/home/tariq/Desktop/Awais-Tariq/base-KD/reports/cifar10_full_audit/mamba_scratch/failure_images/01471_true-ship_pred-airplane.png,false_negative_for_ship;false_positive_for_airplane
1474,cifar10_test_01474,/home/tariq/Desktop/Awais-Tariq/base-KD/data/cifar-10-batches-py/test_batch,1474,cat,horse,0.8526924848556519,False,True,/home/tariq/Desktop/Awais-Tariq/base-KD/reports/cifar10_full_audit/mamba_scratch/failure_images/01474_true-cat_pred-horse.png,false_negative_for_cat;false_positive_for_horse
1480,cifar10_test_01480,/home/tariq/Desktop/Awais-Tariq/base-KD/data/cifar-10-batches-py/test_batch,1480,automobile,horse,0.5256038308143616,False,True,/home/tariq/Desktop/Awais-Tariq/base-KD/reports/cifar10_full_audit/mamba_scratch/failure_images/01480_true-automobile_pred-horse.png,false_negative_for_automobile;false_positive_for_horse
1495,cifar10_test_01495,/home/tariq/Desktop/Awais-Tariq/base-KD/data/cifar-10-batches-py/test_batch,1495,bird,airplane,0.970115602016449,False,True,/home/tariq/Desktop/Awais-Tariq/base-KD/reports/cifar10_full_audit/mamba_scratch/failure_images/01495_true-bird_pred-airplane.png,false_negative_for_bird;false_positive_for_airplane
1498,cifar10_test_01498,/home/tariq/Desktop/Awais-Tariq/base-KD/data/cifar-10-batches-py/test_batch,1498,dog,cat,0.9853292107582092,False,True,/home/tariq/Desktop/Awais-Tariq/base-KD/reports/cifar10_full_audit/mamba_scratch/failure_images/01498_true-dog_pred-cat.png,false_negative_for_dog;false_positive_for_cat
1501,cifar10_test_01501,/home/tariq/Desktop/Awais-Tariq/base-KD/data/cifar-10-batches-py/test_batch,1501,bird,frog,0.4622751772403717,False,True,/home/tariq/Desktop/Awais-Tariq/base-KD/reports/cifar10_full_audit/mamba_scratch/failure_images/01501_true-bird_pred-frog.png,false_negative_for_bird;false_positive_for_frog
1506,cifar10_test_01506,/home/tariq/Desktop/Awais-Tariq/base-KD/data/cifar-10-batches-py/test_batch,1506,dog,horse,0.5079273581504822,False,True,/home/tariq/Desktop/Awais-Tariq/base-KD/reports/cifar10_full_audit/mamba_scratch/failure_images/01506_true-dog_pred-horse.png,false_negative_for_dog;false_positive_for_horse
1527,cifar10_test_01527,/home/tariq/Desktop/Awais-Tariq/base-KD/data/cifar-10-batches-py/test_batch,1527,dog,cat,0.998552143573761,False,True,/home/tariq/Desktop/Awais-Tariq/base-KD/reports/cifar10_full_audit/mamba_scratch/failure_images/01527_true-dog_pred-cat.png,false_negative_for_dog;false_positive_for_cat
1529,cifar10_test_01529,/home/tariq/Desktop/Awais-Tariq/base-KD/data/cifar-10-batches-py/test_batch,1529,deer,frog,0.9965027570724487,False,False,/home/tariq/Desktop/Awais-Tariq/base-KD/reports/cifar10_full_audit/mamba_scratch/failure_images/01529_true-deer_pred-frog.png,false_negative_for_deer;false_positive_for_frog
1536,cifar10_test_01536,/home/tariq/Desktop/Awais-Tariq/base-KD/data/cifar-10-batches-py/test_batch,1536,dog,cat,0.9794673323631287,False,True,/home/tariq/Desktop/Awais-Tariq/base-KD/reports/cifar10_full_audit/mamba_scratch/failure_images/01536_true-dog_pred-cat.png,false_negative_for_dog;false_positive_for_cat
1538,cifar10_test_01538,/home/tariq/Desktop/Awais-Tariq/base-KD/data/cifar-10-batches-py/test_batch,1538,cat,truck,0.8950403332710266,False,True,/home/tariq/Desktop/Awais-Tariq/base-KD/reports/cifar10_full_audit/mamba_scratch/failure_images/01538_true-cat_pred-truck.png,false_negative_for_cat;false_positive_for_truck
1548,cifar10_test_01548,/home/tariq/Desktop/Awais-Tariq/base-KD/data/cifar-10-batches-py/test_batch,1548,dog,ship,0.9743769764900208,False,True,/home/tariq/Desktop/Awais-Tariq/base-KD/reports/cifar10_full_audit/mamba_scratch/failure_images/01548_true-dog_pred-ship.png,false_negative_for_dog;false_positive_for_ship
1552,cifar10_test_01552,/home/tariq/Desktop/Awais-Tariq/base-KD/data/cifar-10-batches-py/test_batch,1552,cat,horse,0.9324869513511658,False,True,/home/tariq/Desktop/Awais-Tariq/base-KD/reports/cifar10_full_audit/mamba_scratch/failure_images/01552_true-cat_pred-horse.png,false_negative_for_cat;false_positive_for_horse
1577,cifar10_test_01577,/home/tariq/Desktop/Awais-Tariq/base-KD/data/cifar-10-batches-py/test_batch,1577,dog,cat,0.8687695860862732,False,True,/home/tariq/Desktop/Awais-Tariq/base-KD/reports/cifar10_full_audit/mamba_scratch/failure_images/01577_true-dog_pred-cat.png,false_negative_for_dog;false_positive_for_cat
1580,cifar10_test_01580,/home/tariq/Desktop/Awais-Tariq/base-KD/data/cifar-10-batches-py/test_batch,1580,frog,bird,0.8515384793281555,False,True,/home/tariq/Desktop/Awais-Tariq/base-KD/reports/cifar10_full_audit/mamba_scratch/failure_images/01580_true-frog_pred-bird.png,false_negative_for_frog;false_positive_for_bird
1622,cifar10_test_01622,/home/tariq/Desktop/Awais-Tariq/base-KD/data/cifar-10-batches-py/test_batch,1622,deer,cat,0.3546411991119385,False,True,/home/tariq/Desktop/Awais-Tariq/base-KD/reports/cifar10_full_audit/mamba_scratch/failure_images/01622_true-deer_pred-cat.png,false_negative_for_deer;false_positive_for_cat
1644,cifar10_test_01644,/home/tariq/Desktop/Awais-Tariq/base-KD/data/cifar-10-batches-py/test_batch,1644,bird,cat,0.9040591716766357,False,True,/home/tariq/Desktop/Awais-Tariq/base-KD/reports/cifar10_full_audit/mamba_scratch/failure_images/01644_true-bird_pred-cat.png,false_negative_for_bird;false_positive_for_cat
1673,cifar10_test_01673,/home/tariq/Desktop/Awais-Tariq/base-KD/data/cifar-10-batches-py/test_batch,1673,bird,airplane,0.532133162021637,False,True,/home/tariq/Desktop/Awais-Tariq/base-KD/reports/cifar10_full_audit/mamba_scratch/failure_images/01673_true-bird_pred-airplane.png,false_negative_for_bird;false_positive_for_airplane
1681,cifar10_test_01681,/home/tariq/Desktop/Awais-Tariq/base-KD/data/cifar-10-batches-py/test_batch,1681,dog,horse,0.9982655644416809,False,True,/home/tariq/Desktop/Awais-Tariq/base-KD/reports/cifar10_full_audit/mamba_scratch/failure_images/01681_true-dog_pred-horse.png,false_negative_for_dog;false_positive_for_horse
1684,cifar10_test_01684,/home/tariq/Desktop/Awais-Tariq/base-KD/data/cifar-10-batches-py/test_batch,1684,automobile,ship,0.9634679555892944,False,True,/home/tariq/Desktop/Awais-Tariq/base-KD/reports/cifar10_full_audit/mamba_scratch/failure_images/01684_true-automobile_pred-ship.png,false_negative_for_automobile;false_positive_for_ship
1685,cifar10_test_01685,/home/tariq/Desktop/Awais-Tariq/base-KD/data/cifar-10-batches-py/test_batch,1685,ship,bird,0.971866250038147,False,False,/home/tariq/Desktop/Awais-Tariq/base-KD/reports/cifar10_full_audit/mamba_scratch/failure_images/01685_true-ship_pred-bird.png,false_negative_for_ship;false_positive_for_bird
1693,cifar10_test_01693,/home/tariq/Desktop/Awais-Tariq/base-KD/data/cifar-10-batches-py/test_batch,1693,deer,ship,0.9993680119514465,False,True,/home/tariq/Desktop/Awais-Tariq/base-KD/reports/cifar10_full_audit/mamba_scratch/failure_images/01693_true-deer_pred-ship.png,false_negative_for_deer;false_positive_for_ship
1702,cifar10_test_01702,/home/tariq/Desktop/Awais-Tariq/base-KD/data/cifar-10-batches-py/test_batch,1702,truck,ship,0.913719654083252,False,True,/home/tariq/Desktop/Awais-Tariq/base-KD/reports/cifar10_full_audit/mamba_scratch/failure_images/01702_true-truck_pred-ship.png,false_negative_for_truck;false_positive_for_ship
1713,cifar10_test_01713,/home/tariq/Desktop/Awais-Tariq/base-KD/data/cifar-10-batches-py/test_batch,1713,ship,truck,0.6343826651573181,False,True,/home/tariq/Desktop/Awais-Tariq/base-KD/reports/cifar10_full_audit/mamba_scratch/failure_images/01713_true-ship_pred-truck.png,false_negative_for_ship;false_positive_for_truck
1714,cifar10_test_01714,/home/tariq/Desktop/Awais-Tariq/base-KD/data/cifar-10-batches-py/test_batch,1714,airplane,bird,0.6939546465873718,False,True,/home/tariq/Desktop/Awais-Tariq/base-KD/reports/cifar10_full_audit/mamba_scratch/failure_images/01714_true-airplane_pred-bird.png,false_negative_for_airplane;false_positive_for_bird
1718,cifar10_test_01718,/home/tariq/Desktop/Awais-Tariq/base-KD/data/cifar-10-batches-py/test_batch,1718,airplane,ship,0.9996299743652344,False,True,/home/tariq/Desktop/Awais-Tariq/base-KD/reports/cifar10_full_audit/mamba_scratch/failure_images/01718_true-airplane_pred-ship.png,false_negative_for_airplane;false_positive_for_ship
1721,cifar10_test_01721,/home/tariq/Desktop/Awais-Tariq/base-KD/data/cifar-10-batches-py/test_batch,1721,ship,bird,0.4735526442527771,False,True,/home/tariq/Desktop/Awais-Tariq/base-KD/reports/cifar10_full_audit/mamba_scratch/failure_images/01721_true-ship_pred-bird.png,false_negative_for_ship;false_positive_for_bird
1727,cifar10_test_01727,/home/tariq/Desktop/Awais-Tariq/base-KD/data/cifar-10-batches-py/test_batch,1727,truck,airplane,0.8226398229598999,False,True,/home/tariq/Desktop/Awais-Tariq/base-KD/reports/cifar10_full_audit/mamba_scratch/failure_images/01727_true-truck_pred-airplane.png,false_negative_for_truck;false_positive_for_airplane
1731,cifar10_test_01731,/home/tariq/Desktop/Awais-Tariq/base-KD/data/cifar-10-batches-py/test_batch,1731,dog,frog,0.6514836549758911,False,True,/home/tariq/Desktop/Awais-Tariq/base-KD/reports/cifar10_full_audit/mamba_scratch/failure_images/01731_true-dog_pred-frog.png,false_negative_for_dog;false_positive_for_frog
1739,cifar10_test_01739,/home/tariq/Desktop/Awais-Tariq/base-KD/data/cifar-10-batches-py/test_batch,1739,airplane,horse,0.7174134850502014,False,True,/home/tariq/Desktop/Awais-Tariq/base-KD/reports/cifar10_full_audit/mamba_scratch/failure_images/01739_true-airplane_pred-horse.png,false_negative_for_airplane;false_positive_for_horse
1764,cifar10_test_01764,/home/tariq/Desktop/Awais-Tariq/base-KD/data/cifar-10-batches-py/test_batch,1764,dog,bird,0.7106815576553345,False,True,/home/tariq/Desktop/Awais-Tariq/base-KD/reports/cifar10_full_audit/mamba_scratch/failure_images/01764_true-dog_pred-bird.png,false_negative_for_dog;false_positive_for_bird
1772,cifar10_test_01772,/home/tariq/Desktop/Awais-Tariq/base-KD/data/cifar-10-batches-py/test_batch,1772,ship,airplane,0.9978698492050171,False,True,/home/tariq/Desktop/Awais-Tariq/base-KD/reports/cifar10_full_audit/mamba_scratch/failure_images/01772_true-ship_pred-airplane.png,false_negative_for_ship;false_positive_for_airplane
1787,cifar10_test_01787,/home/tariq/Desktop/Awais-Tariq/base-KD/data/cifar-10-batches-py/test_batch,1787,cat,dog,0.964730978012085,False,True,/home/tariq/Desktop/Awais-Tariq/base-KD/reports/cifar10_full_audit/mamba_scratch/failure_images/01787_true-cat_pred-dog.png,false_negative_for_cat;false_positive_for_dog
1788,cifar10_test_01788,/home/tariq/Desktop/Awais-Tariq/base-KD/data/cifar-10-batches-py/test_batch,1788,cat,dog,0.9938329458236694,False,True,/home/tariq/Desktop/Awais-Tariq/base-KD/reports/cifar10_full_audit/mamba_scratch/failure_images/01788_true-cat_pred-dog.png,false_negative_for_cat;false_positive_for_dog
1794,cifar10_test_01794,/home/tariq/Desktop/Awais-Tariq/base-KD/data/cifar-10-batches-py/test_batch,1794,cat,dog,0.5374457240104675,False,True,/home/tariq/Desktop/Awais-Tariq/base-KD/reports/cifar10_full_audit/mamba_scratch/failure_images/01794_true-cat_pred-dog.png,false_negative_for_cat;false_positive_for_dog
1803,cifar10_test_01803,/home/tariq/Desktop/Awais-Tariq/base-KD/data/cifar-10-batches-py/test_batch,1803,bird,cat,0.7605383992195129,False,True,/home/tariq/Desktop/Awais-Tariq/base-KD/reports/cifar10_full_audit/mamba_scratch/failure_images/01803_true-bird_pred-cat.png,false_negative_for_bird;false_positive_for_cat
1813,cifar10_test_01813,/home/tariq/Desktop/Awais-Tariq/base-KD/data/cifar-10-batches-py/test_batch,1813,cat,dog,0.9725826382637024,False,True,/home/tariq/Desktop/Awais-Tariq/base-KD/reports/cifar10_full_audit/mamba_scratch/failure_images/01813_true-cat_pred-dog.png,false_negative_for_cat;false_positive_for_dog
1814,cifar10_test_01814,/home/tariq/Desktop/Awais-Tariq/base-KD/data/cifar-10-batches-py/test_batch,1814,truck,automobile,0.9549112319946289,False,True,/home/tariq/Desktop/Awais-Tariq/base-KD/reports/cifar10_full_audit/mamba_scratch/failure_images/01814_true-truck_pred-automobile.png,false_negative_for_truck;false_positive_for_automobile
1822,cifar10_test_01822,/home/tariq/Desktop/Awais-Tariq/base-KD/data/cifar-10-batches-py/test_batch,1822,horse,truck,0.7097172141075134,False,True,/home/tariq/Desktop/Awais-Tariq/base-KD/reports/cifar10_full_audit/mamba_scratch/failure_images/01822_true-horse_pred-truck.png,false_negative_for_horse;false_positive_for_truck
1823,cifar10_test_01823,/home/tariq/Desktop/Awais-Tariq/base-KD/data/cifar-10-batches-py/test_batch,1823,airplane,horse,0.6798318028450012,False,True,/home/tariq/Desktop/Awais-Tariq/base-KD/reports/cifar10_full_audit/mamba_scratch/failure_images/01823_true-airplane_pred-horse.png,false_negative_for_airplane;false_positive_for_horse
1835,cifar10_test_01835,/home/tariq/Desktop/Awais-Tariq/base-KD/data/cifar-10-batches-py/test_batch,1835,airplane,cat,0.9535196423530579,False,True,/home/tariq/Desktop/Awais-Tariq/base-KD/reports/cifar10_full_audit/mamba_scratch/failure_images/01835_true-airplane_pred-cat.png,false_negative_for_airplane;false_positive_for_cat
1838,cifar10_test_01838,/home/tariq/Desktop/Awais-Tariq/base-KD/data/cifar-10-batches-py/test_batch,1838,frog,airplane,0.7507501244544983,False,True,/home/tariq/Desktop/Awais-Tariq/base-KD/reports/cifar10_full_audit/mamba_scratch/failure_images/01838_true-frog_pred-airplane.png,false_negative_for_frog;false_positive_for_airplane
1850,cifar10_test_01850,/home/tariq/Desktop/Awais-Tariq/base-KD/data/cifar-10-batches-py/test_batch,1850,automobile,airplane,0.7303544282913208,False,True,/home/tariq/Desktop/Awais-Tariq/base-KD/reports/cifar10_full_audit/mamba_scratch/failure_images/01850_true-automobile_pred-airplane.png,false_negative_for_automobile;false_positive_for_airplane
1852,cifar10_test_01852,/home/tariq/Desktop/Awais-Tariq/base-KD/data/cifar-10-batches-py/test_batch,1852,bird,truck,0.9613156914710999,False,True,/home/tariq/Desktop/Awais-Tariq/base-KD/reports/cifar10_full_audit/mamba_scratch/failure_images/01852_true-bird_pred-truck.png,false_negative_for_bird;false_positive_for_truck
1858,cifar10_test_01858,/home/tariq/Desktop/Awais-Tariq/base-KD/data/cifar-10-batches-py/test_batch,1858,deer,horse,0.5969783663749695,False,True,/home/tariq/Desktop/Awais-Tariq/base-KD/reports/cifar10_full_audit/mamba_scratch/failure_images/01858_true-deer_pred-horse.png,false_negative_for_deer;false_positive_for_horse
1862,cifar10_test_01862,/home/tariq/Desktop/Awais-Tariq/base-KD/data/cifar-10-batches-py/test_batch,1862,dog,deer,0.9338805079460144,False,False,/home/tariq/Desktop/Awais-Tariq/base-KD/reports/cifar10_full_audit/mamba_scratch/failure_images/01862_true-dog_pred-deer.png,false_negative_for_dog;false_positive_for_deer
1868,cifar10_test_01868,/home/tariq/Desktop/Awais-Tariq/base-KD/data/cifar-10-batches-py/test_batch,1868,bird,horse,0.9718595743179321,False,True,/home/tariq/Desktop/Awais-Tariq/base-KD/reports/cifar10_full_audit/mamba_scratch/failure_images/01868_true-bird_pred-horse.png,false_negative_for_bird;false_positive_for_horse
1886,cifar10_test_01886,/home/tariq/Desktop/Awais-Tariq/base-KD/data/cifar-10-batches-py/test_batch,1886,ship,truck,0.36446407437324524,False,True,/home/tariq/Desktop/Awais-Tariq/base-KD/reports/cifar10_full_audit/mamba_scratch/failure_images/01886_true-ship_pred-truck.png,false_negative_for_ship;false_positive_for_truck
1895,cifar10_test_01895,/home/tariq/Desktop/Awais-Tariq/base-KD/data/cifar-10-batches-py/test_batch,1895,ship,airplane,0.8984993100166321,False,True,/home/tariq/Desktop/Awais-Tariq/base-KD/reports/cifar10_full_audit/mamba_scratch/failure_images/01895_true-ship_pred-airplane.png,false_negative_for_ship;false_positive_for_airplane
1909,cifar10_test_01909,/home/tariq/Desktop/Awais-Tariq/base-KD/data/cifar-10-batches-py/test_batch,1909,cat,frog,0.9330399036407471,False,True,/home/tariq/Desktop/Awais-Tariq/base-KD/reports/cifar10_full_audit/mamba_scratch/failure_images/01909_true-cat_pred-frog.png,false_negative_for_cat;false_positive_for_frog
1911,cifar10_test_01911,/home/tariq/Desktop/Awais-Tariq/base-KD/data/cifar-10-batches-py/test_batch,1911,deer,frog,0.8777371644973755,False,True,/home/tariq/Desktop/Awais-Tariq/base-KD/reports/cifar10_full_audit/mamba_scratch/failure_images/01911_true-deer_pred-frog.png,false_negative_for_deer;false_positive_for_frog
1924,cifar10_test_01924,/home/tariq/Desktop/Awais-Tariq/base-KD/data/cifar-10-batches-py/test_batch,1924,truck,cat,0.9890271425247192,False,True,/home/tariq/Desktop/Awais-Tariq/base-KD/reports/cifar10_full_audit/mamba_scratch/failure_images/01924_true-truck_pred-cat.png,false_negative_for_truck;false_positive_for_cat
1933,cifar10_test_01933,/home/tariq/Desktop/Awais-Tariq/base-KD/data/cifar-10-batches-py/test_batch,1933,cat,dog,0.9955981373786926,False,True,/home/tariq/Desktop/Awais-Tariq/base-KD/reports/cifar10_full_audit/mamba_scratch/failure_images/01933_true-cat_pred-dog.png,false_negative_for_cat;false_positive_for_dog
1934,cifar10_test_01934,/home/tariq/Desktop/Awais-Tariq/base-KD/data/cifar-10-batches-py/test_batch,1934,horse,deer,0.6728180646896362,False,True,/home/tariq/Desktop/Awais-Tariq/base-KD/reports/cifar10_full_audit/mamba_scratch/failure_images/01934_true-horse_pred-deer.png,false_negative_for_horse;false_positive_for_deer
1935,cifar10_test_01935,/home/tariq/Desktop/Awais-Tariq/base-KD/data/cifar-10-batches-py/test_batch,1935,frog,bird,0.7974869608879089,False,True,/home/tariq/Desktop/Awais-Tariq/base-KD/reports/cifar10_full_audit/mamba_scratch/failure_images/01935_true-frog_pred-bird.png,false_negative_for_frog;false_positive_for_bird
1937,cifar10_test_01937,/home/tariq/Desktop/Awais-Tariq/base-KD/data/cifar-10-batches-py/test_batch,1937,automobile,truck,0.9999974966049194,False,True,/home/tariq/Desktop/Awais-Tariq/base-KD/reports/cifar10_full_audit/mamba_scratch/failure_images/01937_true-automobile_pred-truck.png,false_negative_for_automobile;false_positive_for_truck
1938,cifar10_test_01938,/home/tariq/Desktop/Awais-Tariq/base-KD/data/cifar-10-batches-py/test_batch,1938,ship,airplane,0.9993842840194702,False,True,/home/tariq/Desktop/Awais-Tariq/base-KD/reports/cifar10_full_audit/mamba_scratch/failure_images/01938_true-ship_pred-airplane.png,false_negative_for_ship;false_positive_for_airplane
1939,cifar10_test_01939,/home/tariq/Desktop/Awais-Tariq/base-KD/data/cifar-10-batches-py/test_batch,1939,frog,horse,0.9499524235725403,False,True,/home/tariq/Desktop/Awais-Tariq/base-KD/reports/cifar10_full_audit/mamba_scratch/failure_images/01939_true-frog_pred-horse.png,false_negative_for_frog;false_positive_for_horse
1957,cifar10_test_01957,/home/tariq/Desktop/Awais-Tariq/base-KD/data/cifar-10-batches-py/test_batch,1957,cat,dog,0.7203686833381653,False,True,/home/tariq/Desktop/Awais-Tariq/base-KD/reports/cifar10_full_audit/mamba_scratch/failure_images/01957_true-cat_pred-dog.png,false_negative_for_cat;false_positive_for_dog
1969,cifar10_test_01969,/home/tariq/Desktop/Awais-Tariq/base-KD/data/cifar-10-batches-py/test_batch,1969,automobile,truck,0.5905154943466187,False,True,/home/tariq/Desktop/Awais-Tariq/base-KD/reports/cifar10_full_audit/mamba_scratch/failure_images/01969_true-automobile_pred-truck.png,false_negative_for_automobile;false_positive_for_truck
1979,cifar10_test_01979,/home/tariq/Desktop/Awais-Tariq/base-KD/data/cifar-10-batches-py/test_batch,1979,cat,frog,0.6808845400810242,False,True,/home/tariq/Desktop/Awais-Tariq/base-KD/reports/cifar10_full_audit/mamba_scratch/failure_images/01979_true-cat_pred-frog.png,false_negative_for_cat;false_positive_for_frog
1983,cifar10_test_01983,/home/tariq/Desktop/Awais-Tariq/base-KD/data/cifar-10-batches-py/test_batch,1983,ship,cat,0.671683669090271,False,True,/home/tariq/Desktop/Awais-Tariq/base-KD/reports/cifar10_full_audit/mamba_scratch/failure_images/01983_true-ship_pred-cat.png,false_negative_for_ship;false_positive_for_cat
1993,cifar10_test_01993,/home/tariq/Desktop/Awais-Tariq/base-KD/data/cifar-10-batches-py/test_batch,1993,cat,dog,0.9942395687103271,False,True,/home/tariq/Desktop/Awais-Tariq/base-KD/reports/cifar10_full_audit/mamba_scratch/failure_images/01993_true-cat_pred-dog.png,false_negative_for_cat;false_positive_for_dog
1996,cifar10_test_01996,/home/tariq/Desktop/Awais-Tariq/base-KD/data/cifar-10-batches-py/test_batch,1996,cat,dog,0.9975734353065491,False,True,/home/tariq/Desktop/Awais-Tariq/base-KD/reports/cifar10_full_audit/mamba_scratch/failure_images/01996_true-cat_pred-dog.png,false_negative_for_cat;false_positive_for_dog
2002,cifar10_test_02002,/home/tariq/Desktop/Awais-Tariq/base-KD/data/cifar-10-batches-py/test_batch,2002,deer,truck,0.7075310349464417,False,True,/home/tariq/Desktop/Awais-Tariq/base-KD/reports/cifar10_full_audit/mamba_scratch/failure_images/02002_true-deer_pred-truck.png,false_negative_for_deer;false_positive_for_truck
2005,cifar10_test_02005,/home/tariq/Desktop/Awais-Tariq/base-KD/data/cifar-10-batches-py/test_batch,2005,dog,cat,0.9990437626838684,False,True,/home/tariq/Desktop/Awais-Tariq/base-KD/reports/cifar10_full_audit/mamba_scratch/failure_images/02005_true-dog_pred-cat.png,false_negative_for_dog;false_positive_for_cat
2016,cifar10_test_02016,/home/tariq/Desktop/Awais-Tariq/base-KD/data/cifar-10-batches-py/test_batch,2016,frog,deer,0.9824669361114502,False,True,/home/tariq/Desktop/Awais-Tariq/base-KD/reports/cifar10_full_audit/mamba_scratch/failure_images/02016_true-frog_pred-deer.png,false_negative_for_frog;false_positive_for_deer
2017,cifar10_test_02017,/home/tariq/Desktop/Awais-Tariq/base-KD/data/cifar-10-batches-py/test_batch,2017,dog,automobile,0.7393731474876404,False,True,/home/tariq/Desktop/Awais-Tariq/base-KD/reports/cifar10_full_audit/mamba_scratch/failure_images/02017_true-dog_pred-automobile.png,false_negative_for_dog;false_positive_for_automobile
2033,cifar10_test_02033,/home/tariq/Desktop/Awais-Tariq/base-KD/data/cifar-10-batches-py/test_batch,2033,bird,deer,0.9999901056289673,False,True,/home/tariq/Desktop/Awais-Tariq/base-KD/reports/cifar10_full_audit/mamba_scratch/failure_images/02033_true-bird_pred-deer.png,false_negative_for_bird;false_positive_for_deer
2034,cifar10_test_02034,/home/tariq/Desktop/Awais-Tariq/base-KD/data/cifar-10-batches-py/test_batch,2034,cat,deer,0.8639385104179382,False,True,/home/tariq/Desktop/Awais-Tariq/base-KD/reports/cifar10_full_audit/mamba_scratch/failure_images/02034_true-cat_pred-deer.png,false_negative_for_cat;false_positive_for_deer
2037,cifar10_test_02037,/home/tariq/Desktop/Awais-Tariq/base-KD/data/cifar-10-batches-py/test_batch,2037,dog,cat,0.6144841909408569,False,True,/home/tariq/Desktop/Awais-Tariq/base-KD/reports/cifar10_full_audit/mamba_scratch/failure_images/02037_true-dog_pred-cat.png,false_negative_for_dog;false_positive_for_cat
2038,cifar10_test_02038,/home/tariq/Desktop/Awais-Tariq/base-KD/data/cifar-10-batches-py/test_batch,2038,bird,frog,0.9799315333366394,False,True,/home/tariq/Desktop/Awais-Tariq/base-KD/reports/cifar10_full_audit/mamba_scratch/failure_images/02038_true-bird_pred-frog.png,false_negative_for_bird;false_positive_for_frog
2046,cifar10_test_02046,/home/tariq/Desktop/Awais-Tariq/base-KD/data/cifar-10-batches-py/test_batch,2046,cat,dog,0.9993853569030762,False,True,/home/tariq/Desktop/Awais-Tariq/base-KD/reports/cifar10_full_audit/mamba_scratch/failure_images/02046_true-cat_pred-dog.png,false_negative_for_cat;false_positive_for_dog
2049,cifar10_test_02049,/home/tariq/Desktop/Awais-Tariq/base-KD/data/cifar-10-batches-py/test_batch,2049,cat,dog,0.9627202749252319,False,True,/home/tariq/Desktop/Awais-Tariq/base-KD/reports/cifar10_full_audit/mamba_scratch/failure_images/02049_true-cat_pred-dog.png,false_negative_for_cat;false_positive_for_dog
2061,cifar10_test_02061,/home/tariq/Desktop/Awais-Tariq/base-KD/data/cifar-10-batches-py/test_batch,2061,dog,deer,0.9013200402259827,False,True,/home/tariq/Desktop/Awais-Tariq/base-KD/reports/cifar10_full_audit/mamba_scratch/failure_images/02061_true-dog_pred-deer.png,false_negative_for_dog;false_positive_for_deer
2065,cifar10_test_02065,/home/tariq/Desktop/Awais-Tariq/base-KD/data/cifar-10-batches-py/test_batch,2065,bird,frog,0.6146222352981567,False,True,/home/tariq/Desktop/Awais-Tariq/base-KD/reports/cifar10_full_audit/mamba_scratch/failure_images/02065_true-bird_pred-frog.png,false_negative_for_bird;false_positive_for_frog
2078,cifar10_test_02078,/home/tariq/Desktop/Awais-Tariq/base-KD/data/cifar-10-batches-py/test_batch,2078,bird,frog,0.9999920129776001,False,True,/home/tariq/Desktop/Awais-Tariq/base-KD/reports/cifar10_full_audit/mamba_scratch/failure_images/02078_true-bird_pred-frog.png,false_negative_for_bird;false_positive_for_frog
2083,cifar10_test_02083,/home/tariq/Desktop/Awais-Tariq/base-KD/data/cifar-10-batches-py/test_batch,2083,bird,horse,0.8314275741577148,False,True,/home/tariq/Desktop/Awais-Tariq/base-KD/reports/cifar10_full_audit/mamba_scratch/failure_images/02083_true-bird_pred-horse.png,false_negative_for_bird;false_positive_for_horse
2091,cifar10_test_02091,/home/tariq/Desktop/Awais-Tariq/base-KD/data/cifar-10-batches-py/test_batch,2091,airplane,bird,0.9474694132804871,False,False,/home/tariq/Desktop/Awais-Tariq/base-KD/reports/cifar10_full_audit/mamba_scratch/failure_images/02091_true-airplane_pred-bird.png,false_negative_for_airplane;false_positive_for_bird
2095,cifar10_test_02095,/home/tariq/Desktop/Awais-Tariq/base-KD/data/cifar-10-batches-py/test_batch,2095,airplane,deer,0.5034891366958618,False,True,/home/tariq/Desktop/Awais-Tariq/base-KD/reports/cifar10_full_audit/mamba_scratch/failure_images/02095_true-airplane_pred-deer.png,false_negative_for_airplane;false_positive_for_deer
2108,cifar10_test_02108,/home/tariq/Desktop/Awais-Tariq/base-KD/data/cifar-10-batches-py/test_batch,2108,deer,dog,0.9339926242828369,False,True,/home/tariq/Desktop/Awais-Tariq/base-KD/reports/cifar10_full_audit/mamba_scratch/failure_images/02108_true-deer_pred-dog.png,false_negative_for_deer;false_positive_for_dog
2120,cifar10_test_02120,/home/tariq/Desktop/Awais-Tariq/base-KD/data/cifar-10-batches-py/test_batch,2120,deer,ship,0.9899089336395264,False,True,/home/tariq/Desktop/Awais-Tariq/base-KD/reports/cifar10_full_audit/mamba_scratch/failure_images/02120_true-deer_pred-ship.png,false_negative_for_deer;false_positive_for_ship
2127,cifar10_test_02127,/home/tariq/Desktop/Awais-Tariq/base-KD/data/cifar-10-batches-py/test_batch,2127,bird,dog,0.9923065304756165,False,True,/home/tariq/Desktop/Awais-Tariq/base-KD/reports/cifar10_full_audit/mamba_scratch/failure_images/02127_true-bird_pred-dog.png,false_negative_for_bird;false_positive_for_dog
2128,cifar10_test_02128,/home/tariq/Desktop/Awais-Tariq/base-KD/data/cifar-10-batches-py/test_batch,2128,deer,frog,0.9520813822746277,False,True,/home/tariq/Desktop/Awais-Tariq/base-KD/reports/cifar10_full_audit/mamba_scratch/failure_images/02128_true-deer_pred-frog.png,false_negative_for_deer;false_positive_for_frog
2136,cifar10_test_02136,/home/tariq/Desktop/Awais-Tariq/base-KD/data/cifar-10-batches-py/test_batch,2136,airplane,truck,0.5201101303100586,False,True,/home/tariq/Desktop/Awais-Tariq/base-KD/reports/cifar10_full_audit/mamba_scratch/failure_images/02136_true-airplane_pred-truck.png,false_negative_for_airplane;false_positive_for_truck
2159,cifar10_test_02159,/home/tariq/Desktop/Awais-Tariq/base-KD/data/cifar-10-batches-py/test_batch,2159,ship,truck,0.9396957159042358,False,True,/home/tariq/Desktop/Awais-Tariq/base-KD/reports/cifar10_full_audit/mamba_scratch/failure_images/02159_true-ship_pred-truck.png,false_negative_for_ship;false_positive_for_truck
2172,cifar10_test_02172,/home/tariq/Desktop/Awais-Tariq/base-KD/data/cifar-10-batches-py/test_batch,2172,dog,airplane,0.8634904623031616,False,True,/home/tariq/Desktop/Awais-Tariq/base-KD/reports/cifar10_full_audit/mamba_scratch/failure_images/02172_true-dog_pred-airplane.png,false_negative_for_dog;false_positive_for_airplane
2174,cifar10_test_02174,/home/tariq/Desktop/Awais-Tariq/base-KD/data/cifar-10-batches-py/test_batch,2174,truck,ship,0.7394281029701233,False,True,/home/tariq/Desktop/Awais-Tariq/base-KD/reports/cifar10_full_audit/mamba_scratch/failure_images/02174_true-truck_pred-ship.png,false_negative_for_truck;false_positive_for_ship
2175,cifar10_test_02175,/home/tariq/Desktop/Awais-Tariq/base-KD/data/cifar-10-batches-py/test_batch,2175,cat,horse,0.33416229486465454,False,True,/home/tariq/Desktop/Awais-Tariq/base-KD/reports/cifar10_full_audit/mamba_scratch/failure_images/02175_true-cat_pred-horse.png,false_negative_for_cat;false_positive_for_horse
2178,cifar10_test_02178,/home/tariq/Desktop/Awais-Tariq/base-KD/data/cifar-10-batches-py/test_batch,2178,cat,truck,0.6489617824554443,False,True,/home/tariq/Desktop/Awais-Tariq/base-KD/reports/cifar10_full_audit/mamba_scratch/failure_images/02178_true-cat_pred-truck.png,false_negative_for_cat;false_positive_for_truck
2186,cifar10_test_02186,/home/tariq/Desktop/Awais-Tariq/base-KD/data/cifar-10-batches-py/test_batch,2186,truck,automobile,0.6430136561393738,False,True,/home/tariq/Desktop/Awais-Tariq/base-KD/reports/cifar10_full_audit/mamba_scratch/failure_images/02186_true-truck_pred-automobile.png,false_negative_for_truck;false_positive_for_automobile
2187,cifar10_test_02187,/home/tariq/Desktop/Awais-Tariq/base-KD/data/cifar-10-batches-py/test_batch,2187,dog,cat,0.9600552916526794,False,True,/home/tariq/Desktop/Awais-Tariq/base-KD/reports/cifar10_full_audit/mamba_scratch/failure_images/02187_true-dog_pred-cat.png,false_negative_for_dog;false_positive_for_cat
2213,cifar10_test_02213,/home/tariq/Desktop/Awais-Tariq/base-KD/data/cifar-10-batches-py/test_batch,2213,deer,bird,0.9997344613075256,False,True,/home/tariq/Desktop/Awais-Tariq/base-KD/reports/cifar10_full_audit/mamba_scratch/failure_images/02213_true-deer_pred-bird.png,false_negative_for_deer;false_positive_for_bird
2219,cifar10_test_02219,/home/tariq/Desktop/Awais-Tariq/base-KD/data/cifar-10-batches-py/test_batch,2219,dog,frog,0.7877979278564453,False,True,/home/tariq/Desktop/Awais-Tariq/base-KD/reports/cifar10_full_audit/mamba_scratch/failure_images/02219_true-dog_pred-frog.png,false_negative_for_dog;false_positive_for_frog
2226,cifar10_test_02226,/home/tariq/Desktop/Awais-Tariq/base-KD/data/cifar-10-batches-py/test_batch,2226,bird,frog,0.9994392991065979,False,True,/home/tariq/Desktop/Awais-Tariq/base-KD/reports/cifar10_full_audit/mamba_scratch/failure_images/02226_true-bird_pred-frog.png,false_negative_for_bird;false_positive_for_frog
2232,cifar10_test_02232,/home/tariq/Desktop/Awais-Tariq/base-KD/data/cifar-10-batches-py/test_batch,2232,airplane,cat,0.8387407064437866,False,True,/home/tariq/Desktop/Awais-Tariq/base-KD/reports/cifar10_full_audit/mamba_scratch/failure_images/02232_true-airplane_pred-cat.png,false_negative_for_airplane;false_positive_for_cat
2233,cifar10_test_02233,/home/tariq/Desktop/Awais-Tariq/base-KD/data/cifar-10-batches-py/test_batch,2233,cat,airplane,0.962356686592102,False,True,/home/tariq/Desktop/Awais-Tariq/base-KD/reports/cifar10_full_audit/mamba_scratch/failure_images/02233_true-cat_pred-airplane.png,false_negative_for_cat;false_positive_for_airplane
2242,cifar10_test_02242,/home/tariq/Desktop/Awais-Tariq/base-KD/data/cifar-10-batches-py/test_batch,2242,bird,frog,0.9139155745506287,False,True,/home/tariq/Desktop/Awais-Tariq/base-KD/reports/cifar10_full_audit/mamba_scratch/failure_images/02242_true-bird_pred-frog.png,false_negative_for_bird;false_positive_for_frog
2251,cifar10_test_02251,/home/tariq/Desktop/Awais-Tariq/base-KD/data/cifar-10-batches-py/test_batch,2251,frog,cat,0.8527172207832336,False,True,/home/tariq/Desktop/Awais-Tariq/base-KD/reports/cifar10_full_audit/mamba_scratch/failure_images/02251_true-frog_pred-cat.png,false_negative_for_frog;false_positive_for_cat
2253,cifar10_test_02253,/home/tariq/Desktop/Awais-Tariq/base-KD/data/cifar-10-batches-py/test_batch,2253,cat,bird,0.986629843711853,False,True,/home/tariq/Desktop/Awais-Tariq/base-KD/reports/cifar10_full_audit/mamba_scratch/failure_images/02253_true-cat_pred-bird.png,false_negative_for_cat;false_positive_for_bird
2256,cifar10_test_02256,/home/tariq/Desktop/Awais-Tariq/base-KD/data/cifar-10-batches-py/test_batch,2256,deer,dog,0.9101939797401428,False,True,/home/tariq/Desktop/Awais-Tariq/base-KD/reports/cifar10_full_audit/mamba_scratch/failure_images/02256_true-deer_pred-dog.png,false_negative_for_deer;false_positive_for_dog
2262,cifar10_test_02262,/home/tariq/Desktop/Awais-Tariq/base-KD/data/cifar-10-batches-py/test_batch,2262,bird,deer,0.9998568296432495,False,True,/home/tariq/Desktop/Awais-Tariq/base-KD/reports/cifar10_full_audit/mamba_scratch/failure_images/02262_true-bird_pred-deer.png,false_negative_for_bird;false_positive_for_deer
2267,cifar10_test_02267,/home/tariq/Desktop/Awais-Tariq/base-KD/data/cifar-10-batches-py/test_batch,2267,frog,cat,0.968196451663971,False,True,/home/tariq/Desktop/Awais-Tariq/base-KD/reports/cifar10_full_audit/mamba_scratch/failure_images/02267_true-frog_pred-cat.png,false_negative_for_frog;false_positive_for_cat
2270,cifar10_test_02270,/home/tariq/Desktop/Awais-Tariq/base-KD/data/cifar-10-batches-py/test_batch,2270,bird,deer,0.9581098556518555,False,False,/home/tariq/Desktop/Awais-Tariq/base-KD/reports/cifar10_full_audit/mamba_scratch/failure_images/02270_true-bird_pred-deer.png,false_negative_for_bird;false_positive_for_deer
2271,cifar10_test_02271,/home/tariq/Desktop/Awais-Tariq/base-KD/data/cifar-10-batches-py/test_batch,2271,truck,ship,0.7544742822647095,False,True,/home/tariq/Desktop/Awais-Tariq/base-KD/reports/cifar10_full_audit/mamba_scratch/failure_images/02271_true-truck_pred-ship.png,false_negative_for_truck;false_positive_for_ship
2285,cifar10_test_02285,/home/tariq/Desktop/Awais-Tariq/base-KD/data/cifar-10-batches-py/test_batch,2285,cat,dog,0.9896997809410095,False,True,/home/tariq/Desktop/Awais-Tariq/base-KD/reports/cifar10_full_audit/mamba_scratch/failure_images/02285_true-cat_pred-dog.png,false_negative_for_cat;false_positive_for_dog
2288,cifar10_test_02288,/home/tariq/Desktop/Awais-Tariq/base-KD/data/cifar-10-batches-py/test_batch,2288,dog,deer,0.9945428371429443,False,True,/home/tariq/Desktop/Awais-Tariq/base-KD/reports/cifar10_full_audit/mamba_scratch/failure_images/02288_true-dog_pred-deer.png,false_negative_for_dog;false_positive_for_deer
2293,cifar10_test_02293,/home/tariq/Desktop/Awais-Tariq/base-KD/data/cifar-10-batches-py/test_batch,2293,ship,automobile,0.6409576535224915,False,True,/home/tariq/Desktop/Awais-Tariq/base-KD/reports/cifar10_full_audit/mamba_scratch/failure_images/02293_true-ship_pred-automobile.png,false_negative_for_ship;false_positive_for_automobile
2294,cifar10_test_02294,/home/tariq/Desktop/Awais-Tariq/base-KD/data/cifar-10-batches-py/test_batch,2294,automobile,truck,0.9605987071990967,False,True,/home/tariq/Desktop/Awais-Tariq/base-KD/reports/cifar10_full_audit/mamba_scratch/failure_images/02294_true-automobile_pred-truck.png,false_negative_for_automobile;false_positive_for_truck
2299,cifar10_test_02299,/home/tariq/Desktop/Awais-Tariq/base-KD/data/cifar-10-batches-py/test_batch,2299,frog,cat,0.9916496276855469,False,True,/home/tariq/Desktop/Awais-Tariq/base-KD/reports/cifar10_full_audit/mamba_scratch/failure_images/02299_true-frog_pred-cat.png,false_negative_for_frog;false_positive_for_cat
2305,cifar10_test_02305,/home/tariq/Desktop/Awais-Tariq/base-KD/data/cifar-10-batches-py/test_batch,2305,truck,bird,0.7341145277023315,False,True,/home/tariq/Desktop/Awais-Tariq/base-KD/reports/cifar10_full_audit/mamba_scratch/failure_images/02305_true-truck_pred-bird.png,false_negative_for_truck;false_positive_for_bird
2320,cifar10_test_02320,/home/tariq/Desktop/Awais-Tariq/base-KD/data/cifar-10-batches-py/test_batch,2320,dog,cat,0.9886730313301086,False,True,/home/tariq/Desktop/Awais-Tariq/base-KD/reports/cifar10_full_audit/mamba_scratch/failure_images/02320_true-dog_pred-cat.png,false_negative_for_dog;false_positive_for_cat
2331,cifar10_test_02331,/home/tariq/Desktop/Awais-Tariq/base-KD/data/cifar-10-batches-py/test_batch,2331,bird,deer,0.705449640750885,False,True,/home/tariq/Desktop/Awais-Tariq/base-KD/reports/cifar10_full_audit/mamba_scratch/failure_images/02331_true-bird_pred-deer.png,false_negative_for_bird;false_positive_for_deer
2350,cifar10_test_02350,/home/tariq/Desktop/Awais-Tariq/base-KD/data/cifar-10-batches-py/test_batch,2350,cat,dog,0.9946728348731995,False,True,/home/tariq/Desktop/Awais-Tariq/base-KD/reports/cifar10_full_audit/mamba_scratch/failure_images/02350_true-cat_pred-dog.png,false_negative_for_cat;false_positive_for_dog
2358,cifar10_test_02358,/home/tariq/Desktop/Awais-Tariq/base-KD/data/cifar-10-batches-py/test_batch,2358,horse,cat,0.8154945969581604,False,True,/home/tariq/Desktop/Awais-Tariq/base-KD/reports/cifar10_full_audit/mamba_scratch/failure_images/02358_true-horse_pred-cat.png,false_negative_for_horse;false_positive_for_cat
2363,cifar10_test_02363,/home/tariq/Desktop/Awais-Tariq/base-KD/data/cifar-10-batches-py/test_batch,2363,bird,truck,0.7209340333938599,False,True,/home/tariq/Desktop/Awais-Tariq/base-KD/reports/cifar10_full_audit/mamba_scratch/failure_images/02363_true-bird_pred-truck.png,false_negative_for_bird;false_positive_for_truck
2377,cifar10_test_02377,/home/tariq/Desktop/Awais-Tariq/base-KD/data/cifar-10-batches-py/test_batch,2377,frog,deer,0.9058660864830017,False,True,/home/tariq/Desktop/Awais-Tariq/base-KD/reports/cifar10_full_audit/mamba_scratch/failure_images/02377_true-frog_pred-deer.png,false_negative_for_frog;false_positive_for_deer
2379,cifar10_test_02379,/home/tariq/Desktop/Awais-Tariq/base-KD/data/cifar-10-batches-py/test_batch,2379,airplane,ship,0.844963788986206,False,True,/home/tariq/Desktop/Awais-Tariq/base-KD/reports/cifar10_full_audit/mamba_scratch/failure_images/02379_true-airplane_pred-ship.png,false_negative_for_airplane;false_positive_for_ship
2381,cifar10_test_02381,/home/tariq/Desktop/Awais-Tariq/base-KD/data/cifar-10-batches-py/test_batch,2381,dog,bird,0.5737836360931396,False,True,/home/tariq/Desktop/Awais-Tariq/base-KD/reports/cifar10_full_audit/mamba_scratch/failure_images/02381_true-dog_pred-bird.png,false_negative_for_dog;false_positive_for_bird
2393,cifar10_test_02393,/home/tariq/Desktop/Awais-Tariq/base-KD/data/cifar-10-batches-py/test_batch,2393,automobile,truck,0.5532341599464417,False,True,/home/tariq/Desktop/Awais-Tariq/base-KD/reports/cifar10_full_audit/mamba_scratch/failure_images/02393_true-automobile_pred-truck.png,false_negative_for_automobile;false_positive_for_truck
2395,cifar10_test_02395,/home/tariq/Desktop/Awais-Tariq/base-KD/data/cifar-10-batches-py/test_batch,2395,horse,dog,0.5222962498664856,False,True,/home/tariq/Desktop/Awais-Tariq/base-KD/reports/cifar10_full_audit/mamba_scratch/failure_images/02395_true-horse_pred-dog.png,false_negative_for_horse;false_positive_for_dog
2405,cifar10_test_02405,/home/tariq/Desktop/Awais-Tariq/base-KD/data/cifar-10-batches-py/test_batch,2405,cat,frog,1.0,False,False,/home/tariq/Desktop/Awais-Tariq/base-KD/reports/cifar10_full_audit/mamba_scratch/failure_images/02405_true-cat_pred-frog.png,false_negative_for_cat;false_positive_for_frog
2413,cifar10_test_02413,/home/tariq/Desktop/Awais-Tariq/base-KD/data/cifar-10-batches-py/test_batch,2413,deer,frog,0.9996330738067627,False,True,/home/tariq/Desktop/Awais-Tariq/base-KD/reports/cifar10_full_audit/mamba_scratch/failure_images/02413_true-deer_pred-frog.png,false_negative_for_deer;false_positive_for_frog
2422,cifar10_test_02422,/home/tariq/Desktop/Awais-Tariq/base-KD/data/cifar-10-batches-py/test_batch,2422,cat,deer,0.9978691339492798,False,True,/home/tariq/Desktop/Awais-Tariq/base-KD/reports/cifar10_full_audit/mamba_scratch/failure_images/02422_true-cat_pred-deer.png,false_negative_for_cat;false_positive_for_deer
2423,cifar10_test_02423,/home/tariq/Desktop/Awais-Tariq/base-KD/data/cifar-10-batches-py/test_batch,2423,bird,cat,0.9789230823516846,False,True,/home/tariq/Desktop/Awais-Tariq/base-KD/reports/cifar10_full_audit/mamba_scratch/failure_images/02423_true-bird_pred-cat.png,false_negative_for_bird;false_positive_for_cat
2435,cifar10_test_02435,/home/tariq/Desktop/Awais-Tariq/base-KD/data/cifar-10-batches-py/test_batch,2435,frog,deer,0.8652058839797974,False,True,/home/tariq/Desktop/Awais-Tariq/base-KD/reports/cifar10_full_audit/mamba_scratch/failure_images/02435_true-frog_pred-deer.png,false_negative_for_frog;false_positive_for_deer
2442,cifar10_test_02442,/home/tariq/Desktop/Awais-Tariq/base-KD/data/cifar-10-batches-py/test_batch,2442,deer,bird,0.7498003244400024,False,True,/home/tariq/Desktop/Awais-Tariq/base-KD/reports/cifar10_full_audit/mamba_scratch/failure_images/02442_true-deer_pred-bird.png,false_negative_for_deer;false_positive_for_bird
2453,cifar10_test_02453,/home/tariq/Desktop/Awais-Tariq/base-KD/data/cifar-10-batches-py/test_batch,2453,cat,deer,0.9873024225234985,False,False,/home/tariq/Desktop/Awais-Tariq/base-KD/reports/cifar10_full_audit/mamba_scratch/failure_images/02453_true-cat_pred-deer.png,false_negative_for_cat;false_positive_for_deer
2472,cifar10_test_02472,/home/tariq/Desktop/Awais-Tariq/base-KD/data/cifar-10-batches-py/test_batch,2472,dog,cat,0.9985119700431824,False,True,/home/tariq/Desktop/Awais-Tariq/base-KD/reports/cifar10_full_audit/mamba_scratch/failure_images/02472_true-dog_pred-cat.png,false_negative_for_dog;false_positive_for_cat
2489,cifar10_test_02489,/home/tariq/Desktop/Awais-Tariq/base-KD/data/cifar-10-batches-py/test_batch,2489,cat,deer,0.9465706944465637,False,True,/home/tariq/Desktop/Awais-Tariq/base-KD/reports/cifar10_full_audit/mamba_scratch/failure_images/02489_true-cat_pred-deer.png,false_negative_for_cat;false_positive_for_deer
2495,cifar10_test_02495,/home/tariq/Desktop/Awais-Tariq/base-KD/data/cifar-10-batches-py/test_batch,2495,truck,ship,0.9998587369918823,False,True,/home/tariq/Desktop/Awais-Tariq/base-KD/reports/cifar10_full_audit/mamba_scratch/failure_images/02495_true-truck_pred-ship.png,false_negative_for_truck;false_positive_for_ship
2525,cifar10_test_02525,/home/tariq/Desktop/Awais-Tariq/base-KD/data/cifar-10-batches-py/test_batch,2525,dog,automobile,0.9070833325386047,False,True,/home/tariq/Desktop/Awais-Tariq/base-KD/reports/cifar10_full_audit/mamba_scratch/failure_images/02525_true-dog_pred-automobile.png,false_negative_for_dog;false_positive_for_automobile
2530,cifar10_test_02530,/home/tariq/Desktop/Awais-Tariq/base-KD/data/cifar-10-batches-py/test_batch,2530,frog,bird,0.9641585946083069,False,True,/home/tariq/Desktop/Awais-Tariq/base-KD/reports/cifar10_full_audit/mamba_scratch/failure_images/02530_true-frog_pred-bird.png,false_negative_for_frog;false_positive_for_bird
2532,cifar10_test_02532,/home/tariq/Desktop/Awais-Tariq/base-KD/data/cifar-10-batches-py/test_batch,2532,airplane,automobile,0.9822743535041809,False,True,/home/tariq/Desktop/Awais-Tariq/base-KD/reports/cifar10_full_audit/mamba_scratch/failure_images/02532_true-airplane_pred-automobile.png,false_negative_for_airplane;false_positive_for_automobile
2533,cifar10_test_02533,/home/tariq/Desktop/Awais-Tariq/base-KD/data/cifar-10-batches-py/test_batch,2533,ship,horse,0.6710769534111023,False,True,/home/tariq/Desktop/Awais-Tariq/base-KD/reports/cifar10_full_audit/mamba_scratch/failure_images/02533_true-ship_pred-horse.png,false_negative_for_ship;false_positive_for_horse
2542,cifar10_test_02542,/home/tariq/Desktop/Awais-Tariq/base-KD/data/cifar-10-batches-py/test_batch,2542,bird,airplane,0.9484727382659912,False,True,/home/tariq/Desktop/Awais-Tariq/base-KD/reports/cifar10_full_audit/mamba_scratch/failure_images/02542_true-bird_pred-airplane.png,false_negative_for_bird;false_positive_for_airplane
2548,cifar10_test_02548,/home/tariq/Desktop/Awais-Tariq/base-KD/data/cifar-10-batches-py/test_batch,2548,airplane,horse,0.5198248028755188,False,True,/home/tariq/Desktop/Awais-Tariq/base-KD/reports/cifar10_full_audit/mamba_scratch/failure_images/02548_true-airplane_pred-horse.png,false_negative_for_airplane;false_positive_for_horse
2551,cifar10_test_02551,/home/tariq/Desktop/Awais-Tariq/base-KD/data/cifar-10-batches-py/test_batch,2551,bird,frog,0.8370673656463623,False,True,/home/tariq/Desktop/Awais-Tariq/base-KD/reports/cifar10_full_audit/mamba_scratch/failure_images/02551_true-bird_pred-frog.png,false_negative_for_bird;false_positive_for_frog
2554,cifar10_test_02554,/home/tariq/Desktop/Awais-Tariq/base-KD/data/cifar-10-batches-py/test_batch,2554,deer,bird,0.970029890537262,False,True,/home/tariq/Desktop/Awais-Tariq/base-KD/reports/cifar10_full_audit/mamba_scratch/failure_images/02554_true-deer_pred-bird.png,false_negative_for_deer;false_positive_for_bird
2567,cifar10_test_02567,/home/tariq/Desktop/Awais-Tariq/base-KD/data/cifar-10-batches-py/test_batch,2567,deer,bird,0.5832369327545166,False,True,/home/tariq/Desktop/Awais-Tariq/base-KD/reports/cifar10_full_audit/mamba_scratch/failure_images/02567_true-deer_pred-bird.png,false_negative_for_deer;false_positive_for_bird
2585,cifar10_test_02585,/home/tariq/Desktop/Awais-Tariq/base-KD/data/cifar-10-batches-py/test_batch,2585,cat,dog,0.8305028080940247,False,True,/home/tariq/Desktop/Awais-Tariq/base-KD/reports/cifar10_full_audit/mamba_scratch/failure_images/02585_true-cat_pred-dog.png,false_negative_for_cat;false_positive_for_dog
2586,cifar10_test_02586,/home/tariq/Desktop/Awais-Tariq/base-KD/data/cifar-10-batches-py/test_batch,2586,horse,dog,0.6533238887786865,False,True,/home/tariq/Desktop/Awais-Tariq/base-KD/reports/cifar10_full_audit/mamba_scratch/failure_images/02586_true-horse_pred-dog.png,false_negative_for_horse;false_positive_for_dog
2590,cifar10_test_02590,/home/tariq/Desktop/Awais-Tariq/base-KD/data/cifar-10-batches-py/test_batch,2590,dog,cat,0.9983160495758057,False,True,/home/tariq/Desktop/Awais-Tariq/base-KD/reports/cifar10_full_audit/mamba_scratch/failure_images/02590_true-dog_pred-cat.png,false_negative_for_dog;false_positive_for_cat
2592,cifar10_test_02592,/home/tariq/Desktop/Awais-Tariq/base-KD/data/cifar-10-batches-py/test_batch,2592,bird,deer,0.9797199368476868,False,True,/home/tariq/Desktop/Awais-Tariq/base-KD/reports/cifar10_full_audit/mamba_scratch/failure_images/02592_true-bird_pred-deer.png,false_negative_for_bird;false_positive_for_deer
2594,cifar10_test_02594,/home/tariq/Desktop/Awais-Tariq/base-KD/data/cifar-10-batches-py/test_batch,2594,airplane,ship,0.7936583757400513,False,True,/home/tariq/Desktop/Awais-Tariq/base-KD/reports/cifar10_full_audit/mamba_scratch/failure_images/02594_true-airplane_pred-ship.png,false_negative_for_airplane;false_positive_for_ship
2599,cifar10_test_02599,/home/tariq/Desktop/Awais-Tariq/base-KD/data/cifar-10-batches-py/test_batch,2599,frog,cat,0.9900220036506653,False,True,/home/tariq/Desktop/Awais-Tariq/base-KD/reports/cifar10_full_audit/mamba_scratch/failure_images/02599_true-frog_pred-cat.png,false_negative_for_frog;false_positive_for_cat
2612,cifar10_test_02612,/home/tariq/Desktop/Awais-Tariq/base-KD/data/cifar-10-batches-py/test_batch,2612,cat,dog,0.977442741394043,False,True,/home/tariq/Desktop/Awais-Tariq/base-KD/reports/cifar10_full_audit/mamba_scratch/failure_images/02612_true-cat_pred-dog.png,false_negative_for_cat;false_positive_for_dog
2632,cifar10_test_02632,/home/tariq/Desktop/Awais-Tariq/base-KD/data/cifar-10-batches-py/test_batch,2632,cat,dog,0.9960014224052429,False,True,/home/tariq/Desktop/Awais-Tariq/base-KD/reports/cifar10_full_audit/mamba_scratch/failure_images/02632_true-cat_pred-dog.png,false_negative_for_cat;false_positive_for_dog
2635,cifar10_test_02635,/home/tariq/Desktop/Awais-Tariq/base-KD/data/cifar-10-batches-py/test_batch,2635,frog,deer,0.9541606307029724,False,True,/home/tariq/Desktop/Awais-Tariq/base-KD/reports/cifar10_full_audit/mamba_scratch/failure_images/02635_true-frog_pred-deer.png,false_negative_for_frog;false_positive_for_deer
2646,cifar10_test_02646,/home/tariq/Desktop/Awais-Tariq/base-KD/data/cifar-10-batches-py/test_batch,2646,cat,dog,0.8985663056373596,False,True,/home/tariq/Desktop/Awais-Tariq/base-KD/reports/cifar10_full_audit/mamba_scratch/failure_images/02646_true-cat_pred-dog.png,false_negative_for_cat;false_positive_for_dog
2650,cifar10_test_02650,/home/tariq/Desktop/Awais-Tariq/base-KD/data/cifar-10-batches-py/test_batch,2650,dog,cat,0.9876769781112671,False,True,/home/tariq/Desktop/Awais-Tariq/base-KD/reports/cifar10_full_audit/mamba_scratch/failure_images/02650_true-dog_pred-cat.png,false_negative_for_dog;false_positive_for_cat
2676,cifar10_test_02676,/home/tariq/Desktop/Awais-Tariq/base-KD/data/cifar-10-batches-py/test_batch,2676,deer,frog,0.9855050444602966,False,True,/home/tariq/Desktop/Awais-Tariq/base-KD/reports/cifar10_full_audit/mamba_scratch/failure_images/02676_true-deer_pred-frog.png,false_negative_for_deer;false_positive_for_frog
2690,cifar10_test_02690,/home/tariq/Desktop/Awais-Tariq/base-KD/data/cifar-10-batches-py/test_batch,2690,bird,frog,0.9975900650024414,False,True,/home/tariq/Desktop/Awais-Tariq/base-KD/reports/cifar10_full_audit/mamba_scratch/failure_images/02690_true-bird_pred-frog.png,false_negative_for_bird;false_positive_for_frog
2703,cifar10_test_02703,/home/tariq/Desktop/Awais-Tariq/base-KD/data/cifar-10-batches-py/test_batch,2703,truck,airplane,0.6125648021697998,False,True,/home/tariq/Desktop/Awais-Tariq/base-KD/reports/cifar10_full_audit/mamba_scratch/failure_images/02703_true-truck_pred-airplane.png,false_negative_for_truck;false_positive_for_airplane
2705,cifar10_test_02705,/home/tariq/Desktop/Awais-Tariq/base-KD/data/cifar-10-batches-py/test_batch,2705,ship,airplane,0.6914845705032349,False,True,/home/tariq/Desktop/Awais-Tariq/base-KD/reports/cifar10_full_audit/mamba_scratch/failure_images/02705_true-ship_pred-airplane.png,false_negative_for_ship;false_positive_for_airplane
2719,cifar10_test_02719,/home/tariq/Desktop/Awais-Tariq/base-KD/data/cifar-10-batches-py/test_batch,2719,deer,bird,0.965755045413971,False,True,/home/tariq/Desktop/Awais-Tariq/base-KD/reports/cifar10_full_audit/mamba_scratch/failure_images/02719_true-deer_pred-bird.png,false_negative_for_deer;false_positive_for_bird
2737,cifar10_test_02737,/home/tariq/Desktop/Awais-Tariq/base-KD/data/cifar-10-batches-py/test_batch,2737,ship,airplane,0.9665087461471558,False,True,/home/tariq/Desktop/Awais-Tariq/base-KD/reports/cifar10_full_audit/mamba_scratch/failure_images/02737_true-ship_pred-airplane.png,false_negative_for_ship;false_positive_for_airplane
2747,cifar10_test_02747,/home/tariq/Desktop/Awais-Tariq/base-KD/data/cifar-10-batches-py/test_batch,2747,cat,ship,0.9295899868011475,False,True,/home/tariq/Desktop/Awais-Tariq/base-KD/reports/cifar10_full_audit/mamba_scratch/failure_images/02747_true-cat_pred-ship.png,false_negative_for_cat;false_positive_for_ship
2767,cifar10_test_02767,/home/tariq/Desktop/Awais-Tariq/base-KD/data/cifar-10-batches-py/test_batch,2767,dog,cat,0.9999784231185913,False,True,/home/tariq/Desktop/Awais-Tariq/base-KD/reports/cifar10_full_audit/mamba_scratch/failure_images/02767_true-dog_pred-cat.png,false_negative_for_dog;false_positive_for_cat
2770,cifar10_test_02770,/home/tariq/Desktop/Awais-Tariq/base-KD/data/cifar-10-batches-py/test_batch,2770,horse,cat,0.7440235018730164,False,False,/home/tariq/Desktop/Awais-Tariq/base-KD/reports/cifar10_full_audit/mamba_scratch/failure_images/02770_true-horse_pred-cat.png,false_negative_for_horse;false_positive_for_cat
2777,cifar10_test_02777,/home/tariq/Desktop/Awais-Tariq/base-KD/data/cifar-10-batches-py/test_batch,2777,dog,cat,0.8998415470123291,False,True,/home/tariq/Desktop/Awais-Tariq/base-KD/reports/cifar10_full_audit/mamba_scratch/failure_images/02777_true-dog_pred-cat.png,false_negative_for_dog;false_positive_for_cat
2779,cifar10_test_02779,/home/tariq/Desktop/Awais-Tariq/base-KD/data/cifar-10-batches-py/test_batch,2779,cat,dog,0.5525946021080017,False,True,/home/tariq/Desktop/Awais-Tariq/base-KD/reports/cifar10_full_audit/mamba_scratch/failure_images/02779_true-cat_pred-dog.png,false_negative_for_cat;false_positive_for_dog
2785,cifar10_test_02785,/home/tariq/Desktop/Awais-Tariq/base-KD/data/cifar-10-batches-py/test_batch,2785,deer,bird,0.9346514344215393,False,True,/home/tariq/Desktop/Awais-Tariq/base-KD/reports/cifar10_full_audit/mamba_scratch/failure_images/02785_true-deer_pred-bird.png,false_negative_for_deer;false_positive_for_bird
2794,cifar10_test_02794,/home/tariq/Desktop/Awais-Tariq/base-KD/data/cifar-10-batches-py/test_batch,2794,airplane,ship,0.9670215249061584,False,True,/home/tariq/Desktop/Awais-Tariq/base-KD/reports/cifar10_full_audit/mamba_scratch/failure_images/02794_true-airplane_pred-ship.png,false_negative_for_airplane;false_positive_for_ship
2804,cifar10_test_02804,/home/tariq/Desktop/Awais-Tariq/base-KD/data/cifar-10-batches-py/test_batch,2804,cat,dog,0.8971405029296875,False,False,/home/tariq/Desktop/Awais-Tariq/base-KD/reports/cifar10_full_audit/mamba_scratch/failure_images/02804_true-cat_pred-dog.png,false_negative_for_cat;false_positive_for_dog
2810,cifar10_test_02810,/home/tariq/Desktop/Awais-Tariq/base-KD/data/cifar-10-batches-py/test_batch,2810,truck,airplane,0.4345412254333496,False,True,/home/tariq/Desktop/Awais-Tariq/base-KD/reports/cifar10_full_audit/mamba_scratch/failure_images/02810_true-truck_pred-airplane.png,false_negative_for_truck;false_positive_for_airplane
2822,cifar10_test_02822,/home/tariq/Desktop/Awais-Tariq/base-KD/data/cifar-10-batches-py/test_batch,2822,cat,dog,0.9973714351654053,False,True,/home/tariq/Desktop/Awais-Tariq/base-KD/reports/cifar10_full_audit/mamba_scratch/failure_images/02822_true-cat_pred-dog.png,false_negative_for_cat;false_positive_for_dog
2831,cifar10_test_02831,/home/tariq/Desktop/Awais-Tariq/base-KD/data/cifar-10-batches-py/test_batch,2831,cat,airplane,0.9975125789642334,False,False,/home/tariq/Desktop/Awais-Tariq/base-KD/reports/cifar10_full_audit/mamba_scratch/failure_images/02831_true-cat_pred-airplane.png,false_negative_for_cat;false_positive_for_airplane
2843,cifar10_test_02843,/home/tariq/Desktop/Awais-Tariq/base-KD/data/cifar-10-batches-py/test_batch,2843,automobile,truck,0.9961668848991394,False,True,/home/tariq/Desktop/Awais-Tariq/base-KD/reports/cifar10_full_audit/mamba_scratch/failure_images/02843_true-automobile_pred-truck.png,false_negative_for_automobile;false_positive_for_truck
2845,cifar10_test_02845,/home/tariq/Desktop/Awais-Tariq/base-KD/data/cifar-10-batches-py/test_batch,2845,dog,deer,0.9397488832473755,False,True,/home/tariq/Desktop/Awais-Tariq/base-KD/reports/cifar10_full_audit/mamba_scratch/failure_images/02845_true-dog_pred-deer.png,false_negative_for_dog;false_positive_for_deer
2854,cifar10_test_02854,/home/tariq/Desktop/Awais-Tariq/base-KD/data/cifar-10-batches-py/test_batch,2854,truck,horse,0.9999058246612549,False,True,/home/tariq/Desktop/Awais-Tariq/base-KD/reports/cifar10_full_audit/mamba_scratch/failure_images/02854_true-truck_pred-horse.png,false_negative_for_truck;false_positive_for_horse
2855,cifar10_test_02855,/home/tariq/Desktop/Awais-Tariq/base-KD/data/cifar-10-batches-py/test_batch,2855,cat,deer,0.945670485496521,False,True,/home/tariq/Desktop/Awais-Tariq/base-KD/reports/cifar10_full_audit/mamba_scratch/failure_images/02855_true-cat_pred-deer.png,false_negative_for_cat;false_positive_for_deer
2859,cifar10_test_02859,/home/tariq/Desktop/Awais-Tariq/base-KD/data/cifar-10-batches-py/test_batch,2859,automobile,bird,0.3370852768421173,False,True,/home/tariq/Desktop/Awais-Tariq/base-KD/reports/cifar10_full_audit/mamba_scratch/failure_images/02859_true-automobile_pred-bird.png,false_negative_for_automobile;false_positive_for_bird
2868,cifar10_test_02868,/home/tariq/Desktop/Awais-Tariq/base-KD/data/cifar-10-batches-py/test_batch,2868,truck,deer,0.8769842982292175,False,True,/home/tariq/Desktop/Awais-Tariq/base-KD/reports/cifar10_full_audit/mamba_scratch/failure_images/02868_true-truck_pred-deer.png,false_negative_for_truck;false_positive_for_deer
2874,cifar10_test_02874,/home/tariq/Desktop/Awais-Tariq/base-KD/data/cifar-10-batches-py/test_batch,2874,ship,airplane,0.5052545666694641,False,True,/home/tariq/Desktop/Awais-Tariq/base-KD/reports/cifar10_full_audit/mamba_scratch/failure_images/02874_true-ship_pred-airplane.png,false_negative_for_ship;false_positive_for_airplane
2884,cifar10_test_02884,/home/tariq/Desktop/Awais-Tariq/base-KD/data/cifar-10-batches-py/test_batch,2884,frog,bird,0.8996770977973938,False,True,/home/tariq/Desktop/Awais-Tariq/base-KD/reports/cifar10_full_audit/mamba_scratch/failure_images/02884_true-frog_pred-bird.png,false_negative_for_frog;false_positive_for_bird
2890,cifar10_test_02890,/home/tariq/Desktop/Awais-Tariq/base-KD/data/cifar-10-batches-py/test_batch,2890,dog,cat,0.9854856729507446,False,True,/home/tariq/Desktop/Awais-Tariq/base-KD/reports/cifar10_full_audit/mamba_scratch/failure_images/02890_true-dog_pred-cat.png,false_negative_for_dog;false_positive_for_cat
2895,cifar10_test_02895,/home/tariq/Desktop/Awais-Tariq/base-KD/data/cifar-10-batches-py/test_batch,2895,horse,dog,0.9516894817352295,False,True,/home/tariq/Desktop/Awais-Tariq/base-KD/reports/cifar10_full_audit/mamba_scratch/failure_images/02895_true-horse_pred-dog.png,false_negative_for_horse;false_positive_for_dog
2912,cifar10_test_02912,/home/tariq/Desktop/Awais-Tariq/base-KD/data/cifar-10-batches-py/test_batch,2912,bird,frog,0.9807389974594116,False,True,/home/tariq/Desktop/Awais-Tariq/base-KD/reports/cifar10_full_audit/mamba_scratch/failure_images/02912_true-bird_pred-frog.png,false_negative_for_bird;false_positive_for_frog
2923,cifar10_test_02923,/home/tariq/Desktop/Awais-Tariq/base-KD/data/cifar-10-batches-py/test_batch,2923,cat,horse,0.9751147627830505,False,True,/home/tariq/Desktop/Awais-Tariq/base-KD/reports/cifar10_full_audit/mamba_scratch/failure_images/02923_true-cat_pred-horse.png,false_negative_for_cat;false_positive_for_horse
2940,cifar10_test_02940,/home/tariq/Desktop/Awais-Tariq/base-KD/data/cifar-10-batches-py/test_batch,2940,cat,airplane,0.9999973773956299,False,True,/home/tariq/Desktop/Awais-Tariq/base-KD/reports/cifar10_full_audit/mamba_scratch/failure_images/02940_true-cat_pred-airplane.png,false_negative_for_cat;false_positive_for_airplane
2948,cifar10_test_02948,/home/tariq/Desktop/Awais-Tariq/base-KD/data/cifar-10-batches-py/test_batch,2948,dog,cat,0.7363657355308533,False,True,/home/tariq/Desktop/Awais-Tariq/base-KD/reports/cifar10_full_audit/mamba_scratch/failure_images/02948_true-dog_pred-cat.png,false_negative_for_dog;false_positive_for_cat
2955,cifar10_test_02955,/home/tariq/Desktop/Awais-Tariq/base-KD/data/cifar-10-batches-py/test_batch,2955,bird,cat,0.975811779499054,False,True,/home/tariq/Desktop/Awais-Tariq/base-KD/reports/cifar10_full_audit/mamba_scratch/failure_images/02955_true-bird_pred-cat.png,false_negative_for_bird;false_positive_for_cat
2976,cifar10_test_02976,/home/tariq/Desktop/Awais-Tariq/base-KD/data/cifar-10-batches-py/test_batch,2976,airplane,truck,0.6590721011161804,False,True,/home/tariq/Desktop/Awais-Tariq/base-KD/reports/cifar10_full_audit/mamba_scratch/failure_images/02976_true-airplane_pred-truck.png,false_negative_for_airplane;false_positive_for_truck
2986,cifar10_test_02986,/home/tariq/Desktop/Awais-Tariq/base-KD/data/cifar-10-batches-py/test_batch,2986,automobile,ship,0.8103536367416382,False,True,/home/tariq/Desktop/Awais-Tariq/base-KD/reports/cifar10_full_audit/mamba_scratch/failure_images/02986_true-automobile_pred-ship.png,false_negative_for_automobile;false_positive_for_ship
2987,cifar10_test_02987,/home/tariq/Desktop/Awais-Tariq/base-KD/data/cifar-10-batches-py/test_batch,2987,automobile,dog,0.680082380771637,False,True,/home/tariq/Desktop/Awais-Tariq/base-KD/reports/cifar10_full_audit/mamba_scratch/failure_images/02987_true-automobile_pred-dog.png,false_negative_for_automobile;false_positive_for_dog
2997,cifar10_test_02997,/home/tariq/Desktop/Awais-Tariq/base-KD/data/cifar-10-batches-py/test_batch,2997,bird,dog,0.9971715807914734,False,True,/home/tariq/Desktop/Awais-Tariq/base-KD/reports/cifar10_full_audit/mamba_scratch/failure_images/02997_true-bird_pred-dog.png,false_negative_for_bird;false_positive_for_dog
3025,cifar10_test_03025,/home/tariq/Desktop/Awais-Tariq/base-KD/data/cifar-10-batches-py/test_batch,3025,bird,deer,0.7849223017692566,False,True,/home/tariq/Desktop/Awais-Tariq/base-KD/reports/cifar10_full_audit/mamba_scratch/failure_images/03025_true-bird_pred-deer.png,false_negative_for_bird;false_positive_for_deer
3026,cifar10_test_03026,/home/tariq/Desktop/Awais-Tariq/base-KD/data/cifar-10-batches-py/test_batch,3026,dog,deer,0.9887204766273499,False,True,/home/tariq/Desktop/Awais-Tariq/base-KD/reports/cifar10_full_audit/mamba_scratch/failure_images/03026_true-dog_pred-deer.png,false_negative_for_dog;false_positive_for_deer
3032,cifar10_test_03032,/home/tariq/Desktop/Awais-Tariq/base-KD/data/cifar-10-batches-py/test_batch,3032,bird,frog,0.9394814372062683,False,True,/home/tariq/Desktop/Awais-Tariq/base-KD/reports/cifar10_full_audit/mamba_scratch/failure_images/03032_true-bird_pred-frog.png,false_negative_for_bird;false_positive_for_frog
3052,cifar10_test_03052,/home/tariq/Desktop/Awais-Tariq/base-KD/data/cifar-10-batches-py/test_batch,3052,cat,bird,0.6762790083885193,False,True,/home/tariq/Desktop/Awais-Tariq/base-KD/reports/cifar10_full_audit/mamba_scratch/failure_images/03052_true-cat_pred-bird.png,false_negative_for_cat;false_positive_for_bird
3059,cifar10_test_03059,/home/tariq/Desktop/Awais-Tariq/base-KD/data/cifar-10-batches-py/test_batch,3059,dog,cat,0.8241228461265564,False,True,/home/tariq/Desktop/Awais-Tariq/base-KD/reports/cifar10_full_audit/mamba_scratch/failure_images/03059_true-dog_pred-cat.png,false_negative_for_dog;false_positive_for_cat
3084,cifar10_test_03084,/home/tariq/Desktop/Awais-Tariq/base-KD/data/cifar-10-batches-py/test_batch,3084,cat,horse,0.6343407034873962,False,True,/home/tariq/Desktop/Awais-Tariq/base-KD/reports/cifar10_full_audit/mamba_scratch/failure_images/03084_true-cat_pred-horse.png,false_negative_for_cat;false_positive_for_horse
3105,cifar10_test_03105,/home/tariq/Desktop/Awais-Tariq/base-KD/data/cifar-10-batches-py/test_batch,3105,automobile,truck,0.5188109874725342,False,True,/home/tariq/Desktop/Awais-Tariq/base-KD/reports/cifar10_full_audit/mamba_scratch/failure_images/03105_true-automobile_pred-truck.png,false_negative_for_automobile;false_positive_for_truck
3110,cifar10_test_03110,/home/tariq/Desktop/Awais-Tariq/base-KD/data/cifar-10-batches-py/test_batch,3110,horse,dog,0.5993397831916809,False,True,/home/tariq/Desktop/Awais-Tariq/base-KD/reports/cifar10_full_audit/mamba_scratch/failure_images/03110_true-horse_pred-dog.png,false_negative_for_horse;false_positive_for_dog
3114,cifar10_test_03114,/home/tariq/Desktop/Awais-Tariq/base-KD/data/cifar-10-batches-py/test_batch,3114,bird,automobile,0.2936969995498657,False,False,/home/tariq/Desktop/Awais-Tariq/base-KD/reports/cifar10_full_audit/mamba_scratch/failure_images/03114_true-bird_pred-automobile.png,false_negative_for_bird;false_positive_for_automobile
3115,cifar10_test_03115,/home/tariq/Desktop/Awais-Tariq/base-KD/data/cifar-10-batches-py/test_batch,3115,dog,airplane,0.657630443572998,False,True,/home/tariq/Desktop/Awais-Tariq/base-KD/reports/cifar10_full_audit/mamba_scratch/failure_images/03115_true-dog_pred-airplane.png,false_negative_for_dog;false_positive_for_airplane
3130,cifar10_test_03130,/home/tariq/Desktop/Awais-Tariq/base-KD/data/cifar-10-batches-py/test_batch,3130,cat,dog,0.9999675750732422,False,True,/home/tariq/Desktop/Awais-Tariq/base-KD/reports/cifar10_full_audit/mamba_scratch/failure_images/03130_true-cat_pred-dog.png,false_negative_for_cat;false_positive_for_dog
3146,cifar10_test_03146,/home/tariq/Desktop/Awais-Tariq/base-KD/data/cifar-10-batches-py/test_batch,3146,bird,frog,0.9998303651809692,False,True,/home/tariq/Desktop/Awais-Tariq/base-KD/reports/cifar10_full_audit/mamba_scratch/failure_images/03146_true-bird_pred-frog.png,false_negative_for_bird;false_positive_for_frog
3160,cifar10_test_03160,/home/tariq/Desktop/Awais-Tariq/base-KD/data/cifar-10-batches-py/test_batch,3160,frog,bird,0.8039796352386475,False,True,/home/tariq/Desktop/Awais-Tariq/base-KD/reports/cifar10_full_audit/mamba_scratch/failure_images/03160_true-frog_pred-bird.png,false_negative_for_frog;false_positive_for_bird
3180,cifar10_test_03180,/home/tariq/Desktop/Awais-Tariq/base-KD/data/cifar-10-batches-py/test_batch,3180,cat,bird,0.9817692041397095,False,True,/home/tariq/Desktop/Awais-Tariq/base-KD/reports/cifar10_full_audit/mamba_scratch/failure_images/03180_true-cat_pred-bird.png,false_negative_for_cat;false_positive_for_bird
3183,cifar10_test_03183,/home/tariq/Desktop/Awais-Tariq/base-KD/data/cifar-10-batches-py/test_batch,3183,cat,dog,0.9999861717224121,False,True,/home/tariq/Desktop/Awais-Tariq/base-KD/reports/cifar10_full_audit/mamba_scratch/failure_images/03183_true-cat_pred-dog.png,false_negative_for_cat;false_positive_for_dog
3192,cifar10_test_03192,/home/tariq/Desktop/Awais-Tariq/base-KD/data/cifar-10-batches-py/test_batch,3192,dog,deer,0.9999887943267822,False,True,/home/tariq/Desktop/Awais-Tariq/base-KD/reports/cifar10_full_audit/mamba_scratch/failure_images/03192_true-dog_pred-deer.png,false_negative_for_dog;false_positive_for_deer
3204,cifar10_test_03204,/home/tariq/Desktop/Awais-Tariq/base-KD/data/cifar-10-batches-py/test_batch,3204,dog,cat,0.9696715474128723,False,True,/home/tariq/Desktop/Awais-Tariq/base-KD/reports/cifar10_full_audit/mamba_scratch/failure_images/03204_true-dog_pred-cat.png,false_negative_for_dog;false_positive_for_cat
3207,cifar10_test_03207,/home/tariq/Desktop/Awais-Tariq/base-KD/data/cifar-10-batches-py/test_batch,3207,airplane,cat,0.8316835165023804,False,True,/home/tariq/Desktop/Awais-Tariq/base-KD/reports/cifar10_full_audit/mamba_scratch/failure_images/03207_true-airplane_pred-cat.png,false_negative_for_airplane;false_positive_for_cat
3209,cifar10_test_03209,/home/tariq/Desktop/Awais-Tariq/base-KD/data/cifar-10-batches-py/test_batch,3209,horse,dog,0.4547789692878723,False,True,/home/tariq/Desktop/Awais-Tariq/base-KD/reports/cifar10_full_audit/mamba_scratch/failure_images/03209_true-horse_pred-dog.png,false_negative_for_horse;false_positive_for_dog
3211,cifar10_test_03211,/home/tariq/Desktop/Awais-Tariq/base-KD/data/cifar-10-batches-py/test_batch,3211,airplane,truck,0.9972111582756042,False,True,/home/tariq/Desktop/Awais-Tariq/base-KD/reports/cifar10_full_audit/mamba_scratch/failure_images/03211_true-airplane_pred-truck.png,false_negative_for_airplane;false_positive_for_truck
3220,cifar10_test_03220,/home/tariq/Desktop/Awais-Tariq/base-KD/data/cifar-10-batches-py/test_batch,3220,cat,dog,0.9826605916023254,False,True,/home/tariq/Desktop/Awais-Tariq/base-KD/reports/cifar10_full_audit/mamba_scratch/failure_images/03220_true-cat_pred-dog.png,false_negative_for_cat;false_positive_for_dog
3228,cifar10_test_03228,/home/tariq/Desktop/Awais-Tariq/base-KD/data/cifar-10-batches-py/test_batch,3228,cat,ship,0.9348714351654053,False,True,/home/tariq/Desktop/Awais-Tariq/base-KD/reports/cifar10_full_audit/mamba_scratch/failure_images/03228_true-cat_pred-ship.png,false_negative_for_cat;false_positive_for_ship
3237,cifar10_test_03237,/home/tariq/Desktop/Awais-Tariq/base-KD/data/cifar-10-batches-py/test_batch,3237,truck,automobile,0.5422557592391968,False,True,/home/tariq/Desktop/Awais-Tariq/base-KD/reports/cifar10_full_audit/mamba_scratch/failure_images/03237_true-truck_pred-automobile.png,false_negative_for_truck;false_positive_for_automobile
3246,cifar10_test_03246,/home/tariq/Desktop/Awais-Tariq/base-KD/data/cifar-10-batches-py/test_batch,3246,automobile,bird,0.48160430788993835,False,True,/home/tariq/Desktop/Awais-Tariq/base-KD/reports/cifar10_full_audit/mamba_scratch/failure_images/03246_true-automobile_pred-bird.png,false_negative_for_automobile;false_positive_for_bird
3247,cifar10_test_03247,/home/tariq/Desktop/Awais-Tariq/base-KD/data/cifar-10-batches-py/test_batch,3247,cat,dog,0.876413106918335,False,True,/home/tariq/Desktop/Awais-Tariq/base-KD/reports/cifar10_full_audit/mamba_scratch/failure_images/03247_true-cat_pred-dog.png,false_negative_for_cat;false_positive_for_dog
3258,cifar10_test_03258,/home/tariq/Desktop/Awais-Tariq/base-KD/data/cifar-10-batches-py/test_batch,3258,airplane,cat,0.5225082039833069,False,True,/home/tariq/Desktop/Awais-Tariq/base-KD/reports/cifar10_full_audit/mamba_scratch/failure_images/03258_true-airplane_pred-cat.png,false_negative_for_airplane;false_positive_for_cat
3278,cifar10_test_03278,/home/tariq/Desktop/Awais-Tariq/base-KD/data/cifar-10-batches-py/test_batch,3278,airplane,bird,0.975725531578064,False,True,/home/tariq/Desktop/Awais-Tariq/base-KD/reports/cifar10_full_audit/mamba_scratch/failure_images/03278_true-airplane_pred-bird.png,false_negative_for_airplane;false_positive_for_bird
3297,cifar10_test_03297,/home/tariq/Desktop/Awais-Tariq/base-KD/data/cifar-10-batches-py/test_batch,3297,deer,dog,0.6568105220794678,False,True,/home/tariq/Desktop/Awais-Tariq/base-KD/reports/cifar10_full_audit/mamba_scratch/failure_images/03297_true-deer_pred-dog.png,false_negative_for_deer;false_positive_for_dog
3299,cifar10_test_03299,/home/tariq/Desktop/Awais-Tariq/base-KD/data/cifar-10-batches-py/test_batch,3299,airplane,bird,0.5237885117530823,False,True,/home/tariq/Desktop/Awais-Tariq/base-KD/reports/cifar10_full_audit/mamba_scratch/failure_images/03299_true-airplane_pred-bird.png,false_negative_for_airplane;false_positive_for_bird
3306,cifar10_test_03306,/home/tariq/Desktop/Awais-Tariq/base-KD/data/cifar-10-batches-py/test_batch,3306,dog,bird,0.6593523621559143,False,True,/home/tariq/Desktop/Awais-Tariq/base-KD/reports/cifar10_full_audit/mamba_scratch/failure_images/03306_true-dog_pred-bird.png,false_negative_for_dog;false_positive_for_bird
3336,cifar10_test_03336,/home/tariq/Desktop/Awais-Tariq/base-KD/data/cifar-10-batches-py/test_batch,3336,airplane,truck,0.9984681010246277,False,True,/home/tariq/Desktop/Awais-Tariq/base-KD/reports/cifar10_full_audit/mamba_scratch/failure_images/03336_true-airplane_pred-truck.png,false_negative_for_airplane;false_positive_for_truck
3339,cifar10_test_03339,/home/tariq/Desktop/Awais-Tariq/base-KD/data/cifar-10-batches-py/test_batch,3339,truck,frog,0.48077431321144104,False,True,/home/tariq/Desktop/Awais-Tariq/base-KD/reports/cifar10_full_audit/mamba_scratch/failure_images/03339_true-truck_pred-frog.png,false_negative_for_truck;false_positive_for_frog
3343,cifar10_test_03343,/home/tariq/Desktop/Awais-Tariq/base-KD/data/cifar-10-batches-py/test_batch,3343,cat,dog,0.6149416565895081,False,True,/home/tariq/Desktop/Awais-Tariq/base-KD/reports/cifar10_full_audit/mamba_scratch/failure_images/03343_true-cat_pred-dog.png,false_negative_for_cat;false_positive_for_dog
3349,cifar10_test_03349,/home/tariq/Desktop/Awais-Tariq/base-KD/data/cifar-10-batches-py/test_batch,3349,frog,bird,0.9999830722808838,False,True,/home/tariq/Desktop/Awais-Tariq/base-KD/reports/cifar10_full_audit/mamba_scratch/failure_images/03349_true-frog_pred-bird.png,false_negative_for_frog;false_positive_for_bird
3354,cifar10_test_03354,/home/tariq/Desktop/Awais-Tariq/base-KD/data/cifar-10-batches-py/test_batch,3354,cat,dog,0.8239771127700806,False,True,/home/tariq/Desktop/Awais-Tariq/base-KD/reports/cifar10_full_audit/mamba_scratch/failure_images/03354_true-cat_pred-dog.png,false_negative_for_cat;false_positive_for_dog
3359,cifar10_test_03359,/home/tariq/Desktop/Awais-Tariq/base-KD/data/cifar-10-batches-py/test_batch,3359,horse,deer,0.8673576712608337,False,True,/home/tariq/Desktop/Awais-Tariq/base-KD/reports/cifar10_full_audit/mamba_scratch/failure_images/03359_true-horse_pred-deer.png,false_negative_for_horse;false_positive_for_deer
3369,cifar10_test_03369,/home/tariq/Desktop/Awais-Tariq/base-KD/data/cifar-10-batches-py/test_batch,3369,dog,cat,0.7092825174331665,False,True,/home/tariq/Desktop/Awais-Tariq/base-KD/reports/cifar10_full_audit/mamba_scratch/failure_images/03369_true-dog_pred-cat.png,false_negative_for_dog;false_positive_for_cat
3416,cifar10_test_03416,/home/tariq/Desktop/Awais-Tariq/base-KD/data/cifar-10-batches-py/test_batch,3416,horse,bird,0.7742099165916443,False,False,/home/tariq/Desktop/Awais-Tariq/base-KD/reports/cifar10_full_audit/mamba_scratch/failure_images/03416_true-horse_pred-bird.png,false_negative_for_horse;false_positive_for_bird
3417,cifar10_test_03417,/home/tariq/Desktop/Awais-Tariq/base-KD/data/cifar-10-batches-py/test_batch,3417,horse,deer,0.6100122928619385,False,True,/home/tariq/Desktop/Awais-Tariq/base-KD/reports/cifar10_full_audit/mamba_scratch/failure_images/03417_true-horse_pred-deer.png,false_negative_for_horse;false_positive_for_deer
3422,cifar10_test_03422,/home/tariq/Desktop/Awais-Tariq/base-KD/data/cifar-10-batches-py/test_batch,3422,bird,cat,0.989716112613678,False,True,/home/tariq/Desktop/Awais-Tariq/base-KD/reports/cifar10_full_audit/mamba_scratch/failure_images/03422_true-bird_pred-cat.png,false_negative_for_bird;false_positive_for_cat
3443,cifar10_test_03443,/home/tariq/Desktop/Awais-Tariq/base-KD/data/cifar-10-batches-py/test_batch,3443,deer,bird,0.9996258020401001,False,True,/home/tariq/Desktop/Awais-Tariq/base-KD/reports/cifar10_full_audit/mamba_scratch/failure_images/03443_true-deer_pred-bird.png,false_negative_for_deer;false_positive_for_bird
3450,cifar10_test_03450,/home/tariq/Desktop/Awais-Tariq/base-KD/data/cifar-10-batches-py/test_batch,3450,truck,automobile,0.9947644472122192,False,True,/home/tariq/Desktop/Awais-Tariq/base-KD/reports/cifar10_full_audit/mamba_scratch/failure_images/03450_true-truck_pred-automobile.png,false_negative_for_truck;false_positive_for_automobile
3461,cifar10_test_03461,/home/tariq/Desktop/Awais-Tariq/base-KD/data/cifar-10-batches-py/test_batch,3461,horse,cat,0.7052054405212402,False,True,/home/tariq/Desktop/Awais-Tariq/base-KD/reports/cifar10_full_audit/mamba_scratch/failure_images/03461_true-horse_pred-cat.png,false_negative_for_horse;false_positive_for_cat
3463,cifar10_test_03463,/home/tariq/Desktop/Awais-Tariq/base-KD/data/cifar-10-batches-py/test_batch,3463,cat,dog,0.9123440980911255,False,True,/home/tariq/Desktop/Awais-Tariq/base-KD/reports/cifar10_full_audit/mamba_scratch/failure_images/03463_true-cat_pred-dog.png,false_negative_for_cat;false_positive_for_dog
3467,cifar10_test_03467,/home/tariq/Desktop/Awais-Tariq/base-KD/data/cifar-10-batches-py/test_batch,3467,airplane,truck,0.9608278274536133,False,True,/home/tariq/Desktop/Awais-Tariq/base-KD/reports/cifar10_full_audit/mamba_scratch/failure_images/03467_true-airplane_pred-truck.png,false_negative_for_airplane;false_positive_for_truck
3475,cifar10_test_03475,/home/tariq/Desktop/Awais-Tariq/base-KD/data/cifar-10-batches-py/test_batch,3475,airplane,bird,0.9973043203353882,False,True,/home/tariq/Desktop/Awais-Tariq/base-KD/reports/cifar10_full_audit/mamba_scratch/failure_images/03475_true-airplane_pred-bird.png,false_negative_for_airplane;false_positive_for_bird
3479,cifar10_test_03479,/home/tariq/Desktop/Awais-Tariq/base-KD/data/cifar-10-batches-py/test_batch,3479,cat,dog,0.9136669039726257,False,True,/home/tariq/Desktop/Awais-Tariq/base-KD/reports/cifar10_full_audit/mamba_scratch/failure_images/03479_true-cat_pred-dog.png,false_negative_for_cat;false_positive_for_dog
3494,cifar10_test_03494,/home/tariq/Desktop/Awais-Tariq/base-KD/data/cifar-10-batches-py/test_batch,3494,airplane,cat,0.7494776248931885,False,True,/home/tariq/Desktop/Awais-Tariq/base-KD/reports/cifar10_full_audit/mamba_scratch/failure_images/03494_true-airplane_pred-cat.png,false_negative_for_airplane;false_positive_for_cat
3496,cifar10_test_03496,/home/tariq/Desktop/Awais-Tariq/base-KD/data/cifar-10-batches-py/test_batch,3496,dog,frog,0.4590124189853668,False,True,/home/tariq/Desktop/Awais-Tariq/base-KD/reports/cifar10_full_audit/mamba_scratch/failure_images/03496_true-dog_pred-frog.png,false_negative_for_dog;false_positive_for_frog
3497,cifar10_test_03497,/home/tariq/Desktop/Awais-Tariq/base-KD/data/cifar-10-batches-py/test_batch,3497,airplane,automobile,0.8907918334007263,False,True,/home/tariq/Desktop/Awais-Tariq/base-KD/reports/cifar10_full_audit/mamba_scratch/failure_images/03497_true-airplane_pred-automobile.png,false_negative_for_airplane;false_positive_for_automobile
3501,cifar10_test_03501,/home/tariq/Desktop/Awais-Tariq/base-KD/data/cifar-10-batches-py/test_batch,3501,truck,automobile,1.0,False,True,/home/tariq/Desktop/Awais-Tariq/base-KD/reports/cifar10_full_audit/mamba_scratch/failure_images/03501_true-truck_pred-automobile.png,false_negative_for_truck;false_positive_for_automobile
3514,cifar10_test_03514,/home/tariq/Desktop/Awais-Tariq/base-KD/data/cifar-10-batches-py/test_batch,3514,bird,dog,0.9566465616226196,False,True,/home/tariq/Desktop/Awais-Tariq/base-KD/reports/cifar10_full_audit/mamba_scratch/failure_images/03514_true-bird_pred-dog.png,false_negative_for_bird;false_positive_for_dog
3524,cifar10_test_03524,/home/tariq/Desktop/Awais-Tariq/base-KD/data/cifar-10-batches-py/test_batch,3524,dog,deer,0.8911203742027283,False,True,/home/tariq/Desktop/Awais-Tariq/base-KD/reports/cifar10_full_audit/mamba_scratch/failure_images/03524_true-dog_pred-deer.png,false_negative_for_dog;false_positive_for_deer
3537,cifar10_test_03537,/home/tariq/Desktop/Awais-Tariq/base-KD/data/cifar-10-batches-py/test_batch,3537,ship,airplane,0.730827271938324,False,True,/home/tariq/Desktop/Awais-Tariq/base-KD/reports/cifar10_full_audit/mamba_scratch/failure_images/03537_true-ship_pred-airplane.png,false_negative_for_ship;false_positive_for_airplane
3550,cifar10_test_03550,/home/tariq/Desktop/Awais-Tariq/base-KD/data/cifar-10-batches-py/test_batch,3550,airplane,horse,0.7338612675666809,False,True,/home/tariq/Desktop/Awais-Tariq/base-KD/reports/cifar10_full_audit/mamba_scratch/failure_images/03550_true-airplane_pred-horse.png,false_negative_for_airplane;false_positive_for_horse
3557,cifar10_test_03557,/home/tariq/Desktop/Awais-Tariq/base-KD/data/cifar-10-batches-py/test_batch,3557,truck,horse,0.9633362889289856,False,False,/home/tariq/Desktop/Awais-Tariq/base-KD/reports/cifar10_full_audit/mamba_scratch/failure_images/03557_true-truck_pred-horse.png,false_negative_for_truck;false_positive_for_horse
3560,cifar10_test_03560,/home/tariq/Desktop/Awais-Tariq/base-KD/data/cifar-10-batches-py/test_batch,3560,automobile,truck,0.9997355341911316,False,True,/home/tariq/Desktop/Awais-Tariq/base-KD/reports/cifar10_full_audit/mamba_scratch/failure_images/03560_true-automobile_pred-truck.png,false_negative_for_automobile;false_positive_for_truck
3569,cifar10_test_03569,/home/tariq/Desktop/Awais-Tariq/base-KD/data/cifar-10-batches-py/test_batch,3569,truck,frog,0.8492172360420227,False,True,/home/tariq/Desktop/Awais-Tariq/base-KD/reports/cifar10_full_audit/mamba_scratch/failure_images/03569_true-truck_pred-frog.png,false_negative_for_truck;false_positive_for_frog
3571,cifar10_test_03571,/home/tariq/Desktop/Awais-Tariq/base-KD/data/cifar-10-batches-py/test_batch,3571,dog,cat,0.9822939038276672,False,True,/home/tariq/Desktop/Awais-Tariq/base-KD/reports/cifar10_full_audit/mamba_scratch/failure_images/03571_true-dog_pred-cat.png,false_negative_for_dog;false_positive_for_cat
3574,cifar10_test_03574,/home/tariq/Desktop/Awais-Tariq/base-KD/data/cifar-10-batches-py/test_batch,3574,dog,cat,0.7529528141021729,False,True,/home/tariq/Desktop/Awais-Tariq/base-KD/reports/cifar10_full_audit/mamba_scratch/failure_images/03574_true-dog_pred-cat.png,false_negative_for_dog;false_positive_for_cat
3594,cifar10_test_03594,/home/tariq/Desktop/Awais-Tariq/base-KD/data/cifar-10-batches-py/test_batch,3594,cat,ship,0.5802411437034607,False,True,/home/tariq/Desktop/Awais-Tariq/base-KD/reports/cifar10_full_audit/mamba_scratch/failure_images/03594_true-cat_pred-ship.png,false_negative_for_cat;false_positive_for_ship
3596,cifar10_test_03596,/home/tariq/Desktop/Awais-Tariq/base-KD/data/cifar-10-batches-py/test_batch,3596,bird,frog,0.6784462928771973,False,True,/home/tariq/Desktop/Awais-Tariq/base-KD/reports/cifar10_full_audit/mamba_scratch/failure_images/03596_true-bird_pred-frog.png,false_negative_for_bird;false_positive_for_frog
3600,cifar10_test_03600,/home/tariq/Desktop/Awais-Tariq/base-KD/data/cifar-10-batches-py/test_batch,3600,deer,dog,0.7384610176086426,False,True,/home/tariq/Desktop/Awais-Tariq/base-KD/reports/cifar10_full_audit/mamba_scratch/failure_images/03600_true-deer_pred-dog.png,false_negative_for_deer;false_positive_for_dog
3605,cifar10_test_03605,/home/tariq/Desktop/Awais-Tariq/base-KD/data/cifar-10-batches-py/test_batch,3605,frog,deer,0.9993351101875305,False,True,/home/tariq/Desktop/Awais-Tariq/base-KD/reports/cifar10_full_audit/mamba_scratch/failure_images/03605_true-frog_pred-deer.png,false_negative_for_frog;false_positive_for_deer
3607,cifar10_test_03607,/home/tariq/Desktop/Awais-Tariq/base-KD/data/cifar-10-batches-py/test_batch,3607,cat,bird,0.9785245060920715,False,True,/home/tariq/Desktop/Awais-Tariq/base-KD/reports/cifar10_full_audit/mamba_scratch/failure_images/03607_true-cat_pred-bird.png,false_negative_for_cat;false_positive_for_bird
3615,cifar10_test_03615,/home/tariq/Desktop/Awais-Tariq/base-KD/data/cifar-10-batches-py/test_batch,3615,frog,bird,0.9081955552101135,False,False,/home/tariq/Desktop/Awais-Tariq/base-KD/reports/cifar10_full_audit/mamba_scratch/failure_images/03615_true-frog_pred-bird.png,false_negative_for_frog;false_positive_for_bird
3618,cifar10_test_03618,/home/tariq/Desktop/Awais-Tariq/base-KD/data/cifar-10-batches-py/test_batch,3618,deer,bird,0.9914058446884155,False,True,/home/tariq/Desktop/Awais-Tariq/base-KD/reports/cifar10_full_audit/mamba_scratch/failure_images/03618_true-deer_pred-bird.png,false_negative_for_deer;false_positive_for_bird
3624,cifar10_test_03624,/home/tariq/Desktop/Awais-Tariq/base-KD/data/cifar-10-batches-py/test_batch,3624,bird,deer,0.9985173344612122,False,True,/home/tariq/Desktop/Awais-Tariq/base-KD/reports/cifar10_full_audit/mamba_scratch/failure_images/03624_true-bird_pred-deer.png,false_negative_for_bird;false_positive_for_deer
3627,cifar10_test_03627,/home/tariq/Desktop/Awais-Tariq/base-KD/data/cifar-10-batches-py/test_batch,3627,deer,cat,0.5040728449821472,False,True,/home/tariq/Desktop/Awais-Tariq/base-KD/reports/cifar10_full_audit/mamba_scratch/failure_images/03627_true-deer_pred-cat.png,false_negative_for_deer;false_positive_for_cat
3631,cifar10_test_03631,/home/tariq/Desktop/Awais-Tariq/base-KD/data/cifar-10-batches-py/test_batch,3631,airplane,horse,0.756240725517273,False,True,/home/tariq/Desktop/Awais-Tariq/base-KD/reports/cifar10_full_audit/mamba_scratch/failure_images/03631_true-airplane_pred-horse.png,false_negative_for_airplane;false_positive_for_horse
3645,cifar10_test_03645,/home/tariq/Desktop/Awais-Tariq/base-KD/data/cifar-10-batches-py/test_batch,3645,automobile,truck,0.999998927116394,False,True,/home/tariq/Desktop/Awais-Tariq/base-KD/reports/cifar10_full_audit/mamba_scratch/failure_images/03645_true-automobile_pred-truck.png,false_negative_for_automobile;false_positive_for_truck
3658,cifar10_test_03658,/home/tariq/Desktop/Awais-Tariq/base-KD/data/cifar-10-batches-py/test_batch,3658,bird,deer,0.780368447303772,False,True,/home/tariq/Desktop/Awais-Tariq/base-KD/reports/cifar10_full_audit/mamba_scratch/failure_images/03658_true-bird_pred-deer.png,false_negative_for_bird;false_positive_for_deer
3669,cifar10_test_03669,/home/tariq/Desktop/Awais-Tariq/base-KD/data/cifar-10-batches-py/test_batch,3669,dog,deer,0.9441529512405396,False,True,/home/tariq/Desktop/Awais-Tariq/base-KD/reports/cifar10_full_audit/mamba_scratch/failure_images/03669_true-dog_pred-deer.png,false_negative_for_dog;false_positive_for_deer
3696,cifar10_test_03696,/home/tariq/Desktop/Awais-Tariq/base-KD/data/cifar-10-batches-py/test_batch,3696,deer,cat,0.9660981297492981,False,False,/home/tariq/Desktop/Awais-Tariq/base-KD/reports/cifar10_full_audit/mamba_scratch/failure_images/03696_true-deer_pred-cat.png,false_negative_for_deer;false_positive_for_cat
3704,cifar10_test_03704,/home/tariq/Desktop/Awais-Tariq/base-KD/data/cifar-10-batches-py/test_batch,3704,dog,cat,0.983851969242096,False,False,/home/tariq/Desktop/Awais-Tariq/base-KD/reports/cifar10_full_audit/mamba_scratch/failure_images/03704_true-dog_pred-cat.png,false_negative_for_dog;false_positive_for_cat
3708,cifar10_test_03708,/home/tariq/Desktop/Awais-Tariq/base-KD/data/cifar-10-batches-py/test_batch,3708,deer,frog,0.9999520778656006,False,True,/home/tariq/Desktop/Awais-Tariq/base-KD/reports/cifar10_full_audit/mamba_scratch/failure_images/03708_true-deer_pred-frog.png,false_negative_for_deer;false_positive_for_frog
3716,cifar10_test_03716,/home/tariq/Desktop/Awais-Tariq/base-KD/data/cifar-10-batches-py/test_batch,3716,cat,frog,0.744397759437561,False,True,/home/tariq/Desktop/Awais-Tariq/base-KD/reports/cifar10_full_audit/mamba_scratch/failure_images/03716_true-cat_pred-frog.png,false_negative_for_cat;false_positive_for_frog
3721,cifar10_test_03721,/home/tariq/Desktop/Awais-Tariq/base-KD/data/cifar-10-batches-py/test_batch,3721,bird,frog,0.5976951122283936,False,True,/home/tariq/Desktop/Awais-Tariq/base-KD/reports/cifar10_full_audit/mamba_scratch/failure_images/03721_true-bird_pred-frog.png,false_negative_for_bird;false_positive_for_frog
3728,cifar10_test_03728,/home/tariq/Desktop/Awais-Tariq/base-KD/data/cifar-10-batches-py/test_batch,3728,bird,cat,0.8954651951789856,False,True,/home/tariq/Desktop/Awais-Tariq/base-KD/reports/cifar10_full_audit/mamba_scratch/failure_images/03728_true-bird_pred-cat.png,false_negative_for_bird;false_positive_for_cat
3735,cifar10_test_03735,/home/tariq/Desktop/Awais-Tariq/base-KD/data/cifar-10-batches-py/test_batch,3735,dog,cat,0.7529148459434509,False,True,/home/tariq/Desktop/Awais-Tariq/base-KD/reports/cifar10_full_audit/mamba_scratch/failure_images/03735_true-dog_pred-cat.png,false_negative_for_dog;false_positive_for_cat
3744,cifar10_test_03744,/home/tariq/Desktop/Awais-Tariq/base-KD/data/cifar-10-batches-py/test_batch,3744,deer,horse,0.9870185852050781,False,True,/home/tariq/Desktop/Awais-Tariq/base-KD/reports/cifar10_full_audit/mamba_scratch/failure_images/03744_true-deer_pred-horse.png,false_negative_for_deer;false_positive_for_horse
3753,cifar10_test_03753,/home/tariq/Desktop/Awais-Tariq/base-KD/data/cifar-10-batches-py/test_batch,3753,deer,cat,0.5204434394836426,False,True,/home/tariq/Desktop/Awais-Tariq/base-KD/reports/cifar10_full_audit/mamba_scratch/failure_images/03753_true-deer_pred-cat.png,false_negative_for_deer;false_positive_for_cat
3755,cifar10_test_03755,/home/tariq/Desktop/Awais-Tariq/base-KD/data/cifar-10-batches-py/test_batch,3755,truck,automobile,0.8325587511062622,False,True,/home/tariq/Desktop/Awais-Tariq/base-KD/reports/cifar10_full_audit/mamba_scratch/failure_images/03755_true-truck_pred-automobile.png,false_negative_for_truck;false_positive_for_automobile
3773,cifar10_test_03773,/home/tariq/Desktop/Awais-Tariq/base-KD/data/cifar-10-batches-py/test_batch,3773,bird,dog,0.9491979479789734,False,True,/home/tariq/Desktop/Awais-Tariq/base-KD/reports/cifar10_full_audit/mamba_scratch/failure_images/03773_true-bird_pred-dog.png,false_negative_for_bird;false_positive_for_dog
3774,cifar10_test_03774,/home/tariq/Desktop/Awais-Tariq/base-KD/data/cifar-10-batches-py/test_batch,3774,dog,cat,0.9315497279167175,False,True,/home/tariq/Desktop/Awais-Tariq/base-KD/reports/cifar10_full_audit/mamba_scratch/failure_images/03774_true-dog_pred-cat.png,false_negative_for_dog;false_positive_for_cat
3779,cifar10_test_03779,/home/tariq/Desktop/Awais-Tariq/base-KD/data/cifar-10-batches-py/test_batch,3779,cat,bird,0.9369832873344421,False,True,/home/tariq/Desktop/Awais-Tariq/base-KD/reports/cifar10_full_audit/mamba_scratch/failure_images/03779_true-cat_pred-bird.png,false_negative_for_cat;false_positive_for_bird
3787,cifar10_test_03787,/home/tariq/Desktop/Awais-Tariq/base-KD/data/cifar-10-batches-py/test_batch,3787,cat,deer,0.8170153498649597,False,True,/home/tariq/Desktop/Awais-Tariq/base-KD/reports/cifar10_full_audit/mamba_scratch/failure_images/03787_true-cat_pred-deer.png,false_negative_for_cat;false_positive_for_deer
3789,cifar10_test_03789,/home/tariq/Desktop/Awais-Tariq/base-KD/data/cifar-10-batches-py/test_batch,3789,truck,cat,0.8437319993972778,False,True,/home/tariq/Desktop/Awais-Tariq/base-KD/reports/cifar10_full_audit/mamba_scratch/failure_images/03789_true-truck_pred-cat.png,false_negative_for_truck;false_positive_for_cat
3799,cifar10_test_03799,/home/tariq/Desktop/Awais-Tariq/base-KD/data/cifar-10-batches-py/test_batch,3799,cat,horse,0.9865372180938721,False,False,/home/tariq/Desktop/Awais-Tariq/base-KD/reports/cifar10_full_audit/mamba_scratch/failure_images/03799_true-cat_pred-horse.png,false_negative_for_cat;false_positive_for_horse
3801,cifar10_test_03801,/home/tariq/Desktop/Awais-Tariq/base-KD/data/cifar-10-batches-py/test_batch,3801,bird,airplane,0.6461851596832275,False,True,/home/tariq/Desktop/Awais-Tariq/base-KD/reports/cifar10_full_audit/mamba_scratch/failure_images/03801_true-bird_pred-airplane.png,false_negative_for_bird;false_positive_for_airplane
3820,cifar10_test_03820,/home/tariq/Desktop/Awais-Tariq/base-KD/data/cifar-10-batches-py/test_batch,3820,airplane,bird,0.8915067911148071,False,True,/home/tariq/Desktop/Awais-Tariq/base-KD/reports/cifar10_full_audit/mamba_scratch/failure_images/03820_true-airplane_pred-bird.png,false_negative_for_airplane;false_positive_for_bird
3821,cifar10_test_03821,/home/tariq/Desktop/Awais-Tariq/base-KD/data/cifar-10-batches-py/test_batch,3821,ship,frog,0.5752677321434021,False,True,/home/tariq/Desktop/Awais-Tariq/base-KD/reports/cifar10_full_audit/mamba_scratch/failure_images/03821_true-ship_pred-frog.png,false_negative_for_ship;false_positive_for_frog
3828,cifar10_test_03828,/home/tariq/Desktop/Awais-Tariq/base-KD/data/cifar-10-batches-py/test_batch,3828,automobile,airplane,0.9991438388824463,False,True,/home/tariq/Desktop/Awais-Tariq/base-KD/reports/cifar10_full_audit/mamba_scratch/failure_images/03828_true-automobile_pred-airplane.png,false_negative_for_automobile;false_positive_for_airplane
3867,cifar10_test_03867,/home/tariq/Desktop/Awais-Tariq/base-KD/data/cifar-10-batches-py/test_batch,3867,cat,dog,0.9999969005584717,False,True,/home/tariq/Desktop/Awais-Tariq/base-KD/reports/cifar10_full_audit/mamba_scratch/failure_images/03867_true-cat_pred-dog.png,false_negative_for_cat;false_positive_for_dog
3882,cifar10_test_03882,/home/tariq/Desktop/Awais-Tariq/base-KD/data/cifar-10-batches-py/test_batch,3882,automobile,truck,0.9590134024620056,False,True,/home/tariq/Desktop/Awais-Tariq/base-KD/reports/cifar10_full_audit/mamba_scratch/failure_images/03882_true-automobile_pred-truck.png,false_negative_for_automobile;false_positive_for_truck
3899,cifar10_test_03899,/home/tariq/Desktop/Awais-Tariq/base-KD/data/cifar-10-batches-py/test_batch,3899,frog,bird,0.9952928423881531,False,True,/home/tariq/Desktop/Awais-Tariq/base-KD/reports/cifar10_full_audit/mamba_scratch/failure_images/03899_true-frog_pred-bird.png,false_negative_for_frog;false_positive_for_bird
3900,cifar10_test_03900,/home/tariq/Desktop/Awais-Tariq/base-KD/data/cifar-10-batches-py/test_batch,3900,cat,frog,0.7080954313278198,False,True,/home/tariq/Desktop/Awais-Tariq/base-KD/reports/cifar10_full_audit/mamba_scratch/failure_images/03900_true-cat_pred-frog.png,false_negative_for_cat;false_positive_for_frog
3906,cifar10_test_03906,/home/tariq/Desktop/Awais-Tariq/base-KD/data/cifar-10-batches-py/test_batch,3906,cat,dog,0.9999221563339233,False,True,/home/tariq/Desktop/Awais-Tariq/base-KD/reports/cifar10_full_audit/mamba_scratch/failure_images/03906_true-cat_pred-dog.png,false_negative_for_cat;false_positive_for_dog
3920,cifar10_test_03920,/home/tariq/Desktop/Awais-Tariq/base-KD/data/cifar-10-batches-py/test_batch,3920,horse,cat,0.9689304232597351,False,True,/home/tariq/Desktop/Awais-Tariq/base-KD/reports/cifar10_full_audit/mamba_scratch/failure_images/03920_true-horse_pred-cat.png,false_negative_for_horse;false_positive_for_cat
3923,cifar10_test_03923,/home/tariq/Desktop/Awais-Tariq/base-KD/data/cifar-10-batches-py/test_batch,3923,cat,dog,0.8992699980735779,False,True,/home/tariq/Desktop/Awais-Tariq/base-KD/reports/cifar10_full_audit/mamba_scratch/failure_images/03923_true-cat_pred-dog.png,false_negative_for_cat;false_positive_for_dog
3949,cifar10_test_03949,/home/tariq/Desktop/Awais-Tariq/base-KD/data/cifar-10-batches-py/test_batch,3949,dog,cat,0.9823777675628662,False,True,/home/tariq/Desktop/Awais-Tariq/base-KD/reports/cifar10_full_audit/mamba_scratch/failure_images/03949_true-dog_pred-cat.png,false_negative_for_dog;false_positive_for_cat
3953,cifar10_test_03953,/home/tariq/Desktop/Awais-Tariq/base-KD/data/cifar-10-batches-py/test_batch,3953,horse,cat,0.5544371604919434,False,True,/home/tariq/Desktop/Awais-Tariq/base-KD/reports/cifar10_full_audit/mamba_scratch/failure_images/03953_true-horse_pred-cat.png,false_negative_for_horse;false_positive_for_cat
3956,cifar10_test_03956,/home/tariq/Desktop/Awais-Tariq/base-KD/data/cifar-10-batches-py/test_batch,3956,cat,frog,0.9993976354598999,False,True,/home/tariq/Desktop/Awais-Tariq/base-KD/reports/cifar10_full_audit/mamba_scratch/failure_images/03956_true-cat_pred-frog.png,false_negative_for_cat;false_positive_for_frog
3962,cifar10_test_03962,/home/tariq/Desktop/Awais-Tariq/base-KD/data/cifar-10-batches-py/test_batch,3962,deer,horse,0.9998704195022583,False,True,/home/tariq/Desktop/Awais-Tariq/base-KD/reports/cifar10_full_audit/mamba_scratch/failure_images/03962_true-deer_pred-horse.png,false_negative_for_deer;false_positive_for_horse
3963,cifar10_test_03963,/home/tariq/Desktop/Awais-Tariq/base-KD/data/cifar-10-batches-py/test_batch,3963,automobile,cat,0.5031857490539551,False,True,/home/tariq/Desktop/Awais-Tariq/base-KD/reports/cifar10_full_audit/mamba_scratch/failure_images/03963_true-automobile_pred-cat.png,false_negative_for_automobile;false_positive_for_cat
3977,cifar10_test_03977,/home/tariq/Desktop/Awais-Tariq/base-KD/data/cifar-10-batches-py/test_batch,3977,cat,frog,0.9998267292976379,False,True,/home/tariq/Desktop/Awais-Tariq/base-KD/reports/cifar10_full_audit/mamba_scratch/failure_images/03977_true-cat_pred-frog.png,false_negative_for_cat;false_positive_for_frog
3980,cifar10_test_03980,/home/tariq/Desktop/Awais-Tariq/base-KD/data/cifar-10-batches-py/test_batch,3980,truck,bird,0.9415258169174194,False,True,/home/tariq/Desktop/Awais-Tariq/base-KD/reports/cifar10_full_audit/mamba_scratch/failure_images/03980_true-truck_pred-bird.png,false_negative_for_truck;false_positive_for_bird
4000,cifar10_test_04000,/home/tariq/Desktop/Awais-Tariq/base-KD/data/cifar-10-batches-py/test_batch,4000,ship,horse,0.8234137892723083,False,True,/home/tariq/Desktop/Awais-Tariq/base-KD/reports/cifar10_full_audit/mamba_scratch/failure_images/04000_true-ship_pred-horse.png,false_negative_for_ship;false_positive_for_horse
4003,cifar10_test_04003,/home/tariq/Desktop/Awais-Tariq/base-KD/data/cifar-10-batches-py/test_batch,4003,bird,airplane,0.9841763973236084,False,True,/home/tariq/Desktop/Awais-Tariq/base-KD/reports/cifar10_full_audit/mamba_scratch/failure_images/04003_true-bird_pred-airplane.png,false_negative_for_bird;false_positive_for_airplane
4012,cifar10_test_04012,/home/tariq/Desktop/Awais-Tariq/base-KD/data/cifar-10-batches-py/test_batch,4012,cat,horse,0.8138156533241272,False,True,/home/tariq/Desktop/Awais-Tariq/base-KD/reports/cifar10_full_audit/mamba_scratch/failure_images/04012_true-cat_pred-horse.png,false_negative_for_cat;false_positive_for_horse
4023,cifar10_test_04023,/home/tariq/Desktop/Awais-Tariq/base-KD/data/cifar-10-batches-py/test_batch,4023,deer,cat,0.9469954371452332,False,True,/home/tariq/Desktop/Awais-Tariq/base-KD/reports/cifar10_full_audit/mamba_scratch/failure_images/04023_true-deer_pred-cat.png,false_negative_for_deer;false_positive_for_cat
4032,cifar10_test_04032,/home/tariq/Desktop/Awais-Tariq/base-KD/data/cifar-10-batches-py/test_batch,4032,cat,dog,0.8755223155021667,False,True,/home/tariq/Desktop/Awais-Tariq/base-KD/reports/cifar10_full_audit/mamba_scratch/failure_images/04032_true-cat_pred-dog.png,false_negative_for_cat;false_positive_for_dog
4036,cifar10_test_04036,/home/tariq/Desktop/Awais-Tariq/base-KD/data/cifar-10-batches-py/test_batch,4036,horse,airplane,0.6538575291633606,False,True,/home/tariq/Desktop/Awais-Tariq/base-KD/reports/cifar10_full_audit/mamba_scratch/failure_images/04036_true-horse_pred-airplane.png,false_negative_for_horse;false_positive_for_airplane
4054,cifar10_test_04054,/home/tariq/Desktop/Awais-Tariq/base-KD/data/cifar-10-batches-py/test_batch,4054,horse,cat,0.9264106750488281,False,True,/home/tariq/Desktop/Awais-Tariq/base-KD/reports/cifar10_full_audit/mamba_scratch/failure_images/04054_true-horse_pred-cat.png,false_negative_for_horse;false_positive_for_cat
4055,cifar10_test_04055,/home/tariq/Desktop/Awais-Tariq/base-KD/data/cifar-10-batches-py/test_batch,4055,automobile,airplane,0.9786773920059204,False,True,/home/tariq/Desktop/Awais-Tariq/base-KD/reports/cifar10_full_audit/mamba_scratch/failure_images/04055_true-automobile_pred-airplane.png,false_negative_for_automobile;false_positive_for_airplane
4066,cifar10_test_04066,/home/tariq/Desktop/Awais-Tariq/base-KD/data/cifar-10-batches-py/test_batch,4066,frog,bird,0.9999313354492188,False,True,/home/tariq/Desktop/Awais-Tariq/base-KD/reports/cifar10_full_audit/mamba_scratch/failure_images/04066_true-frog_pred-bird.png,false_negative_for_frog;false_positive_for_bird
4071,cifar10_test_04071,/home/tariq/Desktop/Awais-Tariq/base-KD/data/cifar-10-batches-py/test_batch,4071,cat,bird,0.9077073335647583,False,True,/home/tariq/Desktop/Awais-Tariq/base-KD/reports/cifar10_full_audit/mamba_scratch/failure_images/04071_true-cat_pred-bird.png,false_negative_for_cat;false_positive_for_bird
4077,cifar10_test_04077,/home/tariq/Desktop/Awais-Tariq/base-KD/data/cifar-10-batches-py/test_batch,4077,cat,dog,0.9999704360961914,False,True,/home/tariq/Desktop/Awais-Tariq/base-KD/reports/cifar10_full_audit/mamba_scratch/failure_images/04077_true-cat_pred-dog.png,false_negative_for_cat;false_positive_for_dog
4094,cifar10_test_04094,/home/tariq/Desktop/Awais-Tariq/base-KD/data/cifar-10-batches-py/test_batch,4094,cat,dog,0.9602177143096924,False,True,/home/tariq/Desktop/Awais-Tariq/base-KD/reports/cifar10_full_audit/mamba_scratch/failure_images/04094_true-cat_pred-dog.png,false_negative_for_cat;false_positive_for_dog
4097,cifar10_test_04097,/home/tariq/Desktop/Awais-Tariq/base-KD/data/cifar-10-batches-py/test_batch,4097,cat,frog,0.9986045956611633,False,True,/home/tariq/Desktop/Awais-Tariq/base-KD/reports/cifar10_full_audit/mamba_scratch/failure_images/04097_true-cat_pred-frog.png,false_negative_for_cat;false_positive_for_frog
4106,cifar10_test_04106,/home/tariq/Desktop/Awais-Tariq/base-KD/data/cifar-10-batches-py/test_batch,4106,cat,ship,0.9800636768341064,False,False,/home/tariq/Desktop/Awais-Tariq/base-KD/reports/cifar10_full_audit/mamba_scratch/failure_images/04106_true-cat_pred-ship.png,false_negative_for_cat;false_positive_for_ship
4137,cifar10_test_04137,/home/tariq/Desktop/Awais-Tariq/base-KD/data/cifar-10-batches-py/test_batch,4137,deer,cat,0.38791847229003906,False,True,/home/tariq/Desktop/Awais-Tariq/base-KD/reports/cifar10_full_audit/mamba_scratch/failure_images/04137_true-deer_pred-cat.png,false_negative_for_deer;false_positive_for_cat
4139,cifar10_test_04139,/home/tariq/Desktop/Awais-Tariq/base-KD/data/cifar-10-batches-py/test_batch,4139,dog,ship,0.37314730882644653,False,True,/home/tariq/Desktop/Awais-Tariq/base-KD/reports/cifar10_full_audit/mamba_scratch/failure_images/04139_true-dog_pred-ship.png,false_negative_for_dog;false_positive_for_ship
4140,cifar10_test_04140,/home/tariq/Desktop/Awais-Tariq/base-KD/data/cifar-10-batches-py/test_batch,4140,dog,horse,0.514613926410675,False,True,/home/tariq/Desktop/Awais-Tariq/base-KD/reports/cifar10_full_audit/mamba_scratch/failure_images/04140_true-dog_pred-horse.png,false_negative_for_dog;false_positive_for_horse
4152,cifar10_test_04152,/home/tariq/Desktop/Awais-Tariq/base-KD/data/cifar-10-batches-py/test_batch,4152,dog,cat,0.6778266429901123,False,False,/home/tariq/Desktop/Awais-Tariq/base-KD/reports/cifar10_full_audit/mamba_scratch/failure_images/04152_true-dog_pred-cat.png,false_negative_for_dog;false_positive_for_cat
4165,cifar10_test_04165,/home/tariq/Desktop/Awais-Tariq/base-KD/data/cifar-10-batches-py/test_batch,4165,ship,cat,0.9924010038375854,False,True,/home/tariq/Desktop/Awais-Tariq/base-KD/reports/cifar10_full_audit/mamba_scratch/failure_images/04165_true-ship_pred-cat.png,false_negative_for_ship;false_positive_for_cat
4166,cifar10_test_04166,/home/tariq/Desktop/Awais-Tariq/base-KD/data/cifar-10-batches-py/test_batch,4166,automobile,bird,0.7928986549377441,False,True,/home/tariq/Desktop/Awais-Tariq/base-KD/reports/cifar10_full_audit/mamba_scratch/failure_images/04166_true-automobile_pred-bird.png,false_negative_for_automobile;false_positive_for_bird
4169,cifar10_test_04169,/home/tariq/Desktop/Awais-Tariq/base-KD/data/cifar-10-batches-py/test_batch,4169,cat,dog,0.9982869029045105,False,True,/home/tariq/Desktop/Awais-Tariq/base-KD/reports/cifar10_full_audit/mamba_scratch/failure_images/04169_true-cat_pred-dog.png,false_negative_for_cat;false_positive_for_dog
4181,cifar10_test_04181,/home/tariq/Desktop/Awais-Tariq/base-KD/data/cifar-10-batches-py/test_batch,4181,airplane,bird,0.6324746608734131,False,True,/home/tariq/Desktop/Awais-Tariq/base-KD/reports/cifar10_full_audit/mamba_scratch/failure_images/04181_true-airplane_pred-bird.png,false_negative_for_airplane;false_positive_for_bird
4198,cifar10_test_04198,/home/tariq/Desktop/Awais-Tariq/base-KD/data/cifar-10-batches-py/test_batch,4198,ship,airplane,0.9999761581420898,False,True,/home/tariq/Desktop/Awais-Tariq/base-KD/reports/cifar10_full_audit/mamba_scratch/failure_images/04198_true-ship_pred-airplane.png,false_negative_for_ship;false_positive_for_airplane
4209,cifar10_test_04209,/home/tariq/Desktop/Awais-Tariq/base-KD/data/cifar-10-batches-py/test_batch,4209,deer,horse,0.5300687551498413,False,True,/home/tariq/Desktop/Awais-Tariq/base-KD/reports/cifar10_full_audit/mamba_scratch/failure_images/04209_true-deer_pred-horse.png,false_negative_for_deer;false_positive_for_horse
4223,cifar10_test_04223,/home/tariq/Desktop/Awais-Tariq/base-KD/data/cifar-10-batches-py/test_batch,4223,ship,airplane,0.9641607403755188,False,True,/home/tariq/Desktop/Awais-Tariq/base-KD/reports/cifar10_full_audit/mamba_scratch/failure_images/04223_true-ship_pred-airplane.png,false_negative_for_ship;false_positive_for_airplane
4227,cifar10_test_04227,/home/tariq/Desktop/Awais-Tariq/base-KD/data/cifar-10-batches-py/test_batch,4227,deer,cat,0.7192171216011047,False,True,/home/tariq/Desktop/Awais-Tariq/base-KD/reports/cifar10_full_audit/mamba_scratch/failure_images/04227_true-deer_pred-cat.png,false_negative_for_deer;false_positive_for_cat
4244,cifar10_test_04244,/home/tariq/Desktop/Awais-Tariq/base-KD/data/cifar-10-batches-py/test_batch,4244,bird,deer,0.7661305069923401,False,True,/home/tariq/Desktop/Awais-Tariq/base-KD/reports/cifar10_full_audit/mamba_scratch/failure_images/04244_true-bird_pred-deer.png,false_negative_for_bird;false_positive_for_deer
4248,cifar10_test_04248,/home/tariq/Desktop/Awais-Tariq/base-KD/data/cifar-10-batches-py/test_batch,4248,cat,dog,0.9968915581703186,False,True,/home/tariq/Desktop/Awais-Tariq/base-KD/reports/cifar10_full_audit/mamba_scratch/failure_images/04248_true-cat_pred-dog.png,false_negative_for_cat;false_positive_for_dog
4275,cifar10_test_04275,/home/tariq/Desktop/Awais-Tariq/base-KD/data/cifar-10-batches-py/test_batch,4275,dog,bird,0.8019763827323914,False,True,/home/tariq/Desktop/Awais-Tariq/base-KD/reports/cifar10_full_audit/mamba_scratch/failure_images/04275_true-dog_pred-bird.png,false_negative_for_dog;false_positive_for_bird
4276,cifar10_test_04276,/home/tariq/Desktop/Awais-Tariq/base-KD/data/cifar-10-batches-py/test_batch,4276,truck,automobile,0.9999995231628418,False,True,/home/tariq/Desktop/Awais-Tariq/base-KD/reports/cifar10_full_audit/mamba_scratch/failure_images/04276_true-truck_pred-automobile.png,false_negative_for_truck;false_positive_for_automobile
4287,cifar10_test_04287,/home/tariq/Desktop/Awais-Tariq/base-KD/data/cifar-10-batches-py/test_batch,4287,airplane,frog,0.5960842967033386,False,True,/home/tariq/Desktop/Awais-Tariq/base-KD/reports/cifar10_full_audit/mamba_scratch/failure_images/04287_true-airplane_pred-frog.png,false_negative_for_airplane;false_positive_for_frog
4302,cifar10_test_04302,/home/tariq/Desktop/Awais-Tariq/base-KD/data/cifar-10-batches-py/test_batch,4302,bird,dog,0.7073229551315308,False,True,/home/tariq/Desktop/Awais-Tariq/base-KD/reports/cifar10_full_audit/mamba_scratch/failure_images/04302_true-bird_pred-dog.png,false_negative_for_bird;false_positive_for_dog
4304,cifar10_test_04304,/home/tariq/Desktop/Awais-Tariq/base-KD/data/cifar-10-batches-py/test_batch,4304,frog,bird,0.875263512134552,False,True,/home/tariq/Desktop/Awais-Tariq/base-KD/reports/cifar10_full_audit/mamba_scratch/failure_images/04304_true-frog_pred-bird.png,false_negative_for_frog;false_positive_for_bird
4306,cifar10_test_04306,/home/tariq/Desktop/Awais-Tariq/base-KD/data/cifar-10-batches-py/test_batch,4306,cat,dog,0.622154951095581,False,True,/home/tariq/Desktop/Awais-Tariq/base-KD/reports/cifar10_full_audit/mamba_scratch/failure_images/04306_true-cat_pred-dog.png,false_negative_for_cat;false_positive_for_dog
4307,cifar10_test_04307,/home/tariq/Desktop/Awais-Tariq/base-KD/data/cifar-10-batches-py/test_batch,4307,cat,bird,0.9952930808067322,False,True,/home/tariq/Desktop/Awais-Tariq/base-KD/reports/cifar10_full_audit/mamba_scratch/failure_images/04307_true-cat_pred-bird.png,false_negative_for_cat;false_positive_for_bird
4309,cifar10_test_04309,/home/tariq/Desktop/Awais-Tariq/base-KD/data/cifar-10-batches-py/test_batch,4309,horse,dog,0.9992914199829102,False,False,/home/tariq/Desktop/Awais-Tariq/base-KD/reports/cifar10_full_audit/mamba_scratch/failure_images/04309_true-horse_pred-dog.png,false_negative_for_horse;false_positive_for_dog
4320,cifar10_test_04320,/home/tariq/Desktop/Awais-Tariq/base-KD/data/cifar-10-batches-py/test_batch,4320,automobile,truck,0.9649121761322021,False,True,/home/tariq/Desktop/Awais-Tariq/base-KD/reports/cifar10_full_audit/mamba_scratch/failure_images/04320_true-automobile_pred-truck.png,false_negative_for_automobile;false_positive_for_truck
4334,cifar10_test_04334,/home/tariq/Desktop/Awais-Tariq/base-KD/data/cifar-10-batches-py/test_batch,4334,cat,dog,0.5988174080848694,False,True,/home/tariq/Desktop/Awais-Tariq/base-KD/reports/cifar10_full_audit/mamba_scratch/failure_images/04334_true-cat_pred-dog.png,false_negative_for_cat;false_positive_for_dog
4355,cifar10_test_04355,/home/tariq/Desktop/Awais-Tariq/base-KD/data/cifar-10-batches-py/test_batch,4355,airplane,bird,0.6331445574760437,False,False,/home/tariq/Desktop/Awais-Tariq/base-KD/reports/cifar10_full_audit/mamba_scratch/failure_images/04355_true-airplane_pred-bird.png,false_negative_for_airplane;false_positive_for_bird
4357,cifar10_test_04357,/home/tariq/Desktop/Awais-Tariq/base-KD/data/cifar-10-batches-py/test_batch,4357,deer,horse,0.49083709716796875,False,True,/home/tariq/Desktop/Awais-Tariq/base-KD/reports/cifar10_full_audit/mamba_scratch/failure_images/04357_true-deer_pred-horse.png,false_negative_for_deer;false_positive_for_horse
4388,cifar10_test_04388,/home/tariq/Desktop/Awais-Tariq/base-KD/data/cifar-10-batches-py/test_batch,4388,bird,airplane,0.9887633323669434,False,True,/home/tariq/Desktop/Awais-Tariq/base-KD/reports/cifar10_full_audit/mamba_scratch/failure_images/04388_true-bird_pred-airplane.png,false_negative_for_bird;false_positive_for_airplane
4391,cifar10_test_04391,/home/tariq/Desktop/Awais-Tariq/base-KD/data/cifar-10-batches-py/test_batch,4391,cat,truck,0.7802414894104004,False,True,/home/tariq/Desktop/Awais-Tariq/base-KD/reports/cifar10_full_audit/mamba_scratch/failure_images/04391_true-cat_pred-truck.png,false_negative_for_cat;false_positive_for_truck
4404,cifar10_test_04404,/home/tariq/Desktop/Awais-Tariq/base-KD/data/cifar-10-batches-py/test_batch,4404,cat,deer,0.9872674345970154,False,True,/home/tariq/Desktop/Awais-Tariq/base-KD/reports/cifar10_full_audit/mamba_scratch/failure_images/04404_true-cat_pred-deer.png,false_negative_for_cat;false_positive_for_deer
4411,cifar10_test_04411,/home/tariq/Desktop/Awais-Tariq/base-KD/data/cifar-10-batches-py/test_batch,4411,dog,cat,0.9959748387336731,False,True,/home/tariq/Desktop/Awais-Tariq/base-KD/reports/cifar10_full_audit/mamba_scratch/failure_images/04411_true-dog_pred-cat.png,false_negative_for_dog;false_positive_for_cat
4414,cifar10_test_04414,/home/tariq/Desktop/Awais-Tariq/base-KD/data/cifar-10-batches-py/test_batch,4414,bird,frog,0.8904569745063782,False,True,/home/tariq/Desktop/Awais-Tariq/base-KD/reports/cifar10_full_audit/mamba_scratch/failure_images/04414_true-bird_pred-frog.png,false_negative_for_bird;false_positive_for_frog
4442,cifar10_test_04442,/home/tariq/Desktop/Awais-Tariq/base-KD/data/cifar-10-batches-py/test_batch,4442,cat,automobile,0.41934484243392944,False,True,/home/tariq/Desktop/Awais-Tariq/base-KD/reports/cifar10_full_audit/mamba_scratch/failure_images/04442_true-cat_pred-automobile.png,false_negative_for_cat;false_positive_for_automobile
4457,cifar10_test_04457,/home/tariq/Desktop/Awais-Tariq/base-KD/data/cifar-10-batches-py/test_batch,4457,cat,frog,0.4693697392940521,False,True,/home/tariq/Desktop/Awais-Tariq/base-KD/reports/cifar10_full_audit/mamba_scratch/failure_images/04457_true-cat_pred-frog.png,false_negative_for_cat;false_positive_for_frog
4468,cifar10_test_04468,/home/tariq/Desktop/Awais-Tariq/base-KD/data/cifar-10-batches-py/test_batch,4468,truck,ship,0.42232242226600647,False,True,/home/tariq/Desktop/Awais-Tariq/base-KD/reports/cifar10_full_audit/mamba_scratch/failure_images/04468_true-truck_pred-ship.png,false_negative_for_truck;false_positive_for_ship
4476,cifar10_test_04476,/home/tariq/Desktop/Awais-Tariq/base-KD/data/cifar-10-batches-py/test_batch,4476,automobile,cat,0.9727526307106018,False,True,/home/tariq/Desktop/Awais-Tariq/base-KD/reports/cifar10_full_audit/mamba_scratch/failure_images/04476_true-automobile_pred-cat.png,false_negative_for_automobile;false_positive_for_cat
4477,cifar10_test_04477,/home/tariq/Desktop/Awais-Tariq/base-KD/data/cifar-10-batches-py/test_batch,4477,frog,dog,0.6552232503890991,False,True,/home/tariq/Desktop/Awais-Tariq/base-KD/reports/cifar10_full_audit/mamba_scratch/failure_images/04477_true-frog_pred-dog.png,false_negative_for_frog;false_positive_for_dog
4479,cifar10_test_04479,/home/tariq/Desktop/Awais-Tariq/base-KD/data/cifar-10-batches-py/test_batch,4479,horse,deer,0.9998867511749268,False,True,/home/tariq/Desktop/Awais-Tariq/base-KD/reports/cifar10_full_audit/mamba_scratch/failure_images/04479_true-horse_pred-deer.png,false_negative_for_horse;false_positive_for_deer
4485,cifar10_test_04485,/home/tariq/Desktop/Awais-Tariq/base-KD/data/cifar-10-batches-py/test_batch,4485,cat,horse,0.9995552897453308,False,True,/home/tariq/Desktop/Awais-Tariq/base-KD/reports/cifar10_full_audit/mamba_scratch/failure_images/04485_true-cat_pred-horse.png,false_negative_for_cat;false_positive_for_horse
4495,cifar10_test_04495,/home/tariq/Desktop/Awais-Tariq/base-KD/data/cifar-10-batches-py/test_batch,4495,cat,dog,0.9346352219581604,False,True,/home/tariq/Desktop/Awais-Tariq/base-KD/reports/cifar10_full_audit/mamba_scratch/failure_images/04495_true-cat_pred-dog.png,false_negative_for_cat;false_positive_for_dog
4503,cifar10_test_04503,/home/tariq/Desktop/Awais-Tariq/base-KD/data/cifar-10-batches-py/test_batch,4503,horse,cat,0.6033163070678711,False,True,/home/tariq/Desktop/Awais-Tariq/base-KD/reports/cifar10_full_audit/mamba_scratch/failure_images/04503_true-horse_pred-cat.png,false_negative_for_horse;false_positive_for_cat
4528,cifar10_test_04528,/home/tariq/Desktop/Awais-Tariq/base-KD/data/cifar-10-batches-py/test_batch,4528,dog,deer,0.9830136299133301,False,True,/home/tariq/Desktop/Awais-Tariq/base-KD/reports/cifar10_full_audit/mamba_scratch/failure_images/04528_true-dog_pred-deer.png,false_negative_for_dog;false_positive_for_deer
4542,cifar10_test_04542,/home/tariq/Desktop/Awais-Tariq/base-KD/data/cifar-10-batches-py/test_batch,4542,cat,deer,0.898881733417511,False,True,/home/tariq/Desktop/Awais-Tariq/base-KD/reports/cifar10_full_audit/mamba_scratch/failure_images/04542_true-cat_pred-deer.png,false_negative_for_cat;false_positive_for_deer
4545,cifar10_test_04545,/home/tariq/Desktop/Awais-Tariq/base-KD/data/cifar-10-batches-py/test_batch,4545,cat,deer,0.7757908701896667,False,True,/home/tariq/Desktop/Awais-Tariq/base-KD/reports/cifar10_full_audit/mamba_scratch/failure_images/04545_true-cat_pred-deer.png,false_negative_for_cat;false_positive_for_deer
4546,cifar10_test_04546,/home/tariq/Desktop/Awais-Tariq/base-KD/data/cifar-10-batches-py/test_batch,4546,bird,airplane,0.9435244798660278,False,True,/home/tariq/Desktop/Awais-Tariq/base-KD/reports/cifar10_full_audit/mamba_scratch/failure_images/04546_true-bird_pred-airplane.png,false_negative_for_bird;false_positive_for_airplane
4547,cifar10_test_04547,/home/tariq/Desktop/Awais-Tariq/base-KD/data/cifar-10-batches-py/test_batch,4547,cat,dog,0.9737842679023743,False,True,/home/tariq/Desktop/Awais-Tariq/base-KD/reports/cifar10_full_audit/mamba_scratch/failure_images/04547_true-cat_pred-dog.png,false_negative_for_cat;false_positive_for_dog
4548,cifar10_test_04548,/home/tariq/Desktop/Awais-Tariq/base-KD/data/cifar-10-batches-py/test_batch,4548,airplane,cat,0.7202090620994568,False,True,/home/tariq/Desktop/Awais-Tariq/base-KD/reports/cifar10_full_audit/mamba_scratch/failure_images/04548_true-airplane_pred-cat.png,false_negative_for_airplane;false_positive_for_cat
4554,cifar10_test_04554,/home/tariq/Desktop/Awais-Tariq/base-KD/data/cifar-10-batches-py/test_batch,4554,deer,horse,0.998150646686554,False,True,/home/tariq/Desktop/Awais-Tariq/base-KD/reports/cifar10_full_audit/mamba_scratch/failure_images/04554_true-deer_pred-horse.png,false_negative_for_deer;false_positive_for_horse
4556,cifar10_test_04556,/home/tariq/Desktop/Awais-Tariq/base-KD/data/cifar-10-batches-py/test_batch,4556,bird,dog,0.5080201625823975,False,True,/home/tariq/Desktop/Awais-Tariq/base-KD/reports/cifar10_full_audit/mamba_scratch/failure_images/04556_true-bird_pred-dog.png,false_negative_for_bird;false_positive_for_dog
4565,cifar10_test_04565,/home/tariq/Desktop/Awais-Tariq/base-KD/data/cifar-10-batches-py/test_batch,4565,bird,horse,0.96176677942276,False,True,/home/tariq/Desktop/Awais-Tariq/base-KD/reports/cifar10_full_audit/mamba_scratch/failure_images/04565_true-bird_pred-horse.png,false_negative_for_bird;false_positive_for_horse
4574,cifar10_test_04574,/home/tariq/Desktop/Awais-Tariq/base-KD/data/cifar-10-batches-py/test_batch,4574,cat,dog,0.8168091773986816,False,True,/home/tariq/Desktop/Awais-Tariq/base-KD/reports/cifar10_full_audit/mamba_scratch/failure_images/04574_true-cat_pred-dog.png,false_negative_for_cat;false_positive_for_dog
4581,cifar10_test_04581,/home/tariq/Desktop/Awais-Tariq/base-KD/data/cifar-10-batches-py/test_batch,4581,cat,dog,0.931776762008667,False,True,/home/tariq/Desktop/Awais-Tariq/base-KD/reports/cifar10_full_audit/mamba_scratch/failure_images/04581_true-cat_pred-dog.png,false_negative_for_cat;false_positive_for_dog
4590,cifar10_test_04590,/home/tariq/Desktop/Awais-Tariq/base-KD/data/cifar-10-batches-py/test_batch,4590,truck,bird,0.9944578409194946,False,True,/home/tariq/Desktop/Awais-Tariq/base-KD/reports/cifar10_full_audit/mamba_scratch/failure_images/04590_true-truck_pred-bird.png,false_negative_for_truck;false_positive_for_bird
4605,cifar10_test_04605,/home/tariq/Desktop/Awais-Tariq/base-KD/data/cifar-10-batches-py/test_batch,4605,cat,frog,0.697455644607544,False,True,/home/tariq/Desktop/Awais-Tariq/base-KD/reports/cifar10_full_audit/mamba_scratch/failure_images/04605_true-cat_pred-frog.png,false_negative_for_cat;false_positive_for_frog
4606,cifar10_test_04606,/home/tariq/Desktop/Awais-Tariq/base-KD/data/cifar-10-batches-py/test_batch,4606,airplane,horse,0.9476752281188965,False,True,/home/tariq/Desktop/Awais-Tariq/base-KD/reports/cifar10_full_audit/mamba_scratch/failure_images/04606_true-airplane_pred-horse.png,false_negative_for_airplane;false_positive_for_horse
4614,cifar10_test_04614,/home/tariq/Desktop/Awais-Tariq/base-KD/data/cifar-10-batches-py/test_batch,4614,cat,dog,0.45200636982917786,False,True,/home/tariq/Desktop/Awais-Tariq/base-KD/reports/cifar10_full_audit/mamba_scratch/failure_images/04614_true-cat_pred-dog.png,false_negative_for_cat;false_positive_for_dog
4615,cifar10_test_04615,/home/tariq/Desktop/Awais-Tariq/base-KD/data/cifar-10-batches-py/test_batch,4615,dog,bird,0.718723714351654,False,True,/home/tariq/Desktop/Awais-Tariq/base-KD/reports/cifar10_full_audit/mamba_scratch/failure_images/04615_true-dog_pred-bird.png,false_negative_for_dog;false_positive_for_bird
4618,cifar10_test_04618,/home/tariq/Desktop/Awais-Tariq/base-KD/data/cifar-10-batches-py/test_batch,4618,cat,frog,0.9868170619010925,False,True,/home/tariq/Desktop/Awais-Tariq/base-KD/reports/cifar10_full_audit/mamba_scratch/failure_images/04618_true-cat_pred-frog.png,false_negative_for_cat;false_positive_for_frog
4624,cifar10_test_04624,/home/tariq/Desktop/Awais-Tariq/base-KD/data/cifar-10-batches-py/test_batch,4624,dog,cat,0.9574886560440063,False,True,/home/tariq/Desktop/Awais-Tariq/base-KD/reports/cifar10_full_audit/mamba_scratch/failure_images/04624_true-dog_pred-cat.png,false_negative_for_dog;false_positive_for_cat
4634,cifar10_test_04634,/home/tariq/Desktop/Awais-Tariq/base-KD/data/cifar-10-batches-py/test_batch,4634,horse,dog,0.49631765484809875,False,True,/home/tariq/Desktop/Awais-Tariq/base-KD/reports/cifar10_full_audit/mamba_scratch/failure_images/04634_true-horse_pred-dog.png,false_negative_for_horse;false_positive_for_dog
4646,cifar10_test_04646,/home/tariq/Desktop/Awais-Tariq/base-KD/data/cifar-10-batches-py/test_batch,4646,bird,cat,0.8309738636016846,False,True,/home/tariq/Desktop/Awais-Tariq/base-KD/reports/cifar10_full_audit/mamba_scratch/failure_images/04646_true-bird_pred-cat.png,false_negative_for_bird;false_positive_for_cat
4655,cifar10_test_04655,/home/tariq/Desktop/Awais-Tariq/base-KD/data/cifar-10-batches-py/test_batch,4655,horse,cat,0.6639270186424255,False,True,/home/tariq/Desktop/Awais-Tariq/base-KD/reports/cifar10_full_audit/mamba_scratch/failure_images/04655_true-horse_pred-cat.png,false_negative_for_horse;false_positive_for_cat
4661,cifar10_test_04661,/home/tariq/Desktop/Awais-Tariq/base-KD/data/cifar-10-batches-py/test_batch,4661,deer,cat,0.581250011920929,False,True,/home/tariq/Desktop/Awais-Tariq/base-KD/reports/cifar10_full_audit/mamba_scratch/failure_images/04661_true-deer_pred-cat.png,false_negative_for_deer;false_positive_for_cat
4686,cifar10_test_04686,/home/tariq/Desktop/Awais-Tariq/base-KD/data/cifar-10-batches-py/test_batch,4686,airplane,ship,0.9732228517532349,False,True,/home/tariq/Desktop/Awais-Tariq/base-KD/reports/cifar10_full_audit/mamba_scratch/failure_images/04686_true-airplane_pred-ship.png,false_negative_for_airplane;false_positive_for_ship
4710,cifar10_test_04710,/home/tariq/Desktop/Awais-Tariq/base-KD/data/cifar-10-batches-py/test_batch,4710,cat,horse,0.8474401235580444,False,True,/home/tariq/Desktop/Awais-Tariq/base-KD/reports/cifar10_full_audit/mamba_scratch/failure_images/04710_true-cat_pred-horse.png,false_negative_for_cat;false_positive_for_horse
4717,cifar10_test_04717,/home/tariq/Desktop/Awais-Tariq/base-KD/data/cifar-10-batches-py/test_batch,4717,deer,cat,0.9669744968414307,False,True,/home/tariq/Desktop/Awais-Tariq/base-KD/reports/cifar10_full_audit/mamba_scratch/failure_images/04717_true-deer_pred-cat.png,false_negative_for_deer;false_positive_for_cat
4729,cifar10_test_04729,/home/tariq/Desktop/Awais-Tariq/base-KD/data/cifar-10-batches-py/test_batch,4729,bird,horse,0.7613157033920288,False,True,/home/tariq/Desktop/Awais-Tariq/base-KD/reports/cifar10_full_audit/mamba_scratch/failure_images/04729_true-bird_pred-horse.png,false_negative_for_bird;false_positive_for_horse
4731,cifar10_test_04731,/home/tariq/Desktop/Awais-Tariq/base-KD/data/cifar-10-batches-py/test_batch,4731,deer,dog,0.896466851234436,False,True,/home/tariq/Desktop/Awais-Tariq/base-KD/reports/cifar10_full_audit/mamba_scratch/failure_images/04731_true-deer_pred-dog.png,false_negative_for_deer;false_positive_for_dog
4732,cifar10_test_04732,/home/tariq/Desktop/Awais-Tariq/base-KD/data/cifar-10-batches-py/test_batch,4732,bird,deer,0.9276338815689087,False,True,/home/tariq/Desktop/Awais-Tariq/base-KD/reports/cifar10_full_audit/mamba_scratch/failure_images/04732_true-bird_pred-deer.png,false_negative_for_bird;false_positive_for_deer
4740,cifar10_test_04740,/home/tariq/Desktop/Awais-Tariq/base-KD/data/cifar-10-batches-py/test_batch,4740,dog,cat,0.9954984188079834,False,False,/home/tariq/Desktop/Awais-Tariq/base-KD/reports/cifar10_full_audit/mamba_scratch/failure_images/04740_true-dog_pred-cat.png,false_negative_for_dog;false_positive_for_cat
4744,cifar10_test_04744,/home/tariq/Desktop/Awais-Tariq/base-KD/data/cifar-10-batches-py/test_batch,4744,frog,airplane,0.8292504549026489,False,True,/home/tariq/Desktop/Awais-Tariq/base-KD/reports/cifar10_full_audit/mamba_scratch/failure_images/04744_true-frog_pred-airplane.png,false_negative_for_frog;false_positive_for_airplane
4748,cifar10_test_04748,/home/tariq/Desktop/Awais-Tariq/base-KD/data/cifar-10-batches-py/test_batch,4748,airplane,truck,0.9199436902999878,False,False,/home/tariq/Desktop/Awais-Tariq/base-KD/reports/cifar10_full_audit/mamba_scratch/failure_images/04748_true-airplane_pred-truck.png,false_negative_for_airplane;false_positive_for_truck
4749,cifar10_test_04749,/home/tariq/Desktop/Awais-Tariq/base-KD/data/cifar-10-batches-py/test_batch,4749,bird,cat,0.4477672278881073,False,False,/home/tariq/Desktop/Awais-Tariq/base-KD/reports/cifar10_full_audit/mamba_scratch/failure_images/04749_true-bird_pred-cat.png,false_negative_for_bird;false_positive_for_cat
4750,cifar10_test_04750,/home/tariq/Desktop/Awais-Tariq/base-KD/data/cifar-10-batches-py/test_batch,4750,horse,truck,0.9747129678726196,False,True,/home/tariq/Desktop/Awais-Tariq/base-KD/reports/cifar10_full_audit/mamba_scratch/failure_images/04750_true-horse_pred-truck.png,false_negative_for_horse;false_positive_for_truck
4753,cifar10_test_04753,/home/tariq/Desktop/Awais-Tariq/base-KD/data/cifar-10-batches-py/test_batch,4753,bird,cat,0.9093469381332397,False,True,/home/tariq/Desktop/Awais-Tariq/base-KD/reports/cifar10_full_audit/mamba_scratch/failure_images/04753_true-bird_pred-cat.png,false_negative_for_bird;false_positive_for_cat
4754,cifar10_test_04754,/home/tariq/Desktop/Awais-Tariq/base-KD/data/cifar-10-batches-py/test_batch,4754,cat,horse,0.6374030113220215,False,True,/home/tariq/Desktop/Awais-Tariq/base-KD/reports/cifar10_full_audit/mamba_scratch/failure_images/04754_true-cat_pred-horse.png,false_negative_for_cat;false_positive_for_horse
4786,cifar10_test_04786,/home/tariq/Desktop/Awais-Tariq/base-KD/data/cifar-10-batches-py/test_batch,4786,frog,dog,0.9639490842819214,False,True,/home/tariq/Desktop/Awais-Tariq/base-KD/reports/cifar10_full_audit/mamba_scratch/failure_images/04786_true-frog_pred-dog.png,false_negative_for_frog;false_positive_for_dog
4794,cifar10_test_04794,/home/tariq/Desktop/Awais-Tariq/base-KD/data/cifar-10-batches-py/test_batch,4794,deer,bird,0.9999891519546509,False,True,/home/tariq/Desktop/Awais-Tariq/base-KD/reports/cifar10_full_audit/mamba_scratch/failure_images/04794_true-deer_pred-bird.png,false_negative_for_deer;false_positive_for_bird
4799,cifar10_test_04799,/home/tariq/Desktop/Awais-Tariq/base-KD/data/cifar-10-batches-py/test_batch,4799,automobile,truck,0.5524011850357056,False,True,/home/tariq/Desktop/Awais-Tariq/base-KD/reports/cifar10_full_audit/mamba_scratch/failure_images/04799_true-automobile_pred-truck.png,false_negative_for_automobile;false_positive_for_truck
4805,cifar10_test_04805,/home/tariq/Desktop/Awais-Tariq/base-KD/data/cifar-10-batches-py/test_batch,4805,dog,deer,0.8060336112976074,False,True,/home/tariq/Desktop/Awais-Tariq/base-KD/reports/cifar10_full_audit/mamba_scratch/failure_images/04805_true-dog_pred-deer.png,false_negative_for_dog;false_positive_for_deer
4818,cifar10_test_04818,/home/tariq/Desktop/Awais-Tariq/base-KD/data/cifar-10-batches-py/test_batch,4818,cat,truck,0.8756182193756104,False,True,/home/tariq/Desktop/Awais-Tariq/base-KD/reports/cifar10_full_audit/mamba_scratch/failure_images/04818_true-cat_pred-truck.png,false_negative_for_cat;false_positive_for_truck
4832,cifar10_test_04832,/home/tariq/Desktop/Awais-Tariq/base-KD/data/cifar-10-batches-py/test_batch,4832,deer,bird,0.4656677544116974,False,False,/home/tariq/Desktop/Awais-Tariq/base-KD/reports/cifar10_full_audit/mamba_scratch/failure_images/04832_true-deer_pred-bird.png,false_negative_for_deer;false_positive_for_bird
4833,cifar10_test_04833,/home/tariq/Desktop/Awais-Tariq/base-KD/data/cifar-10-batches-py/test_batch,4833,bird,dog,0.33591851592063904,False,True,/home/tariq/Desktop/Awais-Tariq/base-KD/reports/cifar10_full_audit/mamba_scratch/failure_images/04833_true-bird_pred-dog.png,false_negative_for_bird;false_positive_for_dog
4849,cifar10_test_04849,/home/tariq/Desktop/Awais-Tariq/base-KD/data/cifar-10-batches-py/test_batch,4849,dog,cat,0.9150606393814087,False,True,/home/tariq/Desktop/Awais-Tariq/base-KD/reports/cifar10_full_audit/mamba_scratch/failure_images/04849_true-dog_pred-cat.png,false_negative_for_dog;false_positive_for_cat
4858,cifar10_test_04858,/home/tariq/Desktop/Awais-Tariq/base-KD/data/cifar-10-batches-py/test_batch,4858,bird,cat,0.5093555450439453,False,True,/home/tariq/Desktop/Awais-Tariq/base-KD/reports/cifar10_full_audit/mamba_scratch/failure_images/04858_true-bird_pred-cat.png,false_negative_for_bird;false_positive_for_cat
4871,cifar10_test_04871,/home/tariq/Desktop/Awais-Tariq/base-KD/data/cifar-10-batches-py/test_batch,4871,horse,dog,0.9655062556266785,False,True,/home/tariq/Desktop/Awais-Tariq/base-KD/reports/cifar10_full_audit/mamba_scratch/failure_images/04871_true-horse_pred-dog.png,false_negative_for_horse;false_positive_for_dog
4873,cifar10_test_04873,/home/tariq/Desktop/Awais-Tariq/base-KD/data/cifar-10-batches-py/test_batch,4873,bird,cat,0.9999935626983643,False,True,/home/tariq/Desktop/Awais-Tariq/base-KD/reports/cifar10_full_audit/mamba_scratch/failure_images/04873_true-bird_pred-cat.png,false_negative_for_bird;false_positive_for_cat
4880,cifar10_test_04880,/home/tariq/Desktop/Awais-Tariq/base-KD/data/cifar-10-batches-py/test_batch,4880,airplane,horse,0.8052778840065002,False,True,/home/tariq/Desktop/Awais-Tariq/base-KD/reports/cifar10_full_audit/mamba_scratch/failure_images/04880_true-airplane_pred-horse.png,false_negative_for_airplane;false_positive_for_horse
4892,cifar10_test_04892,/home/tariq/Desktop/Awais-Tariq/base-KD/data/cifar-10-batches-py/test_batch,4892,horse,deer,0.9982682466506958,False,True,/home/tariq/Desktop/Awais-Tariq/base-KD/reports/cifar10_full_audit/mamba_scratch/failure_images/04892_true-horse_pred-deer.png,false_negative_for_horse;false_positive_for_deer
4906,cifar10_test_04906,/home/tariq/Desktop/Awais-Tariq/base-KD/data/cifar-10-batches-py/test_batch,4906,dog,cat,0.8463840484619141,False,True,/home/tariq/Desktop/Awais-Tariq/base-KD/reports/cifar10_full_audit/mamba_scratch/failure_images/04906_true-dog_pred-cat.png,false_negative_for_dog;false_positive_for_cat
4910,cifar10_test_04910,/home/tariq/Desktop/Awais-Tariq/base-KD/data/cifar-10-batches-py/test_batch,4910,ship,truck,0.9999949932098389,False,True,/home/tariq/Desktop/Awais-Tariq/base-KD/reports/cifar10_full_audit/mamba_scratch/failure_images/04910_true-ship_pred-truck.png,false_negative_for_ship;false_positive_for_truck
4917,cifar10_test_04917,/home/tariq/Desktop/Awais-Tariq/base-KD/data/cifar-10-batches-py/test_batch,4917,dog,cat,0.3874415457248688,False,True,/home/tariq/Desktop/Awais-Tariq/base-KD/reports/cifar10_full_audit/mamba_scratch/failure_images/04917_true-dog_pred-cat.png,false_negative_for_dog;false_positive_for_cat
4921,cifar10_test_04921,/home/tariq/Desktop/Awais-Tariq/base-KD/data/cifar-10-batches-py/test_batch,4921,dog,truck,0.5459887385368347,False,False,/home/tariq/Desktop/Awais-Tariq/base-KD/reports/cifar10_full_audit/mamba_scratch/failure_images/04921_true-dog_pred-truck.png,false_negative_for_dog;false_positive_for_truck
4931,cifar10_test_04931,/home/tariq/Desktop/Awais-Tariq/base-KD/data/cifar-10-batches-py/test_batch,4931,truck,automobile,0.9213523268699646,False,True,/home/tariq/Desktop/Awais-Tariq/base-KD/reports/cifar10_full_audit/mamba_scratch/failure_images/04931_true-truck_pred-automobile.png,false_negative_for_truck;false_positive_for_automobile
4942,cifar10_test_04942,/home/tariq/Desktop/Awais-Tariq/base-KD/data/cifar-10-batches-py/test_batch,4942,dog,airplane,0.9991614818572998,False,True,/home/tariq/Desktop/Awais-Tariq/base-KD/reports/cifar10_full_audit/mamba_scratch/failure_images/04942_true-dog_pred-airplane.png,false_negative_for_dog;false_positive_for_airplane
4943,cifar10_test_04943,/home/tariq/Desktop/Awais-Tariq/base-KD/data/cifar-10-batches-py/test_batch,4943,frog,cat,0.7054768800735474,False,True,/home/tariq/Desktop/Awais-Tariq/base-KD/reports/cifar10_full_audit/mamba_scratch/failure_images/04943_true-frog_pred-cat.png,false_negative_for_frog;false_positive_for_cat
4947,cifar10_test_04947,/home/tariq/Desktop/Awais-Tariq/base-KD/data/cifar-10-batches-py/test_batch,4947,dog,frog,0.9503215551376343,False,True,/home/tariq/Desktop/Awais-Tariq/base-KD/reports/cifar10_full_audit/mamba_scratch/failure_images/04947_true-dog_pred-frog.png,false_negative_for_dog;false_positive_for_frog
4954,cifar10_test_04954,/home/tariq/Desktop/Awais-Tariq/base-KD/data/cifar-10-batches-py/test_batch,4954,automobile,truck,0.6052411198616028,False,True,/home/tariq/Desktop/Awais-Tariq/base-KD/reports/cifar10_full_audit/mamba_scratch/failure_images/04954_true-automobile_pred-truck.png,false_negative_for_automobile;false_positive_for_truck
4964,cifar10_test_04964,/home/tariq/Desktop/Awais-Tariq/base-KD/data/cifar-10-batches-py/test_batch,4964,dog,deer,0.9697892069816589,False,True,/home/tariq/Desktop/Awais-Tariq/base-KD/reports/cifar10_full_audit/mamba_scratch/failure_images/04964_true-dog_pred-deer.png,false_negative_for_dog;false_positive_for_deer
4965,cifar10_test_04965,/home/tariq/Desktop/Awais-Tariq/base-KD/data/cifar-10-batches-py/test_batch,4965,cat,deer,0.9999964237213135,False,True,/home/tariq/Desktop/Awais-Tariq/base-KD/reports/cifar10_full_audit/mamba_scratch/failure_images/04965_true-cat_pred-deer.png,false_negative_for_cat;false_positive_for_deer
4970,cifar10_test_04970,/home/tariq/Desktop/Awais-Tariq/base-KD/data/cifar-10-batches-py/test_batch,4970,bird,cat,0.9951115250587463,False,True,/home/tariq/Desktop/Awais-Tariq/base-KD/reports/cifar10_full_audit/mamba_scratch/failure_images/04970_true-bird_pred-cat.png,false_negative_for_bird;false_positive_for_cat
4985,cifar10_test_04985,/home/tariq/Desktop/Awais-Tariq/base-KD/data/cifar-10-batches-py/test_batch,4985,deer,horse,0.9997285008430481,False,True,/home/tariq/Desktop/Awais-Tariq/base-KD/reports/cifar10_full_audit/mamba_scratch/failure_images/04985_true-deer_pred-horse.png,false_negative_for_deer;false_positive_for_horse
4993,cifar10_test_04993,/home/tariq/Desktop/Awais-Tariq/base-KD/data/cifar-10-batches-py/test_batch,4993,horse,airplane,0.45794615149497986,False,True,/home/tariq/Desktop/Awais-Tariq/base-KD/reports/cifar10_full_audit/mamba_scratch/failure_images/04993_true-horse_pred-airplane.png,false_negative_for_horse;false_positive_for_airplane
4995,cifar10_test_04995,/home/tariq/Desktop/Awais-Tariq/base-KD/data/cifar-10-batches-py/test_batch,4995,bird,dog,0.576627254486084,False,True,/home/tariq/Desktop/Awais-Tariq/base-KD/reports/cifar10_full_audit/mamba_scratch/failure_images/04995_true-bird_pred-dog.png,false_negative_for_bird;false_positive_for_dog
4996,cifar10_test_04996,/home/tariq/Desktop/Awais-Tariq/base-KD/data/cifar-10-batches-py/test_batch,4996,cat,dog,0.7487494945526123,False,True,/home/tariq/Desktop/Awais-Tariq/base-KD/reports/cifar10_full_audit/mamba_scratch/failure_images/04996_true-cat_pred-dog.png,false_negative_for_cat;false_positive_for_dog
4998,cifar10_test_04998,/home/tariq/Desktop/Awais-Tariq/base-KD/data/cifar-10-batches-py/test_batch,4998,dog,deer,0.9619214534759521,False,True,/home/tariq/Desktop/Awais-Tariq/base-KD/reports/cifar10_full_audit/mamba_scratch/failure_images/04998_true-dog_pred-deer.png,false_negative_for_dog;false_positive_for_deer
5006,cifar10_test_05006,/home/tariq/Desktop/Awais-Tariq/base-KD/data/cifar-10-batches-py/test_batch,5006,horse,bird,0.9999953508377075,False,False,/home/tariq/Desktop/Awais-Tariq/base-KD/reports/cifar10_full_audit/mamba_scratch/failure_images/05006_true-horse_pred-bird.png,false_negative_for_horse;false_positive_for_bird
5046,cifar10_test_05046,/home/tariq/Desktop/Awais-Tariq/base-KD/data/cifar-10-batches-py/test_batch,5046,dog,cat,0.9961404204368591,False,True,/home/tariq/Desktop/Awais-Tariq/base-KD/reports/cifar10_full_audit/mamba_scratch/failure_images/05046_true-dog_pred-cat.png,false_negative_for_dog;false_positive_for_cat
5068,cifar10_test_05068,/home/tariq/Desktop/Awais-Tariq/base-KD/data/cifar-10-batches-py/test_batch,5068,deer,dog,0.9914674758911133,False,True,/home/tariq/Desktop/Awais-Tariq/base-KD/reports/cifar10_full_audit/mamba_scratch/failure_images/05068_true-deer_pred-dog.png,false_negative_for_deer;false_positive_for_dog
5070,cifar10_test_05070,/home/tariq/Desktop/Awais-Tariq/base-KD/data/cifar-10-batches-py/test_batch,5070,horse,cat,0.7646243572235107,False,True,/home/tariq/Desktop/Awais-Tariq/base-KD/reports/cifar10_full_audit/mamba_scratch/failure_images/05070_true-horse_pred-cat.png,false_negative_for_horse;false_positive_for_cat
5074,cifar10_test_05074,/home/tariq/Desktop/Awais-Tariq/base-KD/data/cifar-10-batches-py/test_batch,5074,airplane,bird,0.3545196056365967,False,True,/home/tariq/Desktop/Awais-Tariq/base-KD/reports/cifar10_full_audit/mamba_scratch/failure_images/05074_true-airplane_pred-bird.png,false_negative_for_airplane;false_positive_for_bird
5096,cifar10_test_05096,/home/tariq/Desktop/Awais-Tariq/base-KD/data/cifar-10-batches-py/test_batch,5096,horse,airplane,0.9147414565086365,False,True,/home/tariq/Desktop/Awais-Tariq/base-KD/reports/cifar10_full_audit/mamba_scratch/failure_images/05096_true-horse_pred-airplane.png,false_negative_for_horse;false_positive_for_airplane
5098,cifar10_test_05098,/home/tariq/Desktop/Awais-Tariq/base-KD/data/cifar-10-batches-py/test_batch,5098,dog,automobile,0.5463729500770569,False,True,/home/tariq/Desktop/Awais-Tariq/base-KD/reports/cifar10_full_audit/mamba_scratch/failure_images/05098_true-dog_pred-automobile.png,false_negative_for_dog;false_positive_for_automobile
5130,cifar10_test_05130,/home/tariq/Desktop/Awais-Tariq/base-KD/data/cifar-10-batches-py/test_batch,5130,dog,frog,0.650942862033844,False,True,/home/tariq/Desktop/Awais-Tariq/base-KD/reports/cifar10_full_audit/mamba_scratch/failure_images/05130_true-dog_pred-frog.png,false_negative_for_dog;false_positive_for_frog
5134,cifar10_test_05134,/home/tariq/Desktop/Awais-Tariq/base-KD/data/cifar-10-batches-py/test_batch,5134,dog,frog,0.990861177444458,False,False,/home/tariq/Desktop/Awais-Tariq/base-KD/reports/cifar10_full_audit/mamba_scratch/failure_images/05134_true-dog_pred-frog.png,false_negative_for_dog;false_positive_for_frog
5141,cifar10_test_05141,/home/tariq/Desktop/Awais-Tariq/base-KD/data/cifar-10-batches-py/test_batch,5141,frog,cat,0.9999878406524658,False,True,/home/tariq/Desktop/Awais-Tariq/base-KD/reports/cifar10_full_audit/mamba_scratch/failure_images/05141_true-frog_pred-cat.png,false_negative_for_frog;false_positive_for_cat
5151,cifar10_test_05151,/home/tariq/Desktop/Awais-Tariq/base-KD/data/cifar-10-batches-py/test_batch,5151,truck,cat,0.9975518584251404,False,False,/home/tariq/Desktop/Awais-Tariq/base-KD/reports/cifar10_full_audit/mamba_scratch/failure_images/05151_true-truck_pred-cat.png,false_negative_for_truck;false_positive_for_cat
5154,cifar10_test_05154,/home/tariq/Desktop/Awais-Tariq/base-KD/data/cifar-10-batches-py/test_batch,5154,bird,airplane,0.511117160320282,False,True,/home/tariq/Desktop/Awais-Tariq/base-KD/reports/cifar10_full_audit/mamba_scratch/failure_images/05154_true-bird_pred-airplane.png,false_negative_for_bird;false_positive_for_airplane
5155,cifar10_test_05155,/home/tariq/Desktop/Awais-Tariq/base-KD/data/cifar-10-batches-py/test_batch,5155,cat,dog,0.676595151424408,False,True,/home/tariq/Desktop/Awais-Tariq/base-KD/reports/cifar10_full_audit/mamba_scratch/failure_images/05155_true-cat_pred-dog.png,false_negative_for_cat;false_positive_for_dog
5162,cifar10_test_05162,/home/tariq/Desktop/Awais-Tariq/base-KD/data/cifar-10-batches-py/test_batch,5162,horse,bird,0.9313841462135315,False,True,/home/tariq/Desktop/Awais-Tariq/base-KD/reports/cifar10_full_audit/mamba_scratch/failure_images/05162_true-horse_pred-bird.png,false_negative_for_horse;false_positive_for_bird
5166,cifar10_test_05166,/home/tariq/Desktop/Awais-Tariq/base-KD/data/cifar-10-batches-py/test_batch,5166,truck,ship,0.9857290983200073,False,True,/home/tariq/Desktop/Awais-Tariq/base-KD/reports/cifar10_full_audit/mamba_scratch/failure_images/05166_true-truck_pred-ship.png,false_negative_for_truck;false_positive_for_ship
5172,cifar10_test_05172,/home/tariq/Desktop/Awais-Tariq/base-KD/data/cifar-10-batches-py/test_batch,5172,deer,cat,0.7222403883934021,False,True,/home/tariq/Desktop/Awais-Tariq/base-KD/reports/cifar10_full_audit/mamba_scratch/failure_images/05172_true-deer_pred-cat.png,false_negative_for_deer;false_positive_for_cat
5192,cifar10_test_05192,/home/tariq/Desktop/Awais-Tariq/base-KD/data/cifar-10-batches-py/test_batch,5192,truck,automobile,0.7406567931175232,False,True,/home/tariq/Desktop/Awais-Tariq/base-KD/reports/cifar10_full_audit/mamba_scratch/failure_images/05192_true-truck_pred-automobile.png,false_negative_for_truck;false_positive_for_automobile
5200,cifar10_test_05200,/home/tariq/Desktop/Awais-Tariq/base-KD/data/cifar-10-batches-py/test_batch,5200,cat,bird,0.5373145341873169,False,True,/home/tariq/Desktop/Awais-Tariq/base-KD/reports/cifar10_full_audit/mamba_scratch/failure_images/05200_true-cat_pred-bird.png,false_negative_for_cat;false_positive_for_bird
5211,cifar10_test_05211,/home/tariq/Desktop/Awais-Tariq/base-KD/data/cifar-10-batches-py/test_batch,5211,horse,deer,0.8616911172866821,False,False,/home/tariq/Desktop/Awais-Tariq/base-KD/reports/cifar10_full_audit/mamba_scratch/failure_images/05211_true-horse_pred-deer.png,false_negative_for_horse;false_positive_for_deer
5218,cifar10_test_05218,/home/tariq/Desktop/Awais-Tariq/base-KD/data/cifar-10-batches-py/test_batch,5218,cat,frog,0.9322846531867981,False,True,/home/tariq/Desktop/Awais-Tariq/base-KD/reports/cifar10_full_audit/mamba_scratch/failure_images/05218_true-cat_pred-frog.png,false_negative_for_cat;false_positive_for_frog
5227,cifar10_test_05227,/home/tariq/Desktop/Awais-Tariq/base-KD/data/cifar-10-batches-py/test_batch,5227,deer,frog,0.9957756400108337,False,True,/home/tariq/Desktop/Awais-Tariq/base-KD/reports/cifar10_full_audit/mamba_scratch/failure_images/05227_true-deer_pred-frog.png,false_negative_for_deer;false_positive_for_frog
5229,cifar10_test_05229,/home/tariq/Desktop/Awais-Tariq/base-KD/data/cifar-10-batches-py/test_batch,5229,dog,cat,0.8834753036499023,False,True,/home/tariq/Desktop/Awais-Tariq/base-KD/reports/cifar10_full_audit/mamba_scratch/failure_images/05229_true-dog_pred-cat.png,false_negative_for_dog;false_positive_for_cat
5232,cifar10_test_05232,/home/tariq/Desktop/Awais-Tariq/base-KD/data/cifar-10-batches-py/test_batch,5232,cat,dog,0.9982995390892029,False,True,/home/tariq/Desktop/Awais-Tariq/base-KD/reports/cifar10_full_audit/mamba_scratch/failure_images/05232_true-cat_pred-dog.png,false_negative_for_cat;false_positive_for_dog
5234,cifar10_test_05234,/home/tariq/Desktop/Awais-Tariq/base-KD/data/cifar-10-batches-py/test_batch,5234,horse,dog,0.8523619771003723,False,True,/home/tariq/Desktop/Awais-Tariq/base-KD/reports/cifar10_full_audit/mamba_scratch/failure_images/05234_true-horse_pred-dog.png,false_negative_for_horse;false_positive_for_dog
5268,cifar10_test_05268,/home/tariq/Desktop/Awais-Tariq/base-KD/data/cifar-10-batches-py/test_batch,5268,cat,deer,0.6881342530250549,False,True,/home/tariq/Desktop/Awais-Tariq/base-KD/reports/cifar10_full_audit/mamba_scratch/failure_images/05268_true-cat_pred-deer.png,false_negative_for_cat;false_positive_for_deer
5280,cifar10_test_05280,/home/tariq/Desktop/Awais-Tariq/base-KD/data/cifar-10-batches-py/test_batch,5280,airplane,deer,0.4732387959957123,False,True,/home/tariq/Desktop/Awais-Tariq/base-KD/reports/cifar10_full_audit/mamba_scratch/failure_images/05280_true-airplane_pred-deer.png,false_negative_for_airplane;false_positive_for_deer
5281,cifar10_test_05281,/home/tariq/Desktop/Awais-Tariq/base-KD/data/cifar-10-batches-py/test_batch,5281,cat,frog,0.94049072265625,False,True,/home/tariq/Desktop/Awais-Tariq/base-KD/reports/cifar10_full_audit/mamba_scratch/failure_images/05281_true-cat_pred-frog.png,false_negative_for_cat;false_positive_for_frog
5283,cifar10_test_05283,/home/tariq/Desktop/Awais-Tariq/base-KD/data/cifar-10-batches-py/test_batch,5283,deer,horse,0.6515305042266846,False,True,/home/tariq/Desktop/Awais-Tariq/base-KD/reports/cifar10_full_audit/mamba_scratch/failure_images/05283_true-deer_pred-horse.png,false_negative_for_deer;false_positive_for_horse
5287,cifar10_test_05287,/home/tariq/Desktop/Awais-Tariq/base-KD/data/cifar-10-batches-py/test_batch,5287,horse,dog,0.5129871964454651,False,True,/home/tariq/Desktop/Awais-Tariq/base-KD/reports/cifar10_full_audit/mamba_scratch/failure_images/05287_true-horse_pred-dog.png,false_negative_for_horse;false_positive_for_dog
5290,cifar10_test_05290,/home/tariq/Desktop/Awais-Tariq/base-KD/data/cifar-10-batches-py/test_batch,5290,cat,horse,0.7846584320068359,False,True,/home/tariq/Desktop/Awais-Tariq/base-KD/reports/cifar10_full_audit/mamba_scratch/failure_images/05290_true-cat_pred-horse.png,false_negative_for_cat;false_positive_for_horse
5311,cifar10_test_05311,/home/tariq/Desktop/Awais-Tariq/base-KD/data/cifar-10-batches-py/test_batch,5311,truck,automobile,0.991710364818573,False,True,/home/tariq/Desktop/Awais-Tariq/base-KD/reports/cifar10_full_audit/mamba_scratch/failure_images/05311_true-truck_pred-automobile.png,false_negative_for_truck;false_positive_for_automobile
5340,cifar10_test_05340,/home/tariq/Desktop/Awais-Tariq/base-KD/data/cifar-10-batches-py/test_batch,5340,cat,dog,0.8259459733963013,False,True,/home/tariq/Desktop/Awais-Tariq/base-KD/reports/cifar10_full_audit/mamba_scratch/failure_images/05340_true-cat_pred-dog.png,false_negative_for_cat;false_positive_for_dog
5352,cifar10_test_05352,/home/tariq/Desktop/Awais-Tariq/base-KD/data/cifar-10-batches-py/test_batch,5352,dog,bird,0.6694108843803406,False,True,/home/tariq/Desktop/Awais-Tariq/base-KD/reports/cifar10_full_audit/mamba_scratch/failure_images/05352_true-dog_pred-bird.png,false_negative_for_dog;false_positive_for_bird
5354,cifar10_test_05354,/home/tariq/Desktop/Awais-Tariq/base-KD/data/cifar-10-batches-py/test_batch,5354,airplane,deer,0.9646244645118713,False,True,/home/tariq/Desktop/Awais-Tariq/base-KD/reports/cifar10_full_audit/mamba_scratch/failure_images/05354_true-airplane_pred-deer.png,false_negative_for_airplane;false_positive_for_deer
5387,cifar10_test_05387,/home/tariq/Desktop/Awais-Tariq/base-KD/data/cifar-10-batches-py/test_batch,5387,cat,deer,0.9993200302124023,False,True,/home/tariq/Desktop/Awais-Tariq/base-KD/reports/cifar10_full_audit/mamba_scratch/failure_images/05387_true-cat_pred-deer.png,false_negative_for_cat;false_positive_for_deer
5388,cifar10_test_05388,/home/tariq/Desktop/Awais-Tariq/base-KD/data/cifar-10-batches-py/test_batch,5388,frog,dog,0.9771549105644226,False,True,/home/tariq/Desktop/Awais-Tariq/base-KD/reports/cifar10_full_audit/mamba_scratch/failure_images/05388_true-frog_pred-dog.png,false_negative_for_frog;false_positive_for_dog
5398,cifar10_test_05398,/home/tariq/Desktop/Awais-Tariq/base-KD/data/cifar-10-batches-py/test_batch,5398,ship,airplane,0.9629964232444763,False,True,/home/tariq/Desktop/Awais-Tariq/base-KD/reports/cifar10_full_audit/mamba_scratch/failure_images/05398_true-ship_pred-airplane.png,false_negative_for_ship;false_positive_for_airplane
5407,cifar10_test_05407,/home/tariq/Desktop/Awais-Tariq/base-KD/data/cifar-10-batches-py/test_batch,5407,deer,horse,0.6877354979515076,False,True,/home/tariq/Desktop/Awais-Tariq/base-KD/reports/cifar10_full_audit/mamba_scratch/failure_images/05407_true-deer_pred-horse.png,false_negative_for_deer;false_positive_for_horse
5410,cifar10_test_05410,/home/tariq/Desktop/Awais-Tariq/base-KD/data/cifar-10-batches-py/test_batch,5410,cat,horse,0.8653126358985901,False,True,/home/tariq/Desktop/Awais-Tariq/base-KD/reports/cifar10_full_audit/mamba_scratch/failure_images/05410_true-cat_pred-horse.png,false_negative_for_cat;false_positive_for_horse
5416,cifar10_test_05416,/home/tariq/Desktop/Awais-Tariq/base-KD/data/cifar-10-batches-py/test_batch,5416,truck,automobile,0.9999979734420776,False,True,/home/tariq/Desktop/Awais-Tariq/base-KD/reports/cifar10_full_audit/mamba_scratch/failure_images/05416_true-truck_pred-automobile.png,false_negative_for_truck;false_positive_for_automobile
5417,cifar10_test_05417,/home/tariq/Desktop/Awais-Tariq/base-KD/data/cifar-10-batches-py/test_batch,5417,deer,cat,0.7121239304542542,False,True,/home/tariq/Desktop/Awais-Tariq/base-KD/reports/cifar10_full_audit/mamba_scratch/failure_images/05417_true-deer_pred-cat.png,false_negative_for_deer;false_positive_for_cat
5426,cifar10_test_05426,/home/tariq/Desktop/Awais-Tariq/base-KD/data/cifar-10-batches-py/test_batch,5426,dog,cat,0.9999691247940063,False,True,/home/tariq/Desktop/Awais-Tariq/base-KD/reports/cifar10_full_audit/mamba_scratch/failure_images/05426_true-dog_pred-cat.png,false_negative_for_dog;false_positive_for_cat
5433,cifar10_test_05433,/home/tariq/Desktop/Awais-Tariq/base-KD/data/cifar-10-batches-py/test_batch,5433,cat,dog,1.0,False,True,/home/tariq/Desktop/Awais-Tariq/base-KD/reports/cifar10_full_audit/mamba_scratch/failure_images/05433_true-cat_pred-dog.png,false_negative_for_cat;false_positive_for_dog
5450,cifar10_test_05450,/home/tariq/Desktop/Awais-Tariq/base-KD/data/cifar-10-batches-py/test_batch,5450,dog,cat,0.988909900188446,False,True,/home/tariq/Desktop/Awais-Tariq/base-KD/reports/cifar10_full_audit/mamba_scratch/failure_images/05450_true-dog_pred-cat.png,false_negative_for_dog;false_positive_for_cat
5455,cifar10_test_05455,/home/tariq/Desktop/Awais-Tariq/base-KD/data/cifar-10-batches-py/test_batch,5455,truck,airplane,0.7583133578300476,False,True,/home/tariq/Desktop/Awais-Tariq/base-KD/reports/cifar10_full_audit/mamba_scratch/failure_images/05455_true-truck_pred-airplane.png,false_negative_for_truck;false_positive_for_airplane
5458,cifar10_test_05458,/home/tariq/Desktop/Awais-Tariq/base-KD/data/cifar-10-batches-py/test_batch,5458,cat,frog,0.7976152896881104,False,True,/home/tariq/Desktop/Awais-Tariq/base-KD/reports/cifar10_full_audit/mamba_scratch/failure_images/05458_true-cat_pred-frog.png,false_negative_for_cat;false_positive_for_frog
5488,cifar10_test_05488,/home/tariq/Desktop/Awais-Tariq/base-KD/data/cifar-10-batches-py/test_batch,5488,truck,airplane,0.7190918326377869,False,True,/home/tariq/Desktop/Awais-Tariq/base-KD/reports/cifar10_full_audit/mamba_scratch/failure_images/05488_true-truck_pred-airplane.png,false_negative_for_truck;false_positive_for_airplane
5506,cifar10_test_05506,/home/tariq/Desktop/Awais-Tariq/base-KD/data/cifar-10-batches-py/test_batch,5506,cat,deer,0.9738149046897888,False,True,/home/tariq/Desktop/Awais-Tariq/base-KD/reports/cifar10_full_audit/mamba_scratch/failure_images/05506_true-cat_pred-deer.png,false_negative_for_cat;false_positive_for_deer
5511,cifar10_test_05511,/home/tariq/Desktop/Awais-Tariq/base-KD/data/cifar-10-batches-py/test_batch,5511,cat,frog,0.9999470710754395,False,True,/home/tariq/Desktop/Awais-Tariq/base-KD/reports/cifar10_full_audit/mamba_scratch/failure_images/05511_true-cat_pred-frog.png,false_negative_for_cat;false_positive_for_frog
5529,cifar10_test_05529,/home/tariq/Desktop/Awais-Tariq/base-KD/data/cifar-10-batches-py/test_batch,5529,cat,ship,0.6232119798660278,False,True,/home/tariq/Desktop/Awais-Tariq/base-KD/reports/cifar10_full_audit/mamba_scratch/failure_images/05529_true-cat_pred-ship.png,false_negative_for_cat;false_positive_for_ship
5537,cifar10_test_05537,/home/tariq/Desktop/Awais-Tariq/base-KD/data/cifar-10-batches-py/test_batch,5537,bird,dog,0.5410416126251221,False,True,/home/tariq/Desktop/Awais-Tariq/base-KD/reports/cifar10_full_audit/mamba_scratch/failure_images/05537_true-bird_pred-dog.png,false_negative_for_bird;false_positive_for_dog
5548,cifar10_test_05548,/home/tariq/Desktop/Awais-Tariq/base-KD/data/cifar-10-batches-py/test_batch,5548,ship,airplane,0.9999611377716064,False,True,/home/tariq/Desktop/Awais-Tariq/base-KD/reports/cifar10_full_audit/mamba_scratch/failure_images/05548_true-ship_pred-airplane.png,false_negative_for_ship;false_positive_for_airplane
5558,cifar10_test_05558,/home/tariq/Desktop/Awais-Tariq/base-KD/data/cifar-10-batches-py/test_batch,5558,horse,dog,0.567284345626831,False,True,/home/tariq/Desktop/Awais-Tariq/base-KD/reports/cifar10_full_audit/mamba_scratch/failure_images/05558_true-horse_pred-dog.png,false_negative_for_horse;false_positive_for_dog
5562,cifar10_test_05562,/home/tariq/Desktop/Awais-Tariq/base-KD/data/cifar-10-batches-py/test_batch,5562,deer,horse,0.9952474236488342,False,True,/home/tariq/Desktop/Awais-Tariq/base-KD/reports/cifar10_full_audit/mamba_scratch/failure_images/05562_true-deer_pred-horse.png,false_negative_for_deer;false_positive_for_horse
5563,cifar10_test_05563,/home/tariq/Desktop/Awais-Tariq/base-KD/data/cifar-10-batches-py/test_batch,5563,automobile,cat,0.7475790977478027,False,True,/home/tariq/Desktop/Awais-Tariq/base-KD/reports/cifar10_full_audit/mamba_scratch/failure_images/05563_true-automobile_pred-cat.png,false_negative_for_automobile;false_positive_for_cat
5582,cifar10_test_05582,/home/tariq/Desktop/Awais-Tariq/base-KD/data/cifar-10-batches-py/test_batch,5582,deer,horse,0.9997702240943909,False,True,/home/tariq/Desktop/Awais-Tariq/base-KD/reports/cifar10_full_audit/mamba_scratch/failure_images/05582_true-deer_pred-horse.png,false_negative_for_deer;false_positive_for_horse
5607,cifar10_test_05607,/home/tariq/Desktop/Awais-Tariq/base-KD/data/cifar-10-batches-py/test_batch,5607,frog,airplane,0.9491215944290161,False,True,/home/tariq/Desktop/Awais-Tariq/base-KD/reports/cifar10_full_audit/mamba_scratch/failure_images/05607_true-frog_pred-airplane.png,false_negative_for_frog;false_positive_for_airplane
5609,cifar10_test_05609,/home/tariq/Desktop/Awais-Tariq/base-KD/data/cifar-10-batches-py/test_batch,5609,dog,truck,0.8484887480735779,False,True,/home/tariq/Desktop/Awais-Tariq/base-KD/reports/cifar10_full_audit/mamba_scratch/failure_images/05609_true-dog_pred-truck.png,false_negative_for_dog;false_positive_for_truck
5628,cifar10_test_05628,/home/tariq/Desktop/Awais-Tariq/base-KD/data/cifar-10-batches-py/test_batch,5628,ship,truck,0.7059450745582581,False,True,/home/tariq/Desktop/Awais-Tariq/base-KD/reports/cifar10_full_audit/mamba_scratch/failure_images/05628_true-ship_pred-truck.png,false_negative_for_ship;false_positive_for_truck
5632,cifar10_test_05632,/home/tariq/Desktop/Awais-Tariq/base-KD/data/cifar-10-batches-py/test_batch,5632,cat,automobile,0.9081223011016846,False,True,/home/tariq/Desktop/Awais-Tariq/base-KD/reports/cifar10_full_audit/mamba_scratch/failure_images/05632_true-cat_pred-automobile.png,false_negative_for_cat;false_positive_for_automobile
5634,cifar10_test_05634,/home/tariq/Desktop/Awais-Tariq/base-KD/data/cifar-10-batches-py/test_batch,5634,deer,bird,0.4779936969280243,False,True,/home/tariq/Desktop/Awais-Tariq/base-KD/reports/cifar10_full_audit/mamba_scratch/failure_images/05634_true-deer_pred-bird.png,false_negative_for_deer;false_positive_for_bird
5640,cifar10_test_05640,/home/tariq/Desktop/Awais-Tariq/base-KD/data/cifar-10-batches-py/test_batch,5640,bird,dog,0.9998347759246826,False,True,/home/tariq/Desktop/Awais-Tariq/base-KD/reports/cifar10_full_audit/mamba_scratch/failure_images/05640_true-bird_pred-dog.png,false_negative_for_bird;false_positive_for_dog
5642,cifar10_test_05642,/home/tariq/Desktop/Awais-Tariq/base-KD/data/cifar-10-batches-py/test_batch,5642,dog,deer,0.6461741328239441,False,True,/home/tariq/Desktop/Awais-Tariq/base-KD/reports/cifar10_full_audit/mamba_scratch/failure_images/05642_true-dog_pred-deer.png,false_negative_for_dog;false_positive_for_deer
5649,cifar10_test_05649,/home/tariq/Desktop/Awais-Tariq/base-KD/data/cifar-10-batches-py/test_batch,5649,airplane,cat,0.8162904381752014,False,True,/home/tariq/Desktop/Awais-Tariq/base-KD/reports/cifar10_full_audit/mamba_scratch/failure_images/05649_true-airplane_pred-cat.png,false_negative_for_airplane;false_positive_for_cat
5655,cifar10_test_05655,/home/tariq/Desktop/Awais-Tariq/base-KD/data/cifar-10-batches-py/test_batch,5655,cat,dog,0.9841199517250061,False,True,/home/tariq/Desktop/Awais-Tariq/base-KD/reports/cifar10_full_audit/mamba_scratch/failure_images/05655_true-cat_pred-dog.png,false_negative_for_cat;false_positive_for_dog
5665,cifar10_test_05665,/home/tariq/Desktop/Awais-Tariq/base-KD/data/cifar-10-batches-py/test_batch,5665,bird,airplane,0.8266769051551819,False,True,/home/tariq/Desktop/Awais-Tariq/base-KD/reports/cifar10_full_audit/mamba_scratch/failure_images/05665_true-bird_pred-airplane.png,false_negative_for_bird;false_positive_for_airplane
5669,cifar10_test_05669,/home/tariq/Desktop/Awais-Tariq/base-KD/data/cifar-10-batches-py/test_batch,5669,airplane,ship,0.4735185205936432,False,True,/home/tariq/Desktop/Awais-Tariq/base-KD/reports/cifar10_full_audit/mamba_scratch/failure_images/05669_true-airplane_pred-ship.png,false_negative_for_airplane;false_positive_for_ship
5677,cifar10_test_05677,/home/tariq/Desktop/Awais-Tariq/base-KD/data/cifar-10-batches-py/test_batch,5677,horse,deer,0.9610801339149475,False,True,/home/tariq/Desktop/Awais-Tariq/base-KD/reports/cifar10_full_audit/mamba_scratch/failure_images/05677_true-horse_pred-deer.png,false_negative_for_horse;false_positive_for_deer
5678,cifar10_test_05678,/home/tariq/Desktop/Awais-Tariq/base-KD/data/cifar-10-batches-py/test_batch,5678,automobile,cat,0.7476728558540344,False,True,/home/tariq/Desktop/Awais-Tariq/base-KD/reports/cifar10_full_audit/mamba_scratch/failure_images/05678_true-automobile_pred-cat.png,false_negative_for_automobile;false_positive_for_cat
5690,cifar10_test_05690,/home/tariq/Desktop/Awais-Tariq/base-KD/data/cifar-10-batches-py/test_batch,5690,horse,deer,0.9998512268066406,False,True,/home/tariq/Desktop/Awais-Tariq/base-KD/reports/cifar10_full_audit/mamba_scratch/failure_images/05690_true-horse_pred-deer.png,false_negative_for_horse;false_positive_for_deer
5701,cifar10_test_05701,/home/tariq/Desktop/Awais-Tariq/base-KD/data/cifar-10-batches-py/test_batch,5701,cat,dog,0.5577794909477234,False,True,/home/tariq/Desktop/Awais-Tariq/base-KD/reports/cifar10_full_audit/mamba_scratch/failure_images/05701_true-cat_pred-dog.png,false_negative_for_cat;false_positive_for_dog
5708,cifar10_test_05708,/home/tariq/Desktop/Awais-Tariq/base-KD/data/cifar-10-batches-py/test_batch,5708,bird,horse,0.9850521087646484,False,True,/home/tariq/Desktop/Awais-Tariq/base-KD/reports/cifar10_full_audit/mamba_scratch/failure_images/05708_true-bird_pred-horse.png,false_negative_for_bird;false_positive_for_horse
5714,cifar10_test_05714,/home/tariq/Desktop/Awais-Tariq/base-KD/data/cifar-10-batches-py/test_batch,5714,bird,frog,0.4267669916152954,False,True,/home/tariq/Desktop/Awais-Tariq/base-KD/reports/cifar10_full_audit/mamba_scratch/failure_images/05714_true-bird_pred-frog.png,false_negative_for_bird;false_positive_for_frog
5716,cifar10_test_05716,/home/tariq/Desktop/Awais-Tariq/base-KD/data/cifar-10-batches-py/test_batch,5716,airplane,bird,0.6916124820709229,False,True,/home/tariq/Desktop/Awais-Tariq/base-KD/reports/cifar10_full_audit/mamba_scratch/failure_images/05716_true-airplane_pred-bird.png,false_negative_for_airplane;false_positive_for_bird
5730,cifar10_test_05730,/home/tariq/Desktop/Awais-Tariq/base-KD/data/cifar-10-batches-py/test_batch,5730,dog,deer,0.9028696417808533,False,False,/home/tariq/Desktop/Awais-Tariq/base-KD/reports/cifar10_full_audit/mamba_scratch/failure_images/05730_true-dog_pred-deer.png,false_negative_for_dog;false_positive_for_deer
5783,cifar10_test_05783,/home/tariq/Desktop/Awais-Tariq/base-KD/data/cifar-10-batches-py/test_batch,5783,automobile,truck,0.6336607933044434,False,True,/home/tariq/Desktop/Awais-Tariq/base-KD/reports/cifar10_full_audit/mamba_scratch/failure_images/05783_true-automobile_pred-truck.png,false_negative_for_automobile;false_positive_for_truck
5787,cifar10_test_05787,/home/tariq/Desktop/Awais-Tariq/base-KD/data/cifar-10-batches-py/test_batch,5787,airplane,cat,0.5908274054527283,False,True,/home/tariq/Desktop/Awais-Tariq/base-KD/reports/cifar10_full_audit/mamba_scratch/failure_images/05787_true-airplane_pred-cat.png,false_negative_for_airplane;false_positive_for_cat
5808,cifar10_test_05808,/home/tariq/Desktop/Awais-Tariq/base-KD/data/cifar-10-batches-py/test_batch,5808,dog,horse,0.9992671608924866,False,True,/home/tariq/Desktop/Awais-Tariq/base-KD/reports/cifar10_full_audit/mamba_scratch/failure_images/05808_true-dog_pred-horse.png,false_negative_for_dog;false_positive_for_horse
5819,cifar10_test_05819,/home/tariq/Desktop/Awais-Tariq/base-KD/data/cifar-10-batches-py/test_batch,5819,bird,airplane,0.9741653800010681,False,True,/home/tariq/Desktop/Awais-Tariq/base-KD/reports/cifar10_full_audit/mamba_scratch/failure_images/05819_true-bird_pred-airplane.png,false_negative_for_bird;false_positive_for_airplane
5830,cifar10_test_05830,/home/tariq/Desktop/Awais-Tariq/base-KD/data/cifar-10-batches-py/test_batch,5830,dog,cat,0.7279613614082336,False,True,/home/tariq/Desktop/Awais-Tariq/base-KD/reports/cifar10_full_audit/mamba_scratch/failure_images/05830_true-dog_pred-cat.png,false_negative_for_dog;false_positive_for_cat
5854,cifar10_test_05854,/home/tariq/Desktop/Awais-Tariq/base-KD/data/cifar-10-batches-py/test_batch,5854,deer,ship,0.8041464686393738,False,True,/home/tariq/Desktop/Awais-Tariq/base-KD/reports/cifar10_full_audit/mamba_scratch/failure_images/05854_true-deer_pred-ship.png,false_negative_for_deer;false_positive_for_ship
5855,cifar10_test_05855,/home/tariq/Desktop/Awais-Tariq/base-KD/data/cifar-10-batches-py/test_batch,5855,horse,bird,0.9999992847442627,False,True,/home/tariq/Desktop/Awais-Tariq/base-KD/reports/cifar10_full_audit/mamba_scratch/failure_images/05855_true-horse_pred-bird.png,false_negative_for_horse;false_positive_for_bird
5856,cifar10_test_05856,/home/tariq/Desktop/Awais-Tariq/base-KD/data/cifar-10-batches-py/test_batch,5856,cat,dog,0.6606257557868958,False,True,/home/tariq/Desktop/Awais-Tariq/base-KD/reports/cifar10_full_audit/mamba_scratch/failure_images/05856_true-cat_pred-dog.png,false_negative_for_cat;false_positive_for_dog
5862,cifar10_test_05862,/home/tariq/Desktop/Awais-Tariq/base-KD/data/cifar-10-batches-py/test_batch,5862,bird,dog,0.9966292977333069,False,True,/home/tariq/Desktop/Awais-Tariq/base-KD/reports/cifar10_full_audit/mamba_scratch/failure_images/05862_true-bird_pred-dog.png,false_negative_for_bird;false_positive_for_dog
5864,cifar10_test_05864,/home/tariq/Desktop/Awais-Tariq/base-KD/data/cifar-10-batches-py/test_batch,5864,truck,automobile,0.6594783663749695,False,True,/home/tariq/Desktop/Awais-Tariq/base-KD/reports/cifar10_full_audit/mamba_scratch/failure_images/05864_true-truck_pred-automobile.png,false_negative_for_truck;false_positive_for_automobile
5872,cifar10_test_05872,/home/tariq/Desktop/Awais-Tariq/base-KD/data/cifar-10-batches-py/test_batch,5872,horse,frog,0.7306579351425171,False,True,/home/tariq/Desktop/Awais-Tariq/base-KD/reports/cifar10_full_audit/mamba_scratch/failure_images/05872_true-horse_pred-frog.png,false_negative_for_horse;false_positive_for_frog
5881,cifar10_test_05881,/home/tariq/Desktop/Awais-Tariq/base-KD/data/cifar-10-batches-py/test_batch,5881,cat,dog,0.9941391944885254,False,True,/home/tariq/Desktop/Awais-Tariq/base-KD/reports/cifar10_full_audit/mamba_scratch/failure_images/05881_true-cat_pred-dog.png,false_negative_for_cat;false_positive_for_dog
5882,cifar10_test_05882,/home/tariq/Desktop/Awais-Tariq/base-KD/data/cifar-10-batches-py/test_batch,5882,automobile,truck,0.6365905404090881,False,True,/home/tariq/Desktop/Awais-Tariq/base-KD/reports/cifar10_full_audit/mamba_scratch/failure_images/05882_true-automobile_pred-truck.png,false_negative_for_automobile;false_positive_for_truck
5886,cifar10_test_05886,/home/tariq/Desktop/Awais-Tariq/base-KD/data/cifar-10-batches-py/test_batch,5886,bird,deer,0.6656851172447205,False,True,/home/tariq/Desktop/Awais-Tariq/base-KD/reports/cifar10_full_audit/mamba_scratch/failure_images/05886_true-bird_pred-deer.png,false_negative_for_bird;false_positive_for_deer
5900,cifar10_test_05900,/home/tariq/Desktop/Awais-Tariq/base-KD/data/cifar-10-batches-py/test_batch,5900,deer,horse,0.9718167781829834,False,True,/home/tariq/Desktop/Awais-Tariq/base-KD/reports/cifar10_full_audit/mamba_scratch/failure_images/05900_true-deer_pred-horse.png,false_negative_for_deer;false_positive_for_horse
5908,cifar10_test_05908,/home/tariq/Desktop/Awais-Tariq/base-KD/data/cifar-10-batches-py/test_batch,5908,cat,bird,0.9916312098503113,False,False,/home/tariq/Desktop/Awais-Tariq/base-KD/reports/cifar10_full_audit/mamba_scratch/failure_images/05908_true-cat_pred-bird.png,false_negative_for_cat;false_positive_for_bird
5910,cifar10_test_05910,/home/tariq/Desktop/Awais-Tariq/base-KD/data/cifar-10-batches-py/test_batch,5910,bird,cat,0.7291797399520874,False,True,/home/tariq/Desktop/Awais-Tariq/base-KD/reports/cifar10_full_audit/mamba_scratch/failure_images/05910_true-bird_pred-cat.png,false_negative_for_bird;false_positive_for_cat
5917,cifar10_test_05917,/home/tariq/Desktop/Awais-Tariq/base-KD/data/cifar-10-batches-py/test_batch,5917,cat,bird,0.9999114274978638,False,True,/home/tariq/Desktop/Awais-Tariq/base-KD/reports/cifar10_full_audit/mamba_scratch/failure_images/05917_true-cat_pred-bird.png,false_negative_for_cat;false_positive_for_bird
5924,cifar10_test_05924,/home/tariq/Desktop/Awais-Tariq/base-KD/data/cifar-10-batches-py/test_batch,5924,deer,bird,0.8272802829742432,False,True,/home/tariq/Desktop/Awais-Tariq/base-KD/reports/cifar10_full_audit/mamba_scratch/failure_images/05924_true-deer_pred-bird.png,false_negative_for_deer;false_positive_for_bird
5930,cifar10_test_05930,/home/tariq/Desktop/Awais-Tariq/base-KD/data/cifar-10-batches-py/test_batch,5930,dog,bird,0.9943788647651672,False,True,/home/tariq/Desktop/Awais-Tariq/base-KD/reports/cifar10_full_audit/mamba_scratch/failure_images/05930_true-dog_pred-bird.png,false_negative_for_dog;false_positive_for_bird
5959,cifar10_test_05959,/home/tariq/Desktop/Awais-Tariq/base-KD/data/cifar-10-batches-py/test_batch,5959,deer,ship,0.8340060710906982,False,True,/home/tariq/Desktop/Awais-Tariq/base-KD/reports/cifar10_full_audit/mamba_scratch/failure_images/05959_true-deer_pred-ship.png,false_negative_for_deer;false_positive_for_ship
5960,cifar10_test_05960,/home/tariq/Desktop/Awais-Tariq/base-KD/data/cifar-10-batches-py/test_batch,5960,bird,deer,0.7893679738044739,False,True,/home/tariq/Desktop/Awais-Tariq/base-KD/reports/cifar10_full_audit/mamba_scratch/failure_images/05960_true-bird_pred-deer.png,false_negative_for_bird;false_positive_for_deer
5961,cifar10_test_05961,/home/tariq/Desktop/Awais-Tariq/base-KD/data/cifar-10-batches-py/test_batch,5961,frog,bird,0.866919994354248,False,True,/home/tariq/Desktop/Awais-Tariq/base-KD/reports/cifar10_full_audit/mamba_scratch/failure_images/05961_true-frog_pred-bird.png,false_negative_for_frog;false_positive_for_bird
5986,cifar10_test_05986,/home/tariq/Desktop/Awais-Tariq/base-KD/data/cifar-10-batches-py/test_batch,5986,cat,dog,0.6184249520301819,False,True,/home/tariq/Desktop/Awais-Tariq/base-KD/reports/cifar10_full_audit/mamba_scratch/failure_images/05986_true-cat_pred-dog.png,false_negative_for_cat;false_positive_for_dog
5992,cifar10_test_05992,/home/tariq/Desktop/Awais-Tariq/base-KD/data/cifar-10-batches-py/test_batch,5992,deer,horse,0.9221411943435669,False,True,/home/tariq/Desktop/Awais-Tariq/base-KD/reports/cifar10_full_audit/mamba_scratch/failure_images/05992_true-deer_pred-horse.png,false_negative_for_deer;false_positive_for_horse
6008,cifar10_test_06008,/home/tariq/Desktop/Awais-Tariq/base-KD/data/cifar-10-batches-py/test_batch,6008,cat,bird,0.9914392232894897,False,True,/home/tariq/Desktop/Awais-Tariq/base-KD/reports/cifar10_full_audit/mamba_scratch/failure_images/06008_true-cat_pred-bird.png,false_negative_for_cat;false_positive_for_bird
6014,cifar10_test_06014,/home/tariq/Desktop/Awais-Tariq/base-KD/data/cifar-10-batches-py/test_batch,6014,dog,horse,0.9625535607337952,False,True,/home/tariq/Desktop/Awais-Tariq/base-KD/reports/cifar10_full_audit/mamba_scratch/failure_images/06014_true-dog_pred-horse.png,false_negative_for_dog;false_positive_for_horse
6016,cifar10_test_06016,/home/tariq/Desktop/Awais-Tariq/base-KD/data/cifar-10-batches-py/test_batch,6016,deer,frog,0.9992977380752563,False,True,/home/tariq/Desktop/Awais-Tariq/base-KD/reports/cifar10_full_audit/mamba_scratch/failure_images/06016_true-deer_pred-frog.png,false_negative_for_deer;false_positive_for_frog
6028,cifar10_test_06028,/home/tariq/Desktop/Awais-Tariq/base-KD/data/cifar-10-batches-py/test_batch,6028,ship,airplane,0.9211012125015259,False,True,/home/tariq/Desktop/Awais-Tariq/base-KD/reports/cifar10_full_audit/mamba_scratch/failure_images/06028_true-ship_pred-airplane.png,false_negative_for_ship;false_positive_for_airplane
6037,cifar10_test_06037,/home/tariq/Desktop/Awais-Tariq/base-KD/data/cifar-10-batches-py/test_batch,6037,dog,cat,0.8531510829925537,False,True,/home/tariq/Desktop/Awais-Tariq/base-KD/reports/cifar10_full_audit/mamba_scratch/failure_images/06037_true-dog_pred-cat.png,false_negative_for_dog;false_positive_for_cat
6051,cifar10_test_06051,/home/tariq/Desktop/Awais-Tariq/base-KD/data/cifar-10-batches-py/test_batch,6051,deer,horse,0.4312305152416229,False,True,/home/tariq/Desktop/Awais-Tariq/base-KD/reports/cifar10_full_audit/mamba_scratch/failure_images/06051_true-deer_pred-horse.png,false_negative_for_deer;false_positive_for_horse
6063,cifar10_test_06063,/home/tariq/Desktop/Awais-Tariq/base-KD/data/cifar-10-batches-py/test_batch,6063,frog,deer,0.9443625211715698,False,True,/home/tariq/Desktop/Awais-Tariq/base-KD/reports/cifar10_full_audit/mamba_scratch/failure_images/06063_true-frog_pred-deer.png,false_negative_for_frog;false_positive_for_deer
6064,cifar10_test_06064,/home/tariq/Desktop/Awais-Tariq/base-KD/data/cifar-10-batches-py/test_batch,6064,dog,cat,0.9999585151672363,False,True,/home/tariq/Desktop/Awais-Tariq/base-KD/reports/cifar10_full_audit/mamba_scratch/failure_images/06064_true-dog_pred-cat.png,false_negative_for_dog;false_positive_for_cat
6068,cifar10_test_06068,/home/tariq/Desktop/Awais-Tariq/base-KD/data/cifar-10-batches-py/test_batch,6068,dog,cat,0.5565109252929688,False,True,/home/tariq/Desktop/Awais-Tariq/base-KD/reports/cifar10_full_audit/mamba_scratch/failure_images/06068_true-dog_pred-cat.png,false_negative_for_dog;false_positive_for_cat
6070,cifar10_test_06070,/home/tariq/Desktop/Awais-Tariq/base-KD/data/cifar-10-batches-py/test_batch,6070,ship,truck,0.999337375164032,False,True,/home/tariq/Desktop/Awais-Tariq/base-KD/reports/cifar10_full_audit/mamba_scratch/failure_images/06070_true-ship_pred-truck.png,false_negative_for_ship;false_positive_for_truck
6083,cifar10_test_06083,/home/tariq/Desktop/Awais-Tariq/base-KD/data/cifar-10-batches-py/test_batch,6083,bird,cat,0.9985145926475525,False,True,/home/tariq/Desktop/Awais-Tariq/base-KD/reports/cifar10_full_audit/mamba_scratch/failure_images/06083_true-bird_pred-cat.png,false_negative_for_bird;false_positive_for_cat
6101,cifar10_test_06101,/home/tariq/Desktop/Awais-Tariq/base-KD/data/cifar-10-batches-py/test_batch,6101,truck,automobile,0.9418354630470276,False,True,/home/tariq/Desktop/Awais-Tariq/base-KD/reports/cifar10_full_audit/mamba_scratch/failure_images/06101_true-truck_pred-automobile.png,false_negative_for_truck;false_positive_for_automobile
6111,cifar10_test_06111,/home/tariq/Desktop/Awais-Tariq/base-KD/data/cifar-10-batches-py/test_batch,6111,cat,dog,0.6099920272827148,False,True,/home/tariq/Desktop/Awais-Tariq/base-KD/reports/cifar10_full_audit/mamba_scratch/failure_images/06111_true-cat_pred-dog.png,false_negative_for_cat;false_positive_for_dog
6116,cifar10_test_06116,/home/tariq/Desktop/Awais-Tariq/base-KD/data/cifar-10-batches-py/test_batch,6116,dog,deer,0.9985225796699524,False,True,/home/tariq/Desktop/Awais-Tariq/base-KD/reports/cifar10_full_audit/mamba_scratch/failure_images/06116_true-dog_pred-deer.png,false_negative_for_dog;false_positive_for_deer
6124,cifar10_test_06124,/home/tariq/Desktop/Awais-Tariq/base-KD/data/cifar-10-batches-py/test_batch,6124,ship,cat,0.8953062891960144,False,True,/home/tariq/Desktop/Awais-Tariq/base-KD/reports/cifar10_full_audit/mamba_scratch/failure_images/06124_true-ship_pred-cat.png,false_negative_for_ship;false_positive_for_cat
6134,cifar10_test_06134,/home/tariq/Desktop/Awais-Tariq/base-KD/data/cifar-10-batches-py/test_batch,6134,cat,truck,0.9939565658569336,False,True,/home/tariq/Desktop/Awais-Tariq/base-KD/reports/cifar10_full_audit/mamba_scratch/failure_images/06134_true-cat_pred-truck.png,false_negative_for_cat;false_positive_for_truck
6135,cifar10_test_06135,/home/tariq/Desktop/Awais-Tariq/base-KD/data/cifar-10-batches-py/test_batch,6135,cat,dog,0.7311170101165771,False,True,/home/tariq/Desktop/Awais-Tariq/base-KD/reports/cifar10_full_audit/mamba_scratch/failure_images/06135_true-cat_pred-dog.png,false_negative_for_cat;false_positive_for_dog
6138,cifar10_test_06138,/home/tariq/Desktop/Awais-Tariq/base-KD/data/cifar-10-batches-py/test_batch,6138,cat,airplane,0.9999158382415771,False,True,/home/tariq/Desktop/Awais-Tariq/base-KD/reports/cifar10_full_audit/mamba_scratch/failure_images/06138_true-cat_pred-airplane.png,false_negative_for_cat;false_positive_for_airplane
6142,cifar10_test_06142,/home/tariq/Desktop/Awais-Tariq/base-KD/data/cifar-10-batches-py/test_batch,6142,dog,cat,0.5599149465560913,False,True,/home/tariq/Desktop/Awais-Tariq/base-KD/reports/cifar10_full_audit/mamba_scratch/failure_images/06142_true-dog_pred-cat.png,false_negative_for_dog;false_positive_for_cat
6144,cifar10_test_06144,/home/tariq/Desktop/Awais-Tariq/base-KD/data/cifar-10-batches-py/test_batch,6144,horse,dog,0.9713040590286255,False,True,/home/tariq/Desktop/Awais-Tariq/base-KD/reports/cifar10_full_audit/mamba_scratch/failure_images/06144_true-horse_pred-dog.png,false_negative_for_horse;false_positive_for_dog
6146,cifar10_test_06146,/home/tariq/Desktop/Awais-Tariq/base-KD/data/cifar-10-batches-py/test_batch,6146,airplane,truck,0.9875126481056213,False,True,/home/tariq/Desktop/Awais-Tariq/base-KD/reports/cifar10_full_audit/mamba_scratch/failure_images/06146_true-airplane_pred-truck.png,false_negative_for_airplane;false_positive_for_truck
6165,cifar10_test_06165,/home/tariq/Desktop/Awais-Tariq/base-KD/data/cifar-10-batches-py/test_batch,6165,dog,frog,0.9961556792259216,False,True,/home/tariq/Desktop/Awais-Tariq/base-KD/reports/cifar10_full_audit/mamba_scratch/failure_images/06165_true-dog_pred-frog.png,false_negative_for_dog;false_positive_for_frog
6197,cifar10_test_06197,/home/tariq/Desktop/Awais-Tariq/base-KD/data/cifar-10-batches-py/test_batch,6197,deer,cat,0.9969083666801453,False,True,/home/tariq/Desktop/Awais-Tariq/base-KD/reports/cifar10_full_audit/mamba_scratch/failure_images/06197_true-deer_pred-cat.png,false_negative_for_deer;false_positive_for_cat
6202,cifar10_test_06202,/home/tariq/Desktop/Awais-Tariq/base-KD/data/cifar-10-batches-py/test_batch,6202,cat,bird,0.765519917011261,False,True,/home/tariq/Desktop/Awais-Tariq/base-KD/reports/cifar10_full_audit/mamba_scratch/failure_images/06202_true-cat_pred-bird.png,false_negative_for_cat;false_positive_for_bird
6210,cifar10_test_06210,/home/tariq/Desktop/Awais-Tariq/base-KD/data/cifar-10-batches-py/test_batch,6210,deer,dog,0.9849226474761963,False,True,/home/tariq/Desktop/Awais-Tariq/base-KD/reports/cifar10_full_audit/mamba_scratch/failure_images/06210_true-deer_pred-dog.png,false_negative_for_deer;false_positive_for_dog
6218,cifar10_test_06218,/home/tariq/Desktop/Awais-Tariq/base-KD/data/cifar-10-batches-py/test_batch,6218,truck,frog,0.806458592414856,False,True,/home/tariq/Desktop/Awais-Tariq/base-KD/reports/cifar10_full_audit/mamba_scratch/failure_images/06218_true-truck_pred-frog.png,false_negative_for_truck;false_positive_for_frog
6257,cifar10_test_06257,/home/tariq/Desktop/Awais-Tariq/base-KD/data/cifar-10-batches-py/test_batch,6257,dog,bird,0.9615840315818787,False,True,/home/tariq/Desktop/Awais-Tariq/base-KD/reports/cifar10_full_audit/mamba_scratch/failure_images/06257_true-dog_pred-bird.png,false_negative_for_dog;false_positive_for_bird
6298,cifar10_test_06298,/home/tariq/Desktop/Awais-Tariq/base-KD/data/cifar-10-batches-py/test_batch,6298,cat,dog,0.5356028079986572,False,True,/home/tariq/Desktop/Awais-Tariq/base-KD/reports/cifar10_full_audit/mamba_scratch/failure_images/06298_true-cat_pred-dog.png,false_negative_for_cat;false_positive_for_dog
6299,cifar10_test_06299,/home/tariq/Desktop/Awais-Tariq/base-KD/data/cifar-10-batches-py/test_batch,6299,cat,bird,0.9769307971000671,False,True,/home/tariq/Desktop/Awais-Tariq/base-KD/reports/cifar10_full_audit/mamba_scratch/failure_images/06299_true-cat_pred-bird.png,false_negative_for_cat;false_positive_for_bird
6305,cifar10_test_06305,/home/tariq/Desktop/Awais-Tariq/base-KD/data/cifar-10-batches-py/test_batch,6305,frog,deer,0.9822192192077637,False,True,/home/tariq/Desktop/Awais-Tariq/base-KD/reports/cifar10_full_audit/mamba_scratch/failure_images/06305_true-frog_pred-deer.png,false_negative_for_frog;false_positive_for_deer
6311,cifar10_test_06311,/home/tariq/Desktop/Awais-Tariq/base-KD/data/cifar-10-batches-py/test_batch,6311,cat,ship,0.9871008396148682,False,True,/home/tariq/Desktop/Awais-Tariq/base-KD/reports/cifar10_full_audit/mamba_scratch/failure_images/06311_true-cat_pred-ship.png,false_negative_for_cat;false_positive_for_ship
6345,cifar10_test_06345,/home/tariq/Desktop/Awais-Tariq/base-KD/data/cifar-10-batches-py/test_batch,6345,cat,dog,0.8874620199203491,False,True,/home/tariq/Desktop/Awais-Tariq/base-KD/reports/cifar10_full_audit/mamba_scratch/failure_images/06345_true-cat_pred-dog.png,false_negative_for_cat;false_positive_for_dog
6382,cifar10_test_06382,/home/tariq/Desktop/Awais-Tariq/base-KD/data/cifar-10-batches-py/test_batch,6382,deer,cat,0.9594071507453918,False,True,/home/tariq/Desktop/Awais-Tariq/base-KD/reports/cifar10_full_audit/mamba_scratch/failure_images/06382_true-deer_pred-cat.png,false_negative_for_deer;false_positive_for_cat
6383,cifar10_test_06383,/home/tariq/Desktop/Awais-Tariq/base-KD/data/cifar-10-batches-py/test_batch,6383,cat,bird,0.9996156692504883,False,True,/home/tariq/Desktop/Awais-Tariq/base-KD/reports/cifar10_full_audit/mamba_scratch/failure_images/06383_true-cat_pred-bird.png,false_negative_for_cat;false_positive_for_bird
6393,cifar10_test_06393,/home/tariq/Desktop/Awais-Tariq/base-KD/data/cifar-10-batches-py/test_batch,6393,cat,dog,0.5518917441368103,False,True,/home/tariq/Desktop/Awais-Tariq/base-KD/reports/cifar10_full_audit/mamba_scratch/failure_images/06393_true-cat_pred-dog.png,false_negative_for_cat;false_positive_for_dog
6396,cifar10_test_06396,/home/tariq/Desktop/Awais-Tariq/base-KD/data/cifar-10-batches-py/test_batch,6396,deer,frog,0.9319267272949219,False,True,/home/tariq/Desktop/Awais-Tariq/base-KD/reports/cifar10_full_audit/mamba_scratch/failure_images/06396_true-deer_pred-frog.png,false_negative_for_deer;false_positive_for_frog
6401,cifar10_test_06401,/home/tariq/Desktop/Awais-Tariq/base-KD/data/cifar-10-batches-py/test_batch,6401,deer,horse,0.8919097185134888,False,True,/home/tariq/Desktop/Awais-Tariq/base-KD/reports/cifar10_full_audit/mamba_scratch/failure_images/06401_true-deer_pred-horse.png,false_negative_for_deer;false_positive_for_horse
6412,cifar10_test_06412,/home/tariq/Desktop/Awais-Tariq/base-KD/data/cifar-10-batches-py/test_batch,6412,ship,truck,0.9987758994102478,False,True,/home/tariq/Desktop/Awais-Tariq/base-KD/reports/cifar10_full_audit/mamba_scratch/failure_images/06412_true-ship_pred-truck.png,false_negative_for_ship;false_positive_for_truck
6419,cifar10_test_06419,/home/tariq/Desktop/Awais-Tariq/base-KD/data/cifar-10-batches-py/test_batch,6419,truck,ship,0.9818615913391113,False,True,/home/tariq/Desktop/Awais-Tariq/base-KD/reports/cifar10_full_audit/mamba_scratch/failure_images/06419_true-truck_pred-ship.png,false_negative_for_truck;false_positive_for_ship
6428,cifar10_test_06428,/home/tariq/Desktop/Awais-Tariq/base-KD/data/cifar-10-batches-py/test_batch,6428,dog,frog,0.572648823261261,False,True,/home/tariq/Desktop/Awais-Tariq/base-KD/reports/cifar10_full_audit/mamba_scratch/failure_images/06428_true-dog_pred-frog.png,false_negative_for_dog;false_positive_for_frog
6434,cifar10_test_06434,/home/tariq/Desktop/Awais-Tariq/base-KD/data/cifar-10-batches-py/test_batch,6434,airplane,ship,0.8518839478492737,False,True,/home/tariq/Desktop/Awais-Tariq/base-KD/reports/cifar10_full_audit/mamba_scratch/failure_images/06434_true-airplane_pred-ship.png,false_negative_for_airplane;false_positive_for_ship
6438,cifar10_test_06438,/home/tariq/Desktop/Awais-Tariq/base-KD/data/cifar-10-batches-py/test_batch,6438,deer,dog,0.7033567428588867,False,True,/home/tariq/Desktop/Awais-Tariq/base-KD/reports/cifar10_full_audit/mamba_scratch/failure_images/06438_true-deer_pred-dog.png,false_negative_for_deer;false_positive_for_dog
6439,cifar10_test_06439,/home/tariq/Desktop/Awais-Tariq/base-KD/data/cifar-10-batches-py/test_batch,6439,cat,deer,0.9249008297920227,False,True,/home/tariq/Desktop/Awais-Tariq/base-KD/reports/cifar10_full_audit/mamba_scratch/failure_images/06439_true-cat_pred-deer.png,false_negative_for_cat;false_positive_for_deer
6466,cifar10_test_06466,/home/tariq/Desktop/Awais-Tariq/base-KD/data/cifar-10-batches-py/test_batch,6466,ship,cat,0.9623882174491882,False,True,/home/tariq/Desktop/Awais-Tariq/base-KD/reports/cifar10_full_audit/mamba_scratch/failure_images/06466_true-ship_pred-cat.png,false_negative_for_ship;false_positive_for_cat
6469,cifar10_test_06469,/home/tariq/Desktop/Awais-Tariq/base-KD/data/cifar-10-batches-py/test_batch,6469,truck,automobile,0.8230404853820801,False,True,/home/tariq/Desktop/Awais-Tariq/base-KD/reports/cifar10_full_audit/mamba_scratch/failure_images/06469_true-truck_pred-automobile.png,false_negative_for_truck;false_positive_for_automobile
6488,cifar10_test_06488,/home/tariq/Desktop/Awais-Tariq/base-KD/data/cifar-10-batches-py/test_batch,6488,bird,airplane,0.8341431617736816,False,True,/home/tariq/Desktop/Awais-Tariq/base-KD/reports/cifar10_full_audit/mamba_scratch/failure_images/06488_true-bird_pred-airplane.png,false_negative_for_bird;false_positive_for_airplane
6490,cifar10_test_06490,/home/tariq/Desktop/Awais-Tariq/base-KD/data/cifar-10-batches-py/test_batch,6490,ship,automobile,0.4265744984149933,False,True,/home/tariq/Desktop/Awais-Tariq/base-KD/reports/cifar10_full_audit/mamba_scratch/failure_images/06490_true-ship_pred-automobile.png,false_negative_for_ship;false_positive_for_automobile
6497,cifar10_test_06497,/home/tariq/Desktop/Awais-Tariq/base-KD/data/cifar-10-batches-py/test_batch,6497,deer,bird,0.9496312141418457,False,True,/home/tariq/Desktop/Awais-Tariq/base-KD/reports/cifar10_full_audit/mamba_scratch/failure_images/06497_true-deer_pred-bird.png,false_negative_for_deer;false_positive_for_bird
6500,cifar10_test_06500,/home/tariq/Desktop/Awais-Tariq/base-KD/data/cifar-10-batches-py/test_batch,6500,horse,deer,0.9968816041946411,False,False,/home/tariq/Desktop/Awais-Tariq/base-KD/reports/cifar10_full_audit/mamba_scratch/failure_images/06500_true-horse_pred-deer.png,false_negative_for_horse;false_positive_for_deer
6522,cifar10_test_06522,/home/tariq/Desktop/Awais-Tariq/base-KD/data/cifar-10-batches-py/test_batch,6522,truck,automobile,0.9912511706352234,False,True,/home/tariq/Desktop/Awais-Tariq/base-KD/reports/cifar10_full_audit/mamba_scratch/failure_images/06522_true-truck_pred-automobile.png,false_negative_for_truck;false_positive_for_automobile
6533,cifar10_test_06533,/home/tariq/Desktop/Awais-Tariq/base-KD/data/cifar-10-batches-py/test_batch,6533,bird,horse,0.6741410493850708,False,True,/home/tariq/Desktop/Awais-Tariq/base-KD/reports/cifar10_full_audit/mamba_scratch/failure_images/06533_true-bird_pred-horse.png,false_negative_for_bird;false_positive_for_horse
6559,cifar10_test_06559,/home/tariq/Desktop/Awais-Tariq/base-KD/data/cifar-10-batches-py/test_batch,6559,bird,deer,0.999985933303833,False,True,/home/tariq/Desktop/Awais-Tariq/base-KD/reports/cifar10_full_audit/mamba_scratch/failure_images/06559_true-bird_pred-deer.png,false_negative_for_bird;false_positive_for_deer
6560,cifar10_test_06560,/home/tariq/Desktop/Awais-Tariq/base-KD/data/cifar-10-batches-py/test_batch,6560,frog,deer,0.5038237571716309,False,True,/home/tariq/Desktop/Awais-Tariq/base-KD/reports/cifar10_full_audit/mamba_scratch/failure_images/06560_true-frog_pred-deer.png,false_negative_for_frog;false_positive_for_deer
6564,cifar10_test_06564,/home/tariq/Desktop/Awais-Tariq/base-KD/data/cifar-10-batches-py/test_batch,6564,dog,cat,0.873536229133606,False,True,/home/tariq/Desktop/Awais-Tariq/base-KD/reports/cifar10_full_audit/mamba_scratch/failure_images/06564_true-dog_pred-cat.png,false_negative_for_dog;false_positive_for_cat
6584,cifar10_test_06584,/home/tariq/Desktop/Awais-Tariq/base-KD/data/cifar-10-batches-py/test_batch,6584,dog,frog,0.5513175129890442,False,True,/home/tariq/Desktop/Awais-Tariq/base-KD/reports/cifar10_full_audit/mamba_scratch/failure_images/06584_true-dog_pred-frog.png,false_negative_for_dog;false_positive_for_frog
6594,cifar10_test_06594,/home/tariq/Desktop/Awais-Tariq/base-KD/data/cifar-10-batches-py/test_batch,6594,ship,airplane,0.7261022329330444,False,True,/home/tariq/Desktop/Awais-Tariq/base-KD/reports/cifar10_full_audit/mamba_scratch/failure_images/06594_true-ship_pred-airplane.png,false_negative_for_ship;false_positive_for_airplane
6635,cifar10_test_06635,/home/tariq/Desktop/Awais-Tariq/base-KD/data/cifar-10-batches-py/test_batch,6635,frog,cat,0.8205012679100037,False,True,/home/tariq/Desktop/Awais-Tariq/base-KD/reports/cifar10_full_audit/mamba_scratch/failure_images/06635_true-frog_pred-cat.png,false_negative_for_frog;false_positive_for_cat
6646,cifar10_test_06646,/home/tariq/Desktop/Awais-Tariq/base-KD/data/cifar-10-batches-py/test_batch,6646,dog,cat,0.9550027847290039,False,True,/home/tariq/Desktop/Awais-Tariq/base-KD/reports/cifar10_full_audit/mamba_scratch/failure_images/06646_true-dog_pred-cat.png,false_negative_for_dog;false_positive_for_cat
6653,cifar10_test_06653,/home/tariq/Desktop/Awais-Tariq/base-KD/data/cifar-10-batches-py/test_batch,6653,airplane,horse,0.9859280586242676,False,True,/home/tariq/Desktop/Awais-Tariq/base-KD/reports/cifar10_full_audit/mamba_scratch/failure_images/06653_true-airplane_pred-horse.png,false_negative_for_airplane;false_positive_for_horse
6656,cifar10_test_06656,/home/tariq/Desktop/Awais-Tariq/base-KD/data/cifar-10-batches-py/test_batch,6656,frog,dog,0.8101414442062378,False,False,/home/tariq/Desktop/Awais-Tariq/base-KD/reports/cifar10_full_audit/mamba_scratch/failure_images/06656_true-frog_pred-dog.png,false_negative_for_frog;false_positive_for_dog
6669,cifar10_test_06669,/home/tariq/Desktop/Awais-Tariq/base-KD/data/cifar-10-batches-py/test_batch,6669,dog,deer,0.9900816082954407,False,True,/home/tariq/Desktop/Awais-Tariq/base-KD/reports/cifar10_full_audit/mamba_scratch/failure_images/06669_true-dog_pred-deer.png,false_negative_for_dog;false_positive_for_deer
6705,cifar10_test_06705,/home/tariq/Desktop/Awais-Tariq/base-KD/data/cifar-10-batches-py/test_batch,6705,cat,bird,0.5531989336013794,False,True,/home/tariq/Desktop/Awais-Tariq/base-KD/reports/cifar10_full_audit/mamba_scratch/failure_images/06705_true-cat_pred-bird.png,false_negative_for_cat;false_positive_for_bird
6706,cifar10_test_06706,/home/tariq/Desktop/Awais-Tariq/base-KD/data/cifar-10-batches-py/test_batch,6706,frog,cat,0.8053808212280273,False,True,/home/tariq/Desktop/Awais-Tariq/base-KD/reports/cifar10_full_audit/mamba_scratch/failure_images/06706_true-frog_pred-cat.png,false_negative_for_frog;false_positive_for_cat
6723,cifar10_test_06723,/home/tariq/Desktop/Awais-Tariq/base-KD/data/cifar-10-batches-py/test_batch,6723,dog,horse,0.6878182291984558,False,True,/home/tariq/Desktop/Awais-Tariq/base-KD/reports/cifar10_full_audit/mamba_scratch/failure_images/06723_true-dog_pred-horse.png,false_negative_for_dog;false_positive_for_horse
6726,cifar10_test_06726,/home/tariq/Desktop/Awais-Tariq/base-KD/data/cifar-10-batches-py/test_batch,6726,cat,deer,0.4710770845413208,False,True,/home/tariq/Desktop/Awais-Tariq/base-KD/reports/cifar10_full_audit/mamba_scratch/failure_images/06726_true-cat_pred-deer.png,false_negative_for_cat;false_positive_for_deer
6730,cifar10_test_06730,/home/tariq/Desktop/Awais-Tariq/base-KD/data/cifar-10-batches-py/test_batch,6730,ship,truck,0.7499043941497803,False,True,/home/tariq/Desktop/Awais-Tariq/base-KD/reports/cifar10_full_audit/mamba_scratch/failure_images/06730_true-ship_pred-truck.png,false_negative_for_ship;false_positive_for_truck
6732,cifar10_test_06732,/home/tariq/Desktop/Awais-Tariq/base-KD/data/cifar-10-batches-py/test_batch,6732,cat,horse,0.4885864853858948,False,True,/home/tariq/Desktop/Awais-Tariq/base-KD/reports/cifar10_full_audit/mamba_scratch/failure_images/06732_true-cat_pred-horse.png,false_negative_for_cat;false_positive_for_horse
6741,cifar10_test_06741,/home/tariq/Desktop/Awais-Tariq/base-KD/data/cifar-10-batches-py/test_batch,6741,truck,airplane,0.9999949932098389,False,True,/home/tariq/Desktop/Awais-Tariq/base-KD/reports/cifar10_full_audit/mamba_scratch/failure_images/06741_true-truck_pred-airplane.png,false_negative_for_truck;false_positive_for_airplane
6748,cifar10_test_06748,/home/tariq/Desktop/Awais-Tariq/base-KD/data/cifar-10-batches-py/test_batch,6748,airplane,bird,0.492278516292572,False,True,/home/tariq/Desktop/Awais-Tariq/base-KD/reports/cifar10_full_audit/mamba_scratch/failure_images/06748_true-airplane_pred-bird.png,false_negative_for_airplane;false_positive_for_bird
6750,cifar10_test_06750,/home/tariq/Desktop/Awais-Tariq/base-KD/data/cifar-10-batches-py/test_batch,6750,deer,cat,0.9962399005889893,False,True,/home/tariq/Desktop/Awais-Tariq/base-KD/reports/cifar10_full_audit/mamba_scratch/failure_images/06750_true-deer_pred-cat.png,false_negative_for_deer;false_positive_for_cat
6753,cifar10_test_06753,/home/tariq/Desktop/Awais-Tariq/base-KD/data/cifar-10-batches-py/test_batch,6753,deer,bird,0.9555181860923767,False,False,/home/tariq/Desktop/Awais-Tariq/base-KD/reports/cifar10_full_audit/mamba_scratch/failure_images/06753_true-deer_pred-bird.png,false_negative_for_deer;false_positive_for_bird
6759,cifar10_test_06759,/home/tariq/Desktop/Awais-Tariq/base-KD/data/cifar-10-batches-py/test_batch,6759,automobile,truck,0.9937703013420105,False,True,/home/tariq/Desktop/Awais-Tariq/base-KD/reports/cifar10_full_audit/mamba_scratch/failure_images/06759_true-automobile_pred-truck.png,false_negative_for_automobile;false_positive_for_truck
6781,cifar10_test_06781,/home/tariq/Desktop/Awais-Tariq/base-KD/data/cifar-10-batches-py/test_batch,6781,cat,frog,0.6326817274093628,False,True,/home/tariq/Desktop/Awais-Tariq/base-KD/reports/cifar10_full_audit/mamba_scratch/failure_images/06781_true-cat_pred-frog.png,false_negative_for_cat;false_positive_for_frog
6782,cifar10_test_06782,/home/tariq/Desktop/Awais-Tariq/base-KD/data/cifar-10-batches-py/test_batch,6782,dog,bird,0.9733458757400513,False,True,/home/tariq/Desktop/Awais-Tariq/base-KD/reports/cifar10_full_audit/mamba_scratch/failure_images/06782_true-dog_pred-bird.png,false_negative_for_dog;false_positive_for_bird
6783,cifar10_test_06783,/home/tariq/Desktop/Awais-Tariq/base-KD/data/cifar-10-batches-py/test_batch,6783,cat,frog,0.9850863218307495,False,True,/home/tariq/Desktop/Awais-Tariq/base-KD/reports/cifar10_full_audit/mamba_scratch/failure_images/06783_true-cat_pred-frog.png,false_negative_for_cat;false_positive_for_frog
6786,cifar10_test_06786,/home/tariq/Desktop/Awais-Tariq/base-KD/data/cifar-10-batches-py/test_batch,6786,cat,dog,0.465710312128067,False,True,/home/tariq/Desktop/Awais-Tariq/base-KD/reports/cifar10_full_audit/mamba_scratch/failure_images/06786_true-cat_pred-dog.png,false_negative_for_cat;false_positive_for_dog
6790,cifar10_test_06790,/home/tariq/Desktop/Awais-Tariq/base-KD/data/cifar-10-batches-py/test_batch,6790,horse,cat,0.9568027257919312,False,True,/home/tariq/Desktop/Awais-Tariq/base-KD/reports/cifar10_full_audit/mamba_scratch/failure_images/06790_true-horse_pred-cat.png,false_negative_for_horse;false_positive_for_cat
6792,cifar10_test_06792,/home/tariq/Desktop/Awais-Tariq/base-KD/data/cifar-10-batches-py/test_batch,6792,cat,deer,0.5129975080490112,False,False,/home/tariq/Desktop/Awais-Tariq/base-KD/reports/cifar10_full_audit/mamba_scratch/failure_images/06792_true-cat_pred-deer.png,false_negative_for_cat;false_positive_for_deer
6812,cifar10_test_06812,/home/tariq/Desktop/Awais-Tariq/base-KD/data/cifar-10-batches-py/test_batch,6812,airplane,truck,0.8867866396903992,False,True,/home/tariq/Desktop/Awais-Tariq/base-KD/reports/cifar10_full_audit/mamba_scratch/failure_images/06812_true-airplane_pred-truck.png,false_negative_for_airplane;false_positive_for_truck
6822,cifar10_test_06822,/home/tariq/Desktop/Awais-Tariq/base-KD/data/cifar-10-batches-py/test_batch,6822,deer,bird,0.9887732863426208,False,True,/home/tariq/Desktop/Awais-Tariq/base-KD/reports/cifar10_full_audit/mamba_scratch/failure_images/06822_true-deer_pred-bird.png,false_negative_for_deer;false_positive_for_bird
6833,cifar10_test_06833,/home/tariq/Desktop/Awais-Tariq/base-KD/data/cifar-10-batches-py/test_batch,6833,cat,frog,0.9706034064292908,False,True,/home/tariq/Desktop/Awais-Tariq/base-KD/reports/cifar10_full_audit/mamba_scratch/failure_images/06833_true-cat_pred-frog.png,false_negative_for_cat;false_positive_for_frog
6836,cifar10_test_06836,/home/tariq/Desktop/Awais-Tariq/base-KD/data/cifar-10-batches-py/test_batch,6836,deer,horse,0.9889522194862366,False,True,/home/tariq/Desktop/Awais-Tariq/base-KD/reports/cifar10_full_audit/mamba_scratch/failure_images/06836_true-deer_pred-horse.png,false_negative_for_deer;false_positive_for_horse
6837,cifar10_test_06837,/home/tariq/Desktop/Awais-Tariq/base-KD/data/cifar-10-batches-py/test_batch,6837,dog,cat,0.8210318684577942,False,True,/home/tariq/Desktop/Awais-Tariq/base-KD/reports/cifar10_full_audit/mamba_scratch/failure_images/06837_true-dog_pred-cat.png,false_negative_for_dog;false_positive_for_cat
6842,cifar10_test_06842,/home/tariq/Desktop/Awais-Tariq/base-KD/data/cifar-10-batches-py/test_batch,6842,cat,airplane,0.8765348196029663,False,True,/home/tariq/Desktop/Awais-Tariq/base-KD/reports/cifar10_full_audit/mamba_scratch/failure_images/06842_true-cat_pred-airplane.png,false_negative_for_cat;false_positive_for_airplane
6859,cifar10_test_06859,/home/tariq/Desktop/Awais-Tariq/base-KD/data/cifar-10-batches-py/test_batch,6859,cat,automobile,0.9395408630371094,False,True,/home/tariq/Desktop/Awais-Tariq/base-KD/reports/cifar10_full_audit/mamba_scratch/failure_images/06859_true-cat_pred-automobile.png,false_negative_for_cat;false_positive_for_automobile
6861,cifar10_test_06861,/home/tariq/Desktop/Awais-Tariq/base-KD/data/cifar-10-batches-py/test_batch,6861,ship,airplane,0.8297789692878723,False,True,/home/tariq/Desktop/Awais-Tariq/base-KD/reports/cifar10_full_audit/mamba_scratch/failure_images/06861_true-ship_pred-airplane.png,false_negative_for_ship;false_positive_for_airplane
6865,cifar10_test_06865,/home/tariq/Desktop/Awais-Tariq/base-KD/data/cifar-10-batches-py/test_batch,6865,cat,bird,0.9459496736526489,False,True,/home/tariq/Desktop/Awais-Tariq/base-KD/reports/cifar10_full_audit/mamba_scratch/failure_images/06865_true-cat_pred-bird.png,false_negative_for_cat;false_positive_for_bird
6866,cifar10_test_06866,/home/tariq/Desktop/Awais-Tariq/base-KD/data/cifar-10-batches-py/test_batch,6866,deer,frog,0.9327926635742188,False,True,/home/tariq/Desktop/Awais-Tariq/base-KD/reports/cifar10_full_audit/mamba_scratch/failure_images/06866_true-deer_pred-frog.png,false_negative_for_deer;false_positive_for_frog
6869,cifar10_test_06869,/home/tariq/Desktop/Awais-Tariq/base-KD/data/cifar-10-batches-py/test_batch,6869,dog,cat,0.9955592155456543,False,True,/home/tariq/Desktop/Awais-Tariq/base-KD/reports/cifar10_full_audit/mamba_scratch/failure_images/06869_true-dog_pred-cat.png,false_negative_for_dog;false_positive_for_cat
6876,cifar10_test_06876,/home/tariq/Desktop/Awais-Tariq/base-KD/data/cifar-10-batches-py/test_batch,6876,horse,cat,0.9885037541389465,False,True,/home/tariq/Desktop/Awais-Tariq/base-KD/reports/cifar10_full_audit/mamba_scratch/failure_images/06876_true-horse_pred-cat.png,false_negative_for_horse;false_positive_for_cat
6901,cifar10_test_06901,/home/tariq/Desktop/Awais-Tariq/base-KD/data/cifar-10-batches-py/test_batch,6901,bird,cat,0.7434976100921631,False,False,/home/tariq/Desktop/Awais-Tariq/base-KD/reports/cifar10_full_audit/mamba_scratch/failure_images/06901_true-bird_pred-cat.png,false_negative_for_bird;false_positive_for_cat
6904,cifar10_test_06904,/home/tariq/Desktop/Awais-Tariq/base-KD/data/cifar-10-batches-py/test_batch,6904,dog,cat,0.6458916068077087,False,True,/home/tariq/Desktop/Awais-Tariq/base-KD/reports/cifar10_full_audit/mamba_scratch/failure_images/06904_true-dog_pred-cat.png,false_negative_for_dog;false_positive_for_cat
6914,cifar10_test_06914,/home/tariq/Desktop/Awais-Tariq/base-KD/data/cifar-10-batches-py/test_batch,6914,ship,frog,0.8380688428878784,False,True,/home/tariq/Desktop/Awais-Tariq/base-KD/reports/cifar10_full_audit/mamba_scratch/failure_images/06914_true-ship_pred-frog.png,false_negative_for_ship;false_positive_for_frog
6933,cifar10_test_06933,/home/tariq/Desktop/Awais-Tariq/base-KD/data/cifar-10-batches-py/test_batch,6933,airplane,cat,0.9939826130867004,False,True,/home/tariq/Desktop/Awais-Tariq/base-KD/reports/cifar10_full_audit/mamba_scratch/failure_images/06933_true-airplane_pred-cat.png,false_negative_for_airplane;false_positive_for_cat
6950,cifar10_test_06950,/home/tariq/Desktop/Awais-Tariq/base-KD/data/cifar-10-batches-py/test_batch,6950,ship,airplane,0.6921111941337585,False,True,/home/tariq/Desktop/Awais-Tariq/base-KD/reports/cifar10_full_audit/mamba_scratch/failure_images/06950_true-ship_pred-airplane.png,false_negative_for_ship;false_positive_for_airplane
6958,cifar10_test_06958,/home/tariq/Desktop/Awais-Tariq/base-KD/data/cifar-10-batches-py/test_batch,6958,horse,deer,0.5380468964576721,False,True,/home/tariq/Desktop/Awais-Tariq/base-KD/reports/cifar10_full_audit/mamba_scratch/failure_images/06958_true-horse_pred-deer.png,false_negative_for_horse;false_positive_for_deer
6959,cifar10_test_06959,/home/tariq/Desktop/Awais-Tariq/base-KD/data/cifar-10-batches-py/test_batch,6959,dog,deer,0.9866625666618347,False,True,/home/tariq/Desktop/Awais-Tariq/base-KD/reports/cifar10_full_audit/mamba_scratch/failure_images/06959_true-dog_pred-deer.png,false_negative_for_dog;false_positive_for_deer
6966,cifar10_test_06966,/home/tariq/Desktop/Awais-Tariq/base-KD/data/cifar-10-batches-py/test_batch,6966,airplane,ship,0.8770052790641785,False,True,/home/tariq/Desktop/Awais-Tariq/base-KD/reports/cifar10_full_audit/mamba_scratch/failure_images/06966_true-airplane_pred-ship.png,false_negative_for_airplane;false_positive_for_ship
6969,cifar10_test_06969,/home/tariq/Desktop/Awais-Tariq/base-KD/data/cifar-10-batches-py/test_batch,6969,bird,deer,0.9995850920677185,False,True,/home/tariq/Desktop/Awais-Tariq/base-KD/reports/cifar10_full_audit/mamba_scratch/failure_images/06969_true-bird_pred-deer.png,false_negative_for_bird;false_positive_for_deer
6970,cifar10_test_06970,/home/tariq/Desktop/Awais-Tariq/base-KD/data/cifar-10-batches-py/test_batch,6970,airplane,bird,0.9994115829467773,False,True,/home/tariq/Desktop/Awais-Tariq/base-KD/reports/cifar10_full_audit/mamba_scratch/failure_images/06970_true-airplane_pred-bird.png,false_negative_for_airplane;false_positive_for_bird
6976,cifar10_test_06976,/home/tariq/Desktop/Awais-Tariq/base-KD/data/cifar-10-batches-py/test_batch,6976,cat,deer,0.5071831345558167,False,True,/home/tariq/Desktop/Awais-Tariq/base-KD/reports/cifar10_full_audit/mamba_scratch/failure_images/06976_true-cat_pred-deer.png,false_negative_for_cat;false_positive_for_deer
6980,cifar10_test_06980,/home/tariq/Desktop/Awais-Tariq/base-KD/data/cifar-10-batches-py/test_batch,6980,airplane,automobile,0.8884491324424744,False,True,/home/tariq/Desktop/Awais-Tariq/base-KD/reports/cifar10_full_audit/mamba_scratch/failure_images/06980_true-airplane_pred-automobile.png,false_negative_for_airplane;false_positive_for_automobile
6993,cifar10_test_06993,/home/tariq/Desktop/Awais-Tariq/base-KD/data/cifar-10-batches-py/test_batch,6993,dog,cat,0.6650571823120117,False,True,/home/tariq/Desktop/Awais-Tariq/base-KD/reports/cifar10_full_audit/mamba_scratch/failure_images/06993_true-dog_pred-cat.png,false_negative_for_dog;false_positive_for_cat
6994,cifar10_test_06994,/home/tariq/Desktop/Awais-Tariq/base-KD/data/cifar-10-batches-py/test_batch,6994,cat,deer,0.6555033922195435,False,True,/home/tariq/Desktop/Awais-Tariq/base-KD/reports/cifar10_full_audit/mamba_scratch/failure_images/06994_true-cat_pred-deer.png,false_negative_for_cat;false_positive_for_deer
6997,cifar10_test_06997,/home/tariq/Desktop/Awais-Tariq/base-KD/data/cifar-10-batches-py/test_batch,6997,ship,airplane,0.9471547603607178,False,True,/home/tariq/Desktop/Awais-Tariq/base-KD/reports/cifar10_full_audit/mamba_scratch/failure_images/06997_true-ship_pred-airplane.png,false_negative_for_ship;false_positive_for_airplane
7002,cifar10_test_07002,/home/tariq/Desktop/Awais-Tariq/base-KD/data/cifar-10-batches-py/test_batch,7002,cat,frog,0.5039317607879639,False,True,/home/tariq/Desktop/Awais-Tariq/base-KD/reports/cifar10_full_audit/mamba_scratch/failure_images/07002_true-cat_pred-frog.png,false_negative_for_cat;false_positive_for_frog
7005,cifar10_test_07005,/home/tariq/Desktop/Awais-Tariq/base-KD/data/cifar-10-batches-py/test_batch,7005,automobile,truck,0.9676904082298279,False,True,/home/tariq/Desktop/Awais-Tariq/base-KD/reports/cifar10_full_audit/mamba_scratch/failure_images/07005_true-automobile_pred-truck.png,false_negative_for_automobile;false_positive_for_truck
7019,cifar10_test_07019,/home/tariq/Desktop/Awais-Tariq/base-KD/data/cifar-10-batches-py/test_batch,7019,bird,deer,0.9200472235679626,False,True,/home/tariq/Desktop/Awais-Tariq/base-KD/reports/cifar10_full_audit/mamba_scratch/failure_images/07019_true-bird_pred-deer.png,false_negative_for_bird;false_positive_for_deer
7035,cifar10_test_07035,/home/tariq/Desktop/Awais-Tariq/base-KD/data/cifar-10-batches-py/test_batch,7035,automobile,truck,0.657364010810852,False,True,/home/tariq/Desktop/Awais-Tariq/base-KD/reports/cifar10_full_audit/mamba_scratch/failure_images/07035_true-automobile_pred-truck.png,false_negative_for_automobile;false_positive_for_truck
7040,cifar10_test_07040,/home/tariq/Desktop/Awais-Tariq/base-KD/data/cifar-10-batches-py/test_batch,7040,horse,airplane,0.9999880790710449,False,False,/home/tariq/Desktop/Awais-Tariq/base-KD/reports/cifar10_full_audit/mamba_scratch/failure_images/07040_true-horse_pred-airplane.png,false_negative_for_horse;false_positive_for_airplane
7059,cifar10_test_07059,/home/tariq/Desktop/Awais-Tariq/base-KD/data/cifar-10-batches-py/test_batch,7059,deer,frog,0.6823441982269287,False,True,/home/tariq/Desktop/Awais-Tariq/base-KD/reports/cifar10_full_audit/mamba_scratch/failure_images/07059_true-deer_pred-frog.png,false_negative_for_deer;false_positive_for_frog
7062,cifar10_test_07062,/home/tariq/Desktop/Awais-Tariq/base-KD/data/cifar-10-batches-py/test_batch,7062,deer,frog,0.9999842643737793,False,True,/home/tariq/Desktop/Awais-Tariq/base-KD/reports/cifar10_full_audit/mamba_scratch/failure_images/07062_true-deer_pred-frog.png,false_negative_for_deer;false_positive_for_frog
7080,cifar10_test_07080,/home/tariq/Desktop/Awais-Tariq/base-KD/data/cifar-10-batches-py/test_batch,7080,dog,cat,0.9861490726470947,False,False,/home/tariq/Desktop/Awais-Tariq/base-KD/reports/cifar10_full_audit/mamba_scratch/failure_images/07080_true-dog_pred-cat.png,false_negative_for_dog;false_positive_for_cat
7099,cifar10_test_07099,/home/tariq/Desktop/Awais-Tariq/base-KD/data/cifar-10-batches-py/test_batch,7099,cat,dog,0.9158092141151428,False,True,/home/tariq/Desktop/Awais-Tariq/base-KD/reports/cifar10_full_audit/mamba_scratch/failure_images/07099_true-cat_pred-dog.png,false_negative_for_cat;false_positive_for_dog
7107,cifar10_test_07107,/home/tariq/Desktop/Awais-Tariq/base-KD/data/cifar-10-batches-py/test_batch,7107,bird,frog,0.9971948862075806,False,True,/home/tariq/Desktop/Awais-Tariq/base-KD/reports/cifar10_full_audit/mamba_scratch/failure_images/07107_true-bird_pred-frog.png,false_negative_for_bird;false_positive_for_frog
7143,cifar10_test_07143,/home/tariq/Desktop/Awais-Tariq/base-KD/data/cifar-10-batches-py/test_batch,7143,deer,bird,0.9872369766235352,False,True,/home/tariq/Desktop/Awais-Tariq/base-KD/reports/cifar10_full_audit/mamba_scratch/failure_images/07143_true-deer_pred-bird.png,false_negative_for_deer;false_positive_for_bird
7145,cifar10_test_07145,/home/tariq/Desktop/Awais-Tariq/base-KD/data/cifar-10-batches-py/test_batch,7145,cat,dog,0.9952670335769653,False,True,/home/tariq/Desktop/Awais-Tariq/base-KD/reports/cifar10_full_audit/mamba_scratch/failure_images/07145_true-cat_pred-dog.png,false_negative_for_cat;false_positive_for_dog
7150,cifar10_test_07150,/home/tariq/Desktop/Awais-Tariq/base-KD/data/cifar-10-batches-py/test_batch,7150,cat,horse,0.997239351272583,False,False,/home/tariq/Desktop/Awais-Tariq/base-KD/reports/cifar10_full_audit/mamba_scratch/failure_images/07150_true-cat_pred-horse.png,false_negative_for_cat;false_positive_for_horse
7168,cifar10_test_07168,/home/tariq/Desktop/Awais-Tariq/base-KD/data/cifar-10-batches-py/test_batch,7168,dog,cat,0.9999994039535522,False,True,/home/tariq/Desktop/Awais-Tariq/base-KD/reports/cifar10_full_audit/mamba_scratch/failure_images/07168_true-dog_pred-cat.png,false_negative_for_dog;false_positive_for_cat
7175,cifar10_test_07175,/home/tariq/Desktop/Awais-Tariq/base-KD/data/cifar-10-batches-py/test_batch,7175,horse,dog,0.6964578628540039,False,True,/home/tariq/Desktop/Awais-Tariq/base-KD/reports/cifar10_full_audit/mamba_scratch/failure_images/07175_true-horse_pred-dog.png,false_negative_for_horse;false_positive_for_dog
7177,cifar10_test_07177,/home/tariq/Desktop/Awais-Tariq/base-KD/data/cifar-10-batches-py/test_batch,7177,bird,horse,0.9416980743408203,False,True,/home/tariq/Desktop/Awais-Tariq/base-KD/reports/cifar10_full_audit/mamba_scratch/failure_images/07177_true-bird_pred-horse.png,false_negative_for_bird;false_positive_for_horse
7183,cifar10_test_07183,/home/tariq/Desktop/Awais-Tariq/base-KD/data/cifar-10-batches-py/test_batch,7183,frog,deer,0.5644352436065674,False,True,/home/tariq/Desktop/Awais-Tariq/base-KD/reports/cifar10_full_audit/mamba_scratch/failure_images/07183_true-frog_pred-deer.png,false_negative_for_frog;false_positive_for_deer
7201,cifar10_test_07201,/home/tariq/Desktop/Awais-Tariq/base-KD/data/cifar-10-batches-py/test_batch,7201,deer,bird,0.6211690306663513,False,True,/home/tariq/Desktop/Awais-Tariq/base-KD/reports/cifar10_full_audit/mamba_scratch/failure_images/07201_true-deer_pred-bird.png,false_negative_for_deer;false_positive_for_bird
7202,cifar10_test_07202,/home/tariq/Desktop/Awais-Tariq/base-KD/data/cifar-10-batches-py/test_batch,7202,cat,dog,0.981793999671936,False,True,/home/tariq/Desktop/Awais-Tariq/base-KD/reports/cifar10_full_audit/mamba_scratch/failure_images/07202_true-cat_pred-dog.png,false_negative_for_cat;false_positive_for_dog
7214,cifar10_test_07214,/home/tariq/Desktop/Awais-Tariq/base-KD/data/cifar-10-batches-py/test_batch,7214,cat,dog,0.999994158744812,False,True,/home/tariq/Desktop/Awais-Tariq/base-KD/reports/cifar10_full_audit/mamba_scratch/failure_images/07214_true-cat_pred-dog.png,false_negative_for_cat;false_positive_for_dog
7217,cifar10_test_07217,/home/tariq/Desktop/Awais-Tariq/base-KD/data/cifar-10-batches-py/test_batch,7217,ship,airplane,0.8639346957206726,False,True,/home/tariq/Desktop/Awais-Tariq/base-KD/reports/cifar10_full_audit/mamba_scratch/failure_images/07217_true-ship_pred-airplane.png,false_negative_for_ship;false_positive_for_airplane
7218,cifar10_test_07218,/home/tariq/Desktop/Awais-Tariq/base-KD/data/cifar-10-batches-py/test_batch,7218,truck,airplane,0.998913049697876,False,True,/home/tariq/Desktop/Awais-Tariq/base-KD/reports/cifar10_full_audit/mamba_scratch/failure_images/07218_true-truck_pred-airplane.png,false_negative_for_truck;false_positive_for_airplane
7219,cifar10_test_07219,/home/tariq/Desktop/Awais-Tariq/base-KD/data/cifar-10-batches-py/test_batch,7219,horse,airplane,0.9339432120323181,False,True,/home/tariq/Desktop/Awais-Tariq/base-KD/reports/cifar10_full_audit/mamba_scratch/failure_images/07219_true-horse_pred-airplane.png,false_negative_for_horse;false_positive_for_airplane
7242,cifar10_test_07242,/home/tariq/Desktop/Awais-Tariq/base-KD/data/cifar-10-batches-py/test_batch,7242,horse,frog,0.31673145294189453,False,True,/home/tariq/Desktop/Awais-Tariq/base-KD/reports/cifar10_full_audit/mamba_scratch/failure_images/07242_true-horse_pred-frog.png,false_negative_for_horse;false_positive_for_frog
7258,cifar10_test_07258,/home/tariq/Desktop/Awais-Tariq/base-KD/data/cifar-10-batches-py/test_batch,7258,dog,cat,0.9930474162101746,False,True,/home/tariq/Desktop/Awais-Tariq/base-KD/reports/cifar10_full_audit/mamba_scratch/failure_images/07258_true-dog_pred-cat.png,false_negative_for_dog;false_positive_for_cat
7266,cifar10_test_07266,/home/tariq/Desktop/Awais-Tariq/base-KD/data/cifar-10-batches-py/test_batch,7266,bird,cat,0.9154952764511108,False,True,/home/tariq/Desktop/Awais-Tariq/base-KD/reports/cifar10_full_audit/mamba_scratch/failure_images/07266_true-bird_pred-cat.png,false_negative_for_bird;false_positive_for_cat
7267,cifar10_test_07267,/home/tariq/Desktop/Awais-Tariq/base-KD/data/cifar-10-batches-py/test_batch,7267,dog,frog,0.9762812852859497,False,True,/home/tariq/Desktop/Awais-Tariq/base-KD/reports/cifar10_full_audit/mamba_scratch/failure_images/07267_true-dog_pred-frog.png,false_negative_for_dog;false_positive_for_frog
7274,cifar10_test_07274,/home/tariq/Desktop/Awais-Tariq/base-KD/data/cifar-10-batches-py/test_batch,7274,automobile,truck,0.9999943971633911,False,True,/home/tariq/Desktop/Awais-Tariq/base-KD/reports/cifar10_full_audit/mamba_scratch/failure_images/07274_true-automobile_pred-truck.png,false_negative_for_automobile;false_positive_for_truck
7300,cifar10_test_07300,/home/tariq/Desktop/Awais-Tariq/base-KD/data/cifar-10-batches-py/test_batch,7300,cat,dog,0.9972774386405945,False,True,/home/tariq/Desktop/Awais-Tariq/base-KD/reports/cifar10_full_audit/mamba_scratch/failure_images/07300_true-cat_pred-dog.png,false_negative_for_cat;false_positive_for_dog
7311,cifar10_test_07311,/home/tariq/Desktop/Awais-Tariq/base-KD/data/cifar-10-batches-py/test_batch,7311,automobile,truck,0.9997488856315613,False,True,/home/tariq/Desktop/Awais-Tariq/base-KD/reports/cifar10_full_audit/mamba_scratch/failure_images/07311_true-automobile_pred-truck.png,false_negative_for_automobile;false_positive_for_truck
7344,cifar10_test_07344,/home/tariq/Desktop/Awais-Tariq/base-KD/data/cifar-10-batches-py/test_batch,7344,deer,frog,0.8966123461723328,False,True,/home/tariq/Desktop/Awais-Tariq/base-KD/reports/cifar10_full_audit/mamba_scratch/failure_images/07344_true-deer_pred-frog.png,false_negative_for_deer;false_positive_for_frog
7370,cifar10_test_07370,/home/tariq/Desktop/Awais-Tariq/base-KD/data/cifar-10-batches-py/test_batch,7370,cat,bird,0.9371956586837769,False,True,/home/tariq/Desktop/Awais-Tariq/base-KD/reports/cifar10_full_audit/mamba_scratch/failure_images/07370_true-cat_pred-bird.png,false_negative_for_cat;false_positive_for_bird
7378,cifar10_test_07378,/home/tariq/Desktop/Awais-Tariq/base-KD/data/cifar-10-batches-py/test_batch,7378,cat,dog,0.9599674344062805,False,True,/home/tariq/Desktop/Awais-Tariq/base-KD/reports/cifar10_full_audit/mamba_scratch/failure_images/07378_true-cat_pred-dog.png,false_negative_for_cat;false_positive_for_dog
7384,cifar10_test_07384,/home/tariq/Desktop/Awais-Tariq/base-KD/data/cifar-10-batches-py/test_batch,7384,cat,dog,0.9984911680221558,False,True,/home/tariq/Desktop/Awais-Tariq/base-KD/reports/cifar10_full_audit/mamba_scratch/failure_images/07384_true-cat_pred-dog.png,false_negative_for_cat;false_positive_for_dog
7393,cifar10_test_07393,/home/tariq/Desktop/Awais-Tariq/base-KD/data/cifar-10-batches-py/test_batch,7393,dog,deer,0.5104488134384155,False,True,/home/tariq/Desktop/Awais-Tariq/base-KD/reports/cifar10_full_audit/mamba_scratch/failure_images/07393_true-dog_pred-deer.png,false_negative_for_dog;false_positive_for_deer
7395,cifar10_test_07395,/home/tariq/Desktop/Awais-Tariq/base-KD/data/cifar-10-batches-py/test_batch,7395,bird,cat,0.6750543713569641,False,True,/home/tariq/Desktop/Awais-Tariq/base-KD/reports/cifar10_full_audit/mamba_scratch/failure_images/07395_true-bird_pred-cat.png,false_negative_for_bird;false_positive_for_cat
7397,cifar10_test_07397,/home/tariq/Desktop/Awais-Tariq/base-KD/data/cifar-10-batches-py/test_batch,7397,deer,cat,0.7632517218589783,False,True,/home/tariq/Desktop/Awais-Tariq/base-KD/reports/cifar10_full_audit/mamba_scratch/failure_images/07397_true-deer_pred-cat.png,false_negative_for_deer;false_positive_for_cat
7399,cifar10_test_07399,/home/tariq/Desktop/Awais-Tariq/base-KD/data/cifar-10-batches-py/test_batch,7399,cat,dog,0.9985174536705017,False,True,/home/tariq/Desktop/Awais-Tariq/base-KD/reports/cifar10_full_audit/mamba_scratch/failure_images/07399_true-cat_pred-dog.png,false_negative_for_cat;false_positive_for_dog
7402,cifar10_test_07402,/home/tariq/Desktop/Awais-Tariq/base-KD/data/cifar-10-batches-py/test_batch,7402,airplane,truck,0.9986876845359802,False,True,/home/tariq/Desktop/Awais-Tariq/base-KD/reports/cifar10_full_audit/mamba_scratch/failure_images/07402_true-airplane_pred-truck.png,false_negative_for_airplane;false_positive_for_truck
7406,cifar10_test_07406,/home/tariq/Desktop/Awais-Tariq/base-KD/data/cifar-10-batches-py/test_batch,7406,horse,bird,0.999363124370575,False,True,/home/tariq/Desktop/Awais-Tariq/base-KD/reports/cifar10_full_audit/mamba_scratch/failure_images/07406_true-horse_pred-bird.png,false_negative_for_horse;false_positive_for_bird
7408,cifar10_test_07408,/home/tariq/Desktop/Awais-Tariq/base-KD/data/cifar-10-batches-py/test_batch,7408,deer,cat,0.9189369678497314,False,True,/home/tariq/Desktop/Awais-Tariq/base-KD/reports/cifar10_full_audit/mamba_scratch/failure_images/07408_true-deer_pred-cat.png,false_negative_for_deer;false_positive_for_cat
7414,cifar10_test_07414,/home/tariq/Desktop/Awais-Tariq/base-KD/data/cifar-10-batches-py/test_batch,7414,ship,airplane,0.9971110820770264,False,True,/home/tariq/Desktop/Awais-Tariq/base-KD/reports/cifar10_full_audit/mamba_scratch/failure_images/07414_true-ship_pred-airplane.png,false_negative_for_ship;false_positive_for_airplane
7420,cifar10_test_07420,/home/tariq/Desktop/Awais-Tariq/base-KD/data/cifar-10-batches-py/test_batch,7420,cat,dog,0.9986222982406616,False,True,/home/tariq/Desktop/Awais-Tariq/base-KD/reports/cifar10_full_audit/mamba_scratch/failure_images/07420_true-cat_pred-dog.png,false_negative_for_cat;false_positive_for_dog
7429,cifar10_test_07429,/home/tariq/Desktop/Awais-Tariq/base-KD/data/cifar-10-batches-py/test_batch,7429,dog,cat,0.9912729859352112,False,True,/home/tariq/Desktop/Awais-Tariq/base-KD/reports/cifar10_full_audit/mamba_scratch/failure_images/07429_true-dog_pred-cat.png,false_negative_for_dog;false_positive_for_cat
7439,cifar10_test_07439,/home/tariq/Desktop/Awais-Tariq/base-KD/data/cifar-10-batches-py/test_batch,7439,dog,airplane,0.3302372992038727,False,True,/home/tariq/Desktop/Awais-Tariq/base-KD/reports/cifar10_full_audit/mamba_scratch/failure_images/07439_true-dog_pred-airplane.png,false_negative_for_dog;false_positive_for_airplane
7443,cifar10_test_07443,/home/tariq/Desktop/Awais-Tariq/base-KD/data/cifar-10-batches-py/test_batch,7443,horse,cat,0.9119063019752502,False,True,/home/tariq/Desktop/Awais-Tariq/base-KD/reports/cifar10_full_audit/mamba_scratch/failure_images/07443_true-horse_pred-cat.png,false_negative_for_horse;false_positive_for_cat
7444,cifar10_test_07444,/home/tariq/Desktop/Awais-Tariq/base-KD/data/cifar-10-batches-py/test_batch,7444,truck,automobile,0.9956284761428833,False,True,/home/tariq/Desktop/Awais-Tariq/base-KD/reports/cifar10_full_audit/mamba_scratch/failure_images/07444_true-truck_pred-automobile.png,false_negative_for_truck;false_positive_for_automobile
7446,cifar10_test_07446,/home/tariq/Desktop/Awais-Tariq/base-KD/data/cifar-10-batches-py/test_batch,7446,dog,frog,0.9357995390892029,False,True,/home/tariq/Desktop/Awais-Tariq/base-KD/reports/cifar10_full_audit/mamba_scratch/failure_images/07446_true-dog_pred-frog.png,false_negative_for_dog;false_positive_for_frog
7447,cifar10_test_07447,/home/tariq/Desktop/Awais-Tariq/base-KD/data/cifar-10-batches-py/test_batch,7447,ship,deer,0.7102671265602112,False,True,/home/tariq/Desktop/Awais-Tariq/base-KD/reports/cifar10_full_audit/mamba_scratch/failure_images/07447_true-ship_pred-deer.png,false_negative_for_ship;false_positive_for_deer
7453,cifar10_test_07453,/home/tariq/Desktop/Awais-Tariq/base-KD/data/cifar-10-batches-py/test_batch,7453,airplane,horse,0.5769367814064026,False,True,/home/tariq/Desktop/Awais-Tariq/base-KD/reports/cifar10_full_audit/mamba_scratch/failure_images/07453_true-airplane_pred-horse.png,false_negative_for_airplane;false_positive_for_horse
7455,cifar10_test_07455,/home/tariq/Desktop/Awais-Tariq/base-KD/data/cifar-10-batches-py/test_batch,7455,automobile,truck,0.9999649524688721,False,True,/home/tariq/Desktop/Awais-Tariq/base-KD/reports/cifar10_full_audit/mamba_scratch/failure_images/07455_true-automobile_pred-truck.png,false_negative_for_automobile;false_positive_for_truck
7458,cifar10_test_07458,/home/tariq/Desktop/Awais-Tariq/base-KD/data/cifar-10-batches-py/test_batch,7458,bird,horse,0.9830799102783203,False,True,/home/tariq/Desktop/Awais-Tariq/base-KD/reports/cifar10_full_audit/mamba_scratch/failure_images/07458_true-bird_pred-horse.png,false_negative_for_bird;false_positive_for_horse
7489,cifar10_test_07489,/home/tariq/Desktop/Awais-Tariq/base-KD/data/cifar-10-batches-py/test_batch,7489,cat,deer,0.6809283494949341,False,True,/home/tariq/Desktop/Awais-Tariq/base-KD/reports/cifar10_full_audit/mamba_scratch/failure_images/07489_true-cat_pred-deer.png,false_negative_for_cat;false_positive_for_deer
7491,cifar10_test_07491,/home/tariq/Desktop/Awais-Tariq/base-KD/data/cifar-10-batches-py/test_batch,7491,truck,dog,0.822943925857544,False,True,/home/tariq/Desktop/Awais-Tariq/base-KD/reports/cifar10_full_audit/mamba_scratch/failure_images/07491_true-truck_pred-dog.png,false_negative_for_truck;false_positive_for_dog
7493,cifar10_test_07493,/home/tariq/Desktop/Awais-Tariq/base-KD/data/cifar-10-batches-py/test_batch,7493,dog,cat,0.9351686835289001,False,True,/home/tariq/Desktop/Awais-Tariq/base-KD/reports/cifar10_full_audit/mamba_scratch/failure_images/07493_true-dog_pred-cat.png,false_negative_for_dog;false_positive_for_cat
7496,cifar10_test_07496,/home/tariq/Desktop/Awais-Tariq/base-KD/data/cifar-10-batches-py/test_batch,7496,cat,deer,0.9095816612243652,False,True,/home/tariq/Desktop/Awais-Tariq/base-KD/reports/cifar10_full_audit/mamba_scratch/failure_images/07496_true-cat_pred-deer.png,false_negative_for_cat;false_positive_for_deer
7509,cifar10_test_07509,/home/tariq/Desktop/Awais-Tariq/base-KD/data/cifar-10-batches-py/test_batch,7509,cat,automobile,0.8493003249168396,False,True,/home/tariq/Desktop/Awais-Tariq/base-KD/reports/cifar10_full_audit/mamba_scratch/failure_images/07509_true-cat_pred-automobile.png,false_negative_for_cat;false_positive_for_automobile
7524,cifar10_test_07524,/home/tariq/Desktop/Awais-Tariq/base-KD/data/cifar-10-batches-py/test_batch,7524,cat,ship,0.9919547438621521,False,True,/home/tariq/Desktop/Awais-Tariq/base-KD/reports/cifar10_full_audit/mamba_scratch/failure_images/07524_true-cat_pred-ship.png,false_negative_for_cat;false_positive_for_ship
7536,cifar10_test_07536,/home/tariq/Desktop/Awais-Tariq/base-KD/data/cifar-10-batches-py/test_batch,7536,ship,automobile,0.9973631501197815,False,True,/home/tariq/Desktop/Awais-Tariq/base-KD/reports/cifar10_full_audit/mamba_scratch/failure_images/07536_true-ship_pred-automobile.png,false_negative_for_ship;false_positive_for_automobile
7549,cifar10_test_07549,/home/tariq/Desktop/Awais-Tariq/base-KD/data/cifar-10-batches-py/test_batch,7549,cat,dog,0.9542304277420044,False,True,/home/tariq/Desktop/Awais-Tariq/base-KD/reports/cifar10_full_audit/mamba_scratch/failure_images/07549_true-cat_pred-dog.png,false_negative_for_cat;false_positive_for_dog
7559,cifar10_test_07559,/home/tariq/Desktop/Awais-Tariq/base-KD/data/cifar-10-batches-py/test_batch,7559,ship,automobile,0.9994176626205444,False,True,/home/tariq/Desktop/Awais-Tariq/base-KD/reports/cifar10_full_audit/mamba_scratch/failure_images/07559_true-ship_pred-automobile.png,false_negative_for_ship;false_positive_for_automobile
7562,cifar10_test_07562,/home/tariq/Desktop/Awais-Tariq/base-KD/data/cifar-10-batches-py/test_batch,7562,bird,cat,0.7818459868431091,False,True,/home/tariq/Desktop/Awais-Tariq/base-KD/reports/cifar10_full_audit/mamba_scratch/failure_images/07562_true-bird_pred-cat.png,false_negative_for_bird;false_positive_for_cat
7571,cifar10_test_07571,/home/tariq/Desktop/Awais-Tariq/base-KD/data/cifar-10-batches-py/test_batch,7571,deer,frog,1.0,False,True,/home/tariq/Desktop/Awais-Tariq/base-KD/reports/cifar10_full_audit/mamba_scratch/failure_images/07571_true-deer_pred-frog.png,false_negative_for_deer;false_positive_for_frog
7573,cifar10_test_07573,/home/tariq/Desktop/Awais-Tariq/base-KD/data/cifar-10-batches-py/test_batch,7573,automobile,airplane,0.7396597862243652,False,True,/home/tariq/Desktop/Awais-Tariq/base-KD/reports/cifar10_full_audit/mamba_scratch/failure_images/07573_true-automobile_pred-airplane.png,false_negative_for_automobile;false_positive_for_airplane
7590,cifar10_test_07590,/home/tariq/Desktop/Awais-Tariq/base-KD/data/cifar-10-batches-py/test_batch,7590,bird,deer,0.9999569654464722,False,True,/home/tariq/Desktop/Awais-Tariq/base-KD/reports/cifar10_full_audit/mamba_scratch/failure_images/07590_true-bird_pred-deer.png,false_negative_for_bird;false_positive_for_deer
7596,cifar10_test_07596,/home/tariq/Desktop/Awais-Tariq/base-KD/data/cifar-10-batches-py/test_batch,7596,cat,dog,0.9521849751472473,False,True,/home/tariq/Desktop/Awais-Tariq/base-KD/reports/cifar10_full_audit/mamba_scratch/failure_images/07596_true-cat_pred-dog.png,false_negative_for_cat;false_positive_for_dog
7598,cifar10_test_07598,/home/tariq/Desktop/Awais-Tariq/base-KD/data/cifar-10-batches-py/test_batch,7598,cat,dog,0.6207159757614136,False,True,/home/tariq/Desktop/Awais-Tariq/base-KD/reports/cifar10_full_audit/mamba_scratch/failure_images/07598_true-cat_pred-dog.png,false_negative_for_cat;false_positive_for_dog
7600,cifar10_test_07600,/home/tariq/Desktop/Awais-Tariq/base-KD/data/cifar-10-batches-py/test_batch,7600,ship,truck,0.7973162531852722,False,True,/home/tariq/Desktop/Awais-Tariq/base-KD/reports/cifar10_full_audit/mamba_scratch/failure_images/07600_true-ship_pred-truck.png,false_negative_for_ship;false_positive_for_truck
7609,cifar10_test_07609,/home/tariq/Desktop/Awais-Tariq/base-KD/data/cifar-10-batches-py/test_batch,7609,airplane,ship,0.36037614941596985,False,True,/home/tariq/Desktop/Awais-Tariq/base-KD/reports/cifar10_full_audit/mamba_scratch/failure_images/07609_true-airplane_pred-ship.png,false_negative_for_airplane;false_positive_for_ship
7611,cifar10_test_07611,/home/tariq/Desktop/Awais-Tariq/base-KD/data/cifar-10-batches-py/test_batch,7611,horse,deer,0.6255497336387634,False,True,/home/tariq/Desktop/Awais-Tariq/base-KD/reports/cifar10_full_audit/mamba_scratch/failure_images/07611_true-horse_pred-deer.png,false_negative_for_horse;false_positive_for_deer
7617,cifar10_test_07617,/home/tariq/Desktop/Awais-Tariq/base-KD/data/cifar-10-batches-py/test_batch,7617,bird,ship,0.6392400860786438,False,True,/home/tariq/Desktop/Awais-Tariq/base-KD/reports/cifar10_full_audit/mamba_scratch/failure_images/07617_true-bird_pred-ship.png,false_negative_for_bird;false_positive_for_ship
7637,cifar10_test_07637,/home/tariq/Desktop/Awais-Tariq/base-KD/data/cifar-10-batches-py/test_batch,7637,ship,automobile,0.955828070640564,False,True,/home/tariq/Desktop/Awais-Tariq/base-KD/reports/cifar10_full_audit/mamba_scratch/failure_images/07637_true-ship_pred-automobile.png,false_negative_for_ship;false_positive_for_automobile
7641,cifar10_test_07641,/home/tariq/Desktop/Awais-Tariq/base-KD/data/cifar-10-batches-py/test_batch,7641,horse,frog,0.9870004057884216,False,True,/home/tariq/Desktop/Awais-Tariq/base-KD/reports/cifar10_full_audit/mamba_scratch/failure_images/07641_true-horse_pred-frog.png,false_negative_for_horse;false_positive_for_frog
7657,cifar10_test_07657,/home/tariq/Desktop/Awais-Tariq/base-KD/data/cifar-10-batches-py/test_batch,7657,bird,dog,0.9548250436782837,False,False,/home/tariq/Desktop/Awais-Tariq/base-KD/reports/cifar10_full_audit/mamba_scratch/failure_images/07657_true-bird_pred-dog.png,false_negative_for_bird;false_positive_for_dog
7666,cifar10_test_07666,/home/tariq/Desktop/Awais-Tariq/base-KD/data/cifar-10-batches-py/test_batch,7666,bird,deer,0.9950218200683594,False,True,/home/tariq/Desktop/Awais-Tariq/base-KD/reports/cifar10_full_audit/mamba_scratch/failure_images/07666_true-bird_pred-deer.png,false_negative_for_bird;false_positive_for_deer
7668,cifar10_test_07668,/home/tariq/Desktop/Awais-Tariq/base-KD/data/cifar-10-batches-py/test_batch,7668,dog,cat,0.991456925868988,False,True,/home/tariq/Desktop/Awais-Tariq/base-KD/reports/cifar10_full_audit/mamba_scratch/failure_images/07668_true-dog_pred-cat.png,false_negative_for_dog;false_positive_for_cat
7673,cifar10_test_07673,/home/tariq/Desktop/Awais-Tariq/base-KD/data/cifar-10-batches-py/test_batch,7673,dog,horse,0.8139169216156006,False,True,/home/tariq/Desktop/Awais-Tariq/base-KD/reports/cifar10_full_audit/mamba_scratch/failure_images/07673_true-dog_pred-horse.png,false_negative_for_dog;false_positive_for_horse
7730,cifar10_test_07730,/home/tariq/Desktop/Awais-Tariq/base-KD/data/cifar-10-batches-py/test_batch,7730,deer,cat,0.9849029183387756,False,True,/home/tariq/Desktop/Awais-Tariq/base-KD/reports/cifar10_full_audit/mamba_scratch/failure_images/07730_true-deer_pred-cat.png,false_negative_for_deer;false_positive_for_cat
7744,cifar10_test_07744,/home/tariq/Desktop/Awais-Tariq/base-KD/data/cifar-10-batches-py/test_batch,7744,deer,cat,0.9950639605522156,False,False,/home/tariq/Desktop/Awais-Tariq/base-KD/reports/cifar10_full_audit/mamba_scratch/failure_images/07744_true-deer_pred-cat.png,false_negative_for_deer;false_positive_for_cat
7750,cifar10_test_07750,/home/tariq/Desktop/Awais-Tariq/base-KD/data/cifar-10-batches-py/test_batch,7750,cat,deer,0.983558714389801,False,True,/home/tariq/Desktop/Awais-Tariq/base-KD/reports/cifar10_full_audit/mamba_scratch/failure_images/07750_true-cat_pred-deer.png,false_negative_for_cat;false_positive_for_deer
7760,cifar10_test_07760,/home/tariq/Desktop/Awais-Tariq/base-KD/data/cifar-10-batches-py/test_batch,7760,bird,airplane,0.7797858119010925,False,True,/home/tariq/Desktop/Awais-Tariq/base-KD/reports/cifar10_full_audit/mamba_scratch/failure_images/07760_true-bird_pred-airplane.png,false_negative_for_bird;false_positive_for_airplane
7761,cifar10_test_07761,/home/tariq/Desktop/Awais-Tariq/base-KD/data/cifar-10-batches-py/test_batch,7761,bird,cat,0.9998766183853149,False,True,/home/tariq/Desktop/Awais-Tariq/base-KD/reports/cifar10_full_audit/mamba_scratch/failure_images/07761_true-bird_pred-cat.png,false_negative_for_bird;false_positive_for_cat
7763,cifar10_test_07763,/home/tariq/Desktop/Awais-Tariq/base-KD/data/cifar-10-batches-py/test_batch,7763,deer,bird,0.8760908246040344,False,True,/home/tariq/Desktop/Awais-Tariq/base-KD/reports/cifar10_full_audit/mamba_scratch/failure_images/07763_true-deer_pred-bird.png,false_negative_for_deer;false_positive_for_bird
7769,cifar10_test_07769,/home/tariq/Desktop/Awais-Tariq/base-KD/data/cifar-10-batches-py/test_batch,7769,deer,horse,0.6531661748886108,False,True,/home/tariq/Desktop/Awais-Tariq/base-KD/reports/cifar10_full_audit/mamba_scratch/failure_images/07769_true-deer_pred-horse.png,false_negative_for_deer;false_positive_for_horse
7778,cifar10_test_07778,/home/tariq/Desktop/Awais-Tariq/base-KD/data/cifar-10-batches-py/test_batch,7778,airplane,frog,0.9999779462814331,False,True,/home/tariq/Desktop/Awais-Tariq/base-KD/reports/cifar10_full_audit/mamba_scratch/failure_images/07778_true-airplane_pred-frog.png,false_negative_for_airplane;false_positive_for_frog
7784,cifar10_test_07784,/home/tariq/Desktop/Awais-Tariq/base-KD/data/cifar-10-batches-py/test_batch,7784,horse,frog,0.4336608946323395,False,True,/home/tariq/Desktop/Awais-Tariq/base-KD/reports/cifar10_full_audit/mamba_scratch/failure_images/07784_true-horse_pred-frog.png,false_negative_for_horse;false_positive_for_frog
7785,cifar10_test_07785,/home/tariq/Desktop/Awais-Tariq/base-KD/data/cifar-10-batches-py/test_batch,7785,deer,bird,0.9706619381904602,False,True,/home/tariq/Desktop/Awais-Tariq/base-KD/reports/cifar10_full_audit/mamba_scratch/failure_images/07785_true-deer_pred-bird.png,false_negative_for_deer;false_positive_for_bird
7792,cifar10_test_07792,/home/tariq/Desktop/Awais-Tariq/base-KD/data/cifar-10-batches-py/test_batch,7792,truck,automobile,0.9999618530273438,False,True,/home/tariq/Desktop/Awais-Tariq/base-KD/reports/cifar10_full_audit/mamba_scratch/failure_images/07792_true-truck_pred-automobile.png,false_negative_for_truck;false_positive_for_automobile
7797,cifar10_test_07797,/home/tariq/Desktop/Awais-Tariq/base-KD/data/cifar-10-batches-py/test_batch,7797,cat,frog,0.9470953345298767,False,True,/home/tariq/Desktop/Awais-Tariq/base-KD/reports/cifar10_full_audit/mamba_scratch/failure_images/07797_true-cat_pred-frog.png,false_negative_for_cat;false_positive_for_frog
7798,cifar10_test_07798,/home/tariq/Desktop/Awais-Tariq/base-KD/data/cifar-10-batches-py/test_batch,7798,dog,cat,0.6365420818328857,False,True,/home/tariq/Desktop/Awais-Tariq/base-KD/reports/cifar10_full_audit/mamba_scratch/failure_images/07798_true-dog_pred-cat.png,false_negative_for_dog;false_positive_for_cat
7801,cifar10_test_07801,/home/tariq/Desktop/Awais-Tariq/base-KD/data/cifar-10-batches-py/test_batch,7801,deer,bird,0.977269172668457,False,True,/home/tariq/Desktop/Awais-Tariq/base-KD/reports/cifar10_full_audit/mamba_scratch/failure_images/07801_true-deer_pred-bird.png,false_negative_for_deer;false_positive_for_bird
7802,cifar10_test_07802,/home/tariq/Desktop/Awais-Tariq/base-KD/data/cifar-10-batches-py/test_batch,7802,bird,cat,0.826749324798584,False,True,/home/tariq/Desktop/Awais-Tariq/base-KD/reports/cifar10_full_audit/mamba_scratch/failure_images/07802_true-bird_pred-cat.png,false_negative_for_bird;false_positive_for_cat
7806,cifar10_test_07806,/home/tariq/Desktop/Awais-Tariq/base-KD/data/cifar-10-batches-py/test_batch,7806,truck,automobile,0.9722393155097961,False,True,/home/tariq/Desktop/Awais-Tariq/base-KD/reports/cifar10_full_audit/mamba_scratch/failure_images/07806_true-truck_pred-automobile.png,false_negative_for_truck;false_positive_for_automobile
7815,cifar10_test_07815,/home/tariq/Desktop/Awais-Tariq/base-KD/data/cifar-10-batches-py/test_batch,7815,airplane,ship,0.8397690057754517,False,True,/home/tariq/Desktop/Awais-Tariq/base-KD/reports/cifar10_full_audit/mamba_scratch/failure_images/07815_true-airplane_pred-ship.png,false_negative_for_airplane;false_positive_for_ship
7820,cifar10_test_07820,/home/tariq/Desktop/Awais-Tariq/base-KD/data/cifar-10-batches-py/test_batch,7820,dog,cat,0.954284131526947,False,True,/home/tariq/Desktop/Awais-Tariq/base-KD/reports/cifar10_full_audit/mamba_scratch/failure_images/07820_true-dog_pred-cat.png,false_negative_for_dog;false_positive_for_cat
7839,cifar10_test_07839,/home/tariq/Desktop/Awais-Tariq/base-KD/data/cifar-10-batches-py/test_batch,7839,cat,deer,0.9502363801002502,False,True,/home/tariq/Desktop/Awais-Tariq/base-KD/reports/cifar10_full_audit/mamba_scratch/failure_images/07839_true-cat_pred-deer.png,false_negative_for_cat;false_positive_for_deer
7843,cifar10_test_07843,/home/tariq/Desktop/Awais-Tariq/base-KD/data/cifar-10-batches-py/test_batch,7843,airplane,cat,0.9729175567626953,False,True,/home/tariq/Desktop/Awais-Tariq/base-KD/reports/cifar10_full_audit/mamba_scratch/failure_images/07843_true-airplane_pred-cat.png,false_negative_for_airplane;false_positive_for_cat
7852,cifar10_test_07852,/home/tariq/Desktop/Awais-Tariq/base-KD/data/cifar-10-batches-py/test_batch,7852,dog,horse,0.9879774451255798,False,True,/home/tariq/Desktop/Awais-Tariq/base-KD/reports/cifar10_full_audit/mamba_scratch/failure_images/07852_true-dog_pred-horse.png,false_negative_for_dog;false_positive_for_horse
7853,cifar10_test_07853,/home/tariq/Desktop/Awais-Tariq/base-KD/data/cifar-10-batches-py/test_batch,7853,cat,bird,0.8474553823471069,False,True,/home/tariq/Desktop/Awais-Tariq/base-KD/reports/cifar10_full_audit/mamba_scratch/failure_images/07853_true-cat_pred-bird.png,false_negative_for_cat;false_positive_for_bird
7861,cifar10_test_07861,/home/tariq/Desktop/Awais-Tariq/base-KD/data/cifar-10-batches-py/test_batch,7861,airplane,frog,0.9646351337432861,False,True,/home/tariq/Desktop/Awais-Tariq/base-KD/reports/cifar10_full_audit/mamba_scratch/failure_images/07861_true-airplane_pred-frog.png,false_negative_for_airplane;false_positive_for_frog
7875,cifar10_test_07875,/home/tariq/Desktop/Awais-Tariq/base-KD/data/cifar-10-batches-py/test_batch,7875,bird,dog,0.8385403156280518,False,True,/home/tariq/Desktop/Awais-Tariq/base-KD/reports/cifar10_full_audit/mamba_scratch/failure_images/07875_true-bird_pred-dog.png,false_negative_for_bird;false_positive_for_dog
7881,cifar10_test_07881,/home/tariq/Desktop/Awais-Tariq/base-KD/data/cifar-10-batches-py/test_batch,7881,cat,deer,0.9781103730201721,False,True,/home/tariq/Desktop/Awais-Tariq/base-KD/reports/cifar10_full_audit/mamba_scratch/failure_images/07881_true-cat_pred-deer.png,false_negative_for_cat;false_positive_for_deer
7892,cifar10_test_07892,/home/tariq/Desktop/Awais-Tariq/base-KD/data/cifar-10-batches-py/test_batch,7892,automobile,truck,0.9985276460647583,False,True,/home/tariq/Desktop/Awais-Tariq/base-KD/reports/cifar10_full_audit/mamba_scratch/failure_images/07892_true-automobile_pred-truck.png,false_negative_for_automobile;false_positive_for_truck
7896,cifar10_test_07896,/home/tariq/Desktop/Awais-Tariq/base-KD/data/cifar-10-batches-py/test_batch,7896,deer,bird,0.4863794147968292,False,True,/home/tariq/Desktop/Awais-Tariq/base-KD/reports/cifar10_full_audit/mamba_scratch/failure_images/07896_true-deer_pred-bird.png,false_negative_for_deer;false_positive_for_bird
7906,cifar10_test_07906,/home/tariq/Desktop/Awais-Tariq/base-KD/data/cifar-10-batches-py/test_batch,7906,bird,deer,0.9934718608856201,False,True,/home/tariq/Desktop/Awais-Tariq/base-KD/reports/cifar10_full_audit/mamba_scratch/failure_images/07906_true-bird_pred-deer.png,false_negative_for_bird;false_positive_for_deer
7909,cifar10_test_07909,/home/tariq/Desktop/Awais-Tariq/base-KD/data/cifar-10-batches-py/test_batch,7909,automobile,truck,0.9971224665641785,False,True,/home/tariq/Desktop/Awais-Tariq/base-KD/reports/cifar10_full_audit/mamba_scratch/failure_images/07909_true-automobile_pred-truck.png,false_negative_for_automobile;false_positive_for_truck
7913,cifar10_test_07913,/home/tariq/Desktop/Awais-Tariq/base-KD/data/cifar-10-batches-py/test_batch,7913,ship,automobile,0.4474029839038849,False,True,/home/tariq/Desktop/Awais-Tariq/base-KD/reports/cifar10_full_audit/mamba_scratch/failure_images/07913_true-ship_pred-automobile.png,false_negative_for_ship;false_positive_for_automobile
7931,cifar10_test_07931,/home/tariq/Desktop/Awais-Tariq/base-KD/data/cifar-10-batches-py/test_batch,7931,truck,deer,0.6365843415260315,False,True,/home/tariq/Desktop/Awais-Tariq/base-KD/reports/cifar10_full_audit/mamba_scratch/failure_images/07931_true-truck_pred-deer.png,false_negative_for_truck;false_positive_for_deer
7933,cifar10_test_07933,/home/tariq/Desktop/Awais-Tariq/base-KD/data/cifar-10-batches-py/test_batch,7933,cat,bird,0.8506325483322144,False,True,/home/tariq/Desktop/Awais-Tariq/base-KD/reports/cifar10_full_audit/mamba_scratch/failure_images/07933_true-cat_pred-bird.png,false_negative_for_cat;false_positive_for_bird
7941,cifar10_test_07941,/home/tariq/Desktop/Awais-Tariq/base-KD/data/cifar-10-batches-py/test_batch,7941,dog,frog,0.598567545413971,False,True,/home/tariq/Desktop/Awais-Tariq/base-KD/reports/cifar10_full_audit/mamba_scratch/failure_images/07941_true-dog_pred-frog.png,false_negative_for_dog;false_positive_for_frog
7952,cifar10_test_07952,/home/tariq/Desktop/Awais-Tariq/base-KD/data/cifar-10-batches-py/test_batch,7952,cat,airplane,0.9911609888076782,False,True,/home/tariq/Desktop/Awais-Tariq/base-KD/reports/cifar10_full_audit/mamba_scratch/failure_images/07952_true-cat_pred-airplane.png,false_negative_for_cat;false_positive_for_airplane
7956,cifar10_test_07956,/home/tariq/Desktop/Awais-Tariq/base-KD/data/cifar-10-batches-py/test_batch,7956,deer,cat,0.9985755681991577,False,False,/home/tariq/Desktop/Awais-Tariq/base-KD/reports/cifar10_full_audit/mamba_scratch/failure_images/07956_true-deer_pred-cat.png,false_negative_for_deer;false_positive_for_cat
7958,cifar10_test_07958,/home/tariq/Desktop/Awais-Tariq/base-KD/data/cifar-10-batches-py/test_batch,7958,dog,deer,0.8385102152824402,False,True,/home/tariq/Desktop/Awais-Tariq/base-KD/reports/cifar10_full_audit/mamba_scratch/failure_images/07958_true-dog_pred-deer.png,false_negative_for_dog;false_positive_for_deer
7967,cifar10_test_07967,/home/tariq/Desktop/Awais-Tariq/base-KD/data/cifar-10-batches-py/test_batch,7967,truck,horse,0.9710871577262878,False,True,/home/tariq/Desktop/Awais-Tariq/base-KD/reports/cifar10_full_audit/mamba_scratch/failure_images/07967_true-truck_pred-horse.png,false_negative_for_truck;false_positive_for_horse
8014,cifar10_test_08014,/home/tariq/Desktop/Awais-Tariq/base-KD/data/cifar-10-batches-py/test_batch,8014,bird,deer,0.5116100907325745,False,True,/home/tariq/Desktop/Awais-Tariq/base-KD/reports/cifar10_full_audit/mamba_scratch/failure_images/08014_true-bird_pred-deer.png,false_negative_for_bird;false_positive_for_deer
8022,cifar10_test_08022,/home/tariq/Desktop/Awais-Tariq/base-KD/data/cifar-10-batches-py/test_batch,8022,bird,dog,0.5645036697387695,False,True,/home/tariq/Desktop/Awais-Tariq/base-KD/reports/cifar10_full_audit/mamba_scratch/failure_images/08022_true-bird_pred-dog.png,false_negative_for_bird;false_positive_for_dog
8041,cifar10_test_08041,/home/tariq/Desktop/Awais-Tariq/base-KD/data/cifar-10-batches-py/test_batch,8041,ship,cat,0.9960554838180542,False,False,/home/tariq/Desktop/Awais-Tariq/base-KD/reports/cifar10_full_audit/mamba_scratch/failure_images/08041_true-ship_pred-cat.png,false_negative_for_ship;false_positive_for_cat
8046,cifar10_test_08046,/home/tariq/Desktop/Awais-Tariq/base-KD/data/cifar-10-batches-py/test_batch,8046,ship,airplane,0.5675272345542908,False,True,/home/tariq/Desktop/Awais-Tariq/base-KD/reports/cifar10_full_audit/mamba_scratch/failure_images/08046_true-ship_pred-airplane.png,false_negative_for_ship;false_positive_for_airplane
8066,cifar10_test_08066,/home/tariq/Desktop/Awais-Tariq/base-KD/data/cifar-10-batches-py/test_batch,8066,truck,cat,0.9958634376525879,False,True,/home/tariq/Desktop/Awais-Tariq/base-KD/reports/cifar10_full_audit/mamba_scratch/failure_images/08066_true-truck_pred-cat.png,false_negative_for_truck;false_positive_for_cat
8069,cifar10_test_08069,/home/tariq/Desktop/Awais-Tariq/base-KD/data/cifar-10-batches-py/test_batch,8069,deer,bird,0.9899696707725525,False,True,/home/tariq/Desktop/Awais-Tariq/base-KD/reports/cifar10_full_audit/mamba_scratch/failure_images/08069_true-deer_pred-bird.png,false_negative_for_deer;false_positive_for_bird
8071,cifar10_test_08071,/home/tariq/Desktop/Awais-Tariq/base-KD/data/cifar-10-batches-py/test_batch,8071,deer,cat,0.9940774440765381,False,True,/home/tariq/Desktop/Awais-Tariq/base-KD/reports/cifar10_full_audit/mamba_scratch/failure_images/08071_true-deer_pred-cat.png,false_negative_for_deer;false_positive_for_cat
8079,cifar10_test_08079,/home/tariq/Desktop/Awais-Tariq/base-KD/data/cifar-10-batches-py/test_batch,8079,dog,cat,0.9979032278060913,False,True,/home/tariq/Desktop/Awais-Tariq/base-KD/reports/cifar10_full_audit/mamba_scratch/failure_images/08079_true-dog_pred-cat.png,false_negative_for_dog;false_positive_for_cat
8086,cifar10_test_08086,/home/tariq/Desktop/Awais-Tariq/base-KD/data/cifar-10-batches-py/test_batch,8086,deer,airplane,0.48800426721572876,False,True,/home/tariq/Desktop/Awais-Tariq/base-KD/reports/cifar10_full_audit/mamba_scratch/failure_images/08086_true-deer_pred-airplane.png,false_negative_for_deer;false_positive_for_airplane
8110,cifar10_test_08110,/home/tariq/Desktop/Awais-Tariq/base-KD/data/cifar-10-batches-py/test_batch,8110,dog,cat,0.5668118596076965,False,True,/home/tariq/Desktop/Awais-Tariq/base-KD/reports/cifar10_full_audit/mamba_scratch/failure_images/08110_true-dog_pred-cat.png,false_negative_for_dog;false_positive_for_cat
8115,cifar10_test_08115,/home/tariq/Desktop/Awais-Tariq/base-KD/data/cifar-10-batches-py/test_batch,8115,dog,cat,0.9997814297676086,False,True,/home/tariq/Desktop/Awais-Tariq/base-KD/reports/cifar10_full_audit/mamba_scratch/failure_images/08115_true-dog_pred-cat.png,false_negative_for_dog;false_positive_for_cat
8120,cifar10_test_08120,/home/tariq/Desktop/Awais-Tariq/base-KD/data/cifar-10-batches-py/test_batch,8120,ship,truck,0.8687650561332703,False,True,/home/tariq/Desktop/Awais-Tariq/base-KD/reports/cifar10_full_audit/mamba_scratch/failure_images/08120_true-ship_pred-truck.png,false_negative_for_ship;false_positive_for_truck
8126,cifar10_test_08126,/home/tariq/Desktop/Awais-Tariq/base-KD/data/cifar-10-batches-py/test_batch,8126,deer,cat,0.6111937761306763,False,True,/home/tariq/Desktop/Awais-Tariq/base-KD/reports/cifar10_full_audit/mamba_scratch/failure_images/08126_true-deer_pred-cat.png,false_negative_for_deer;false_positive_for_cat
8131,cifar10_test_08131,/home/tariq/Desktop/Awais-Tariq/base-KD/data/cifar-10-batches-py/test_batch,8131,cat,frog,0.9998155236244202,False,True,/home/tariq/Desktop/Awais-Tariq/base-KD/reports/cifar10_full_audit/mamba_scratch/failure_images/08131_true-cat_pred-frog.png,false_negative_for_cat;false_positive_for_frog
8140,cifar10_test_08140,/home/tariq/Desktop/Awais-Tariq/base-KD/data/cifar-10-batches-py/test_batch,8140,dog,horse,0.8675293326377869,False,True,/home/tariq/Desktop/Awais-Tariq/base-KD/reports/cifar10_full_audit/mamba_scratch/failure_images/08140_true-dog_pred-horse.png,false_negative_for_dog;false_positive_for_horse
8166,cifar10_test_08166,/home/tariq/Desktop/Awais-Tariq/base-KD/data/cifar-10-batches-py/test_batch,8166,bird,dog,0.834728479385376,False,False,/home/tariq/Desktop/Awais-Tariq/base-KD/reports/cifar10_full_audit/mamba_scratch/failure_images/08166_true-bird_pred-dog.png,false_negative_for_bird;false_positive_for_dog
8173,cifar10_test_08173,/home/tariq/Desktop/Awais-Tariq/base-KD/data/cifar-10-batches-py/test_batch,8173,dog,cat,0.9968420267105103,False,True,/home/tariq/Desktop/Awais-Tariq/base-KD/reports/cifar10_full_audit/mamba_scratch/failure_images/08173_true-dog_pred-cat.png,false_negative_for_dog;false_positive_for_cat
8199,cifar10_test_08199,/home/tariq/Desktop/Awais-Tariq/base-KD/data/cifar-10-batches-py/test_batch,8199,deer,cat,0.5246520042419434,False,True,/home/tariq/Desktop/Awais-Tariq/base-KD/reports/cifar10_full_audit/mamba_scratch/failure_images/08199_true-deer_pred-cat.png,false_negative_for_deer;false_positive_for_cat
8200,cifar10_test_08200,/home/tariq/Desktop/Awais-Tariq/base-KD/data/cifar-10-batches-py/test_batch,8200,cat,dog,0.6210700273513794,False,True,/home/tariq/Desktop/Awais-Tariq/base-KD/reports/cifar10_full_audit/mamba_scratch/failure_images/08200_true-cat_pred-dog.png,false_negative_for_cat;false_positive_for_dog
8209,cifar10_test_08209,/home/tariq/Desktop/Awais-Tariq/base-KD/data/cifar-10-batches-py/test_batch,8209,bird,deer,0.9773149490356445,False,True,/home/tariq/Desktop/Awais-Tariq/base-KD/reports/cifar10_full_audit/mamba_scratch/failure_images/08209_true-bird_pred-deer.png,false_negative_for_bird;false_positive_for_deer
8212,cifar10_test_08212,/home/tariq/Desktop/Awais-Tariq/base-KD/data/cifar-10-batches-py/test_batch,8212,dog,cat,0.5482979416847229,False,True,/home/tariq/Desktop/Awais-Tariq/base-KD/reports/cifar10_full_audit/mamba_scratch/failure_images/08212_true-dog_pred-cat.png,false_negative_for_dog;false_positive_for_cat
8220,cifar10_test_08220,/home/tariq/Desktop/Awais-Tariq/base-KD/data/cifar-10-batches-py/test_batch,8220,frog,truck,0.9387385249137878,False,True,/home/tariq/Desktop/Awais-Tariq/base-KD/reports/cifar10_full_audit/mamba_scratch/failure_images/08220_true-frog_pred-truck.png,false_negative_for_frog;false_positive_for_truck
8222,cifar10_test_08222,/home/tariq/Desktop/Awais-Tariq/base-KD/data/cifar-10-batches-py/test_batch,8222,automobile,ship,0.991472065448761,False,True,/home/tariq/Desktop/Awais-Tariq/base-KD/reports/cifar10_full_audit/mamba_scratch/failure_images/08222_true-automobile_pred-ship.png,false_negative_for_automobile;false_positive_for_ship
8236,cifar10_test_08236,/home/tariq/Desktop/Awais-Tariq/base-KD/data/cifar-10-batches-py/test_batch,8236,dog,cat,0.899275004863739,False,True,/home/tariq/Desktop/Awais-Tariq/base-KD/reports/cifar10_full_audit/mamba_scratch/failure_images/08236_true-dog_pred-cat.png,false_negative_for_dog;false_positive_for_cat
8268,cifar10_test_08268,/home/tariq/Desktop/Awais-Tariq/base-KD/data/cifar-10-batches-py/test_batch,8268,dog,bird,0.9699516296386719,False,True,/home/tariq/Desktop/Awais-Tariq/base-KD/reports/cifar10_full_audit/mamba_scratch/failure_images/08268_true-dog_pred-bird.png,false_negative_for_dog;false_positive_for_bird
8269,cifar10_test_08269,/home/tariq/Desktop/Awais-Tariq/base-KD/data/cifar-10-batches-py/test_batch,8269,ship,airplane,0.9996185302734375,False,True,/home/tariq/Desktop/Awais-Tariq/base-KD/reports/cifar10_full_audit/mamba_scratch/failure_images/08269_true-ship_pred-airplane.png,false_negative_for_ship;false_positive_for_airplane
8272,cifar10_test_08272,/home/tariq/Desktop/Awais-Tariq/base-KD/data/cifar-10-batches-py/test_batch,8272,truck,automobile,0.9842211008071899,False,True,/home/tariq/Desktop/Awais-Tariq/base-KD/reports/cifar10_full_audit/mamba_scratch/failure_images/08272_true-truck_pred-automobile.png,false_negative_for_truck;false_positive_for_automobile
8275,cifar10_test_08275,/home/tariq/Desktop/Awais-Tariq/base-KD/data/cifar-10-batches-py/test_batch,8275,cat,dog,0.7261776924133301,False,True,/home/tariq/Desktop/Awais-Tariq/base-KD/reports/cifar10_full_audit/mamba_scratch/failure_images/08275_true-cat_pred-dog.png,false_negative_for_cat;false_positive_for_dog
8281,cifar10_test_08281,/home/tariq/Desktop/Awais-Tariq/base-KD/data/cifar-10-batches-py/test_batch,8281,cat,dog,0.999976396560669,False,True,/home/tariq/Desktop/Awais-Tariq/base-KD/reports/cifar10_full_audit/mamba_scratch/failure_images/08281_true-cat_pred-dog.png,false_negative_for_cat;false_positive_for_dog
8295,cifar10_test_08295,/home/tariq/Desktop/Awais-Tariq/base-KD/data/cifar-10-batches-py/test_batch,8295,cat,airplane,0.9997509121894836,False,True,/home/tariq/Desktop/Awais-Tariq/base-KD/reports/cifar10_full_audit/mamba_scratch/failure_images/08295_true-cat_pred-airplane.png,false_negative_for_cat;false_positive_for_airplane
8296,cifar10_test_08296,/home/tariq/Desktop/Awais-Tariq/base-KD/data/cifar-10-batches-py/test_batch,8296,dog,cat,0.9888767600059509,False,True,/home/tariq/Desktop/Awais-Tariq/base-KD/reports/cifar10_full_audit/mamba_scratch/failure_images/08296_true-dog_pred-cat.png,false_negative_for_dog;false_positive_for_cat
8304,cifar10_test_08304,/home/tariq/Desktop/Awais-Tariq/base-KD/data/cifar-10-batches-py/test_batch,8304,automobile,truck,0.9857447743415833,False,True,/home/tariq/Desktop/Awais-Tariq/base-KD/reports/cifar10_full_audit/mamba_scratch/failure_images/08304_true-automobile_pred-truck.png,false_negative_for_automobile;false_positive_for_truck
8310,cifar10_test_08310,/home/tariq/Desktop/Awais-Tariq/base-KD/data/cifar-10-batches-py/test_batch,8310,cat,frog,0.8259900808334351,False,True,/home/tariq/Desktop/Awais-Tariq/base-KD/reports/cifar10_full_audit/mamba_scratch/failure_images/08310_true-cat_pred-frog.png,false_negative_for_cat;false_positive_for_frog
8314,cifar10_test_08314,/home/tariq/Desktop/Awais-Tariq/base-KD/data/cifar-10-batches-py/test_batch,8314,frog,bird,0.9980683922767639,False,True,/home/tariq/Desktop/Awais-Tariq/base-KD/reports/cifar10_full_audit/mamba_scratch/failure_images/08314_true-frog_pred-bird.png,false_negative_for_frog;false_positive_for_bird
8324,cifar10_test_08324,/home/tariq/Desktop/Awais-Tariq/base-KD/data/cifar-10-batches-py/test_batch,8324,cat,dog,0.7534066438674927,False,True,/home/tariq/Desktop/Awais-Tariq/base-KD/reports/cifar10_full_audit/mamba_scratch/failure_images/08324_true-cat_pred-dog.png,false_negative_for_cat;false_positive_for_dog
8351,cifar10_test_08351,/home/tariq/Desktop/Awais-Tariq/base-KD/data/cifar-10-batches-py/test_batch,8351,airplane,ship,0.8282329440116882,False,True,/home/tariq/Desktop/Awais-Tariq/base-KD/reports/cifar10_full_audit/mamba_scratch/failure_images/08351_true-airplane_pred-ship.png,false_negative_for_airplane;false_positive_for_ship
8357,cifar10_test_08357,/home/tariq/Desktop/Awais-Tariq/base-KD/data/cifar-10-batches-py/test_batch,8357,airplane,ship,0.8616312146186829,False,True,/home/tariq/Desktop/Awais-Tariq/base-KD/reports/cifar10_full_audit/mamba_scratch/failure_images/08357_true-airplane_pred-ship.png,false_negative_for_airplane;false_positive_for_ship
8359,cifar10_test_08359,/home/tariq/Desktop/Awais-Tariq/base-KD/data/cifar-10-batches-py/test_batch,8359,bird,frog,0.7939561605453491,False,True,/home/tariq/Desktop/Awais-Tariq/base-KD/reports/cifar10_full_audit/mamba_scratch/failure_images/08359_true-bird_pred-frog.png,false_negative_for_bird;false_positive_for_frog
8364,cifar10_test_08364,/home/tariq/Desktop/Awais-Tariq/base-KD/data/cifar-10-batches-py/test_batch,8364,horse,truck,0.9841673970222473,False,True,/home/tariq/Desktop/Awais-Tariq/base-KD/reports/cifar10_full_audit/mamba_scratch/failure_images/08364_true-horse_pred-truck.png,false_negative_for_horse;false_positive_for_truck
8384,cifar10_test_08384,/home/tariq/Desktop/Awais-Tariq/base-KD/data/cifar-10-batches-py/test_batch,8384,bird,cat,0.6510029435157776,False,True,/home/tariq/Desktop/Awais-Tariq/base-KD/reports/cifar10_full_audit/mamba_scratch/failure_images/08384_true-bird_pred-cat.png,false_negative_for_bird;false_positive_for_cat
8387,cifar10_test_08387,/home/tariq/Desktop/Awais-Tariq/base-KD/data/cifar-10-batches-py/test_batch,8387,airplane,ship,0.5330824851989746,False,True,/home/tariq/Desktop/Awais-Tariq/base-KD/reports/cifar10_full_audit/mamba_scratch/failure_images/08387_true-airplane_pred-ship.png,false_negative_for_airplane;false_positive_for_ship
8394,cifar10_test_08394,/home/tariq/Desktop/Awais-Tariq/base-KD/data/cifar-10-batches-py/test_batch,8394,horse,dog,0.9645828008651733,False,True,/home/tariq/Desktop/Awais-Tariq/base-KD/reports/cifar10_full_audit/mamba_scratch/failure_images/08394_true-horse_pred-dog.png,false_negative_for_horse;false_positive_for_dog
8408,cifar10_test_08408,/home/tariq/Desktop/Awais-Tariq/base-KD/data/cifar-10-batches-py/test_batch,8408,frog,bird,0.9857983589172363,False,True,/home/tariq/Desktop/Awais-Tariq/base-KD/reports/cifar10_full_audit/mamba_scratch/failure_images/08408_true-frog_pred-bird.png,false_negative_for_frog;false_positive_for_bird
8420,cifar10_test_08420,/home/tariq/Desktop/Awais-Tariq/base-KD/data/cifar-10-batches-py/test_batch,8420,cat,frog,0.9016851782798767,False,True,/home/tariq/Desktop/Awais-Tariq/base-KD/reports/cifar10_full_audit/mamba_scratch/failure_images/08420_true-cat_pred-frog.png,false_negative_for_cat;false_positive_for_frog
8428,cifar10_test_08428,/home/tariq/Desktop/Awais-Tariq/base-KD/data/cifar-10-batches-py/test_batch,8428,dog,cat,0.43068617582321167,False,False,/home/tariq/Desktop/Awais-Tariq/base-KD/reports/cifar10_full_audit/mamba_scratch/failure_images/08428_true-dog_pred-cat.png,false_negative_for_dog;false_positive_for_cat
8440,cifar10_test_08440,/home/tariq/Desktop/Awais-Tariq/base-KD/data/cifar-10-batches-py/test_batch,8440,dog,cat,0.9919261336326599,False,True,/home/tariq/Desktop/Awais-Tariq/base-KD/reports/cifar10_full_audit/mamba_scratch/failure_images/08440_true-dog_pred-cat.png,false_negative_for_dog;false_positive_for_cat
8450,cifar10_test_08450,/home/tariq/Desktop/Awais-Tariq/base-KD/data/cifar-10-batches-py/test_batch,8450,truck,cat,0.9836331009864807,False,True,/home/tariq/Desktop/Awais-Tariq/base-KD/reports/cifar10_full_audit/mamba_scratch/failure_images/08450_true-truck_pred-cat.png,false_negative_for_truck;false_positive_for_cat
8451,cifar10_test_08451,/home/tariq/Desktop/Awais-Tariq/base-KD/data/cifar-10-batches-py/test_batch,8451,dog,horse,0.9775405526161194,False,True,/home/tariq/Desktop/Awais-Tariq/base-KD/reports/cifar10_full_audit/mamba_scratch/failure_images/08451_true-dog_pred-horse.png,false_negative_for_dog;false_positive_for_horse
8457,cifar10_test_08457,/home/tariq/Desktop/Awais-Tariq/base-KD/data/cifar-10-batches-py/test_batch,8457,bird,deer,0.9990487694740295,False,True,/home/tariq/Desktop/Awais-Tariq/base-KD/reports/cifar10_full_audit/mamba_scratch/failure_images/08457_true-bird_pred-deer.png,false_negative_for_bird;false_positive_for_deer
8465,cifar10_test_08465,/home/tariq/Desktop/Awais-Tariq/base-KD/data/cifar-10-batches-py/test_batch,8465,truck,automobile,0.9899181723594666,False,True,/home/tariq/Desktop/Awais-Tariq/base-KD/reports/cifar10_full_audit/mamba_scratch/failure_images/08465_true-truck_pred-automobile.png,false_negative_for_truck;false_positive_for_automobile
8469,cifar10_test_08469,/home/tariq/Desktop/Awais-Tariq/base-KD/data/cifar-10-batches-py/test_batch,8469,dog,cat,0.9946447610855103,False,True,/home/tariq/Desktop/Awais-Tariq/base-KD/reports/cifar10_full_audit/mamba_scratch/failure_images/08469_true-dog_pred-cat.png,false_negative_for_dog;false_positive_for_cat
8476,cifar10_test_08476,/home/tariq/Desktop/Awais-Tariq/base-KD/data/cifar-10-batches-py/test_batch,8476,airplane,automobile,0.5475109219551086,False,True,/home/tariq/Desktop/Awais-Tariq/base-KD/reports/cifar10_full_audit/mamba_scratch/failure_images/08476_true-airplane_pred-automobile.png,false_negative_for_airplane;false_positive_for_automobile
8488,cifar10_test_08488,/home/tariq/Desktop/Awais-Tariq/base-KD/data/cifar-10-batches-py/test_batch,8488,truck,automobile,0.4578265845775604,False,True,/home/tariq/Desktop/Awais-Tariq/base-KD/reports/cifar10_full_audit/mamba_scratch/failure_images/08488_true-truck_pred-automobile.png,false_negative_for_truck;false_positive_for_automobile
8490,cifar10_test_08490,/home/tariq/Desktop/Awais-Tariq/base-KD/data/cifar-10-batches-py/test_batch,8490,cat,dog,0.8872846364974976,False,True,/home/tariq/Desktop/Awais-Tariq/base-KD/reports/cifar10_full_audit/mamba_scratch/failure_images/08490_true-cat_pred-dog.png,false_negative_for_cat;false_positive_for_dog
8491,cifar10_test_08491,/home/tariq/Desktop/Awais-Tariq/base-KD/data/cifar-10-batches-py/test_batch,8491,cat,dog,0.6927798986434937,False,True,/home/tariq/Desktop/Awais-Tariq/base-KD/reports/cifar10_full_audit/mamba_scratch/failure_images/08491_true-cat_pred-dog.png,false_negative_for_cat;false_positive_for_dog
8507,cifar10_test_08507,/home/tariq/Desktop/Awais-Tariq/base-KD/data/cifar-10-batches-py/test_batch,8507,ship,airplane,0.8726504445075989,False,True,/home/tariq/Desktop/Awais-Tariq/base-KD/reports/cifar10_full_audit/mamba_scratch/failure_images/08507_true-ship_pred-airplane.png,false_negative_for_ship;false_positive_for_airplane
8521,cifar10_test_08521,/home/tariq/Desktop/Awais-Tariq/base-KD/data/cifar-10-batches-py/test_batch,8521,truck,ship,0.9991887211799622,False,True,/home/tariq/Desktop/Awais-Tariq/base-KD/reports/cifar10_full_audit/mamba_scratch/failure_images/08521_true-truck_pred-ship.png,false_negative_for_truck;false_positive_for_ship
8529,cifar10_test_08529,/home/tariq/Desktop/Awais-Tariq/base-KD/data/cifar-10-batches-py/test_batch,8529,airplane,ship,0.8757891654968262,False,True,/home/tariq/Desktop/Awais-Tariq/base-KD/reports/cifar10_full_audit/mamba_scratch/failure_images/08529_true-airplane_pred-ship.png,false_negative_for_airplane;false_positive_for_ship
8532,cifar10_test_08532,/home/tariq/Desktop/Awais-Tariq/base-KD/data/cifar-10-batches-py/test_batch,8532,cat,frog,0.977141797542572,False,True,/home/tariq/Desktop/Awais-Tariq/base-KD/reports/cifar10_full_audit/mamba_scratch/failure_images/08532_true-cat_pred-frog.png,false_negative_for_cat;false_positive_for_frog
8535,cifar10_test_08535,/home/tariq/Desktop/Awais-Tariq/base-KD/data/cifar-10-batches-py/test_batch,8535,horse,dog,0.9909524917602539,False,True,/home/tariq/Desktop/Awais-Tariq/base-KD/reports/cifar10_full_audit/mamba_scratch/failure_images/08535_true-horse_pred-dog.png,false_negative_for_horse;false_positive_for_dog
8541,cifar10_test_08541,/home/tariq/Desktop/Awais-Tariq/base-KD/data/cifar-10-batches-py/test_batch,8541,ship,automobile,0.7831510305404663,False,True,/home/tariq/Desktop/Awais-Tariq/base-KD/reports/cifar10_full_audit/mamba_scratch/failure_images/08541_true-ship_pred-automobile.png,false_negative_for_ship;false_positive_for_automobile
8548,cifar10_test_08548,/home/tariq/Desktop/Awais-Tariq/base-KD/data/cifar-10-batches-py/test_batch,8548,cat,frog,0.9980804920196533,False,True,/home/tariq/Desktop/Awais-Tariq/base-KD/reports/cifar10_full_audit/mamba_scratch/failure_images/08548_true-cat_pred-frog.png,false_negative_for_cat;false_positive_for_frog
8566,cifar10_test_08566,/home/tariq/Desktop/Awais-Tariq/base-KD/data/cifar-10-batches-py/test_batch,8566,deer,bird,0.816632866859436,False,True,/home/tariq/Desktop/Awais-Tariq/base-KD/reports/cifar10_full_audit/mamba_scratch/failure_images/08566_true-deer_pred-bird.png,false_negative_for_deer;false_positive_for_bird
8569,cifar10_test_08569,/home/tariq/Desktop/Awais-Tariq/base-KD/data/cifar-10-batches-py/test_batch,8569,frog,bird,0.9220232367515564,False,True,/home/tariq/Desktop/Awais-Tariq/base-KD/reports/cifar10_full_audit/mamba_scratch/failure_images/08569_true-frog_pred-bird.png,false_negative_for_frog;false_positive_for_bird
8573,cifar10_test_08573,/home/tariq/Desktop/Awais-Tariq/base-KD/data/cifar-10-batches-py/test_batch,8573,frog,airplane,0.9872937798500061,False,True,/home/tariq/Desktop/Awais-Tariq/base-KD/reports/cifar10_full_audit/mamba_scratch/failure_images/08573_true-frog_pred-airplane.png,false_negative_for_frog;false_positive_for_airplane
8576,cifar10_test_08576,/home/tariq/Desktop/Awais-Tariq/base-KD/data/cifar-10-batches-py/test_batch,8576,bird,airplane,0.9985876083374023,False,True,/home/tariq/Desktop/Awais-Tariq/base-KD/reports/cifar10_full_audit/mamba_scratch/failure_images/08576_true-bird_pred-airplane.png,false_negative_for_bird;false_positive_for_airplane
8577,cifar10_test_08577,/home/tariq/Desktop/Awais-Tariq/base-KD/data/cifar-10-batches-py/test_batch,8577,cat,dog,0.7580722570419312,False,True,/home/tariq/Desktop/Awais-Tariq/base-KD/reports/cifar10_full_audit/mamba_scratch/failure_images/08577_true-cat_pred-dog.png,false_negative_for_cat;false_positive_for_dog
8580,cifar10_test_08580,/home/tariq/Desktop/Awais-Tariq/base-KD/data/cifar-10-batches-py/test_batch,8580,cat,dog,0.5478487610816956,False,True,/home/tariq/Desktop/Awais-Tariq/base-KD/reports/cifar10_full_audit/mamba_scratch/failure_images/08580_true-cat_pred-dog.png,false_negative_for_cat;false_positive_for_dog
8589,cifar10_test_08589,/home/tariq/Desktop/Awais-Tariq/base-KD/data/cifar-10-batches-py/test_batch,8589,dog,cat,0.9816790223121643,False,True,/home/tariq/Desktop/Awais-Tariq/base-KD/reports/cifar10_full_audit/mamba_scratch/failure_images/08589_true-dog_pred-cat.png,false_negative_for_dog;false_positive_for_cat
8598,cifar10_test_08598,/home/tariq/Desktop/Awais-Tariq/base-KD/data/cifar-10-batches-py/test_batch,8598,cat,bird,0.5500606894493103,False,True,/home/tariq/Desktop/Awais-Tariq/base-KD/reports/cifar10_full_audit/mamba_scratch/failure_images/08598_true-cat_pred-bird.png,false_negative_for_cat;false_positive_for_bird
8606,cifar10_test_08606,/home/tariq/Desktop/Awais-Tariq/base-KD/data/cifar-10-batches-py/test_batch,8606,automobile,airplane,0.7341341376304626,False,True,/home/tariq/Desktop/Awais-Tariq/base-KD/reports/cifar10_full_audit/mamba_scratch/failure_images/08606_true-automobile_pred-airplane.png,false_negative_for_automobile;false_positive_for_airplane
8616,cifar10_test_08616,/home/tariq/Desktop/Awais-Tariq/base-KD/data/cifar-10-batches-py/test_batch,8616,cat,frog,0.9829959273338318,False,True,/home/tariq/Desktop/Awais-Tariq/base-KD/reports/cifar10_full_audit/mamba_scratch/failure_images/08616_true-cat_pred-frog.png,false_negative_for_cat;false_positive_for_frog
8619,cifar10_test_08619,/home/tariq/Desktop/Awais-Tariq/base-KD/data/cifar-10-batches-py/test_batch,8619,dog,horse,0.9643654227256775,False,True,/home/tariq/Desktop/Awais-Tariq/base-KD/reports/cifar10_full_audit/mamba_scratch/failure_images/08619_true-dog_pred-horse.png,false_negative_for_dog;false_positive_for_horse
8639,cifar10_test_08639,/home/tariq/Desktop/Awais-Tariq/base-KD/data/cifar-10-batches-py/test_batch,8639,horse,airplane,0.6444366574287415,False,True,/home/tariq/Desktop/Awais-Tariq/base-KD/reports/cifar10_full_audit/mamba_scratch/failure_images/08639_true-horse_pred-airplane.png,false_negative_for_horse;false_positive_for_airplane
8666,cifar10_test_08666,/home/tariq/Desktop/Awais-Tariq/base-KD/data/cifar-10-batches-py/test_batch,8666,airplane,truck,0.9837942719459534,False,True,/home/tariq/Desktop/Awais-Tariq/base-KD/reports/cifar10_full_audit/mamba_scratch/failure_images/08666_true-airplane_pred-truck.png,false_negative_for_airplane;false_positive_for_truck
8669,cifar10_test_08669,/home/tariq/Desktop/Awais-Tariq/base-KD/data/cifar-10-batches-py/test_batch,8669,deer,horse,0.9902576208114624,False,True,/home/tariq/Desktop/Awais-Tariq/base-KD/reports/cifar10_full_audit/mamba_scratch/failure_images/08669_true-deer_pred-horse.png,false_negative_for_deer;false_positive_for_horse
8672,cifar10_test_08672,/home/tariq/Desktop/Awais-Tariq/base-KD/data/cifar-10-batches-py/test_batch,8672,horse,deer,0.9084139466285706,False,True,/home/tariq/Desktop/Awais-Tariq/base-KD/reports/cifar10_full_audit/mamba_scratch/failure_images/08672_true-horse_pred-deer.png,false_negative_for_horse;false_positive_for_deer
8690,cifar10_test_08690,/home/tariq/Desktop/Awais-Tariq/base-KD/data/cifar-10-batches-py/test_batch,8690,ship,airplane,0.9971737861633301,False,True,/home/tariq/Desktop/Awais-Tariq/base-KD/reports/cifar10_full_audit/mamba_scratch/failure_images/08690_true-ship_pred-airplane.png,false_negative_for_ship;false_positive_for_airplane
8699,cifar10_test_08699,/home/tariq/Desktop/Awais-Tariq/base-KD/data/cifar-10-batches-py/test_batch,8699,deer,cat,0.9840875267982483,False,True,/home/tariq/Desktop/Awais-Tariq/base-KD/reports/cifar10_full_audit/mamba_scratch/failure_images/08699_true-deer_pred-cat.png,false_negative_for_deer;false_positive_for_cat
8708,cifar10_test_08708,/home/tariq/Desktop/Awais-Tariq/base-KD/data/cifar-10-batches-py/test_batch,8708,horse,cat,0.87681645154953,False,True,/home/tariq/Desktop/Awais-Tariq/base-KD/reports/cifar10_full_audit/mamba_scratch/failure_images/08708_true-horse_pred-cat.png,false_negative_for_horse;false_positive_for_cat
8720,cifar10_test_08720,/home/tariq/Desktop/Awais-Tariq/base-KD/data/cifar-10-batches-py/test_batch,8720,bird,airplane,0.6080792546272278,False,True,/home/tariq/Desktop/Awais-Tariq/base-KD/reports/cifar10_full_audit/mamba_scratch/failure_images/08720_true-bird_pred-airplane.png,false_negative_for_bird;false_positive_for_airplane
8722,cifar10_test_08722,/home/tariq/Desktop/Awais-Tariq/base-KD/data/cifar-10-batches-py/test_batch,8722,horse,cat,0.9852896332740784,False,True,/home/tariq/Desktop/Awais-Tariq/base-KD/reports/cifar10_full_audit/mamba_scratch/failure_images/08722_true-horse_pred-cat.png,false_negative_for_horse;false_positive_for_cat
8723,cifar10_test_08723,/home/tariq/Desktop/Awais-Tariq/base-KD/data/cifar-10-batches-py/test_batch,8723,dog,horse,0.9999728202819824,False,True,/home/tariq/Desktop/Awais-Tariq/base-KD/reports/cifar10_full_audit/mamba_scratch/failure_images/08723_true-dog_pred-horse.png,false_negative_for_dog;false_positive_for_horse
8749,cifar10_test_08749,/home/tariq/Desktop/Awais-Tariq/base-KD/data/cifar-10-batches-py/test_batch,8749,dog,cat,0.6247465014457703,False,False,/home/tariq/Desktop/Awais-Tariq/base-KD/reports/cifar10_full_audit/mamba_scratch/failure_images/08749_true-dog_pred-cat.png,false_negative_for_dog;false_positive_for_cat
8752,cifar10_test_08752,/home/tariq/Desktop/Awais-Tariq/base-KD/data/cifar-10-batches-py/test_batch,8752,dog,cat,0.9978565573692322,False,True,/home/tariq/Desktop/Awais-Tariq/base-KD/reports/cifar10_full_audit/mamba_scratch/failure_images/08752_true-dog_pred-cat.png,false_negative_for_dog;false_positive_for_cat
8766,cifar10_test_08766,/home/tariq/Desktop/Awais-Tariq/base-KD/data/cifar-10-batches-py/test_batch,8766,dog,cat,0.5496940016746521,False,True,/home/tariq/Desktop/Awais-Tariq/base-KD/reports/cifar10_full_audit/mamba_scratch/failure_images/08766_true-dog_pred-cat.png,false_negative_for_dog;false_positive_for_cat
8774,cifar10_test_08774,/home/tariq/Desktop/Awais-Tariq/base-KD/data/cifar-10-batches-py/test_batch,8774,cat,horse,0.9950777292251587,False,True,/home/tariq/Desktop/Awais-Tariq/base-KD/reports/cifar10_full_audit/mamba_scratch/failure_images/08774_true-cat_pred-horse.png,false_negative_for_cat;false_positive_for_horse
8778,cifar10_test_08778,/home/tariq/Desktop/Awais-Tariq/base-KD/data/cifar-10-batches-py/test_batch,8778,cat,airplane,0.8248570561408997,False,True,/home/tariq/Desktop/Awais-Tariq/base-KD/reports/cifar10_full_audit/mamba_scratch/failure_images/08778_true-cat_pred-airplane.png,false_negative_for_cat;false_positive_for_airplane
8794,cifar10_test_08794,/home/tariq/Desktop/Awais-Tariq/base-KD/data/cifar-10-batches-py/test_batch,8794,dog,cat,0.8482518196105957,False,True,/home/tariq/Desktop/Awais-Tariq/base-KD/reports/cifar10_full_audit/mamba_scratch/failure_images/08794_true-dog_pred-cat.png,false_negative_for_dog;false_positive_for_cat
8806,cifar10_test_08806,/home/tariq/Desktop/Awais-Tariq/base-KD/data/cifar-10-batches-py/test_batch,8806,cat,bird,0.7902936935424805,False,True,/home/tariq/Desktop/Awais-Tariq/base-KD/reports/cifar10_full_audit/mamba_scratch/failure_images/08806_true-cat_pred-bird.png,false_negative_for_cat;false_positive_for_bird
8809,cifar10_test_08809,/home/tariq/Desktop/Awais-Tariq/base-KD/data/cifar-10-batches-py/test_batch,8809,ship,bird,0.99625563621521,False,True,/home/tariq/Desktop/Awais-Tariq/base-KD/reports/cifar10_full_audit/mamba_scratch/failure_images/08809_true-ship_pred-bird.png,false_negative_for_ship;false_positive_for_bird
8815,cifar10_test_08815,/home/tariq/Desktop/Awais-Tariq/base-KD/data/cifar-10-batches-py/test_batch,8815,cat,bird,0.9961068034172058,False,True,/home/tariq/Desktop/Awais-Tariq/base-KD/reports/cifar10_full_audit/mamba_scratch/failure_images/08815_true-cat_pred-bird.png,false_negative_for_cat;false_positive_for_bird
8817,cifar10_test_08817,/home/tariq/Desktop/Awais-Tariq/base-KD/data/cifar-10-batches-py/test_batch,8817,deer,cat,0.44811657071113586,False,True,/home/tariq/Desktop/Awais-Tariq/base-KD/reports/cifar10_full_audit/mamba_scratch/failure_images/08817_true-deer_pred-cat.png,false_negative_for_deer;false_positive_for_cat
8825,cifar10_test_08825,/home/tariq/Desktop/Awais-Tariq/base-KD/data/cifar-10-batches-py/test_batch,8825,airplane,automobile,0.6259453892707825,False,True,/home/tariq/Desktop/Awais-Tariq/base-KD/reports/cifar10_full_audit/mamba_scratch/failure_images/08825_true-airplane_pred-automobile.png,false_negative_for_airplane;false_positive_for_automobile
8847,cifar10_test_08847,/home/tariq/Desktop/Awais-Tariq/base-KD/data/cifar-10-batches-py/test_batch,8847,dog,cat,0.7696225047111511,False,True,/home/tariq/Desktop/Awais-Tariq/base-KD/reports/cifar10_full_audit/mamba_scratch/failure_images/08847_true-dog_pred-cat.png,false_negative_for_dog;false_positive_for_cat
8855,cifar10_test_08855,/home/tariq/Desktop/Awais-Tariq/base-KD/data/cifar-10-batches-py/test_batch,8855,deer,dog,0.7646397948265076,False,True,/home/tariq/Desktop/Awais-Tariq/base-KD/reports/cifar10_full_audit/mamba_scratch/failure_images/08855_true-deer_pred-dog.png,false_negative_for_deer;false_positive_for_dog
8858,cifar10_test_08858,/home/tariq/Desktop/Awais-Tariq/base-KD/data/cifar-10-batches-py/test_batch,8858,frog,deer,0.8990597724914551,False,True,/home/tariq/Desktop/Awais-Tariq/base-KD/reports/cifar10_full_audit/mamba_scratch/failure_images/08858_true-frog_pred-deer.png,false_negative_for_frog;false_positive_for_deer
8868,cifar10_test_08868,/home/tariq/Desktop/Awais-Tariq/base-KD/data/cifar-10-batches-py/test_batch,8868,deer,horse,0.6346438527107239,False,True,/home/tariq/Desktop/Awais-Tariq/base-KD/reports/cifar10_full_audit/mamba_scratch/failure_images/08868_true-deer_pred-horse.png,false_negative_for_deer;false_positive_for_horse
8872,cifar10_test_08872,/home/tariq/Desktop/Awais-Tariq/base-KD/data/cifar-10-batches-py/test_batch,8872,ship,airplane,0.4968684911727905,False,True,/home/tariq/Desktop/Awais-Tariq/base-KD/reports/cifar10_full_audit/mamba_scratch/failure_images/08872_true-ship_pred-airplane.png,false_negative_for_ship;false_positive_for_airplane
8877,cifar10_test_08877,/home/tariq/Desktop/Awais-Tariq/base-KD/data/cifar-10-batches-py/test_batch,8877,truck,automobile,0.619891345500946,False,True,/home/tariq/Desktop/Awais-Tariq/base-KD/reports/cifar10_full_audit/mamba_scratch/failure_images/08877_true-truck_pred-automobile.png,false_negative_for_truck;false_positive_for_automobile
8886,cifar10_test_08886,/home/tariq/Desktop/Awais-Tariq/base-KD/data/cifar-10-batches-py/test_batch,8886,deer,horse,0.9844332933425903,False,True,/home/tariq/Desktop/Awais-Tariq/base-KD/reports/cifar10_full_audit/mamba_scratch/failure_images/08886_true-deer_pred-horse.png,false_negative_for_deer;false_positive_for_horse
8923,cifar10_test_08923,/home/tariq/Desktop/Awais-Tariq/base-KD/data/cifar-10-batches-py/test_batch,8923,frog,bird,0.9991987347602844,False,True,/home/tariq/Desktop/Awais-Tariq/base-KD/reports/cifar10_full_audit/mamba_scratch/failure_images/08923_true-frog_pred-bird.png,false_negative_for_frog;false_positive_for_bird
8936,cifar10_test_08936,/home/tariq/Desktop/Awais-Tariq/base-KD/data/cifar-10-batches-py/test_batch,8936,truck,ship,0.803394615650177,False,True,/home/tariq/Desktop/Awais-Tariq/base-KD/reports/cifar10_full_audit/mamba_scratch/failure_images/08936_true-truck_pred-ship.png,false_negative_for_truck;false_positive_for_ship
8943,cifar10_test_08943,/home/tariq/Desktop/Awais-Tariq/base-KD/data/cifar-10-batches-py/test_batch,8943,horse,deer,0.995686411857605,False,True,/home/tariq/Desktop/Awais-Tariq/base-KD/reports/cifar10_full_audit/mamba_scratch/failure_images/08943_true-horse_pred-deer.png,false_negative_for_horse;false_positive_for_deer
8983,cifar10_test_08983,/home/tariq/Desktop/Awais-Tariq/base-KD/data/cifar-10-batches-py/test_batch,8983,cat,dog,0.39508211612701416,False,True,/home/tariq/Desktop/Awais-Tariq/base-KD/reports/cifar10_full_audit/mamba_scratch/failure_images/08983_true-cat_pred-dog.png,false_negative_for_cat;false_positive_for_dog
8985,cifar10_test_08985,/home/tariq/Desktop/Awais-Tariq/base-KD/data/cifar-10-batches-py/test_batch,8985,truck,airplane,0.4356080889701843,False,True,/home/tariq/Desktop/Awais-Tariq/base-KD/reports/cifar10_full_audit/mamba_scratch/failure_images/08985_true-truck_pred-airplane.png,false_negative_for_truck;false_positive_for_airplane
8996,cifar10_test_08996,/home/tariq/Desktop/Awais-Tariq/base-KD/data/cifar-10-batches-py/test_batch,8996,cat,horse,0.5779505372047424,False,True,/home/tariq/Desktop/Awais-Tariq/base-KD/reports/cifar10_full_audit/mamba_scratch/failure_images/08996_true-cat_pred-horse.png,false_negative_for_cat;false_positive_for_horse
9009,cifar10_test_09009,/home/tariq/Desktop/Awais-Tariq/base-KD/data/cifar-10-batches-py/test_batch,9009,bird,dog,0.7573075890541077,False,True,/home/tariq/Desktop/Awais-Tariq/base-KD/reports/cifar10_full_audit/mamba_scratch/failure_images/09009_true-bird_pred-dog.png,false_negative_for_bird;false_positive_for_dog
9033,cifar10_test_09033,/home/tariq/Desktop/Awais-Tariq/base-KD/data/cifar-10-batches-py/test_batch,9033,bird,horse,0.9942948222160339,False,True,/home/tariq/Desktop/Awais-Tariq/base-KD/reports/cifar10_full_audit/mamba_scratch/failure_images/09033_true-bird_pred-horse.png,false_negative_for_bird;false_positive_for_horse
9035,cifar10_test_09035,/home/tariq/Desktop/Awais-Tariq/base-KD/data/cifar-10-batches-py/test_batch,9035,deer,horse,0.5977761745452881,False,True,/home/tariq/Desktop/Awais-Tariq/base-KD/reports/cifar10_full_audit/mamba_scratch/failure_images/09035_true-deer_pred-horse.png,false_negative_for_deer;false_positive_for_horse
9036,cifar10_test_09036,/home/tariq/Desktop/Awais-Tariq/base-KD/data/cifar-10-batches-py/test_batch,9036,deer,dog,0.62187659740448,False,True,/home/tariq/Desktop/Awais-Tariq/base-KD/reports/cifar10_full_audit/mamba_scratch/failure_images/09036_true-deer_pred-dog.png,false_negative_for_deer;false_positive_for_dog
9039,cifar10_test_09039,/home/tariq/Desktop/Awais-Tariq/base-KD/data/cifar-10-batches-py/test_batch,9039,bird,frog,0.9952301979064941,False,True,/home/tariq/Desktop/Awais-Tariq/base-KD/reports/cifar10_full_audit/mamba_scratch/failure_images/09039_true-bird_pred-frog.png,false_negative_for_bird;false_positive_for_frog
9041,cifar10_test_09041,/home/tariq/Desktop/Awais-Tariq/base-KD/data/cifar-10-batches-py/test_batch,9041,dog,cat,0.9540031552314758,False,True,/home/tariq/Desktop/Awais-Tariq/base-KD/reports/cifar10_full_audit/mamba_scratch/failure_images/09041_true-dog_pred-cat.png,false_negative_for_dog;false_positive_for_cat
9065,cifar10_test_09065,/home/tariq/Desktop/Awais-Tariq/base-KD/data/cifar-10-batches-py/test_batch,9065,airplane,cat,0.8771775960922241,False,False,/home/tariq/Desktop/Awais-Tariq/base-KD/reports/cifar10_full_audit/mamba_scratch/failure_images/09065_true-airplane_pred-cat.png,false_negative_for_airplane;false_positive_for_cat
9080,cifar10_test_09080,/home/tariq/Desktop/Awais-Tariq/base-KD/data/cifar-10-batches-py/test_batch,9080,cat,dog,0.9993873834609985,False,True,/home/tariq/Desktop/Awais-Tariq/base-KD/reports/cifar10_full_audit/mamba_scratch/failure_images/09080_true-cat_pred-dog.png,false_negative_for_cat;false_positive_for_dog
9103,cifar10_test_09103,/home/tariq/Desktop/Awais-Tariq/base-KD/data/cifar-10-batches-py/test_batch,9103,horse,deer,0.7148463726043701,False,True,/home/tariq/Desktop/Awais-Tariq/base-KD/reports/cifar10_full_audit/mamba_scratch/failure_images/09103_true-horse_pred-deer.png,false_negative_for_horse;false_positive_for_deer
9127,cifar10_test_09127,/home/tariq/Desktop/Awais-Tariq/base-KD/data/cifar-10-batches-py/test_batch,9127,ship,truck,0.801200807094574,False,True,/home/tariq/Desktop/Awais-Tariq/base-KD/reports/cifar10_full_audit/mamba_scratch/failure_images/09127_true-ship_pred-truck.png,false_negative_for_ship;false_positive_for_truck
9128,cifar10_test_09128,/home/tariq/Desktop/Awais-Tariq/base-KD/data/cifar-10-batches-py/test_batch,9128,deer,cat,0.885312557220459,False,True,/home/tariq/Desktop/Awais-Tariq/base-KD/reports/cifar10_full_audit/mamba_scratch/failure_images/09128_true-deer_pred-cat.png,false_negative_for_deer;false_positive_for_cat
9137,cifar10_test_09137,/home/tariq/Desktop/Awais-Tariq/base-KD/data/cifar-10-batches-py/test_batch,9137,bird,frog,0.40128880739212036,False,True,/home/tariq/Desktop/Awais-Tariq/base-KD/reports/cifar10_full_audit/mamba_scratch/failure_images/09137_true-bird_pred-frog.png,false_negative_for_bird;false_positive_for_frog
9145,cifar10_test_09145,/home/tariq/Desktop/Awais-Tariq/base-KD/data/cifar-10-batches-py/test_batch,9145,automobile,truck,0.7339671850204468,False,True,/home/tariq/Desktop/Awais-Tariq/base-KD/reports/cifar10_full_audit/mamba_scratch/failure_images/09145_true-automobile_pred-truck.png,false_negative_for_automobile;false_positive_for_truck
9190,cifar10_test_09190,/home/tariq/Desktop/Awais-Tariq/base-KD/data/cifar-10-batches-py/test_batch,9190,cat,dog,0.8774992823600769,False,True,/home/tariq/Desktop/Awais-Tariq/base-KD/reports/cifar10_full_audit/mamba_scratch/failure_images/09190_true-cat_pred-dog.png,false_negative_for_cat;false_positive_for_dog
9216,cifar10_test_09216,/home/tariq/Desktop/Awais-Tariq/base-KD/data/cifar-10-batches-py/test_batch,9216,frog,bird,0.9551393985748291,False,True,/home/tariq/Desktop/Awais-Tariq/base-KD/reports/cifar10_full_audit/mamba_scratch/failure_images/09216_true-frog_pred-bird.png,false_negative_for_frog;false_positive_for_bird
9225,cifar10_test_09225,/home/tariq/Desktop/Awais-Tariq/base-KD/data/cifar-10-batches-py/test_batch,9225,dog,bird,0.4029844105243683,False,True,/home/tariq/Desktop/Awais-Tariq/base-KD/reports/cifar10_full_audit/mamba_scratch/failure_images/09225_true-dog_pred-bird.png,false_negative_for_dog;false_positive_for_bird
9227,cifar10_test_09227,/home/tariq/Desktop/Awais-Tariq/base-KD/data/cifar-10-batches-py/test_batch,9227,automobile,truck,0.9995458722114563,False,True,/home/tariq/Desktop/Awais-Tariq/base-KD/reports/cifar10_full_audit/mamba_scratch/failure_images/09227_true-automobile_pred-truck.png,false_negative_for_automobile;false_positive_for_truck
9230,cifar10_test_09230,/home/tariq/Desktop/Awais-Tariq/base-KD/data/cifar-10-batches-py/test_batch,9230,bird,deer,0.6920375823974609,False,True,/home/tariq/Desktop/Awais-Tariq/base-KD/reports/cifar10_full_audit/mamba_scratch/failure_images/09230_true-bird_pred-deer.png,false_negative_for_bird;false_positive_for_deer
9248,cifar10_test_09248,/home/tariq/Desktop/Awais-Tariq/base-KD/data/cifar-10-batches-py/test_batch,9248,airplane,truck,0.9355751276016235,False,True,/home/tariq/Desktop/Awais-Tariq/base-KD/reports/cifar10_full_audit/mamba_scratch/failure_images/09248_true-airplane_pred-truck.png,false_negative_for_airplane;false_positive_for_truck
9250,cifar10_test_09250,/home/tariq/Desktop/Awais-Tariq/base-KD/data/cifar-10-batches-py/test_batch,9250,cat,dog,0.9988517761230469,False,True,/home/tariq/Desktop/Awais-Tariq/base-KD/reports/cifar10_full_audit/mamba_scratch/failure_images/09250_true-cat_pred-dog.png,false_negative_for_cat;false_positive_for_dog
9254,cifar10_test_09254,/home/tariq/Desktop/Awais-Tariq/base-KD/data/cifar-10-batches-py/test_batch,9254,horse,bird,0.9968917965888977,False,True,/home/tariq/Desktop/Awais-Tariq/base-KD/reports/cifar10_full_audit/mamba_scratch/failure_images/09254_true-horse_pred-bird.png,false_negative_for_horse;false_positive_for_bird
9260,cifar10_test_09260,/home/tariq/Desktop/Awais-Tariq/base-KD/data/cifar-10-batches-py/test_batch,9260,dog,cat,0.9710519313812256,False,True,/home/tariq/Desktop/Awais-Tariq/base-KD/reports/cifar10_full_audit/mamba_scratch/failure_images/09260_true-dog_pred-cat.png,false_negative_for_dog;false_positive_for_cat
9267,cifar10_test_09267,/home/tariq/Desktop/Awais-Tariq/base-KD/data/cifar-10-batches-py/test_batch,9267,bird,frog,0.37243035435676575,False,True,/home/tariq/Desktop/Awais-Tariq/base-KD/reports/cifar10_full_audit/mamba_scratch/failure_images/09267_true-bird_pred-frog.png,false_negative_for_bird;false_positive_for_frog
9269,cifar10_test_09269,/home/tariq/Desktop/Awais-Tariq/base-KD/data/cifar-10-batches-py/test_batch,9269,dog,cat,0.7894840836524963,False,True,/home/tariq/Desktop/Awais-Tariq/base-KD/reports/cifar10_full_audit/mamba_scratch/failure_images/09269_true-dog_pred-cat.png,false_negative_for_dog;false_positive_for_cat
9289,cifar10_test_09289,/home/tariq/Desktop/Awais-Tariq/base-KD/data/cifar-10-batches-py/test_batch,9289,dog,cat,0.9933620691299438,False,True,/home/tariq/Desktop/Awais-Tariq/base-KD/reports/cifar10_full_audit/mamba_scratch/failure_images/09289_true-dog_pred-cat.png,false_negative_for_dog;false_positive_for_cat
9292,cifar10_test_09292,/home/tariq/Desktop/Awais-Tariq/base-KD/data/cifar-10-batches-py/test_batch,9292,cat,horse,0.8170227408409119,False,True,/home/tariq/Desktop/Awais-Tariq/base-KD/reports/cifar10_full_audit/mamba_scratch/failure_images/09292_true-cat_pred-horse.png,false_negative_for_cat;false_positive_for_horse
9300,cifar10_test_09300,/home/tariq/Desktop/Awais-Tariq/base-KD/data/cifar-10-batches-py/test_batch,9300,dog,cat,0.9988577365875244,False,True,/home/tariq/Desktop/Awais-Tariq/base-KD/reports/cifar10_full_audit/mamba_scratch/failure_images/09300_true-dog_pred-cat.png,false_negative_for_dog;false_positive_for_cat
9302,cifar10_test_09302,/home/tariq/Desktop/Awais-Tariq/base-KD/data/cifar-10-batches-py/test_batch,9302,cat,truck,0.6044785380363464,False,True,/home/tariq/Desktop/Awais-Tariq/base-KD/reports/cifar10_full_audit/mamba_scratch/failure_images/09302_true-cat_pred-truck.png,false_negative_for_cat;false_positive_for_truck
9341,cifar10_test_09341,/home/tariq/Desktop/Awais-Tariq/base-KD/data/cifar-10-batches-py/test_batch,9341,bird,cat,0.5619717240333557,False,True,/home/tariq/Desktop/Awais-Tariq/base-KD/reports/cifar10_full_audit/mamba_scratch/failure_images/09341_true-bird_pred-cat.png,false_negative_for_bird;false_positive_for_cat
9346,cifar10_test_09346,/home/tariq/Desktop/Awais-Tariq/base-KD/data/cifar-10-batches-py/test_batch,9346,horse,dog,0.6788597106933594,False,True,/home/tariq/Desktop/Awais-Tariq/base-KD/reports/cifar10_full_audit/mamba_scratch/failure_images/09346_true-horse_pred-dog.png,false_negative_for_horse;false_positive_for_dog
9353,cifar10_test_09353,/home/tariq/Desktop/Awais-Tariq/base-KD/data/cifar-10-batches-py/test_batch,9353,dog,deer,0.688996434211731,False,True,/home/tariq/Desktop/Awais-Tariq/base-KD/reports/cifar10_full_audit/mamba_scratch/failure_images/09353_true-dog_pred-deer.png,false_negative_for_dog;false_positive_for_deer
9359,cifar10_test_09359,/home/tariq/Desktop/Awais-Tariq/base-KD/data/cifar-10-batches-py/test_batch,9359,frog,airplane,0.9505429267883301,False,True,/home/tariq/Desktop/Awais-Tariq/base-KD/reports/cifar10_full_audit/mamba_scratch/failure_images/09359_true-frog_pred-airplane.png,false_negative_for_frog;false_positive_for_airplane
9360,cifar10_test_09360,/home/tariq/Desktop/Awais-Tariq/base-KD/data/cifar-10-batches-py/test_batch,9360,dog,airplane,0.9843777418136597,False,True,/home/tariq/Desktop/Awais-Tariq/base-KD/reports/cifar10_full_audit/mamba_scratch/failure_images/09360_true-dog_pred-airplane.png,false_negative_for_dog;false_positive_for_airplane
9363,cifar10_test_09363,/home/tariq/Desktop/Awais-Tariq/base-KD/data/cifar-10-batches-py/test_batch,9363,dog,cat,0.9999946355819702,False,True,/home/tariq/Desktop/Awais-Tariq/base-KD/reports/cifar10_full_audit/mamba_scratch/failure_images/09363_true-dog_pred-cat.png,false_negative_for_dog;false_positive_for_cat
9369,cifar10_test_09369,/home/tariq/Desktop/Awais-Tariq/base-KD/data/cifar-10-batches-py/test_batch,9369,dog,deer,0.9722470641136169,False,True,/home/tariq/Desktop/Awais-Tariq/base-KD/reports/cifar10_full_audit/mamba_scratch/failure_images/09369_true-dog_pred-deer.png,false_negative_for_dog;false_positive_for_deer
9370,cifar10_test_09370,/home/tariq/Desktop/Awais-Tariq/base-KD/data/cifar-10-batches-py/test_batch,9370,ship,truck,0.5184422731399536,False,True,/home/tariq/Desktop/Awais-Tariq/base-KD/reports/cifar10_full_audit/mamba_scratch/failure_images/09370_true-ship_pred-truck.png,false_negative_for_ship;false_positive_for_truck
9375,cifar10_test_09375,/home/tariq/Desktop/Awais-Tariq/base-KD/data/cifar-10-batches-py/test_batch,9375,cat,dog,0.8944427967071533,False,True,/home/tariq/Desktop/Awais-Tariq/base-KD/reports/cifar10_full_audit/mamba_scratch/failure_images/09375_true-cat_pred-dog.png,false_negative_for_cat;false_positive_for_dog
9376,cifar10_test_09376,/home/tariq/Desktop/Awais-Tariq/base-KD/data/cifar-10-batches-py/test_batch,9376,dog,bird,0.6682003140449524,False,True,/home/tariq/Desktop/Awais-Tariq/base-KD/reports/cifar10_full_audit/mamba_scratch/failure_images/09376_true-dog_pred-bird.png,false_negative_for_dog;false_positive_for_bird
9381,cifar10_test_09381,/home/tariq/Desktop/Awais-Tariq/base-KD/data/cifar-10-batches-py/test_batch,9381,bird,truck,0.23697896301746368,False,True,/home/tariq/Desktop/Awais-Tariq/base-KD/reports/cifar10_full_audit/mamba_scratch/failure_images/09381_true-bird_pred-truck.png,false_negative_for_bird;false_positive_for_truck
9386,cifar10_test_09386,/home/tariq/Desktop/Awais-Tariq/base-KD/data/cifar-10-batches-py/test_batch,9386,deer,bird,0.9954734444618225,False,True,/home/tariq/Desktop/Awais-Tariq/base-KD/reports/cifar10_full_audit/mamba_scratch/failure_images/09386_true-deer_pred-bird.png,false_negative_for_deer;false_positive_for_bird
9398,cifar10_test_09398,/home/tariq/Desktop/Awais-Tariq/base-KD/data/cifar-10-batches-py/test_batch,9398,ship,truck,0.7173668742179871,False,True,/home/tariq/Desktop/Awais-Tariq/base-KD/reports/cifar10_full_audit/mamba_scratch/failure_images/09398_true-ship_pred-truck.png,false_negative_for_ship;false_positive_for_truck
9415,cifar10_test_09415,/home/tariq/Desktop/Awais-Tariq/base-KD/data/cifar-10-batches-py/test_batch,9415,airplane,frog,0.9139882326126099,False,True,/home/tariq/Desktop/Awais-Tariq/base-KD/reports/cifar10_full_audit/mamba_scratch/failure_images/09415_true-airplane_pred-frog.png,false_negative_for_airplane;false_positive_for_frog
9421,cifar10_test_09421,/home/tariq/Desktop/Awais-Tariq/base-KD/data/cifar-10-batches-py/test_batch,9421,automobile,truck,0.973280668258667,False,True,/home/tariq/Desktop/Awais-Tariq/base-KD/reports/cifar10_full_audit/mamba_scratch/failure_images/09421_true-automobile_pred-truck.png,false_negative_for_automobile;false_positive_for_truck
9428,cifar10_test_09428,/home/tariq/Desktop/Awais-Tariq/base-KD/data/cifar-10-batches-py/test_batch,9428,horse,airplane,0.5650724768638611,False,True,/home/tariq/Desktop/Awais-Tariq/base-KD/reports/cifar10_full_audit/mamba_scratch/failure_images/09428_true-horse_pred-airplane.png,false_negative_for_horse;false_positive_for_airplane
9429,cifar10_test_09429,/home/tariq/Desktop/Awais-Tariq/base-KD/data/cifar-10-batches-py/test_batch,9429,deer,horse,0.8830664157867432,False,True,/home/tariq/Desktop/Awais-Tariq/base-KD/reports/cifar10_full_audit/mamba_scratch/failure_images/09429_true-deer_pred-horse.png,false_negative_for_deer;false_positive_for_horse
9431,cifar10_test_09431,/home/tariq/Desktop/Awais-Tariq/base-KD/data/cifar-10-batches-py/test_batch,9431,cat,dog,0.680254340171814,False,True,/home/tariq/Desktop/Awais-Tariq/base-KD/reports/cifar10_full_audit/mamba_scratch/failure_images/09431_true-cat_pred-dog.png,false_negative_for_cat;false_positive_for_dog
9435,cifar10_test_09435,/home/tariq/Desktop/Awais-Tariq/base-KD/data/cifar-10-batches-py/test_batch,9435,bird,frog,0.778444766998291,False,True,/home/tariq/Desktop/Awais-Tariq/base-KD/reports/cifar10_full_audit/mamba_scratch/failure_images/09435_true-bird_pred-frog.png,false_negative_for_bird;false_positive_for_frog
9452,cifar10_test_09452,/home/tariq/Desktop/Awais-Tariq/base-KD/data/cifar-10-batches-py/test_batch,9452,bird,airplane,0.536547839641571,False,True,/home/tariq/Desktop/Awais-Tariq/base-KD/reports/cifar10_full_audit/mamba_scratch/failure_images/09452_true-bird_pred-airplane.png,false_negative_for_bird;false_positive_for_airplane
9485,cifar10_test_09485,/home/tariq/Desktop/Awais-Tariq/base-KD/data/cifar-10-batches-py/test_batch,9485,horse,dog,0.960824728012085,False,True,/home/tariq/Desktop/Awais-Tariq/base-KD/reports/cifar10_full_audit/mamba_scratch/failure_images/09485_true-horse_pred-dog.png,false_negative_for_horse;false_positive_for_dog
9492,cifar10_test_09492,/home/tariq/Desktop/Awais-Tariq/base-KD/data/cifar-10-batches-py/test_batch,9492,truck,automobile,0.7435489296913147,False,True,/home/tariq/Desktop/Awais-Tariq/base-KD/reports/cifar10_full_audit/mamba_scratch/failure_images/09492_true-truck_pred-automobile.png,false_negative_for_truck;false_positive_for_automobile
9497,cifar10_test_09497,/home/tariq/Desktop/Awais-Tariq/base-KD/data/cifar-10-batches-py/test_batch,9497,cat,bird,0.967560350894928,False,True,/home/tariq/Desktop/Awais-Tariq/base-KD/reports/cifar10_full_audit/mamba_scratch/failure_images/09497_true-cat_pred-bird.png,false_negative_for_cat;false_positive_for_bird
9501,cifar10_test_09501,/home/tariq/Desktop/Awais-Tariq/base-KD/data/cifar-10-batches-py/test_batch,9501,frog,bird,0.9679023027420044,False,True,/home/tariq/Desktop/Awais-Tariq/base-KD/reports/cifar10_full_audit/mamba_scratch/failure_images/09501_true-frog_pred-bird.png,false_negative_for_frog;false_positive_for_bird
9506,cifar10_test_09506,/home/tariq/Desktop/Awais-Tariq/base-KD/data/cifar-10-batches-py/test_batch,9506,deer,dog,0.5241164565086365,False,True,/home/tariq/Desktop/Awais-Tariq/base-KD/reports/cifar10_full_audit/mamba_scratch/failure_images/09506_true-deer_pred-dog.png,false_negative_for_deer;false_positive_for_dog
9507,cifar10_test_09507,/home/tariq/Desktop/Awais-Tariq/base-KD/data/cifar-10-batches-py/test_batch,9507,airplane,ship,0.9998610019683838,False,True,/home/tariq/Desktop/Awais-Tariq/base-KD/reports/cifar10_full_audit/mamba_scratch/failure_images/09507_true-airplane_pred-ship.png,false_negative_for_airplane;false_positive_for_ship
9518,cifar10_test_09518,/home/tariq/Desktop/Awais-Tariq/base-KD/data/cifar-10-batches-py/test_batch,9518,truck,automobile,0.9354636073112488,False,True,/home/tariq/Desktop/Awais-Tariq/base-KD/reports/cifar10_full_audit/mamba_scratch/failure_images/09518_true-truck_pred-automobile.png,false_negative_for_truck;false_positive_for_automobile
9522,cifar10_test_09522,/home/tariq/Desktop/Awais-Tariq/base-KD/data/cifar-10-batches-py/test_batch,9522,cat,deer,0.8390886783599854,False,True,/home/tariq/Desktop/Awais-Tariq/base-KD/reports/cifar10_full_audit/mamba_scratch/failure_images/09522_true-cat_pred-deer.png,false_negative_for_cat;false_positive_for_deer
9527,cifar10_test_09527,/home/tariq/Desktop/Awais-Tariq/base-KD/data/cifar-10-batches-py/test_batch,9527,frog,bird,0.9974454641342163,False,True,/home/tariq/Desktop/Awais-Tariq/base-KD/reports/cifar10_full_audit/mamba_scratch/failure_images/09527_true-frog_pred-bird.png,false_negative_for_frog;false_positive_for_bird
9535,cifar10_test_09535,/home/tariq/Desktop/Awais-Tariq/base-KD/data/cifar-10-batches-py/test_batch,9535,automobile,truck,0.6467934250831604,False,False,/home/tariq/Desktop/Awais-Tariq/base-KD/reports/cifar10_full_audit/mamba_scratch/failure_images/09535_true-automobile_pred-truck.png,false_negative_for_automobile;false_positive_for_truck
9536,cifar10_test_09536,/home/tariq/Desktop/Awais-Tariq/base-KD/data/cifar-10-batches-py/test_batch,9536,deer,cat,0.7583187222480774,False,True,/home/tariq/Desktop/Awais-Tariq/base-KD/reports/cifar10_full_audit/mamba_scratch/failure_images/09536_true-deer_pred-cat.png,false_negative_for_deer;false_positive_for_cat
9578,cifar10_test_09578,/home/tariq/Desktop/Awais-Tariq/base-KD/data/cifar-10-batches-py/test_batch,9578,cat,horse,0.5260140895843506,False,True,/home/tariq/Desktop/Awais-Tariq/base-KD/reports/cifar10_full_audit/mamba_scratch/failure_images/09578_true-cat_pred-horse.png,false_negative_for_cat;false_positive_for_horse
9587,cifar10_test_09587,/home/tariq/Desktop/Awais-Tariq/base-KD/data/cifar-10-batches-py/test_batch,9587,horse,dog,0.9966421127319336,False,True,/home/tariq/Desktop/Awais-Tariq/base-KD/reports/cifar10_full_audit/mamba_scratch/failure_images/09587_true-horse_pred-dog.png,false_negative_for_horse;false_positive_for_dog
9605,cifar10_test_09605,/home/tariq/Desktop/Awais-Tariq/base-KD/data/cifar-10-batches-py/test_batch,9605,dog,cat,0.43322330713272095,False,True,/home/tariq/Desktop/Awais-Tariq/base-KD/reports/cifar10_full_audit/mamba_scratch/failure_images/09605_true-dog_pred-cat.png,false_negative_for_dog;false_positive_for_cat
9622,cifar10_test_09622,/home/tariq/Desktop/Awais-Tariq/base-KD/data/cifar-10-batches-py/test_batch,9622,dog,cat,0.9995482563972473,False,True,/home/tariq/Desktop/Awais-Tariq/base-KD/reports/cifar10_full_audit/mamba_scratch/failure_images/09622_true-dog_pred-cat.png,false_negative_for_dog;false_positive_for_cat
9641,cifar10_test_09641,/home/tariq/Desktop/Awais-Tariq/base-KD/data/cifar-10-batches-py/test_batch,9641,frog,cat,0.9999988079071045,False,True,/home/tariq/Desktop/Awais-Tariq/base-KD/reports/cifar10_full_audit/mamba_scratch/failure_images/09641_true-frog_pred-cat.png,false_negative_for_frog;false_positive_for_cat
9643,cifar10_test_09643,/home/tariq/Desktop/Awais-Tariq/base-KD/data/cifar-10-batches-py/test_batch,9643,truck,airplane,0.9972161054611206,False,True,/home/tariq/Desktop/Awais-Tariq/base-KD/reports/cifar10_full_audit/mamba_scratch/failure_images/09643_true-truck_pred-airplane.png,false_negative_for_truck;false_positive_for_airplane
9646,cifar10_test_09646,/home/tariq/Desktop/Awais-Tariq/base-KD/data/cifar-10-batches-py/test_batch,9646,dog,horse,0.623568594455719,False,True,/home/tariq/Desktop/Awais-Tariq/base-KD/reports/cifar10_full_audit/mamba_scratch/failure_images/09646_true-dog_pred-horse.png,false_negative_for_dog;false_positive_for_horse
9654,cifar10_test_09654,/home/tariq/Desktop/Awais-Tariq/base-KD/data/cifar-10-batches-py/test_batch,9654,dog,cat,0.9954280853271484,False,True,/home/tariq/Desktop/Awais-Tariq/base-KD/reports/cifar10_full_audit/mamba_scratch/failure_images/09654_true-dog_pred-cat.png,false_negative_for_dog;false_positive_for_cat
9665,cifar10_test_09665,/home/tariq/Desktop/Awais-Tariq/base-KD/data/cifar-10-batches-py/test_batch,9665,cat,dog,0.8681049346923828,False,True,/home/tariq/Desktop/Awais-Tariq/base-KD/reports/cifar10_full_audit/mamba_scratch/failure_images/09665_true-cat_pred-dog.png,false_negative_for_cat;false_positive_for_dog
9675,cifar10_test_09675,/home/tariq/Desktop/Awais-Tariq/base-KD/data/cifar-10-batches-py/test_batch,9675,deer,frog,0.5322731733322144,False,True,/home/tariq/Desktop/Awais-Tariq/base-KD/reports/cifar10_full_audit/mamba_scratch/failure_images/09675_true-deer_pred-frog.png,false_negative_for_deer;false_positive_for_frog
9689,cifar10_test_09689,/home/tariq/Desktop/Awais-Tariq/base-KD/data/cifar-10-batches-py/test_batch,9689,truck,automobile,0.7716113924980164,False,True,/home/tariq/Desktop/Awais-Tariq/base-KD/reports/cifar10_full_audit/mamba_scratch/failure_images/09689_true-truck_pred-automobile.png,false_negative_for_truck;false_positive_for_automobile
9691,cifar10_test_09691,/home/tariq/Desktop/Awais-Tariq/base-KD/data/cifar-10-batches-py/test_batch,9691,frog,horse,0.9118773937225342,False,True,/home/tariq/Desktop/Awais-Tariq/base-KD/reports/cifar10_full_audit/mamba_scratch/failure_images/09691_true-frog_pred-horse.png,false_negative_for_frog;false_positive_for_horse
9694,cifar10_test_09694,/home/tariq/Desktop/Awais-Tariq/base-KD/data/cifar-10-batches-py/test_batch,9694,automobile,frog,0.9994408488273621,False,True,/home/tariq/Desktop/Awais-Tariq/base-KD/reports/cifar10_full_audit/mamba_scratch/failure_images/09694_true-automobile_pred-frog.png,false_negative_for_automobile;false_positive_for_frog
9699,cifar10_test_09699,/home/tariq/Desktop/Awais-Tariq/base-KD/data/cifar-10-batches-py/test_batch,9699,airplane,truck,0.9747806191444397,False,True,/home/tariq/Desktop/Awais-Tariq/base-KD/reports/cifar10_full_audit/mamba_scratch/failure_images/09699_true-airplane_pred-truck.png,false_negative_for_airplane;false_positive_for_truck
9704,cifar10_test_09704,/home/tariq/Desktop/Awais-Tariq/base-KD/data/cifar-10-batches-py/test_batch,9704,bird,cat,0.7950789928436279,False,True,/home/tariq/Desktop/Awais-Tariq/base-KD/reports/cifar10_full_audit/mamba_scratch/failure_images/09704_true-bird_pred-cat.png,false_negative_for_bird;false_positive_for_cat
9705,cifar10_test_09705,/home/tariq/Desktop/Awais-Tariq/base-KD/data/cifar-10-batches-py/test_batch,9705,frog,deer,0.9960338473320007,False,True,/home/tariq/Desktop/Awais-Tariq/base-KD/reports/cifar10_full_audit/mamba_scratch/failure_images/09705_true-frog_pred-deer.png,false_negative_for_frog;false_positive_for_deer
9737,cifar10_test_09737,/home/tariq/Desktop/Awais-Tariq/base-KD/data/cifar-10-batches-py/test_batch,9737,dog,cat,0.6447252035140991,False,True,/home/tariq/Desktop/Awais-Tariq/base-KD/reports/cifar10_full_audit/mamba_scratch/failure_images/09737_true-dog_pred-cat.png,false_negative_for_dog;false_positive_for_cat
9744,cifar10_test_09744,/home/tariq/Desktop/Awais-Tariq/base-KD/data/cifar-10-batches-py/test_batch,9744,automobile,truck,0.9908483028411865,False,True,/home/tariq/Desktop/Awais-Tariq/base-KD/reports/cifar10_full_audit/mamba_scratch/failure_images/09744_true-automobile_pred-truck.png,false_negative_for_automobile;false_positive_for_truck
9746,cifar10_test_09746,/home/tariq/Desktop/Awais-Tariq/base-KD/data/cifar-10-batches-py/test_batch,9746,bird,cat,0.510852038860321,False,True,/home/tariq/Desktop/Awais-Tariq/base-KD/reports/cifar10_full_audit/mamba_scratch/failure_images/09746_true-bird_pred-cat.png,false_negative_for_bird;false_positive_for_cat
9750,cifar10_test_09750,/home/tariq/Desktop/Awais-Tariq/base-KD/data/cifar-10-batches-py/test_batch,9750,bird,cat,0.8299432396888733,False,True,/home/tariq/Desktop/Awais-Tariq/base-KD/reports/cifar10_full_audit/mamba_scratch/failure_images/09750_true-bird_pred-cat.png,false_negative_for_bird;false_positive_for_cat
9753,cifar10_test_09753,/home/tariq/Desktop/Awais-Tariq/base-KD/data/cifar-10-batches-py/test_batch,9753,cat,dog,0.960103452205658,False,True,/home/tariq/Desktop/Awais-Tariq/base-KD/reports/cifar10_full_audit/mamba_scratch/failure_images/09753_true-cat_pred-dog.png,false_negative_for_cat;false_positive_for_dog
9777,cifar10_test_09777,/home/tariq/Desktop/Awais-Tariq/base-KD/data/cifar-10-batches-py/test_batch,9777,truck,frog,0.9740721583366394,False,True,/home/tariq/Desktop/Awais-Tariq/base-KD/reports/cifar10_full_audit/mamba_scratch/failure_images/09777_true-truck_pred-frog.png,false_negative_for_truck;false_positive_for_frog
9791,cifar10_test_09791,/home/tariq/Desktop/Awais-Tariq/base-KD/data/cifar-10-batches-py/test_batch,9791,truck,frog,0.9984093308448792,False,True,/home/tariq/Desktop/Awais-Tariq/base-KD/reports/cifar10_full_audit/mamba_scratch/failure_images/09791_true-truck_pred-frog.png,false_negative_for_truck;false_positive_for_frog
9793,cifar10_test_09793,/home/tariq/Desktop/Awais-Tariq/base-KD/data/cifar-10-batches-py/test_batch,9793,bird,truck,0.5150719881057739,False,False,/home/tariq/Desktop/Awais-Tariq/base-KD/reports/cifar10_full_audit/mamba_scratch/failure_images/09793_true-bird_pred-truck.png,false_negative_for_bird;false_positive_for_truck
9795,cifar10_test_09795,/home/tariq/Desktop/Awais-Tariq/base-KD/data/cifar-10-batches-py/test_batch,9795,deer,bird,0.5277624130249023,False,True,/home/tariq/Desktop/Awais-Tariq/base-KD/reports/cifar10_full_audit/mamba_scratch/failure_images/09795_true-deer_pred-bird.png,false_negative_for_deer;false_positive_for_bird
9817,cifar10_test_09817,/home/tariq/Desktop/Awais-Tariq/base-KD/data/cifar-10-batches-py/test_batch,9817,truck,automobile,0.798163890838623,False,True,/home/tariq/Desktop/Awais-Tariq/base-KD/reports/cifar10_full_audit/mamba_scratch/failure_images/09817_true-truck_pred-automobile.png,false_negative_for_truck;false_positive_for_automobile
9819,cifar10_test_09819,/home/tariq/Desktop/Awais-Tariq/base-KD/data/cifar-10-batches-py/test_batch,9819,cat,dog,0.9999946355819702,False,True,/home/tariq/Desktop/Awais-Tariq/base-KD/reports/cifar10_full_audit/mamba_scratch/failure_images/09819_true-cat_pred-dog.png,false_negative_for_cat;false_positive_for_dog
9832,cifar10_test_09832,/home/tariq/Desktop/Awais-Tariq/base-KD/data/cifar-10-batches-py/test_batch,9832,bird,deer,0.9571310877799988,False,True,/home/tariq/Desktop/Awais-Tariq/base-KD/reports/cifar10_full_audit/mamba_scratch/failure_images/09832_true-bird_pred-deer.png,false_negative_for_bird;false_positive_for_deer
9840,cifar10_test_09840,/home/tariq/Desktop/Awais-Tariq/base-KD/data/cifar-10-batches-py/test_batch,9840,deer,horse,0.9999352693557739,False,True,/home/tariq/Desktop/Awais-Tariq/base-KD/reports/cifar10_full_audit/mamba_scratch/failure_images/09840_true-deer_pred-horse.png,false_negative_for_deer;false_positive_for_horse
9842,cifar10_test_09842,/home/tariq/Desktop/Awais-Tariq/base-KD/data/cifar-10-batches-py/test_batch,9842,frog,deer,0.9155200123786926,False,True,/home/tariq/Desktop/Awais-Tariq/base-KD/reports/cifar10_full_audit/mamba_scratch/failure_images/09842_true-frog_pred-deer.png,false_negative_for_frog;false_positive_for_deer
9853,cifar10_test_09853,/home/tariq/Desktop/Awais-Tariq/base-KD/data/cifar-10-batches-py/test_batch,9853,dog,cat,0.8362388610839844,False,True,/home/tariq/Desktop/Awais-Tariq/base-KD/reports/cifar10_full_audit/mamba_scratch/failure_images/09853_true-dog_pred-cat.png,false_negative_for_dog;false_positive_for_cat
9864,cifar10_test_09864,/home/tariq/Desktop/Awais-Tariq/base-KD/data/cifar-10-batches-py/test_batch,9864,ship,airplane,0.8049775958061218,False,True,/home/tariq/Desktop/Awais-Tariq/base-KD/reports/cifar10_full_audit/mamba_scratch/failure_images/09864_true-ship_pred-airplane.png,false_negative_for_ship;false_positive_for_airplane
9866,cifar10_test_09866,/home/tariq/Desktop/Awais-Tariq/base-KD/data/cifar-10-batches-py/test_batch,9866,automobile,horse,0.9564583897590637,False,True,/home/tariq/Desktop/Awais-Tariq/base-KD/reports/cifar10_full_audit/mamba_scratch/failure_images/09866_true-automobile_pred-horse.png,false_negative_for_automobile;false_positive_for_horse
9873,cifar10_test_09873,/home/tariq/Desktop/Awais-Tariq/base-KD/data/cifar-10-batches-py/test_batch,9873,bird,cat,0.7650075554847717,False,True,/home/tariq/Desktop/Awais-Tariq/base-KD/reports/cifar10_full_audit/mamba_scratch/failure_images/09873_true-bird_pred-cat.png,false_negative_for_bird;false_positive_for_cat
9877,cifar10_test_09877,/home/tariq/Desktop/Awais-Tariq/base-KD/data/cifar-10-batches-py/test_batch,9877,frog,bird,0.9765116572380066,False,True,/home/tariq/Desktop/Awais-Tariq/base-KD/reports/cifar10_full_audit/mamba_scratch/failure_images/09877_true-frog_pred-bird.png,false_negative_for_frog;false_positive_for_bird
9879,cifar10_test_09879,/home/tariq/Desktop/Awais-Tariq/base-KD/data/cifar-10-batches-py/test_batch,9879,horse,cat,0.9733746647834778,False,True,/home/tariq/Desktop/Awais-Tariq/base-KD/reports/cifar10_full_audit/mamba_scratch/failure_images/09879_true-horse_pred-cat.png,false_negative_for_horse;false_positive_for_cat
9883,cifar10_test_09883,/home/tariq/Desktop/Awais-Tariq/base-KD/data/cifar-10-batches-py/test_batch,9883,horse,automobile,0.6896123290061951,False,False,/home/tariq/Desktop/Awais-Tariq/base-KD/reports/cifar10_full_audit/mamba_scratch/failure_images/09883_true-horse_pred-automobile.png,false_negative_for_horse;false_positive_for_automobile
9891,cifar10_test_09891,/home/tariq/Desktop/Awais-Tariq/base-KD/data/cifar-10-batches-py/test_batch,9891,bird,horse,0.8680771589279175,False,True,/home/tariq/Desktop/Awais-Tariq/base-KD/reports/cifar10_full_audit/mamba_scratch/failure_images/09891_true-bird_pred-horse.png,false_negative_for_bird;false_positive_for_horse
9901,cifar10_test_09901,/home/tariq/Desktop/Awais-Tariq/base-KD/data/cifar-10-batches-py/test_batch,9901,cat,ship,0.9916850328445435,False,True,/home/tariq/Desktop/Awais-Tariq/base-KD/reports/cifar10_full_audit/mamba_scratch/failure_images/09901_true-cat_pred-ship.png,false_negative_for_cat;false_positive_for_ship
9911,cifar10_test_09911,/home/tariq/Desktop/Awais-Tariq/base-KD/data/cifar-10-batches-py/test_batch,9911,deer,bird,0.5290948152542114,False,True,/home/tariq/Desktop/Awais-Tariq/base-KD/reports/cifar10_full_audit/mamba_scratch/failure_images/09911_true-deer_pred-bird.png,false_negative_for_deer;false_positive_for_bird
9918,cifar10_test_09918,/home/tariq/Desktop/Awais-Tariq/base-KD/data/cifar-10-batches-py/test_batch,9918,dog,horse,0.7274053692817688,False,True,/home/tariq/Desktop/Awais-Tariq/base-KD/reports/cifar10_full_audit/mamba_scratch/failure_images/09918_true-dog_pred-horse.png,false_negative_for_dog;false_positive_for_horse
9923,cifar10_test_09923,/home/tariq/Desktop/Awais-Tariq/base-KD/data/cifar-10-batches-py/test_batch,9923,horse,frog,0.5676947236061096,False,True,/home/tariq/Desktop/Awais-Tariq/base-KD/reports/cifar10_full_audit/mamba_scratch/failure_images/09923_true-horse_pred-frog.png,false_negative_for_horse;false_positive_for_frog
9926,cifar10_test_09926,/home/tariq/Desktop/Awais-Tariq/base-KD/data/cifar-10-batches-py/test_batch,9926,cat,bird,0.46196162700653076,False,True,/home/tariq/Desktop/Awais-Tariq/base-KD/reports/cifar10_full_audit/mamba_scratch/failure_images/09926_true-cat_pred-bird.png,false_negative_for_cat;false_positive_for_bird
9953,cifar10_test_09953,/home/tariq/Desktop/Awais-Tariq/base-KD/data/cifar-10-batches-py/test_batch,9953,horse,deer,0.9972461462020874,False,True,/home/tariq/Desktop/Awais-Tariq/base-KD/reports/cifar10_full_audit/mamba_scratch/failure_images/09953_true-horse_pred-deer.png,false_negative_for_horse;false_positive_for_deer
9960,cifar10_test_09960,/home/tariq/Desktop/Awais-Tariq/base-KD/data/cifar-10-batches-py/test_batch,9960,bird,airplane,0.9999626874923706,False,True,/home/tariq/Desktop/Awais-Tariq/base-KD/reports/cifar10_full_audit/mamba_scratch/failure_images/09960_true-bird_pred-airplane.png,false_negative_for_bird;false_positive_for_airplane
9968,cifar10_test_09968,/home/tariq/Desktop/Awais-Tariq/base-KD/data/cifar-10-batches-py/test_batch,9968,cat,dog,0.9999388456344604,False,True,/home/tariq/Desktop/Awais-Tariq/base-KD/reports/cifar10_full_audit/mamba_scratch/failure_images/09968_true-cat_pred-dog.png,false_negative_for_cat;false_positive_for_dog
9982,cifar10_test_09982,/home/tariq/Desktop/Awais-Tariq/base-KD/data/cifar-10-batches-py/test_batch,9982,bird,frog,0.9957659244537354,False,True,/home/tariq/Desktop/Awais-Tariq/base-KD/reports/cifar10_full_audit/mamba_scratch/failure_images/09982_true-bird_pred-frog.png,false_negative_for_bird;false_positive_for_frog
9985,cifar10_test_09985,/home/tariq/Desktop/Awais-Tariq/base-KD/data/cifar-10-batches-py/test_batch,9985,dog,cat,0.9256353378295898,False,True,/home/tariq/Desktop/Awais-Tariq/base-KD/reports/cifar10_full_audit/mamba_scratch/failure_images/09985_true-dog_pred-cat.png,false_negative_for_dog;false_positive_for_cat
9989,cifar10_test_09989,/home/tariq/Desktop/Awais-Tariq/base-KD/data/cifar-10-batches-py/test_batch,9989,bird,deer,0.9998183846473694,False,True,/home/tariq/Desktop/Awais-Tariq/base-KD/reports/cifar10_full_audit/mamba_scratch/failure_images/09989_true-bird_pred-deer.png,false_negative_for_bird;false_positive_for_deer
