test_index,image_id,true_class,predicted_class,confidence,top1_correct,top5_correct,error_type
0,cifar10_test_00000,cat,cat,0.9999984502792358,True,True,correct
1,cifar10_test_00001,ship,ship,0.9999997615814209,True,True,correct
2,cifar10_test_00002,ship,ship,0.9999986886978149,True,True,correct
3,cifar10_test_00003,airplane,airplane,0.9999992847442627,True,True,correct
4,cifar10_test_00004,frog,frog,1.0,True,True,correct
5,cifar10_test_00005,frog,frog,0.9999998807907104,True,True,correct
6,cifar10_test_00006,automobile,automobile,1.0,True,True,correct
7,cifar10_test_00007,frog,frog,1.0,True,True,correct
8,cifar10_test_00008,cat,cat,0.9999998807907104,True,True,correct
9,cifar10_test_00009,automobile,automobile,0.9985066056251526,True,True,correct
10,cifar10_test_00010,airplane,airplane,0.9999996423721313,True,True,correct
11,cifar10_test_00011,truck,truck,1.0,True,True,correct
12,cifar10_test_00012,dog,dog,0.9999997615814209,True,True,correct
13,cifar10_test_00013,horse,horse,0.9999997615814209,True,True,correct
14,cifar10_test_00014,truck,truck,1.0,True,True,correct
15,cifar10_test_00015,ship,ship,0.9999998807907104,True,True,correct
16,cifar10_test_00016,dog,dog,0.9999992847442627,True,True,correct
17,cifar10_test_00017,horse,horse,0.9999998807907104,True,True,correct
18,cifar10_test_00018,ship,ship,0.9999998807907104,True,True,correct
19,cifar10_test_00019,frog,frog,1.0,True,True,correct
20,cifar10_test_00020,horse,horse,0.9999978542327881,True,True,correct
21,cifar10_test_00021,airplane,airplane,0.9999992847442627,True,True,correct
22,cifar10_test_00022,deer,deer,0.9999998807907104,True,True,correct
23,cifar10_test_00023,truck,truck,0.9999997615814209,True,True,correct
24,cifar10_test_00024,dog,dog,0.9999998807907104,True,True,correct
25,cifar10_test_00025,bird,bird,0.9999998807907104,True,True,correct
26,cifar10_test_00026,deer,deer,1.0,True,True,correct
27,cifar10_test_00027,airplane,airplane,0.9999997615814209,True,True,correct
28,cifar10_test_00028,truck,truck,0.9999996423721313,True,True,correct
29,cifar10_test_00029,frog,frog,1.0,True,True,correct
30,cifar10_test_00030,frog,frog,1.0,True,True,correct
31,cifar10_test_00031,dog,dog,0.9999998807907104,True,True,correct
32,cifar10_test_00032,deer,deer,0.9999997615814209,True,True,correct
33,cifar10_test_00033,dog,dog,0.9999998807907104,True,True,correct
34,cifar10_test_00034,truck,truck,1.0,True,True,correct
35,cifar10_test_00035,bird,bird,1.0,True,True,correct
36,cifar10_test_00036,deer,deer,0.9999998807907104,True,True,correct
37,cifar10_test_00037,automobile,automobile,0.9999186992645264,True,True,correct
38,cifar10_test_00038,truck,truck,1.0,True,True,correct
39,cifar10_test_00039,dog,dog,0.9999998807907104,True,True,correct
40,cifar10_test_00040,deer,deer,1.0,True,True,correct
41,cifar10_test_00041,frog,frog,1.0,True,True,correct
42,cifar10_test_00042,dog,dog,0.9999984502792358,True,True,correct
43,cifar10_test_00043,frog,frog,1.0,True,True,correct
44,cifar10_test_00044,airplane,airplane,0.9999998807907104,True,True,correct
45,cifar10_test_00045,truck,truck,1.0,True,True,correct
46,cifar10_test_00046,cat,cat,0.9999988079071045,True,True,correct
47,cifar10_test_00047,truck,truck,0.9996212720870972,True,True,correct
48,cifar10_test_00048,horse,horse,0.9999998807907104,True,True,correct
49,cifar10_test_00049,frog,frog,1.0,True,True,correct
50,cifar10_test_00050,truck,truck,1.0,True,True,correct
51,cifar10_test_00051,ship,ship,0.9999997615814209,True,True,correct
52,cifar10_test_00052,airplane,airplane,1.0,True,True,correct
53,cifar10_test_00053,cat,cat,0.9999984502792358,True,True,correct
54,cifar10_test_00054,ship,ship,0.9999994039535522,True,True,correct
55,cifar10_test_00055,ship,ship,0.9999998807907104,True,True,correct
56,cifar10_test_00056,horse,horse,0.9999997615814209,True,True,correct
57,cifar10_test_00057,horse,horse,0.9999992847442627,True,True,correct
58,cifar10_test_00058,deer,deer,0.9719288349151611,True,True,correct
59,cifar10_test_00059,frog,frog,0.9999839067459106,True,True,correct
60,cifar10_test_00060,horse,horse,0.9999998807907104,True,True,correct
61,cifar10_test_00061,cat,cat,0.7495489716529846,True,True,correct
62,cifar10_test_00062,frog,frog,1.0,True,True,correct
63,cifar10_test_00063,cat,cat,0.9999996423721313,True,True,correct
64,cifar10_test_00064,frog,frog,1.0,True,True,correct
65,cifar10_test_00065,bird,bird,1.0,True,True,correct
66,cifar10_test_00066,automobile,automobile,0.9999998807907104,True,True,correct
67,cifar10_test_00067,bird,bird,1.0,True,True,correct
68,cifar10_test_00068,cat,cat,0.9999915361404419,True,True,correct
69,cifar10_test_00069,horse,horse,0.9999994039535522,True,True,correct
70,cifar10_test_00070,bird,bird,1.0,True,True,correct
71,cifar10_test_00071,frog,frog,1.0,True,True,correct
72,cifar10_test_00072,ship,ship,0.9999997615814209,True,True,correct
73,cifar10_test_00073,ship,ship,0.9999996423721313,True,True,correct
74,cifar10_test_00074,airplane,airplane,0.9999996423721313,True,True,correct
75,cifar10_test_00075,bird,bird,1.0,True,True,correct
76,cifar10_test_00076,truck,truck,1.0,True,True,correct
77,cifar10_test_00077,cat,cat,0.9999997615814209,True,True,correct
78,cifar10_test_00078,cat,cat,0.9999957084655762,True,True,correct
79,cifar10_test_00079,ship,ship,0.9999997615814209,True,True,correct
80,cifar10_test_00080,ship,ship,0.9999998807907104,True,True,correct
81,cifar10_test_00081,automobile,automobile,0.9999990463256836,True,True,correct
82,cifar10_test_00082,automobile,automobile,1.0,True,True,correct
83,cifar10_test_00083,horse,horse,0.9999998807907104,True,True,correct
84,cifar10_test_00084,bird,bird,1.0,True,True,correct
85,cifar10_test_00085,dog,dog,1.0,True,True,correct
86,cifar10_test_00086,bird,bird,0.9999985694885254,True,True,correct
87,cifar10_test_00087,horse,horse,0.9999992847442627,True,True,correct
88,cifar10_test_00088,ship,ship,1.0,True,True,correct
89,cifar10_test_00089,truck,truck,1.0,True,True,correct
90,cifar10_test_00090,airplane,airplane,0.9999997615814209,True,True,correct
91,cifar10_test_00091,cat,cat,0.9999998807907104,True,True,correct
92,cifar10_test_00092,ship,ship,0.9999992847442627,True,True,correct
93,cifar10_test_00093,frog,frog,1.0,True,True,correct
94,cifar10_test_00094,deer,deer,0.9999998807907104,True,True,correct
95,cifar10_test_00095,frog,frog,0.9999998807907104,True,True,correct
96,cifar10_test_00096,frog,frog,1.0,True,True,correct
97,cifar10_test_00097,airplane,airplane,0.9999961853027344,True,True,correct
98,cifar10_test_00098,airplane,airplane,0.9999997615814209,True,True,correct
99,cifar10_test_00099,horse,horse,0.9999998807907104,True,True,correct
100,cifar10_test_00100,deer,deer,0.9999996423721313,True,True,correct
101,cifar10_test_00101,dog,dog,0.9999997615814209,True,True,correct
102,cifar10_test_00102,frog,frog,1.0,True,True,correct
103,cifar10_test_00103,cat,cat,0.9999998807907104,True,True,correct
104,cifar10_test_00104,automobile,automobile,0.9999998807907104,True,True,correct
105,cifar10_test_00105,automobile,automobile,1.0,True,True,correct
106,cifar10_test_00106,cat,cat,0.9999997615814209,True,True,correct
107,cifar10_test_00107,frog,frog,1.0,True,True,correct
108,cifar10_test_00108,ship,ship,0.9999998807907104,True,True,correct
109,cifar10_test_00109,horse,horse,0.9999998807907104,True,True,correct
110,cifar10_test_00110,deer,deer,0.9999998807907104,True,True,correct
111,cifar10_test_00111,airplane,airplane,0.9999992847442627,True,True,correct
112,cifar10_test_00112,frog,frog,1.0,True,True,correct
113,cifar10_test_00113,bird,bird,1.0,True,True,correct
114,cifar10_test_00114,automobile,automobile,0.9999998807907104,True,True,correct
115,cifar10_test_00115,cat,cat,0.9999994039535522,True,True,correct
116,cifar10_test_00116,airplane,airplane,0.9999992847442627,True,True,correct
117,cifar10_test_00117,deer,deer,0.9999997615814209,True,True,correct
118,cifar10_test_00118,bird,bird,0.9999995231628418,True,True,correct
119,cifar10_test_00119,horse,horse,1.0,True,True,correct
120,cifar10_test_00120,ship,ship,0.9999990463256836,True,True,correct
121,cifar10_test_00121,cat,cat,0.9999995231628418,True,True,correct
122,cifar10_test_00122,automobile,automobile,1.0,True,True,correct
123,cifar10_test_00123,bird,bird,1.0,True,True,correct
124,cifar10_test_00124,ship,ship,0.9999995231628418,True,True,correct
125,cifar10_test_00125,airplane,airplane,0.9995779395103455,True,True,correct
126,cifar10_test_00126,ship,ship,0.9999997615814209,True,True,correct
127,cifar10_test_00127,cat,cat,0.9999868869781494,True,True,correct
128,cifar10_test_00128,dog,dog,0.9999527931213379,True,True,correct
129,cifar10_test_00129,bird,bird,1.0,True,True,correct
130,cifar10_test_00130,deer,deer,0.9999997615814209,True,True,correct
131,cifar10_test_00131,automobile,automobile,1.0,True,True,correct
132,cifar10_test_00132,ship,ship,0.9999994039535522,True,True,correct
133,cifar10_test_00133,truck,truck,1.0,True,True,correct
134,cifar10_test_00134,automobile,automobile,1.0,True,True,correct
135,cifar10_test_00135,bird,bird,0.9999998807907104,True,True,correct
136,cifar10_test_00136,truck,truck,1.0,True,True,correct
137,cifar10_test_00137,horse,horse,1.0,True,True,correct
138,cifar10_test_00138,bird,bird,1.0,True,True,correct
139,cifar10_test_00139,truck,truck,0.9999998807907104,True,True,correct
140,cifar10_test_00140,frog,frog,1.0,True,True,correct
141,cifar10_test_00141,dog,dog,0.9999998807907104,True,True,correct
142,cifar10_test_00142,frog,frog,1.0,True,True,correct
143,cifar10_test_00143,cat,cat,0.999998927116394,True,True,correct
144,cifar10_test_00144,ship,ship,0.9999998807907104,True,True,correct
145,cifar10_test_00145,horse,horse,0.9999996423721313,True,True,correct
146,cifar10_test_00146,frog,frog,1.0,True,True,correct
147,cifar10_test_00147,bird,bird,0.9999842643737793,True,True,correct
148,cifar10_test_00148,dog,dog,0.9999974966049194,True,True,correct
149,cifar10_test_00149,bird,bird,0.9999996423721313,True,True,correct
150,cifar10_test_00150,ship,airplane,0.9998997449874878,False,True,false_negative_for_ship;false_positive_for_airplane
151,cifar10_test_00151,truck,truck,0.9999992847442627,True,True,correct
152,cifar10_test_00152,frog,frog,1.0,True,True,correct
153,cifar10_test_00153,airplane,airplane,0.9999977350234985,True,True,correct
154,cifar10_test_00154,airplane,airplane,0.9999997615814209,True,True,correct
155,cifar10_test_00155,dog,dog,0.9999998807907104,True,True,correct
156,cifar10_test_00156,bird,bird,1.0,True,True,correct
157,cifar10_test_00157,truck,truck,1.0,True,True,correct
158,cifar10_test_00158,dog,dog,0.9999998807907104,True,True,correct
159,cifar10_test_00159,deer,deer,1.0,True,True,correct
160,cifar10_test_00160,bird,bird,0.9999996423721313,True,True,correct
161,cifar10_test_00161,automobile,automobile,1.0,True,True,correct
162,cifar10_test_00162,frog,frog,0.9999984502792358,True,True,correct
163,cifar10_test_00163,frog,frog,1.0,True,True,correct
164,cifar10_test_00164,ship,ship,0.9999849796295166,True,True,correct
165,cifar10_test_00165,deer,deer,0.9999980926513672,True,True,correct
166,cifar10_test_00166,ship,ship,0.9999986886978149,True,True,correct
167,cifar10_test_00167,deer,deer,0.9999994039535522,True,True,correct
168,cifar10_test_00168,dog,dog,0.9999998807907104,True,True,correct
169,cifar10_test_00169,airplane,airplane,0.9999932050704956,True,True,correct
170,cifar10_test_00170,truck,truck,0.9999998807907104,True,True,correct
171,cifar10_test_00171,truck,truck,1.0,True,True,correct
172,cifar10_test_00172,truck,truck,0.9999998807907104,True,True,correct
173,cifar10_test_00173,ship,ship,1.0,True,True,correct
174,cifar10_test_00174,truck,truck,0.9999997615814209,True,True,correct
175,cifar10_test_00175,truck,truck,1.0,True,True,correct
176,cifar10_test_00176,cat,cat,0.9999998807907104,True,True,correct
177,cifar10_test_00177,horse,horse,1.0,True,True,correct
178,cifar10_test_00178,dog,dog,0.9999964237213135,True,True,correct
179,cifar10_test_00179,airplane,airplane,0.9999996423721313,True,True,correct
180,cifar10_test_00180,airplane,airplane,0.9999963045120239,True,True,correct
181,cifar10_test_00181,dog,dog,0.9999998807907104,True,True,correct
182,cifar10_test_00182,bird,bird,1.0,True,True,correct
183,cifar10_test_00183,bird,bird,0.9998156428337097,True,True,correct
184,cifar10_test_00184,cat,cat,0.9999994039535522,True,True,correct
185,cifar10_test_00185,ship,ship,0.9999998807907104,True,True,correct
186,cifar10_test_00186,frog,frog,1.0,True,True,correct
187,cifar10_test_00187,cat,cat,0.9999995231628418,True,True,correct
188,cifar10_test_00188,deer,deer,1.0,True,True,correct
189,cifar10_test_00189,airplane,airplane,0.9999985694885254,True,True,correct
190,cifar10_test_00190,dog,dog,0.9999998807907104,True,True,correct
191,cifar10_test_00191,ship,ship,0.9999991655349731,True,True,correct
192,cifar10_test_00192,airplane,airplane,0.9999991655349731,True,True,correct
193,cifar10_test_00193,automobile,automobile,0.9999998807907104,True,True,correct
194,cifar10_test_00194,horse,horse,0.9999997615814209,True,True,correct
195,cifar10_test_00195,bird,bird,0.9999998807907104,True,True,correct
196,cifar10_test_00196,ship,ship,0.9999997615814209,True,True,correct
197,cifar10_test_00197,ship,ship,0.9999998807907104,True,True,correct
198,cifar10_test_00198,horse,horse,0.9999997615814209,True,True,correct
199,cifar10_test_00199,ship,ship,0.9999998807907104,True,True,correct
200,cifar10_test_00200,dog,dog,0.9999992847442627,True,True,correct
201,cifar10_test_00201,automobile,automobile,0.9999972581863403,True,True,correct
202,cifar10_test_00202,ship,ship,0.9999997615814209,True,True,correct
203,cifar10_test_00203,horse,horse,0.9999997615814209,True,True,correct
204,cifar10_test_00204,automobile,automobile,1.0,True,True,correct
205,cifar10_test_00205,cat,cat,0.9999998807907104,True,True,correct
206,cifar10_test_00206,airplane,airplane,0.9999982118606567,True,True,correct
207,cifar10_test_00207,dog,dog,0.9999998807907104,True,True,correct
208,cifar10_test_00208,horse,horse,1.0,True,True,correct
209,cifar10_test_00209,truck,truck,0.9999998807907104,True,True,correct
210,cifar10_test_00210,horse,horse,0.9999995231628418,True,True,correct
211,cifar10_test_00211,deer,deer,0.9999996423721313,True,True,correct
212,cifar10_test_00212,dog,dog,0.9999998807907104,True,True,correct
213,cifar10_test_00213,truck,truck,0.6958267092704773,True,True,correct
214,cifar10_test_00214,ship,ship,0.9999994039535522,True,True,correct
215,cifar10_test_00215,airplane,airplane,0.9999998807907104,True,True,correct
216,cifar10_test_00216,horse,horse,0.9999998807907104,True,True,correct
217,cifar10_test_00217,truck,truck,1.0,True,True,correct
218,cifar10_test_00218,ship,ship,0.9999992847442627,True,True,correct
219,cifar10_test_00219,bird,bird,1.0,True,True,correct
220,cifar10_test_00220,horse,horse,0.9999982118606567,True,True,correct
221,cifar10_test_00221,frog,frog,1.0,True,True,correct
222,cifar10_test_00222,truck,truck,0.9999998807907104,True,True,correct
223,cifar10_test_00223,deer,deer,0.9999986886978149,True,True,correct
224,cifar10_test_00224,cat,cat,0.9999974966049194,True,True,correct
225,cifar10_test_00225,truck,truck,0.9999995231628418,True,True,correct
226,cifar10_test_00226,frog,frog,0.9999328851699829,True,True,correct
227,cifar10_test_00227,deer,deer,0.9999998807907104,True,True,correct
228,cifar10_test_00228,horse,horse,0.9999996423721313,True,True,correct
229,cifar10_test_00229,frog,frog,1.0,True,True,correct
230,cifar10_test_00230,dog,dog,0.9999998807907104,True,True,correct
231,cifar10_test_00231,automobile,automobile,1.0,True,True,correct
232,cifar10_test_00232,dog,dog,0.999996542930603,True,True,correct
233,cifar10_test_00233,ship,ship,0.9999995231628418,True,True,correct
234,cifar10_test_00234,ship,ship,0.9999994039535522,True,True,correct
235,cifar10_test_00235,airplane,airplane,0.9999996423721313,True,True,correct
236,cifar10_test_00236,deer,deer,0.9999997615814209,True,True,correct
237,cifar10_test_00237,airplane,airplane,0.9999996423721313,True,True,correct
238,cifar10_test_00238,dog,dog,0.9999995231628418,True,True,correct
239,cifar10_test_00239,dog,dog,0.9999998807907104,True,True,correct
240,cifar10_test_00240,automobile,automobile,1.0,True,True,correct
241,cifar10_test_00241,automobile,automobile,1.0,True,True,correct
242,cifar10_test_00242,ship,ship,0.9999967813491821,True,True,correct
243,cifar10_test_00243,truck,truck,1.0,True,True,correct
244,cifar10_test_00244,airplane,airplane,0.9999992847442627,True,True,correct
245,cifar10_test_00245,cat,cat,0.9999996423721313,True,True,correct
246,cifar10_test_00246,automobile,automobile,1.0,True,True,correct
247,cifar10_test_00247,truck,truck,1.0,True,True,correct
248,cifar10_test_00248,bird,bird,0.9999996423721313,True,True,correct
249,cifar10_test_00249,bird,bird,1.0,True,True,correct
250,cifar10_test_00250,dog,dog,0.9999997615814209,True,True,correct
251,cifar10_test_00251,cat,cat,0.9999980926513672,True,True,correct
252,cifar10_test_00252,truck,truck,1.0,True,True,correct
253,cifar10_test_00253,truck,truck,1.0,True,True,correct
254,cifar10_test_00254,deer,deer,0.9999998807907104,True,True,correct
255,cifar10_test_00255,airplane,airplane,0.9999983310699463,True,True,correct
256,cifar10_test_00256,cat,cat,0.9999998807907104,True,True,correct
257,cifar10_test_00257,airplane,airplane,0.9999996423721313,True,True,correct
258,cifar10_test_00258,airplane,airplane,0.9999995231628418,True,True,correct
259,cifar10_test_00259,truck,truck,0.9999988079071045,True,True,correct
260,cifar10_test_00260,ship,ship,0.9999996423721313,True,True,correct
261,cifar10_test_00261,automobile,automobile,0.9999998807907104,True,True,correct
262,cifar10_test_00262,dog,dog,0.9999997615814209,True,True,correct
263,cifar10_test_00263,horse,horse,0.9999996423721313,True,True,correct
264,cifar10_test_00264,airplane,airplane,0.9999992847442627,True,True,correct
265,cifar10_test_00265,ship,ship,0.9999973773956299,True,True,correct
266,cifar10_test_00266,bird,bird,0.9999996423721313,True,True,correct
267,cifar10_test_00267,deer,deer,1.0,True,True,correct
268,cifar10_test_00268,horse,horse,0.9999997615814209,True,True,correct
269,cifar10_test_00269,airplane,airplane,0.9999998807907104,True,True,correct
270,cifar10_test_00270,bird,bird,1.0,True,True,correct
271,cifar10_test_00271,cat,cat,0.9999651908874512,True,True,correct
272,cifar10_test_00272,frog,frog,1.0,True,True,correct
273,cifar10_test_00273,cat,cat,0.9999979734420776,True,True,correct
274,cifar10_test_00274,ship,ship,0.9999998807907104,True,True,correct
275,cifar10_test_00275,dog,cat,0.9999810457229614,False,True,false_negative_for_dog;false_positive_for_cat
276,cifar10_test_00276,airplane,airplane,0.9999996423721313,True,True,correct
277,cifar10_test_00277,cat,cat,0.9999980926513672,True,True,correct
278,cifar10_test_00278,deer,deer,0.9999992847442627,True,True,correct
279,cifar10_test_00279,cat,cat,0.9999997615814209,True,True,correct
280,cifar10_test_00280,truck,truck,1.0,True,True,correct
281,cifar10_test_00281,airplane,airplane,0.9999998807907104,True,True,correct
282,cifar10_test_00282,frog,frog,0.9999998807907104,True,True,correct
283,cifar10_test_00283,automobile,automobile,1.0,True,True,correct
284,cifar10_test_00284,airplane,airplane,0.9999995231628418,True,True,correct
285,cifar10_test_00285,truck,truck,1.0,True,True,correct
286,cifar10_test_00286,automobile,automobile,0.9999977350234985,True,True,correct
287,cifar10_test_00287,airplane,airplane,0.9999992847442627,True,True,correct
288,cifar10_test_00288,horse,horse,1.0,True,True,correct
289,cifar10_test_00289,truck,truck,1.0,True,True,correct
290,cifar10_test_00290,automobile,automobile,1.0,True,True,correct
291,cifar10_test_00291,bird,bird,0.9999998807907104,True,True,correct
292,cifar10_test_00292,frog,frog,1.0,True,True,correct
293,cifar10_test_00293,truck,truck,0.9999991655349731,True,True,correct
294,cifar10_test_00294,cat,cat,0.9999996423721313,True,True,correct
295,cifar10_test_00295,deer,deer,0.9999998807907104,True,True,correct
296,cifar10_test_00296,frog,frog,1.0,True,True,correct
297,cifar10_test_00297,airplane,airplane,0.9999986886978149,True,True,correct
298,cifar10_test_00298,airplane,airplane,0.9999995231628418,True,True,correct
299,cifar10_test_00299,frog,frog,1.0,True,True,correct
300,cifar10_test_00300,frog,frog,1.0,True,True,correct
301,cifar10_test_00301,frog,frog,1.0,True,True,correct
302,cifar10_test_00302,cat,cat,0.9999998807907104,True,True,correct
303,cifar10_test_00303,bird,bird,1.0,True,True,correct
304,cifar10_test_00304,frog,frog,1.0,True,True,correct
305,cifar10_test_00305,automobile,automobile,1.0,True,True,correct
306,cifar10_test_00306,ship,ship,0.9999996423721313,True,True,correct
307,cifar10_test_00307,bird,bird,0.9999998807907104,True,True,correct
308,cifar10_test_00308,automobile,automobile,0.9999895095825195,True,True,correct
309,cifar10_test_00309,frog,frog,0.9999996423721313,True,True,correct
310,cifar10_test_00310,ship,ship,0.9999997615814209,True,True,correct
311,cifar10_test_00311,frog,frog,1.0,True,True,correct
312,cifar10_test_00312,ship,ship,0.9999371767044067,True,True,correct
313,cifar10_test_00313,airplane,airplane,0.9998584985733032,True,True,correct
314,cifar10_test_00314,deer,deer,0.9999995231628418,True,True,correct
315,cifar10_test_00315,airplane,airplane,0.999998927116394,True,True,correct
316,cifar10_test_00316,horse,horse,0.9999995231628418,True,True,correct
317,cifar10_test_00317,horse,horse,0.9999998807907104,True,True,correct
318,cifar10_test_00318,dog,dog,0.9999997615814209,True,True,correct
319,cifar10_test_00319,dog,dog,0.9999997615814209,True,True,correct
320,cifar10_test_00320,cat,cat,0.9999998807907104,True,True,correct
321,cifar10_test_00321,dog,dog,0.9999997615814209,True,True,correct
322,cifar10_test_00322,bird,bird,1.0,True,True,correct
323,cifar10_test_00323,cat,cat,0.9999990463256836,True,True,correct
324,cifar10_test_00324,deer,deer,0.9999994039535522,True,True,correct
325,cifar10_test_00325,automobile,automobile,0.9999998807907104,True,True,correct
326,cifar10_test_00326,horse,horse,1.0,True,True,correct
327,cifar10_test_00327,dog,dog,0.9999998807907104,True,True,correct
328,cifar10_test_00328,deer,deer,0.9999998807907104,True,True,correct
329,cifar10_test_00329,frog,frog,1.0,True,True,correct
330,cifar10_test_00330,automobile,automobile,0.9999998807907104,True,True,correct
331,cifar10_test_00331,truck,truck,1.0,True,True,correct
332,cifar10_test_00332,cat,cat,0.9999986886978149,True,True,correct
333,cifar10_test_00333,frog,frog,1.0,True,True,correct
334,cifar10_test_00334,frog,frog,1.0,True,True,correct
335,cifar10_test_00335,truck,truck,0.9999998807907104,True,True,correct
336,cifar10_test_00336,cat,cat,0.9999998807907104,True,True,correct
337,cifar10_test_00337,ship,ship,0.9999997615814209,True,True,correct
338,cifar10_test_00338,airplane,airplane,0.9999996423721313,True,True,correct
339,cifar10_test_00339,horse,horse,0.9999998807907104,True,True,correct
340,cifar10_test_00340,bird,bird,1.0,True,True,correct
341,cifar10_test_00341,frog,frog,1.0,True,True,correct
342,cifar10_test_00342,bird,bird,0.9999998807907104,True,True,correct
343,cifar10_test_00343,dog,dog,0.9999997615814209,True,True,correct
344,cifar10_test_00344,ship,ship,0.9999998807907104,True,True,correct
345,cifar10_test_00345,dog,dog,0.9998921155929565,True,True,correct
346,cifar10_test_00346,deer,deer,0.9999997615814209,True,True,correct
347,cifar10_test_00347,frog,frog,1.0,True,True,correct
348,cifar10_test_00348,ship,ship,0.9999998807907104,True,True,correct
349,cifar10_test_00349,truck,truck,0.9999998807907104,True,True,correct
350,cifar10_test_00350,truck,truck,0.9999998807907104,True,True,correct
351,cifar10_test_00351,automobile,automobile,0.9999998807907104,True,True,correct
352,cifar10_test_00352,airplane,airplane,0.9999994039535522,True,True,correct
353,cifar10_test_00353,bird,bird,1.0,True,True,correct
354,cifar10_test_00354,bird,bird,1.0,True,True,correct
355,cifar10_test_00355,horse,deer,0.9706698060035706,False,True,false_negative_for_horse;false_positive_for_deer
356,cifar10_test_00356,cat,cat,0.999710738658905,True,True,correct
357,cifar10_test_00357,bird,bird,1.0,True,True,correct
358,cifar10_test_00358,ship,ship,0.9999997615814209,True,True,correct
359,cifar10_test_00359,airplane,airplane,0.9999994039535522,True,True,correct
360,cifar10_test_00360,truck,truck,1.0,True,True,correct
361,cifar10_test_00361,dog,dog,0.9999991655349731,True,True,correct
362,cifar10_test_00362,ship,ship,0.9999998807907104,True,True,correct
363,cifar10_test_00363,automobile,automobile,1.0,True,True,correct
364,cifar10_test_00364,truck,truck,1.0,True,True,correct
365,cifar10_test_00365,deer,deer,0.9999997615814209,True,True,correct
366,cifar10_test_00366,automobile,automobile,0.9999998807907104,True,True,correct
367,cifar10_test_00367,cat,cat,0.999998927116394,True,True,correct
368,cifar10_test_00368,ship,ship,0.9999966621398926,True,True,correct
369,cifar10_test_00369,automobile,automobile,1.0,True,True,correct
370,cifar10_test_00370,deer,deer,0.9999995231628418,True,True,correct
371,cifar10_test_00371,horse,horse,1.0,True,True,correct
372,cifar10_test_00372,truck,truck,1.0,True,True,correct
373,cifar10_test_00373,deer,deer,0.9999996423721313,True,True,correct
374,cifar10_test_00374,bird,bird,0.9999995231628418,True,True,correct
375,cifar10_test_00375,horse,horse,1.0,True,True,correct
376,cifar10_test_00376,airplane,airplane,0.999997615814209,True,True,correct
377,cifar10_test_00377,horse,horse,1.0,True,True,correct
378,cifar10_test_00378,airplane,ship,0.9999992847442627,False,True,false_negative_for_airplane;false_positive_for_ship
379,cifar10_test_00379,frog,frog,1.0,True,True,correct
380,cifar10_test_00380,frog,frog,1.0,True,True,correct
381,cifar10_test_00381,truck,truck,0.9999998807907104,True,True,correct
382,cifar10_test_00382,airplane,airplane,0.9999985694885254,True,True,correct
383,cifar10_test_00383,truck,truck,0.9999998807907104,True,True,correct
384,cifar10_test_00384,bird,dog,0.9999018907546997,False,True,false_negative_for_bird;false_positive_for_dog
385,cifar10_test_00385,ship,ship,0.9999992847442627,True,True,correct
386,cifar10_test_00386,horse,horse,0.9999998807907104,True,True,correct
387,cifar10_test_00387,bird,bird,1.0,True,True,correct
388,cifar10_test_00388,bird,bird,1.0,True,True,correct
389,cifar10_test_00389,dog,dog,0.9999998807907104,True,True,correct
390,cifar10_test_00390,automobile,automobile,1.0,True,True,correct
391,cifar10_test_00391,bird,bird,1.0,True,True,correct
392,cifar10_test_00392,frog,frog,1.0,True,True,correct
393,cifar10_test_00393,bird,bird,1.0,True,True,correct
394,cifar10_test_00394,truck,truck,0.9956226944923401,True,True,correct
395,cifar10_test_00395,frog,frog,1.0,True,True,correct
396,cifar10_test_00396,bird,bird,0.9999997615814209,True,True,correct
397,cifar10_test_00397,cat,cat,0.9999996423721313,True,True,correct
398,cifar10_test_00398,airplane,airplane,0.9999994039535522,True,True,correct
399,cifar10_test_00399,cat,cat,0.9999998807907104,True,True,correct
400,cifar10_test_00400,truck,truck,1.0,True,True,correct
401,cifar10_test_00401,ship,ship,0.9999994039535522,True,True,correct
402,cifar10_test_00402,horse,horse,1.0,True,True,correct
403,cifar10_test_00403,ship,ship,0.9999992847442627,True,True,correct
404,cifar10_test_00404,ship,ship,0.9999998807907104,True,True,correct
405,cifar10_test_00405,deer,deer,0.9999992847442627,True,True,correct
406,cifar10_test_00406,airplane,airplane,0.9999994039535522,True,True,correct
407,cifar10_test_00407,automobile,automobile,0.9999998807907104,True,True,correct
408,cifar10_test_00408,ship,ship,1.0,True,True,correct
409,cifar10_test_00409,bird,bird,1.0,True,True,correct
410,cifar10_test_00410,horse,horse,1.0,True,True,correct
411,cifar10_test_00411,truck,truck,0.9999998807907104,True,True,correct
412,cifar10_test_00412,cat,cat,0.9999953508377075,True,True,correct
413,cifar10_test_00413,frog,frog,1.0,True,True,correct
414,cifar10_test_00414,automobile,automobile,0.9999997615814209,True,True,correct
415,cifar10_test_00415,truck,truck,1.0,True,True,correct
416,cifar10_test_00416,airplane,airplane,0.999995231628418,True,True,correct
417,cifar10_test_00417,horse,horse,0.9999996423721313,True,True,correct
418,cifar10_test_00418,cat,cat,0.999998927116394,True,True,correct
419,cifar10_test_00419,horse,horse,0.9999997615814209,True,True,correct
420,cifar10_test_00420,deer,deer,0.9999998807907104,True,True,correct
421,cifar10_test_00421,dog,dog,0.9999997615814209,True,True,correct
422,cifar10_test_00422,airplane,airplane,0.9999954700469971,True,True,correct
423,cifar10_test_00423,airplane,airplane,0.9999995231628418,True,True,correct
424,cifar10_test_00424,bird,bird,0.9999995231628418,True,True,correct
425,cifar10_test_00425,truck,truck,1.0,True,True,correct
426,cifar10_test_00426,cat,dog,0.9999028444290161,False,True,false_negative_for_cat;false_positive_for_dog
427,cifar10_test_00427,deer,deer,0.999987006187439,True,True,correct
428,cifar10_test_00428,airplane,airplane,0.9999996423721313,True,True,correct
429,cifar10_test_00429,frog,frog,1.0,True,True,correct
430,cifar10_test_00430,bird,bird,0.9999997615814209,True,True,correct
431,cifar10_test_00431,dog,dog,0.9999994039535522,True,True,correct
432,cifar10_test_00432,cat,cat,0.9999990463256836,True,True,correct
433,cifar10_test_00433,horse,horse,0.9999438524246216,True,True,correct
434,cifar10_test_00434,cat,cat,0.9999997615814209,True,True,correct
435,cifar10_test_00435,horse,horse,1.0,True,True,correct
436,cifar10_test_00436,bird,bird,0.9999998807907104,True,True,correct
437,cifar10_test_00437,dog,dog,0.9999996423721313,True,True,correct
438,cifar10_test_00438,cat,cat,0.9999997615814209,True,True,correct
439,cifar10_test_00439,automobile,automobile,0.9999997615814209,True,True,correct
440,cifar10_test_00440,automobile,automobile,1.0,True,True,correct
441,cifar10_test_00441,deer,deer,0.999998927116394,True,True,correct
442,cifar10_test_00442,truck,truck,1.0,True,True,correct
443,cifar10_test_00443,truck,truck,1.0,True,True,correct
444,cifar10_test_00444,dog,dog,0.9999997615814209,True,True,correct
445,cifar10_test_00445,horse,horse,0.9999998807907104,True,True,correct
446,cifar10_test_00446,dog,dog,0.9999997615814209,True,True,correct
447,cifar10_test_00447,airplane,airplane,0.9999939203262329,True,True,correct
448,cifar10_test_00448,bird,bird,1.0,True,True,correct
449,cifar10_test_00449,bird,bird,0.9999978542327881,True,True,correct
450,cifar10_test_00450,bird,bird,1.0,True,True,correct
451,cifar10_test_00451,truck,truck,1.0,True,True,correct
452,cifar10_test_00452,horse,horse,0.9999997615814209,True,True,correct
453,cifar10_test_00453,cat,cat,0.9999997615814209,True,True,correct
454,cifar10_test_00454,truck,truck,1.0,True,True,correct
455,cifar10_test_00455,deer,deer,0.9999997615814209,True,True,correct
456,cifar10_test_00456,cat,cat,0.9829956889152527,True,True,correct
457,cifar10_test_00457,dog,dog,0.9999998807907104,True,True,correct
458,cifar10_test_00458,deer,deer,0.9999361038208008,True,True,correct
459,cifar10_test_00459,frog,frog,1.0,True,True,correct
460,cifar10_test_00460,dog,dog,0.9999997615814209,True,True,correct
461,cifar10_test_00461,frog,frog,0.9999998807907104,True,True,correct
462,cifar10_test_00462,automobile,automobile,0.9999998807907104,True,True,correct
463,cifar10_test_00463,deer,deer,0.9999998807907104,True,True,correct
464,cifar10_test_00464,cat,cat,0.9999985694885254,True,True,correct
465,cifar10_test_00465,deer,deer,0.9999997615814209,True,True,correct
466,cifar10_test_00466,deer,deer,0.9999998807907104,True,True,correct
467,cifar10_test_00467,cat,cat,0.9999997615814209,True,True,correct
468,cifar10_test_00468,horse,horse,0.9999996423721313,True,True,correct
469,cifar10_test_00469,ship,ship,0.9999996423721313,True,True,correct
470,cifar10_test_00470,cat,cat,0.9999575614929199,True,True,correct
471,cifar10_test_00471,horse,horse,0.9999997615814209,True,True,correct
472,cifar10_test_00472,ship,ship,0.9999998807907104,True,True,correct
473,cifar10_test_00473,airplane,airplane,0.9999988079071045,True,True,correct
474,cifar10_test_00474,dog,dog,0.9999924898147583,True,True,correct
475,cifar10_test_00475,horse,horse,0.9999997615814209,True,True,correct
476,cifar10_test_00476,frog,frog,1.0,True,True,correct
477,cifar10_test_00477,airplane,airplane,0.999998927116394,True,True,correct
478,cifar10_test_00478,dog,dog,0.9999366998672485,True,True,correct
479,cifar10_test_00479,deer,deer,1.0,True,True,correct
480,cifar10_test_00480,ship,ship,0.9999996423721313,True,True,correct
481,cifar10_test_00481,frog,frog,1.0,True,True,correct
482,cifar10_test_00482,ship,ship,0.9999996423721313,True,True,correct
483,cifar10_test_00483,dog,dog,0.9999840259552002,True,True,correct
484,cifar10_test_00484,dog,dog,0.9999998807907104,True,True,correct
485,cifar10_test_00485,truck,truck,0.9999992847442627,True,True,correct
486,cifar10_test_00486,truck,truck,1.0,True,True,correct
487,cifar10_test_00487,truck,truck,1.0,True,True,correct
488,cifar10_test_00488,dog,dog,0.9999995231628418,True,True,correct
489,cifar10_test_00489,airplane,airplane,0.9999991655349731,True,True,correct
490,cifar10_test_00490,automobile,automobile,1.0,True,True,correct
491,cifar10_test_00491,airplane,airplane,0.9999994039535522,True,True,correct
492,cifar10_test_00492,ship,ship,0.9999997615814209,True,True,correct
493,cifar10_test_00493,automobile,automobile,1.0,True,True,correct
494,cifar10_test_00494,automobile,automobile,1.0,True,True,correct
495,cifar10_test_00495,ship,ship,0.9999997615814209,True,True,correct
496,cifar10_test_00496,airplane,airplane,0.9999998807907104,True,True,correct
497,cifar10_test_00497,bird,bird,1.0,True,True,correct
498,cifar10_test_00498,bird,bird,1.0,True,True,correct
499,cifar10_test_00499,airplane,airplane,0.9999991655349731,True,True,correct
500,cifar10_test_00500,deer,deer,0.9999998807907104,True,True,correct
501,cifar10_test_00501,frog,frog,1.0,True,True,correct
502,cifar10_test_00502,dog,dog,0.9999996423721313,True,True,correct
503,cifar10_test_00503,deer,deer,0.9999998807907104,True,True,correct
504,cifar10_test_00504,truck,truck,0.9999998807907104,True,True,correct
505,cifar10_test_00505,deer,deer,0.9999998807907104,True,True,correct
506,cifar10_test_00506,horse,horse,0.9999998807907104,True,True,correct
507,cifar10_test_00507,truck,truck,1.0,True,True,correct
508,cifar10_test_00508,truck,truck,1.0,True,True,correct
509,cifar10_test_00509,deer,deer,0.9999997615814209,True,True,correct
510,cifar10_test_00510,dog,dog,0.9999997615814209,True,True,correct
511,cifar10_test_00511,frog,frog,1.0,True,True,correct
512,cifar10_test_00512,frog,frog,1.0,True,True,correct
513,cifar10_test_00513,automobile,automobile,1.0,True,True,correct
514,cifar10_test_00514,dog,dog,0.9999996423721313,True,True,correct
515,cifar10_test_00515,cat,cat,0.9999994039535522,True,True,correct
516,cifar10_test_00516,ship,ship,0.9999998807907104,True,True,correct
517,cifar10_test_00517,truck,truck,1.0,True,True,correct
518,cifar10_test_00518,dog,dog,0.8902089595794678,True,True,correct
519,cifar10_test_00519,ship,ship,0.9999990463256836,True,True,correct
520,cifar10_test_00520,dog,dog,0.9999998807907104,True,True,correct
521,cifar10_test_00521,horse,horse,1.0,True,True,correct
522,cifar10_test_00522,airplane,airplane,0.9999995231628418,True,True,correct
523,cifar10_test_00523,horse,horse,1.0,True,True,correct
524,cifar10_test_00524,airplane,airplane,0.9999997615814209,True,True,correct
525,cifar10_test_00525,dog,dog,0.9999995231628418,True,True,correct
526,cifar10_test_00526,airplane,airplane,0.9999995231628418,True,True,correct
527,cifar10_test_00527,airplane,airplane,0.9999994039535522,True,True,correct
528,cifar10_test_00528,deer,deer,1.0,True,True,correct
529,cifar10_test_00529,frog,frog,1.0,True,True,correct
530,cifar10_test_00530,truck,truck,1.0,True,True,correct
531,cifar10_test_00531,airplane,airplane,0.9998902082443237,True,True,correct
532,cifar10_test_00532,truck,truck,0.9999998807907104,True,True,correct
533,cifar10_test_00533,dog,dog,0.9999998807907104,True,True,correct
534,cifar10_test_00534,frog,frog,1.0,True,True,correct
535,cifar10_test_00535,frog,frog,1.0,True,True,correct
536,cifar10_test_00536,frog,frog,1.0,True,True,correct
537,cifar10_test_00537,bird,bird,0.9999990463256836,True,True,correct
538,cifar10_test_00538,truck,truck,0.9999998807907104,True,True,correct
539,cifar10_test_00539,airplane,airplane,0.9999995231628418,True,True,correct
540,cifar10_test_00540,automobile,automobile,0.9999997615814209,True,True,correct
541,cifar10_test_00541,horse,horse,1.0,True,True,correct
542,cifar10_test_00542,frog,frog,1.0,True,True,correct
543,cifar10_test_00543,horse,horse,1.0,True,True,correct
544,cifar10_test_00544,dog,dog,0.9999998807907104,True,True,correct
545,cifar10_test_00545,truck,truck,1.0,True,True,correct
546,cifar10_test_00546,automobile,automobile,1.0,True,True,correct
547,cifar10_test_00547,frog,frog,0.9999997615814209,True,True,correct
548,cifar10_test_00548,bird,bird,0.9999998807907104,True,True,correct
549,cifar10_test_00549,dog,dog,0.9999998807907104,True,True,correct
550,cifar10_test_00550,dog,dog,0.9999997615814209,True,True,correct
551,cifar10_test_00551,dog,cat,0.9996373653411865,False,True,false_negative_for_dog;false_positive_for_cat
552,cifar10_test_00552,ship,ship,0.9999997615814209,True,True,correct
553,cifar10_test_00553,dog,dog,0.9999998807907104,True,True,correct
554,cifar10_test_00554,truck,truck,1.0,True,True,correct
555,cifar10_test_00555,deer,deer,0.9999997615814209,True,True,correct
556,cifar10_test_00556,frog,frog,1.0,True,True,correct
557,cifar10_test_00557,deer,deer,0.9999998807907104,True,True,correct
558,cifar10_test_00558,cat,cat,0.9999997615814209,True,True,correct
559,cifar10_test_00559,bird,bird,1.0,True,True,correct
560,cifar10_test_00560,airplane,airplane,0.9999995231628418,True,True,correct
561,cifar10_test_00561,horse,horse,0.9999998807907104,True,True,correct
562,cifar10_test_00562,frog,frog,1.0,True,True,correct
563,cifar10_test_00563,bird,bird,0.9999994039535522,True,True,correct
564,cifar10_test_00564,bird,bird,1.0,True,True,correct
565,cifar10_test_00565,cat,cat,0.9999990463256836,True,True,correct
566,cifar10_test_00566,truck,truck,0.9999998807907104,True,True,correct
567,cifar10_test_00567,horse,horse,0.9999996423721313,True,True,correct
568,cifar10_test_00568,truck,truck,1.0,True,True,correct
569,cifar10_test_00569,bird,bird,0.9999998807907104,True,True,correct
570,cifar10_test_00570,frog,frog,1.0,True,True,correct
571,cifar10_test_00571,horse,horse,0.9999998807907104,True,True,correct
572,cifar10_test_00572,automobile,automobile,0.9999966621398926,True,True,correct
573,cifar10_test_00573,cat,cat,0.9999997615814209,True,True,correct
574,cifar10_test_00574,frog,frog,1.0,True,True,correct
575,cifar10_test_00575,frog,frog,0.9999997615814209,True,True,correct
576,cifar10_test_00576,ship,ship,0.9999998807907104,True,True,correct
577,cifar10_test_00577,truck,truck,0.9999572038650513,True,True,correct
578,cifar10_test_00578,horse,horse,1.0,True,True,correct
579,cifar10_test_00579,dog,dog,0.9999997615814209,True,True,correct
580,cifar10_test_00580,deer,deer,0.9999996423721313,True,True,correct
581,cifar10_test_00581,airplane,airplane,0.9999990463256836,True,True,correct
582,cifar10_test_00582,ship,ship,0.9999998807907104,True,True,correct
583,cifar10_test_00583,deer,deer,0.9999998807907104,True,True,correct
584,cifar10_test_00584,airplane,airplane,0.9999994039535522,True,True,correct
585,cifar10_test_00585,truck,truck,0.9999996423721313,True,True,correct
586,cifar10_test_00586,cat,cat,0.9999994039535522,True,True,correct
587,cifar10_test_00587,deer,deer,0.9999995231628418,True,True,correct
588,cifar10_test_00588,ship,ship,0.9999997615814209,True,True,correct
589,cifar10_test_00589,truck,truck,0.9999998807907104,True,True,correct
590,cifar10_test_00590,frog,frog,1.0,True,True,correct
591,cifar10_test_00591,truck,truck,1.0,True,True,correct
592,cifar10_test_00592,bird,bird,1.0,True,True,correct
593,cifar10_test_00593,frog,frog,1.0,True,True,correct
594,cifar10_test_00594,automobile,automobile,1.0,True,True,correct
595,cifar10_test_00595,deer,deer,0.9999996423721313,True,True,correct
596,cifar10_test_00596,horse,horse,1.0,True,True,correct
597,cifar10_test_00597,cat,cat,0.9999992847442627,True,True,correct
598,cifar10_test_00598,dog,dog,0.9579076170921326,True,True,correct
599,cifar10_test_00599,cat,cat,0.9999997615814209,True,True,correct
600,cifar10_test_00600,ship,ship,0.9999995231628418,True,True,correct
601,cifar10_test_00601,dog,dog,0.9999997615814209,True,True,correct
602,cifar10_test_00602,airplane,airplane,0.9999995231628418,True,True,correct
603,cifar10_test_00603,bird,bird,1.0,True,True,correct
604,cifar10_test_00604,automobile,automobile,1.0,True,True,correct
605,cifar10_test_00605,frog,frog,1.0,True,True,correct
606,cifar10_test_00606,deer,deer,0.9999995231628418,True,True,correct
607,cifar10_test_00607,cat,cat,0.9999995231628418,True,True,correct
608,cifar10_test_00608,cat,cat,0.9999998807907104,True,True,correct
609,cifar10_test_00609,truck,truck,1.0,True,True,correct
610,cifar10_test_00610,frog,frog,1.0,True,True,correct
611,cifar10_test_00611,truck,truck,1.0,True,True,correct
612,cifar10_test_00612,ship,ship,0.9999998807907104,True,True,correct
613,cifar10_test_00613,ship,ship,0.9999998807907104,True,True,correct
614,cifar10_test_00614,dog,dog,1.0,True,True,correct
615,cifar10_test_00615,ship,ship,0.9999998807907104,True,True,correct
616,cifar10_test_00616,frog,frog,1.0,True,True,correct
617,cifar10_test_00617,frog,frog,0.9999998807907104,True,True,correct
618,cifar10_test_00618,bird,bird,1.0,True,True,correct
619,cifar10_test_00619,automobile,automobile,1.0,True,True,correct
620,cifar10_test_00620,horse,horse,0.9999998807907104,True,True,correct
621,cifar10_test_00621,horse,horse,1.0,True,True,correct
622,cifar10_test_00622,automobile,automobile,1.0,True,True,correct
623,cifar10_test_00623,bird,bird,1.0,True,True,correct
624,cifar10_test_00624,horse,horse,1.0,True,True,correct
625,cifar10_test_00625,truck,truck,0.9999996423721313,True,True,correct
626,cifar10_test_00626,truck,truck,0.9999988079071045,True,True,correct
627,cifar10_test_00627,deer,deer,0.9999997615814209,True,True,correct
628,cifar10_test_00628,deer,deer,1.0,True,True,correct
629,cifar10_test_00629,automobile,automobile,1.0,True,True,correct
630,cifar10_test_00630,bird,bird,1.0,True,True,correct
631,cifar10_test_00631,dog,dog,0.999998927116394,True,True,correct
632,cifar10_test_00632,frog,frog,1.0,True,True,correct
633,cifar10_test_00633,ship,ship,1.0,True,True,correct
634,cifar10_test_00634,horse,horse,0.9999998807907104,True,True,correct
635,cifar10_test_00635,frog,frog,1.0,True,True,correct
636,cifar10_test_00636,ship,ship,0.9999997615814209,True,True,correct
637,cifar10_test_00637,cat,cat,0.9999955892562866,True,True,correct
638,cifar10_test_00638,airplane,airplane,0.999998927116394,True,True,correct
639,cifar10_test_00639,dog,dog,0.9999994039535522,True,True,correct
640,cifar10_test_00640,dog,dog,0.9999438524246216,True,True,correct
641,cifar10_test_00641,cat,cat,0.9999995231628418,True,True,correct
642,cifar10_test_00642,airplane,airplane,0.9999969005584717,True,True,correct
643,cifar10_test_00643,horse,horse,0.9999998807907104,True,True,correct
644,cifar10_test_00644,truck,truck,1.0,True,True,correct
645,cifar10_test_00645,automobile,automobile,1.0,True,True,correct
646,cifar10_test_00646,cat,cat,0.9999996423721313,True,True,correct
647,cifar10_test_00647,deer,deer,0.9999997615814209,True,True,correct
648,cifar10_test_00648,deer,deer,0.9999998807907104,True,True,correct
649,cifar10_test_00649,dog,dog,0.9999998807907104,True,True,correct
650,cifar10_test_00650,cat,cat,0.9999998807907104,True,True,correct
651,cifar10_test_00651,truck,truck,1.0,True,True,correct
652,cifar10_test_00652,dog,dog,0.9999995231628418,True,True,correct
653,cifar10_test_00653,frog,frog,1.0,True,True,correct
654,cifar10_test_00654,truck,truck,0.9999998807907104,True,True,correct
655,cifar10_test_00655,bird,bird,0.9999996423721313,True,True,correct
656,cifar10_test_00656,automobile,automobile,1.0,True,True,correct
657,cifar10_test_00657,automobile,automobile,1.0,True,True,correct
658,cifar10_test_00658,deer,deer,0.9999996423721313,True,True,correct
659,cifar10_test_00659,automobile,automobile,1.0,True,True,correct
660,cifar10_test_00660,truck,truck,0.9999998807907104,True,True,correct
661,cifar10_test_00661,deer,deer,0.999998927116394,True,True,correct
662,cifar10_test_00662,horse,horse,1.0,True,True,correct
663,cifar10_test_00663,frog,frog,0.9999998807907104,True,True,correct
664,cifar10_test_00664,cat,cat,0.9999997615814209,True,True,correct
665,cifar10_test_00665,ship,ship,0.9999237060546875,True,True,correct
666,cifar10_test_00666,truck,truck,1.0,True,True,correct
667,cifar10_test_00667,airplane,airplane,0.9999995231628418,True,True,correct
668,cifar10_test_00668,automobile,automobile,0.9999998807907104,True,True,correct
669,cifar10_test_00669,cat,cat,0.9999990463256836,True,True,correct
670,cifar10_test_00670,frog,frog,1.0,True,True,correct
671,cifar10_test_00671,cat,cat,0.9999986886978149,True,True,correct
672,cifar10_test_00672,frog,frog,0.9975246787071228,True,True,correct
673,cifar10_test_00673,cat,cat,1.0,True,True,correct
674,cifar10_test_00674,bird,bird,0.9999998807907104,True,True,correct
675,cifar10_test_00675,airplane,airplane,0.9999996423721313,True,True,correct
676,cifar10_test_00676,cat,cat,0.9999997615814209,True,True,correct
677,cifar10_test_00677,automobile,automobile,0.9999995231628418,True,True,correct
678,cifar10_test_00678,airplane,airplane,0.9999998807907104,True,True,correct
679,cifar10_test_00679,dog,dog,0.9999997615814209,True,True,correct
680,cifar10_test_00680,truck,truck,0.9999995231628418,True,True,correct
681,cifar10_test_00681,frog,frog,1.0,True,True,correct
682,cifar10_test_00682,deer,deer,0.9999994039535522,True,True,correct
683,cifar10_test_00683,ship,ship,0.9999980926513672,True,True,correct
684,cifar10_test_00684,truck,truck,1.0,True,True,correct
685,cifar10_test_00685,frog,frog,0.9999994039535522,True,True,correct
686,cifar10_test_00686,truck,truck,1.0,True,True,correct
687,cifar10_test_00687,frog,frog,0.9999998807907104,True,True,correct
688,cifar10_test_00688,cat,cat,0.9999992847442627,True,True,correct
689,cifar10_test_00689,airplane,airplane,0.9999980926513672,True,True,correct
690,cifar10_test_00690,cat,cat,0.9999991655349731,True,True,correct
691,cifar10_test_00691,bird,bird,1.0,True,True,correct
692,cifar10_test_00692,bird,bird,0.9999982118606567,True,True,correct
693,cifar10_test_00693,horse,horse,1.0,True,True,correct
694,cifar10_test_00694,ship,ship,0.9999998807907104,True,True,correct
695,cifar10_test_00695,cat,cat,0.9999997615814209,True,True,correct
696,cifar10_test_00696,ship,ship,0.9999983310699463,True,True,correct
697,cifar10_test_00697,bird,bird,1.0,True,True,correct
698,cifar10_test_00698,horse,horse,0.9999992847442627,True,True,correct
699,cifar10_test_00699,dog,dog,1.0,True,True,correct
700,cifar10_test_00700,horse,horse,0.9999998807907104,True,True,correct
701,cifar10_test_00701,bird,bird,1.0,True,True,correct
702,cifar10_test_00702,deer,deer,1.0,True,True,correct
703,cifar10_test_00703,ship,ship,0.9999997615814209,True,True,correct
704,cifar10_test_00704,horse,horse,0.9999997615814209,True,True,correct
705,cifar10_test_00705,deer,deer,0.9999767541885376,True,True,correct
706,cifar10_test_00706,bird,bird,1.0,True,True,correct
707,cifar10_test_00707,truck,truck,0.9999997615814209,True,True,correct
708,cifar10_test_00708,ship,ship,0.9999996423721313,True,True,correct
709,cifar10_test_00709,ship,ship,1.0,True,True,correct
710,cifar10_test_00710,frog,frog,1.0,True,True,correct
711,cifar10_test_00711,ship,ship,0.9999997615814209,True,True,correct
712,cifar10_test_00712,ship,ship,0.9999998807907104,True,True,correct
713,cifar10_test_00713,horse,horse,0.9999998807907104,True,True,correct
714,cifar10_test_00714,deer,deer,0.9999996423721313,True,True,correct
715,cifar10_test_00715,cat,cat,0.9999828338623047,True,True,correct
716,cifar10_test_00716,cat,cat,0.9999998807907104,True,True,correct
717,cifar10_test_00717,ship,ship,0.9999998807907104,True,True,correct
718,cifar10_test_00718,deer,deer,0.9999997615814209,True,True,correct
719,cifar10_test_00719,truck,truck,1.0,True,True,correct
720,cifar10_test_00720,deer,deer,0.9999998807907104,True,True,correct
721,cifar10_test_00721,ship,ship,0.9999996423721313,True,True,correct
722,cifar10_test_00722,ship,ship,0.9999997615814209,True,True,correct
723,cifar10_test_00723,automobile,automobile,1.0,True,True,correct
724,cifar10_test_00724,ship,ship,0.9999990463256836,True,True,correct
725,cifar10_test_00725,bird,bird,0.9999984502792358,True,True,correct
726,cifar10_test_00726,automobile,automobile,0.9999997615814209,True,True,correct
727,cifar10_test_00727,cat,cat,0.9999833106994629,True,True,correct
728,cifar10_test_00728,frog,frog,0.9999997615814209,True,True,correct
729,cifar10_test_00729,dog,dog,0.9999998807907104,True,True,correct
730,cifar10_test_00730,deer,deer,0.9999996423721313,True,True,correct
731,cifar10_test_00731,bird,bird,1.0,True,True,correct
732,cifar10_test_00732,horse,horse,1.0,True,True,correct
733,cifar10_test_00733,truck,truck,0.9999998807907104,True,True,correct
734,cifar10_test_00734,truck,truck,0.9999916553497314,True,True,correct
735,cifar10_test_00735,deer,deer,1.0,True,True,correct
736,cifar10_test_00736,automobile,automobile,1.0,True,True,correct
737,cifar10_test_00737,deer,deer,0.9999998807907104,True,True,correct
738,cifar10_test_00738,automobile,automobile,0.9999998807907104,True,True,correct
739,cifar10_test_00739,cat,cat,0.9999969005584717,True,True,correct
740,cifar10_test_00740,bird,bird,0.9999998807907104,True,True,correct
741,cifar10_test_00741,horse,horse,1.0,True,True,correct
742,cifar10_test_00742,airplane,airplane,0.9999997615814209,True,True,correct
743,cifar10_test_00743,horse,horse,0.9999998807907104,True,True,correct
744,cifar10_test_00744,truck,truck,0.9999915361404419,True,True,correct
745,cifar10_test_00745,horse,horse,0.9999997615814209,True,True,correct
746,cifar10_test_00746,frog,frog,1.0,True,True,correct
747,cifar10_test_00747,frog,frog,1.0,True,True,correct
748,cifar10_test_00748,bird,bird,1.0,True,True,correct
749,cifar10_test_00749,dog,dog,0.9999996423721313,True,True,correct
750,cifar10_test_00750,truck,truck,1.0,True,True,correct
751,cifar10_test_00751,bird,bird,0.9999998807907104,True,True,correct
752,cifar10_test_00752,truck,truck,1.0,True,True,correct
753,cifar10_test_00753,automobile,automobile,1.0,True,True,correct
754,cifar10_test_00754,bird,bird,1.0,True,True,correct
755,cifar10_test_00755,bird,bird,1.0,True,True,correct
756,cifar10_test_00756,frog,frog,1.0,True,True,correct
757,cifar10_test_00757,ship,ship,0.9999996423721313,True,True,correct
758,cifar10_test_00758,bird,bird,1.0,True,True,correct
759,cifar10_test_00759,automobile,automobile,1.0,True,True,correct
760,cifar10_test_00760,cat,cat,0.9999982118606567,True,True,correct
761,cifar10_test_00761,frog,frog,1.0,True,True,correct
762,cifar10_test_00762,frog,frog,0.9999996423721313,True,True,correct
763,cifar10_test_00763,airplane,airplane,0.9999995231628418,True,True,correct
764,cifar10_test_00764,automobile,automobile,1.0,True,True,correct
765,cifar10_test_00765,bird,bird,1.0,True,True,correct
766,cifar10_test_00766,horse,horse,1.0,True,True,correct
767,cifar10_test_00767,airplane,airplane,0.9999996423721313,True,True,correct
768,cifar10_test_00768,dog,dog,0.9999966621398926,True,True,correct
769,cifar10_test_00769,deer,deer,1.0,True,True,correct
770,cifar10_test_00770,frog,frog,0.9999712705612183,True,True,correct
771,cifar10_test_00771,automobile,automobile,0.939536452293396,True,True,correct
772,cifar10_test_00772,frog,frog,1.0,True,True,correct
773,cifar10_test_00773,deer,deer,0.9999996423721313,True,True,correct
774,cifar10_test_00774,airplane,airplane,0.9999996423721313,True,True,correct
775,cifar10_test_00775,bird,bird,0.9999998807907104,True,True,correct
776,cifar10_test_00776,bird,bird,0.9999977350234985,True,True,correct
777,cifar10_test_00777,frog,frog,1.0,True,True,correct
778,cifar10_test_00778,airplane,airplane,0.9999996423721313,True,True,correct
779,cifar10_test_00779,dog,dog,0.9999988079071045,True,True,correct
780,cifar10_test_00780,truck,truck,1.0,True,True,correct
781,cifar10_test_00781,automobile,automobile,1.0,True,True,correct
782,cifar10_test_00782,horse,horse,1.0,True,True,correct
783,cifar10_test_00783,frog,frog,1.0,True,True,correct
784,cifar10_test_00784,horse,horse,0.9999996423721313,True,True,correct
785,cifar10_test_00785,airplane,airplane,0.9999982118606567,True,True,correct
786,cifar10_test_00786,cat,cat,0.9999998807907104,True,True,correct
787,cifar10_test_00787,truck,truck,0.9999998807907104,True,True,correct
788,cifar10_test_00788,frog,frog,1.0,True,True,correct
789,cifar10_test_00789,ship,ship,0.9999994039535522,True,True,correct
790,cifar10_test_00790,cat,cat,0.9999996423721313,True,True,correct
791,cifar10_test_00791,airplane,airplane,0.9999998807907104,True,True,correct
792,cifar10_test_00792,cat,cat,0.9999985694885254,True,True,correct
793,cifar10_test_00793,deer,deer,0.9999997615814209,True,True,correct
794,cifar10_test_00794,horse,horse,0.9999996423721313,True,True,correct
795,cifar10_test_00795,horse,horse,0.9999998807907104,True,True,correct
796,cifar10_test_00796,automobile,automobile,0.9999979734420776,True,True,correct
797,cifar10_test_00797,deer,deer,0.9999997615814209,True,True,correct
798,cifar10_test_00798,horse,horse,0.9999997615814209,True,True,correct
799,cifar10_test_00799,bird,bird,0.9999306201934814,True,True,correct
800,cifar10_test_00800,horse,horse,0.9999998807907104,True,True,correct
801,cifar10_test_00801,automobile,automobile,1.0,True,True,correct
802,cifar10_test_00802,deer,deer,0.9999998807907104,True,True,correct
803,cifar10_test_00803,horse,horse,1.0,True,True,correct
804,cifar10_test_00804,deer,deer,0.9999998807907104,True,True,correct
805,cifar10_test_00805,deer,deer,0.9999998807907104,True,True,correct
806,cifar10_test_00806,ship,ship,0.9999996423721313,True,True,correct
807,cifar10_test_00807,deer,deer,0.9999994039535522,True,True,correct
808,cifar10_test_00808,horse,horse,1.0,True,True,correct
809,cifar10_test_00809,horse,horse,1.0,True,True,correct
810,cifar10_test_00810,dog,cat,0.9999951124191284,False,True,false_negative_for_dog;false_positive_for_cat
811,cifar10_test_00811,cat,cat,0.9998378753662109,True,True,correct
812,cifar10_test_00812,horse,horse,0.9999995231628418,True,True,correct
813,cifar10_test_00813,bird,bird,1.0,True,True,correct
814,cifar10_test_00814,airplane,airplane,0.9999994039535522,True,True,correct
815,cifar10_test_00815,ship,ship,0.9999994039535522,True,True,correct
816,cifar10_test_00816,truck,truck,0.9999990463256836,True,True,correct
817,cifar10_test_00817,dog,dog,0.9999997615814209,True,True,correct
818,cifar10_test_00818,ship,ship,0.9999982118606567,True,True,correct
819,cifar10_test_00819,cat,cat,0.9999997615814209,True,True,correct
820,cifar10_test_00820,frog,frog,0.9999997615814209,True,True,correct
821,cifar10_test_00821,bird,bird,0.9999998807907104,True,True,correct
822,cifar10_test_00822,airplane,airplane,0.9999995231628418,True,True,correct
823,cifar10_test_00823,ship,ship,0.9999998807907104,True,True,correct
824,cifar10_test_00824,horse,horse,1.0,True,True,correct
825,cifar10_test_00825,cat,cat,0.9999998807907104,True,True,correct
826,cifar10_test_00826,horse,horse,1.0,True,True,correct
827,cifar10_test_00827,frog,frog,1.0,True,True,correct
828,cifar10_test_00828,dog,dog,0.999998927116394,True,True,correct
829,cifar10_test_00829,cat,cat,0.9999998807907104,True,True,correct
830,cifar10_test_00830,automobile,automobile,1.0,True,True,correct
831,cifar10_test_00831,cat,cat,0.9999992847442627,True,True,correct
832,cifar10_test_00832,bird,bird,1.0,True,True,correct
833,cifar10_test_00833,bird,bird,1.0,True,True,correct
834,cifar10_test_00834,dog,dog,0.9999995231628418,True,True,correct
835,cifar10_test_00835,deer,deer,0.9999995231628418,True,True,correct
836,cifar10_test_00836,automobile,automobile,0.9999946355819702,True,True,correct
837,cifar10_test_00837,bird,bird,0.9999998807907104,True,True,correct
838,cifar10_test_00838,truck,truck,1.0,True,True,correct
839,cifar10_test_00839,bird,bird,1.0,True,True,correct
840,cifar10_test_00840,horse,horse,1.0,True,True,correct
841,cifar10_test_00841,airplane,airplane,0.999998927116394,True,True,correct
842,cifar10_test_00842,horse,horse,1.0,True,True,correct
843,cifar10_test_00843,bird,bird,0.9999998807907104,True,True,correct
844,cifar10_test_00844,automobile,automobile,1.0,True,True,correct
845,cifar10_test_00845,cat,cat,0.9999992847442627,True,True,correct
846,cifar10_test_00846,bird,bird,1.0,True,True,correct
847,cifar10_test_00847,airplane,airplane,0.9999995231628418,True,True,correct
848,cifar10_test_00848,bird,bird,1.0,True,True,correct
849,cifar10_test_00849,deer,deer,1.0,True,True,correct
850,cifar10_test_00850,horse,horse,0.9999973773956299,True,True,correct
851,cifar10_test_00851,truck,truck,0.9999998807907104,True,True,correct
852,cifar10_test_00852,ship,ship,0.9999998807907104,True,True,correct
853,cifar10_test_00853,truck,truck,0.9999898672103882,True,True,correct
854,cifar10_test_00854,airplane,airplane,0.9999995231628418,True,True,correct
855,cifar10_test_00855,horse,horse,0.9999998807907104,True,True,correct
856,cifar10_test_00856,horse,horse,0.9999995231628418,True,True,correct
857,cifar10_test_00857,airplane,airplane,0.9999982118606567,True,True,correct
858,cifar10_test_00858,horse,horse,0.9999998807907104,True,True,correct
859,cifar10_test_00859,ship,ship,0.9999998807907104,True,True,correct
860,cifar10_test_00860,deer,horse,0.6373290419578552,False,True,false_negative_for_deer;false_positive_for_horse
861,cifar10_test_00861,frog,frog,1.0,True,True,correct
862,cifar10_test_00862,cat,cat,0.9999960660934448,True,True,correct
863,cifar10_test_00863,cat,cat,0.9999988079071045,True,True,correct
864,cifar10_test_00864,airplane,airplane,0.9999988079071045,True,True,correct
865,cifar10_test_00865,automobile,automobile,1.0,True,True,correct
866,cifar10_test_00866,cat,cat,0.9999942779541016,True,True,correct
867,cifar10_test_00867,horse,horse,0.9999998807907104,True,True,correct
868,cifar10_test_00868,airplane,airplane,0.9999994039535522,True,True,correct
869,cifar10_test_00869,automobile,automobile,0.9999997615814209,True,True,correct
870,cifar10_test_00870,cat,cat,0.9999973773956299,True,True,correct
871,cifar10_test_00871,automobile,automobile,1.0,True,True,correct
872,cifar10_test_00872,deer,deer,0.9999998807907104,True,True,correct
873,cifar10_test_00873,bird,bird,1.0,True,True,correct
874,cifar10_test_00874,cat,cat,0.9999998807907104,True,True,correct
875,cifar10_test_00875,ship,ship,0.9999994039535522,True,True,correct
876,cifar10_test_00876,deer,deer,0.9999998807907104,True,True,correct
877,cifar10_test_00877,bird,bird,0.9999998807907104,True,True,correct
878,cifar10_test_00878,cat,cat,0.9999982118606567,True,True,correct
879,cifar10_test_00879,horse,horse,0.9999996423721313,True,True,correct
880,cifar10_test_00880,ship,ship,0.9999997615814209,True,True,correct
881,cifar10_test_00881,deer,deer,0.9999997615814209,True,True,correct
882,cifar10_test_00882,cat,cat,0.9999961853027344,True,True,correct
883,cifar10_test_00883,airplane,airplane,0.9999995231628418,True,True,correct
884,cifar10_test_00884,truck,truck,0.9999998807907104,True,True,correct
885,cifar10_test_00885,airplane,airplane,0.9999992847442627,True,True,correct
886,cifar10_test_00886,airplane,airplane,0.9999998807907104,True,True,correct
887,cifar10_test_00887,automobile,automobile,0.9999996423721313,True,True,correct
888,cifar10_test_00888,airplane,airplane,0.9999992847442627,True,True,correct
889,cifar10_test_00889,deer,deer,0.9999995231628418,True,True,correct
890,cifar10_test_00890,deer,deer,0.9999995231628418,True,True,correct
891,cifar10_test_00891,frog,frog,1.0,True,True,correct
892,cifar10_test_00892,horse,horse,0.9999996423721313,True,True,correct
893,cifar10_test_00893,frog,frog,1.0,True,True,correct
894,cifar10_test_00894,automobile,automobile,1.0,True,True,correct
895,cifar10_test_00895,automobile,automobile,0.9999995231628418,True,True,correct
896,cifar10_test_00896,cat,cat,0.9999997615814209,True,True,correct
897,cifar10_test_00897,horse,horse,0.9999998807907104,True,True,correct
898,cifar10_test_00898,cat,cat,0.9999991655349731,True,True,correct
899,cifar10_test_00899,dog,dog,0.9999997615814209,True,True,correct
900,cifar10_test_00900,bird,bird,1.0,True,True,correct
901,cifar10_test_00901,frog,frog,1.0,True,True,correct
902,cifar10_test_00902,frog,frog,1.0,True,True,correct
903,cifar10_test_00903,dog,dog,0.9999998807907104,True,True,correct
904,cifar10_test_00904,ship,ship,0.9999997615814209,True,True,correct
905,cifar10_test_00905,horse,horse,0.9999996423721313,True,True,correct
906,cifar10_test_00906,automobile,automobile,1.0,True,True,correct
907,cifar10_test_00907,frog,frog,1.0,True,True,correct
908,cifar10_test_00908,ship,ship,0.9999997615814209,True,True,correct
909,cifar10_test_00909,ship,ship,0.9999998807907104,True,True,correct
910,cifar10_test_00910,dog,dog,0.9999659061431885,True,True,correct
911,cifar10_test_00911,cat,cat,0.9999998807907104,True,True,correct
912,cifar10_test_00912,airplane,airplane,0.9999990463256836,True,True,correct
913,cifar10_test_00913,deer,deer,0.9999997615814209,True,True,correct
914,cifar10_test_00914,airplane,airplane,0.999998927116394,True,True,correct
915,cifar10_test_00915,automobile,automobile,1.0,True,True,correct
916,cifar10_test_00916,cat,cat,0.9999992847442627,True,True,correct
917,cifar10_test_00917,ship,ship,0.9999998807907104,True,True,correct
918,cifar10_test_00918,ship,ship,0.9999998807907104,True,True,correct
919,cifar10_test_00919,airplane,airplane,0.9999994039535522,True,True,correct
920,cifar10_test_00920,frog,frog,1.0,True,True,correct
921,cifar10_test_00921,truck,truck,1.0,True,True,correct
922,cifar10_test_00922,truck,truck,1.0,True,True,correct
923,cifar10_test_00923,truck,truck,1.0,True,True,correct
924,cifar10_test_00924,dog,dog,0.999996542930603,True,True,correct
925,cifar10_test_00925,dog,dog,0.9995396137237549,True,True,correct
926,cifar10_test_00926,ship,ship,0.9999998807907104,True,True,correct
927,cifar10_test_00927,frog,frog,1.0,True,True,correct
928,cifar10_test_00928,airplane,airplane,0.9999992847442627,True,True,correct
929,cifar10_test_00929,airplane,airplane,0.9999990463256836,True,True,correct
930,cifar10_test_00930,deer,deer,1.0,True,True,correct
931,cifar10_test_00931,bird,bird,1.0,True,True,correct
932,cifar10_test_00932,cat,cat,0.999997615814209,True,True,correct
933,cifar10_test_00933,bird,bird,0.9999996423721313,True,True,correct
934,cifar10_test_00934,horse,horse,1.0,True,True,correct
935,cifar10_test_00935,bird,bird,1.0,True,True,correct
936,cifar10_test_00936,bird,bird,1.0,True,True,correct
937,cifar10_test_00937,dog,dog,1.0,True,True,correct
938,cifar10_test_00938,truck,truck,0.9999995231628418,True,True,correct
939,cifar10_test_00939,ship,ship,0.9999996423721313,True,True,correct
940,cifar10_test_00940,truck,truck,0.9999998807907104,True,True,correct
941,cifar10_test_00941,automobile,automobile,1.0,True,True,correct
942,cifar10_test_00942,horse,horse,0.9999997615814209,True,True,correct
943,cifar10_test_00943,deer,deer,0.9999899864196777,True,True,correct
944,cifar10_test_00944,airplane,airplane,0.9999995231628418,True,True,correct
945,cifar10_test_00945,cat,cat,0.9999997615814209,True,True,correct
946,cifar10_test_00946,airplane,airplane,0.9999997615814209,True,True,correct
947,cifar10_test_00947,automobile,automobile,1.0,True,True,correct
948,cifar10_test_00948,cat,cat,0.9999959468841553,True,True,correct
949,cifar10_test_00949,ship,ship,0.9999998807907104,True,True,correct
950,cifar10_test_00950,cat,cat,0.9999998807907104,True,True,correct
951,cifar10_test_00951,truck,truck,0.9999998807907104,True,True,correct
952,cifar10_test_00952,frog,frog,1.0,True,True,correct
953,cifar10_test_00953,automobile,automobile,0.9999758005142212,True,True,correct
954,cifar10_test_00954,deer,deer,0.9999997615814209,True,True,correct
955,cifar10_test_00955,horse,horse,1.0,True,True,correct
956,cifar10_test_00956,airplane,airplane,0.9999927282333374,True,True,correct
957,cifar10_test_00957,cat,cat,0.9999995231628418,True,True,correct
958,cifar10_test_00958,horse,horse,1.0,True,True,correct
959,cifar10_test_00959,ship,ship,0.9999998807907104,True,True,correct
960,cifar10_test_00960,truck,truck,0.9999996423721313,True,True,correct
961,cifar10_test_00961,automobile,automobile,1.0,True,True,correct
962,cifar10_test_00962,automobile,automobile,0.9999998807907104,True,True,correct
963,cifar10_test_00963,frog,frog,1.0,True,True,correct
964,cifar10_test_00964,frog,frog,1.0,True,True,correct
965,cifar10_test_00965,frog,frog,1.0,True,True,correct
966,cifar10_test_00966,frog,frog,0.5182772874832153,True,True,correct
967,cifar10_test_00967,truck,truck,0.9999997615814209,True,True,correct
968,cifar10_test_00968,automobile,automobile,1.0,True,True,correct
969,cifar10_test_00969,truck,truck,0.9999998807907104,True,True,correct
970,cifar10_test_00970,truck,truck,0.9999998807907104,True,True,correct
971,cifar10_test_00971,deer,deer,0.9999997615814209,True,True,correct
972,cifar10_test_00972,bird,bird,0.9999998807907104,True,True,correct
973,cifar10_test_00973,automobile,automobile,1.0,True,True,correct
974,cifar10_test_00974,horse,horse,0.9999998807907104,True,True,correct
975,cifar10_test_00975,airplane,airplane,0.9999996423721313,True,True,correct
976,cifar10_test_00976,frog,frog,1.0,True,True,correct
977,cifar10_test_00977,ship,ship,0.9999998807907104,True,True,correct
978,cifar10_test_00978,automobile,automobile,1.0,True,True,correct
979,cifar10_test_00979,truck,truck,0.9999998807907104,True,True,correct
980,cifar10_test_00980,bird,bird,1.0,True,True,correct
981,cifar10_test_00981,truck,truck,0.9999997615814209,True,True,correct
982,cifar10_test_00982,airplane,airplane,0.9902480244636536,True,True,correct
983,cifar10_test_00983,deer,deer,1.0,True,True,correct
984,cifar10_test_00984,horse,horse,1.0,True,True,correct
985,cifar10_test_00985,ship,ship,0.9999994039535522,True,True,correct
986,cifar10_test_00986,cat,cat,0.9999997615814209,True,True,correct
987,cifar10_test_00987,automobile,automobile,1.0,True,True,correct
988,cifar10_test_00988,bird,bird,0.9999998807907104,True,True,correct
989,cifar10_test_00989,airplane,airplane,0.9999998807907104,True,True,correct
990,cifar10_test_00990,automobile,automobile,1.0,True,True,correct
991,cifar10_test_00991,dog,dog,0.9999983310699463,True,True,correct
992,cifar10_test_00992,ship,ship,0.9999998807907104,True,True,correct
993,cifar10_test_00993,deer,deer,0.9999997615814209,True,True,correct
994,cifar10_test_00994,frog,frog,0.9999998807907104,True,True,correct
995,cifar10_test_00995,cat,cat,0.9999986886978149,True,True,correct
996,cifar10_test_00996,ship,ship,0.9999996423721313,True,True,correct
997,cifar10_test_00997,automobile,automobile,0.9999985694885254,True,True,correct
998,cifar10_test_00998,cat,cat,0.9999998807907104,True,True,correct
999,cifar10_test_00999,ship,ship,0.9999998807907104,True,True,correct
1000,cifar10_test_01000,dog,dog,0.9999998807907104,True,True,correct
1001,cifar10_test_01001,airplane,airplane,0.9999990463256836,True,True,correct
1002,cifar10_test_01002,ship,ship,0.9999997615814209,True,True,correct
1003,cifar10_test_01003,deer,deer,1.0,True,True,correct
1004,cifar10_test_01004,ship,ship,0.9999995231628418,True,True,correct
1005,cifar10_test_01005,automobile,automobile,0.9999996423721313,True,True,correct
1006,cifar10_test_01006,automobile,automobile,0.9999998807907104,True,True,correct
1007,cifar10_test_01007,ship,ship,0.9999969005584717,True,True,correct
1008,cifar10_test_01008,truck,truck,0.9999991655349731,True,True,correct
1009,cifar10_test_01009,frog,frog,1.0,True,True,correct
1010,cifar10_test_01010,airplane,airplane,0.9999995231628418,True,True,correct
1011,cifar10_test_01011,ship,ship,0.9999997615814209,True,True,correct
1012,cifar10_test_01012,frog,frog,1.0,True,True,correct
1013,cifar10_test_01013,automobile,automobile,1.0,True,True,correct
1014,cifar10_test_01014,cat,cat,0.9999996423721313,True,True,correct
1015,cifar10_test_01015,deer,deer,0.9999998807907104,True,True,correct
1016,cifar10_test_01016,automobile,automobile,0.9999996423721313,True,True,correct
1017,cifar10_test_01017,frog,frog,1.0,True,True,correct
1018,cifar10_test_01018,airplane,airplane,0.9999990463256836,True,True,correct
1019,cifar10_test_01019,dog,dog,0.9999964237213135,True,True,correct
1020,cifar10_test_01020,automobile,automobile,0.9999998807907104,True,True,correct
1021,cifar10_test_01021,automobile,automobile,0.9999998807907104,True,True,correct
1022,cifar10_test_01022,airplane,airplane,0.9999994039535522,True,True,correct
1023,cifar10_test_01023,airplane,airplane,0.9999992847442627,True,True,correct
1024,cifar10_test_01024,cat,cat,0.9999631643295288,True,True,correct
1025,cifar10_test_01025,dog,dog,0.9999997615814209,True,True,correct
1026,cifar10_test_01026,airplane,airplane,0.9999996423721313,True,True,correct
1027,cifar10_test_01027,airplane,airplane,0.9999990463256836,True,True,correct
1028,cifar10_test_01028,frog,frog,1.0,True,True,correct
1029,cifar10_test_01029,frog,frog,1.0,True,True,correct
1030,cifar10_test_01030,cat,cat,0.9999996423721313,True,True,correct
1031,cifar10_test_01031,cat,cat,0.9999995231628418,True,True,correct
1032,cifar10_test_01032,frog,frog,1.0,True,True,correct
1033,cifar10_test_01033,cat,cat,0.9999995231628418,True,True,correct
1034,cifar10_test_01034,frog,frog,1.0,True,True,correct
1035,cifar10_test_01035,frog,frog,1.0,True,True,correct
1036,cifar10_test_01036,airplane,airplane,0.9999998807907104,True,True,correct
1037,cifar10_test_01037,horse,horse,1.0,True,True,correct
1038,cifar10_test_01038,bird,bird,1.0,True,True,correct
1039,cifar10_test_01039,bird,bird,0.9999996423721313,True,True,correct
1040,cifar10_test_01040,horse,horse,0.9998413324356079,True,True,correct
1041,cifar10_test_01041,dog,dog,0.9999997615814209,True,True,correct
1042,cifar10_test_01042,dog,dog,0.9999983310699463,True,True,correct
1043,cifar10_test_01043,bird,bird,1.0,True,True,correct
1044,cifar10_test_01044,ship,ship,0.9999996423721313,True,True,correct
1045,cifar10_test_01045,dog,dog,0.9999988079071045,True,True,correct
1046,cifar10_test_01046,bird,bird,1.0,True,True,correct
1047,cifar10_test_01047,automobile,automobile,1.0,True,True,correct
1048,cifar10_test_01048,automobile,automobile,1.0,True,True,correct
1049,cifar10_test_01049,deer,deer,1.0,True,True,correct
1050,cifar10_test_01050,cat,cat,0.9999799728393555,True,True,correct
1051,cifar10_test_01051,bird,bird,0.9999992847442627,True,True,correct
1052,cifar10_test_01052,airplane,airplane,0.9999994039535522,True,True,correct
1053,cifar10_test_01053,cat,cat,0.999997615814209,True,True,correct
1054,cifar10_test_01054,automobile,automobile,1.0,True,True,correct
1055,cifar10_test_01055,dog,dog,1.0,True,True,correct
1056,cifar10_test_01056,cat,cat,0.9998993873596191,True,True,correct
1057,cifar10_test_01057,horse,horse,0.9999997615814209,True,True,correct
1058,cifar10_test_01058,frog,frog,1.0,True,True,correct
1059,cifar10_test_01059,ship,ship,0.9999997615814209,True,True,correct
1060,cifar10_test_01060,truck,truck,1.0,True,True,correct
1061,cifar10_test_01061,automobile,automobile,0.9999997615814209,True,True,correct
1062,cifar10_test_01062,frog,frog,1.0,True,True,correct
1063,cifar10_test_01063,deer,deer,0.9999998807907104,True,True,correct
1064,cifar10_test_01064,truck,truck,0.9999997615814209,True,True,correct
1065,cifar10_test_01065,cat,cat,0.9999995231628418,True,True,correct
1066,cifar10_test_01066,truck,truck,0.9999915361404419,True,True,correct
1067,cifar10_test_01067,airplane,airplane,0.9999997615814209,True,True,correct
1068,cifar10_test_01068,truck,truck,1.0,True,True,correct
1069,cifar10_test_01069,frog,frog,1.0,True,True,correct
1070,cifar10_test_01070,cat,cat,0.9999996423721313,True,True,correct
1071,cifar10_test_01071,frog,frog,1.0,True,True,correct
1072,cifar10_test_01072,airplane,airplane,0.9999998807907104,True,True,correct
1073,cifar10_test_01073,horse,horse,1.0,True,True,correct
1074,cifar10_test_01074,cat,cat,0.999983549118042,True,True,correct
1075,cifar10_test_01075,ship,ship,0.9999979734420776,True,True,correct
1076,cifar10_test_01076,airplane,airplane,0.9999983310699463,True,True,correct
1077,cifar10_test_01077,airplane,airplane,0.9999996423721313,True,True,correct
1078,cifar10_test_01078,airplane,airplane,0.9999991655349731,True,True,correct
1079,cifar10_test_01079,frog,frog,1.0,True,True,correct
1080,cifar10_test_01080,frog,frog,1.0,True,True,correct
1081,cifar10_test_01081,frog,frog,1.0,True,True,correct
1082,cifar10_test_01082,truck,truck,0.9999991655349731,True,True,correct
1083,cifar10_test_01083,bird,bird,1.0,True,True,correct
1084,cifar10_test_01084,dog,dog,0.9999998807907104,True,True,correct
1085,cifar10_test_01085,deer,deer,0.9999996423721313,True,True,correct
1086,cifar10_test_01086,deer,deer,1.0,True,True,correct
1087,cifar10_test_01087,frog,frog,1.0,True,True,correct
1088,cifar10_test_01088,cat,cat,0.9948864579200745,True,True,correct
1089,cifar10_test_01089,frog,frog,1.0,True,True,correct
1090,cifar10_test_01090,airplane,airplane,0.9999991655349731,True,True,correct
1091,cifar10_test_01091,ship,ship,0.9999992847442627,True,True,correct
1092,cifar10_test_01092,frog,frog,1.0,True,True,correct
1093,cifar10_test_01093,airplane,airplane,0.9999991655349731,True,True,correct
1094,cifar10_test_01094,frog,bird,0.6806780695915222,False,True,false_negative_for_frog;false_positive_for_bird
1095,cifar10_test_01095,bird,bird,0.9999995231628418,True,True,correct
1096,cifar10_test_01096,horse,horse,0.9999997615814209,True,True,correct
1097,cifar10_test_01097,dog,dog,0.9999998807907104,True,True,correct
1098,cifar10_test_01098,automobile,automobile,0.9999995231628418,True,True,correct
1099,cifar10_test_01099,bird,bird,1.0,True,True,correct
1100,cifar10_test_01100,horse,horse,1.0,True,True,correct
1101,cifar10_test_01101,ship,ship,0.9999998807907104,True,True,correct
1102,cifar10_test_01102,ship,ship,0.9999998807907104,True,True,correct
1103,cifar10_test_01103,airplane,airplane,0.9999995231628418,True,True,correct
1104,cifar10_test_01104,truck,truck,0.9999997615814209,True,True,correct
1105,cifar10_test_01105,deer,deer,0.9999992847442627,True,True,correct
1106,cifar10_test_01106,truck,truck,1.0,True,True,correct
1107,cifar10_test_01107,horse,horse,1.0,True,True,correct
1108,cifar10_test_01108,bird,bird,1.0,True,True,correct
1109,cifar10_test_01109,airplane,airplane,0.9999996423721313,True,True,correct
1110,cifar10_test_01110,bird,bird,1.0,True,True,correct
1111,cifar10_test_01111,ship,ship,0.9999997615814209,True,True,correct
1112,cifar10_test_01112,cat,cat,0.9999994039535522,True,True,correct
1113,cifar10_test_01113,ship,ship,0.9999998807907104,True,True,correct
1114,cifar10_test_01114,truck,truck,0.9999997615814209,True,True,correct
1115,cifar10_test_01115,automobile,automobile,1.0,True,True,correct
1116,cifar10_test_01116,dog,dog,0.9999998807907104,True,True,correct
1117,cifar10_test_01117,dog,dog,0.9999998807907104,True,True,correct
1118,cifar10_test_01118,deer,deer,0.9999955892562866,True,True,correct
1119,cifar10_test_01119,horse,horse,1.0,True,True,correct
1120,cifar10_test_01120,dog,dog,0.9999992847442627,True,True,correct
1121,cifar10_test_01121,cat,cat,0.9999996423721313,True,True,correct
1122,cifar10_test_01122,ship,ship,0.9999960660934448,True,True,correct
1123,cifar10_test_01123,cat,cat,0.9999997615814209,True,True,correct
1124,cifar10_test_01124,cat,cat,0.9999991655349731,True,True,correct
1125,cifar10_test_01125,frog,frog,1.0,True,True,correct
1126,cifar10_test_01126,bird,bird,0.9999998807907104,True,True,correct
1127,cifar10_test_01127,ship,ship,1.0,True,True,correct
1128,cifar10_test_01128,deer,deer,0.9999996423721313,True,True,correct
1129,cifar10_test_01129,cat,cat,0.9999977350234985,True,True,correct
1130,cifar10_test_01130,horse,horse,1.0,True,True,correct
1131,cifar10_test_01131,automobile,automobile,0.9999285936355591,True,True,correct
1132,cifar10_test_01132,bird,bird,1.0,True,True,correct
1133,cifar10_test_01133,deer,deer,0.9999995231628418,True,True,correct
1134,cifar10_test_01134,automobile,automobile,0.9999979734420776,True,True,correct
1135,cifar10_test_01135,frog,frog,1.0,True,True,correct
1136,cifar10_test_01136,truck,truck,1.0,True,True,correct
1137,cifar10_test_01137,airplane,airplane,0.999997615814209,True,True,correct
1138,cifar10_test_01138,dog,dog,0.9999998807907104,True,True,correct
1139,cifar10_test_01139,ship,ship,0.9999997615814209,True,True,correct
1140,cifar10_test_01140,frog,frog,1.0,True,True,correct
1141,cifar10_test_01141,automobile,automobile,1.0,True,True,correct
1142,cifar10_test_01142,ship,ship,0.9999998807907104,True,True,correct
1143,cifar10_test_01143,frog,frog,1.0,True,True,correct
1144,cifar10_test_01144,automobile,automobile,1.0,True,True,correct
1145,cifar10_test_01145,deer,deer,0.9999996423721313,True,True,correct
1146,cifar10_test_01146,bird,bird,1.0,True,True,correct
1147,cifar10_test_01147,frog,frog,0.9999998807907104,True,True,correct
1148,cifar10_test_01148,bird,bird,1.0,True,True,correct
1149,cifar10_test_01149,horse,horse,0.9999994039535522,True,True,correct
1150,cifar10_test_01150,bird,bird,1.0,True,True,correct
1151,cifar10_test_01151,bird,bird,1.0,True,True,correct
1152,cifar10_test_01152,airplane,airplane,0.9999998807907104,True,True,correct
1153,cifar10_test_01153,ship,ship,0.9999998807907104,True,True,correct
1154,cifar10_test_01154,frog,frog,0.9999998807907104,True,True,correct
1155,cifar10_test_01155,truck,truck,0.9999998807907104,True,True,correct
1156,cifar10_test_01156,automobile,automobile,1.0,True,True,correct
1157,cifar10_test_01157,horse,horse,0.9999997615814209,True,True,correct
1158,cifar10_test_01158,automobile,automobile,0.9999998807907104,True,True,correct
1159,cifar10_test_01159,ship,ship,0.9999991655349731,True,True,correct
1160,cifar10_test_01160,ship,ship,0.9999998807907104,True,True,correct
1161,cifar10_test_01161,airplane,airplane,0.9999994039535522,True,True,correct
1162,cifar10_test_01162,horse,horse,1.0,True,True,correct
1163,cifar10_test_01163,cat,cat,0.9999946355819702,True,True,correct
1164,cifar10_test_01164,ship,ship,0.9999998807907104,True,True,correct
1165,cifar10_test_01165,airplane,airplane,0.9999985694885254,True,True,correct
1166,cifar10_test_01166,cat,cat,0.9647672772407532,True,True,correct
1167,cifar10_test_01167,deer,deer,0.9999990463256836,True,True,correct
1168,cifar10_test_01168,cat,cat,0.9999996423721313,True,True,correct
1169,cifar10_test_01169,horse,horse,0.9999998807907104,True,True,correct
1170,cifar10_test_01170,horse,horse,0.9999998807907104,True,True,correct
1171,cifar10_test_01171,truck,truck,1.0,True,True,correct
1172,cifar10_test_01172,bird,bird,0.9999997615814209,True,True,correct
1173,cifar10_test_01173,cat,cat,0.9999997615814209,True,True,correct
1174,cifar10_test_01174,automobile,automobile,1.0,True,True,correct
1175,cifar10_test_01175,truck,truck,1.0,True,True,correct
1176,cifar10_test_01176,automobile,automobile,1.0,True,True,correct
1177,cifar10_test_01177,truck,truck,0.9999994039535522,True,True,correct
1178,cifar10_test_01178,frog,frog,0.9999997615814209,True,True,correct
1179,cifar10_test_01179,cat,cat,0.9999483823776245,True,True,correct
1180,cifar10_test_01180,cat,cat,0.9955072402954102,True,True,correct
1181,cifar10_test_01181,cat,cat,0.9999985694885254,True,True,correct
1182,cifar10_test_01182,automobile,automobile,1.0,True,True,correct
1183,cifar10_test_01183,airplane,airplane,0.9999990463256836,True,True,correct
1184,cifar10_test_01184,frog,frog,1.0,True,True,correct
1185,cifar10_test_01185,automobile,automobile,1.0,True,True,correct
1186,cifar10_test_01186,deer,deer,1.0,True,True,correct
1187,cifar10_test_01187,automobile,automobile,1.0,True,True,correct
1188,cifar10_test_01188,airplane,airplane,0.9999995231628418,True,True,correct
1189,cifar10_test_01189,airplane,airplane,0.9999997615814209,True,True,correct
1190,cifar10_test_01190,automobile,automobile,1.0,True,True,correct
1191,cifar10_test_01191,automobile,automobile,1.0,True,True,correct
1192,cifar10_test_01192,frog,frog,1.0,True,True,correct
1193,cifar10_test_01193,dog,dog,0.9999984502792358,True,True,correct
1194,cifar10_test_01194,deer,deer,0.9999998807907104,True,True,correct
1195,cifar10_test_01195,frog,frog,1.0,True,True,correct
1196,cifar10_test_01196,bird,bird,1.0,True,True,correct
1197,cifar10_test_01197,airplane,airplane,0.9999994039535522,True,True,correct
1198,cifar10_test_01198,horse,horse,0.9999998807907104,True,True,correct
1199,cifar10_test_01199,truck,truck,0.9999998807907104,True,True,correct
1200,cifar10_test_01200,ship,ship,0.9999998807907104,True,True,correct
1201,cifar10_test_01201,horse,horse,1.0,True,True,correct
1202,cifar10_test_01202,bird,bird,1.0,True,True,correct
1203,cifar10_test_01203,airplane,airplane,0.9999998807907104,True,True,correct
1204,cifar10_test_01204,frog,frog,1.0,True,True,correct
1205,cifar10_test_01205,ship,ship,0.9999998807907104,True,True,correct
1206,cifar10_test_01206,automobile,automobile,1.0,True,True,correct
1207,cifar10_test_01207,deer,deer,0.9999998807907104,True,True,correct
1208,cifar10_test_01208,cat,cat,0.9999994039535522,True,True,correct
1209,cifar10_test_01209,horse,horse,1.0,True,True,correct
1210,cifar10_test_01210,airplane,airplane,0.9999995231628418,True,True,correct
1211,cifar10_test_01211,frog,frog,1.0,True,True,correct
1212,cifar10_test_01212,automobile,automobile,1.0,True,True,correct
1213,cifar10_test_01213,ship,ship,0.9999997615814209,True,True,correct
1214,cifar10_test_01214,dog,dog,1.0,True,True,correct
1215,cifar10_test_01215,horse,horse,1.0,True,True,correct
1216,cifar10_test_01216,ship,ship,0.9999998807907104,True,True,correct
1217,cifar10_test_01217,deer,deer,0.9999998807907104,True,True,correct
1218,cifar10_test_01218,ship,ship,0.9999996423721313,True,True,correct
1219,cifar10_test_01219,cat,cat,0.9999998807907104,True,True,correct
1220,cifar10_test_01220,truck,truck,1.0,True,True,correct
1221,cifar10_test_01221,truck,truck,1.0,True,True,correct
1222,cifar10_test_01222,truck,truck,0.9999996423721313,True,True,correct
1223,cifar10_test_01223,ship,ship,0.9999996423721313,True,True,correct
1224,cifar10_test_01224,horse,horse,0.9999996423721313,True,True,correct
1225,cifar10_test_01225,frog,frog,1.0,True,True,correct
1226,cifar10_test_01226,frog,frog,1.0,True,True,correct
1227,cifar10_test_01227,cat,dog,0.9983385801315308,False,True,false_negative_for_cat;false_positive_for_dog
1228,cifar10_test_01228,dog,dog,0.9999996423721313,True,True,correct
1229,cifar10_test_01229,automobile,automobile,1.0,True,True,correct
1230,cifar10_test_01230,dog,dog,0.9999995231628418,True,True,correct
1231,cifar10_test_01231,truck,truck,0.9999995231628418,True,True,correct
1232,cifar10_test_01232,automobile,automobile,1.0,True,True,correct
1233,cifar10_test_01233,deer,deer,0.9999998807907104,True,True,correct
1234,cifar10_test_01234,automobile,automobile,1.0,True,True,correct
1235,cifar10_test_01235,dog,dog,0.9999998807907104,True,True,correct
1236,cifar10_test_01236,horse,horse,0.9999980926513672,True,True,correct
1237,cifar10_test_01237,airplane,airplane,0.9999997615814209,True,True,correct
1238,cifar10_test_01238,automobile,automobile,1.0,True,True,correct
1239,cifar10_test_01239,dog,dog,0.9999991655349731,True,True,correct
1240,cifar10_test_01240,bird,bird,1.0,True,True,correct
1241,cifar10_test_01241,airplane,airplane,0.9999996423721313,True,True,correct
1242,cifar10_test_01242,ship,ship,0.9999991655349731,True,True,correct
1243,cifar10_test_01243,ship,ship,0.9999998807907104,True,True,correct
1244,cifar10_test_01244,dog,dog,0.9999984502792358,True,True,correct
1245,cifar10_test_01245,frog,frog,1.0,True,True,correct
1246,cifar10_test_01246,horse,horse,0.9999996423721313,True,True,correct
1247,cifar10_test_01247,cat,cat,0.936369001865387,True,True,correct
1248,cifar10_test_01248,bird,bird,0.9999043941497803,True,True,correct
1249,cifar10_test_01249,deer,deer,0.9999997615814209,True,True,correct
1250,cifar10_test_01250,horse,horse,1.0,True,True,correct
1251,cifar10_test_01251,bird,bird,0.9999997615814209,True,True,correct
1252,cifar10_test_01252,dog,dog,0.9999994039535522,True,True,correct
1253,cifar10_test_01253,ship,ship,0.9999996423721313,True,True,correct
1254,cifar10_test_01254,bird,bird,1.0,True,True,correct
1255,cifar10_test_01255,deer,deer,0.9999997615814209,True,True,correct
1256,cifar10_test_01256,truck,truck,1.0,True,True,correct
1257,cifar10_test_01257,bird,bird,1.0,True,True,correct
1258,cifar10_test_01258,automobile,automobile,1.0,True,True,correct
1259,cifar10_test_01259,ship,ship,0.9999990463256836,True,True,correct
1260,cifar10_test_01260,automobile,automobile,0.9999998807907104,True,True,correct
1261,cifar10_test_01261,truck,truck,0.9999998807907104,True,True,correct
1262,cifar10_test_01262,ship,ship,0.9999997615814209,True,True,correct
1263,cifar10_test_01263,ship,ship,0.9999867677688599,True,True,correct
1264,cifar10_test_01264,ship,ship,0.9999995231628418,True,True,correct
1265,cifar10_test_01265,truck,truck,0.9999769926071167,True,True,correct
1266,cifar10_test_01266,airplane,airplane,0.9999997615814209,True,True,correct
1267,cifar10_test_01267,deer,deer,0.9999998807907104,True,True,correct
1268,cifar10_test_01268,cat,cat,0.9999995231628418,True,True,correct
1269,cifar10_test_01269,cat,cat,0.9999997615814209,True,True,correct
1270,cifar10_test_01270,automobile,automobile,0.9999947547912598,True,True,correct
1271,cifar10_test_01271,ship,ship,0.9999998807907104,True,True,correct
1272,cifar10_test_01272,deer,deer,0.9999970197677612,True,True,correct
1273,cifar10_test_01273,frog,frog,1.0,True,True,correct
1274,cifar10_test_01274,cat,cat,0.9999998807907104,True,True,correct
1275,cifar10_test_01275,cat,cat,0.9999992847442627,True,True,correct
1276,cifar10_test_01276,dog,dog,1.0,True,True,correct
1277,cifar10_test_01277,bird,bird,0.9999997615814209,True,True,correct
1278,cifar10_test_01278,bird,bird,0.9999998807907104,True,True,correct
1279,cifar10_test_01279,ship,ship,0.9999995231628418,True,True,correct
1280,cifar10_test_01280,cat,cat,0.9999958276748657,True,True,correct
1281,cifar10_test_01281,ship,ship,0.9999998807907104,True,True,correct
1282,cifar10_test_01282,truck,truck,1.0,True,True,correct
1283,cifar10_test_01283,dog,dog,0.9999998807907104,True,True,correct
1284,cifar10_test_01284,ship,ship,0.9999998807907104,True,True,correct
1285,cifar10_test_01285,truck,truck,1.0,True,True,correct
1286,cifar10_test_01286,ship,ship,0.9999998807907104,True,True,correct
1287,cifar10_test_01287,truck,truck,1.0,True,True,correct
1288,cifar10_test_01288,automobile,automobile,1.0,True,True,correct
1289,cifar10_test_01289,frog,frog,1.0,True,True,correct
1290,cifar10_test_01290,dog,dog,0.9999995231628418,True,True,correct
1291,cifar10_test_01291,truck,truck,1.0,True,True,correct
1292,cifar10_test_01292,deer,deer,0.9999991655349731,True,True,correct
1293,cifar10_test_01293,deer,deer,0.9999997615814209,True,True,correct
1294,cifar10_test_01294,ship,ship,0.9999997615814209,True,True,correct
1295,cifar10_test_01295,airplane,airplane,0.9999994039535522,True,True,correct
1296,cifar10_test_01296,horse,horse,0.9999997615814209,True,True,correct
1297,cifar10_test_01297,bird,bird,1.0,True,True,correct
1298,cifar10_test_01298,truck,truck,1.0,True,True,correct
1299,cifar10_test_01299,horse,horse,0.9999996423721313,True,True,correct
1300,cifar10_test_01300,deer,deer,0.9999992847442627,True,True,correct
1301,cifar10_test_01301,automobile,automobile,1.0,True,True,correct
1302,cifar10_test_01302,frog,frog,0.9999998807907104,True,True,correct
1303,cifar10_test_01303,deer,deer,0.9996199607849121,True,True,correct
1304,cifar10_test_01304,deer,deer,0.9999997615814209,True,True,correct
1305,cifar10_test_01305,truck,truck,0.9999998807907104,True,True,correct
1306,cifar10_test_01306,automobile,automobile,1.0,True,True,correct
1307,cifar10_test_01307,bird,bird,0.9999990463256836,True,True,correct
1308,cifar10_test_01308,dog,dog,1.0,True,True,correct
1309,cifar10_test_01309,frog,frog,1.0,True,True,correct
1310,cifar10_test_01310,airplane,airplane,0.9999994039535522,True,True,correct
1311,cifar10_test_01311,ship,ship,0.9999991655349731,True,True,correct
1312,cifar10_test_01312,frog,frog,0.9999998807907104,True,True,correct
1313,cifar10_test_01313,automobile,automobile,1.0,True,True,correct
1314,cifar10_test_01314,truck,truck,0.9999998807907104,True,True,correct
1315,cifar10_test_01315,deer,deer,1.0,True,True,correct
1316,cifar10_test_01316,dog,dog,1.0,True,True,correct
1317,cifar10_test_01317,truck,truck,1.0,True,True,correct
1318,cifar10_test_01318,dog,dog,0.9999986886978149,True,True,correct
1319,cifar10_test_01319,airplane,airplane,0.9999991655349731,True,True,correct
1320,cifar10_test_01320,horse,horse,1.0,True,True,correct
1321,cifar10_test_01321,bird,bird,0.9999997615814209,True,True,correct
1322,cifar10_test_01322,airplane,airplane,0.9999966621398926,True,True,correct
1323,cifar10_test_01323,airplane,airplane,0.9999996423721313,True,True,correct
1324,cifar10_test_01324,deer,deer,0.9999997615814209,True,True,correct
1325,cifar10_test_01325,bird,bird,0.999994158744812,True,True,correct
1326,cifar10_test_01326,frog,frog,1.0,True,True,correct
1327,cifar10_test_01327,frog,frog,1.0,True,True,correct
1328,cifar10_test_01328,dog,dog,0.999997615814209,True,True,correct
1329,cifar10_test_01329,dog,dog,0.9999998807907104,True,True,correct
1330,cifar10_test_01330,bird,bird,0.9999992847442627,True,True,correct
1331,cifar10_test_01331,ship,ship,0.9999998807907104,True,True,correct
1332,cifar10_test_01332,automobile,automobile,0.9999998807907104,True,True,correct
1333,cifar10_test_01333,horse,horse,1.0,True,True,correct
1334,cifar10_test_01334,cat,cat,0.9999840259552002,True,True,correct
1335,cifar10_test_01335,automobile,automobile,1.0,True,True,correct
1336,cifar10_test_01336,deer,deer,0.9999998807907104,True,True,correct
1337,cifar10_test_01337,dog,dog,0.9999996423721313,True,True,correct
1338,cifar10_test_01338,frog,frog,1.0,True,True,correct
1339,cifar10_test_01339,dog,dog,0.9999997615814209,True,True,correct
1340,cifar10_test_01340,automobile,automobile,1.0,True,True,correct
1341,cifar10_test_01341,deer,deer,0.9999998807907104,True,True,correct
1342,cifar10_test_01342,horse,horse,0.9999995231628418,True,True,correct
1343,cifar10_test_01343,airplane,airplane,0.9999998807907104,True,True,correct
1344,cifar10_test_01344,truck,truck,0.9999997615814209,True,True,correct
1345,cifar10_test_01345,deer,deer,0.9999996423721313,True,True,correct
1346,cifar10_test_01346,cat,cat,0.9999992847442627,True,True,correct
1347,cifar10_test_01347,ship,ship,0.9999998807907104,True,True,correct
1348,cifar10_test_01348,bird,bird,0.9999997615814209,True,True,correct
1349,cifar10_test_01349,ship,ship,0.9999998807907104,True,True,correct
1350,cifar10_test_01350,deer,deer,0.9999998807907104,True,True,correct
1351,cifar10_test_01351,horse,horse,0.9999998807907104,True,True,correct
1352,cifar10_test_01352,bird,bird,0.9999997615814209,True,True,correct
1353,cifar10_test_01353,cat,cat,0.9999992847442627,True,True,correct
1354,cifar10_test_01354,automobile,automobile,1.0,True,True,correct
1355,cifar10_test_01355,dog,dog,0.9999997615814209,True,True,correct
1356,cifar10_test_01356,bird,bird,1.0,True,True,correct
1357,cifar10_test_01357,truck,truck,1.0,True,True,correct
1358,cifar10_test_01358,ship,ship,0.9999998807907104,True,True,correct
1359,cifar10_test_01359,truck,truck,0.9999997615814209,True,True,correct
1360,cifar10_test_01360,horse,horse,0.9999998807907104,True,True,correct
1361,cifar10_test_01361,truck,truck,1.0,True,True,correct
1362,cifar10_test_01362,dog,dog,0.9999998807907104,True,True,correct
1363,cifar10_test_01363,automobile,automobile,1.0,True,True,correct
1364,cifar10_test_01364,deer,deer,0.9999998807907104,True,True,correct
1365,cifar10_test_01365,airplane,airplane,0.9999995231628418,True,True,correct
1366,cifar10_test_01366,ship,ship,0.9999998807907104,True,True,correct
1367,cifar10_test_01367,bird,bird,1.0,True,True,correct
1368,cifar10_test_01368,cat,cat,0.6903932094573975,True,True,correct
1369,cifar10_test_01369,ship,ship,0.9999995231628418,True,True,correct
1370,cifar10_test_01370,truck,truck,0.9999991655349731,True,True,correct
1371,cifar10_test_01371,automobile,automobile,1.0,True,True,correct
1372,cifar10_test_01372,automobile,automobile,1.0,True,True,correct
1373,cifar10_test_01373,cat,cat,0.9999825954437256,True,True,correct
1374,cifar10_test_01374,bird,bird,1.0,True,True,correct
1375,cifar10_test_01375,deer,deer,1.0,True,True,correct
1376,cifar10_test_01376,truck,truck,0.9999998807907104,True,True,correct
1377,cifar10_test_01377,cat,cat,0.9999998807907104,True,True,correct
1378,cifar10_test_01378,automobile,automobile,1.0,True,True,correct
1379,cifar10_test_01379,horse,horse,1.0,True,True,correct
1380,cifar10_test_01380,deer,deer,0.999998927116394,True,True,correct
1381,cifar10_test_01381,frog,frog,1.0,True,True,correct
1382,cifar10_test_01382,bird,bird,1.0,True,True,correct
1383,cifar10_test_01383,ship,ship,0.9999998807907104,True,True,correct
1384,cifar10_test_01384,truck,truck,1.0,True,True,correct
1385,cifar10_test_01385,dog,dog,0.9999995231628418,True,True,correct
1386,cifar10_test_01386,cat,cat,1.0,True,True,correct
1387,cifar10_test_01387,truck,truck,1.0,True,True,correct
1388,cifar10_test_01388,dog,dog,0.9999998807907104,True,True,correct
1389,cifar10_test_01389,dog,dog,0.9999998807907104,True,True,correct
1390,cifar10_test_01390,frog,frog,0.9999997615814209,True,True,correct
1391,cifar10_test_01391,horse,horse,0.9999833106994629,True,True,correct
1392,cifar10_test_01392,bird,bird,1.0,True,True,correct
1393,cifar10_test_01393,deer,deer,0.9999992847442627,True,True,correct
1394,cifar10_test_01394,frog,dog,0.9992843270301819,False,True,false_negative_for_frog;false_positive_for_dog
1395,cifar10_test_01395,cat,cat,0.9999973773956299,True,True,correct
1396,cifar10_test_01396,automobile,automobile,1.0,True,True,correct
1397,cifar10_test_01397,airplane,airplane,0.9999988079071045,True,True,correct
1398,cifar10_test_01398,horse,horse,0.9999998807907104,True,True,correct
1399,cifar10_test_01399,bird,bird,0.9999998807907104,True,True,correct
1400,cifar10_test_01400,dog,dog,0.9999998807907104,True,True,correct
1401,cifar10_test_01401,deer,deer,0.9999996423721313,True,True,correct
1402,cifar10_test_01402,horse,horse,0.9999997615814209,True,True,correct
1403,cifar10_test_01403,frog,frog,1.0,True,True,correct
1404,cifar10_test_01404,automobile,automobile,1.0,True,True,correct
1405,cifar10_test_01405,automobile,automobile,0.9999992847442627,True,True,correct
1406,cifar10_test_01406,truck,truck,1.0,True,True,correct
1407,cifar10_test_01407,ship,ship,0.9999997615814209,True,True,correct
1408,cifar10_test_01408,automobile,automobile,0.9999998807907104,True,True,correct
1409,cifar10_test_01409,airplane,airplane,0.999998927116394,True,True,correct
1410,cifar10_test_01410,automobile,automobile,1.0,True,True,correct
1411,cifar10_test_01411,cat,cat,0.9999998807907104,True,True,correct
1412,cifar10_test_01412,automobile,automobile,1.0,True,True,correct
1413,cifar10_test_01413,automobile,automobile,1.0,True,True,correct
1414,cifar10_test_01414,automobile,automobile,1.0,True,True,correct
1415,cifar10_test_01415,horse,horse,0.9999998807907104,True,True,correct
1416,cifar10_test_01416,cat,cat,0.9999996423721313,True,True,correct
1417,cifar10_test_01417,truck,truck,1.0,True,True,correct
1418,cifar10_test_01418,frog,frog,1.0,True,True,correct
1419,cifar10_test_01419,ship,ship,0.9999998807907104,True,True,correct
1420,cifar10_test_01420,deer,deer,0.9999997615814209,True,True,correct
1421,cifar10_test_01421,frog,frog,1.0,True,True,correct
1422,cifar10_test_01422,ship,ship,0.9999990463256836,True,True,correct
1423,cifar10_test_01423,deer,deer,0.9999998807907104,True,True,correct
1424,cifar10_test_01424,truck,truck,1.0,True,True,correct
1425,cifar10_test_01425,deer,deer,0.9999997615814209,True,True,correct
1426,cifar10_test_01426,horse,horse,1.0,True,True,correct
1427,cifar10_test_01427,truck,truck,0.9999998807907104,True,True,correct
1428,cifar10_test_01428,horse,horse,0.9999998807907104,True,True,correct
1429,cifar10_test_01429,frog,frog,0.9999998807907104,True,True,correct
1430,cifar10_test_01430,ship,ship,0.9999997615814209,True,True,correct
1431,cifar10_test_01431,deer,deer,0.9999997615814209,True,True,correct
1432,cifar10_test_01432,truck,truck,1.0,True,True,correct
1433,cifar10_test_01433,horse,horse,0.9999997615814209,True,True,correct
1434,cifar10_test_01434,airplane,airplane,0.9999990463256836,True,True,correct
1435,cifar10_test_01435,automobile,automobile,1.0,True,True,correct
1436,cifar10_test_01436,frog,frog,1.0,True,True,correct
1437,cifar10_test_01437,automobile,automobile,1.0,True,True,correct
1438,cifar10_test_01438,dog,dog,0.9999998807907104,True,True,correct
1439,cifar10_test_01439,truck,truck,0.9998923540115356,True,True,correct
1440,cifar10_test_01440,airplane,bird,0.9999524354934692,False,True,false_negative_for_airplane;false_positive_for_bird
1441,cifar10_test_01441,deer,deer,0.9999998807907104,True,True,correct
1442,cifar10_test_01442,cat,cat,0.9999971389770508,True,True,correct
1443,cifar10_test_01443,deer,deer,0.9999996423721313,True,True,correct
1444,cifar10_test_01444,automobile,automobile,1.0,True,True,correct
1445,cifar10_test_01445,cat,cat,0.9999991655349731,True,True,correct
1446,cifar10_test_01446,airplane,airplane,0.9999985694885254,True,True,correct
1447,cifar10_test_01447,ship,ship,0.9999997615814209,True,True,correct
1448,cifar10_test_01448,deer,deer,0.9999998807907104,True,True,correct
1449,cifar10_test_01449,frog,frog,1.0,True,True,correct
1450,cifar10_test_01450,bird,bird,1.0,True,True,correct
1451,cifar10_test_01451,bird,bird,0.9999998807907104,True,True,correct
1452,cifar10_test_01452,frog,frog,1.0,True,True,correct
1453,cifar10_test_01453,dog,dog,0.9999998807907104,True,True,correct
1454,cifar10_test_01454,cat,cat,0.9999988079071045,True,True,correct
1455,cifar10_test_01455,frog,frog,1.0,True,True,correct
1456,cifar10_test_01456,bird,bird,1.0,True,True,correct
1457,cifar10_test_01457,automobile,automobile,1.0,True,True,correct
1458,cifar10_test_01458,automobile,automobile,0.9999998807907104,True,True,correct
1459,cifar10_test_01459,ship,ship,1.0,True,True,correct
1460,cifar10_test_01460,frog,frog,1.0,True,True,correct
1461,cifar10_test_01461,airplane,airplane,0.9999990463256836,True,True,correct
1462,cifar10_test_01462,deer,deer,0.9999992847442627,True,True,correct
1463,cifar10_test_01463,airplane,airplane,0.9999995231628418,True,True,correct
1464,cifar10_test_01464,automobile,automobile,0.9999998807907104,True,True,correct
1465,cifar10_test_01465,truck,truck,0.9999998807907104,True,True,correct
1466,cifar10_test_01466,horse,horse,1.0,True,True,correct
1467,cifar10_test_01467,automobile,automobile,0.9999998807907104,True,True,correct
1468,cifar10_test_01468,cat,cat,0.9999979734420776,True,True,correct
1469,cifar10_test_01469,horse,horse,0.9999735355377197,True,True,correct
1470,cifar10_test_01470,horse,horse,0.9999998807907104,True,True,correct
1471,cifar10_test_01471,ship,ship,0.9999856948852539,True,True,correct
1472,cifar10_test_01472,horse,horse,0.9999997615814209,True,True,correct
1473,cifar10_test_01473,horse,horse,1.0,True,True,correct
1474,cifar10_test_01474,cat,cat,0.9997496008872986,True,True,correct
1475,cifar10_test_01475,truck,truck,0.9999998807907104,True,True,correct
1476,cifar10_test_01476,horse,horse,1.0,True,True,correct
1477,cifar10_test_01477,horse,horse,0.9999997615814209,True,True,correct
1478,cifar10_test_01478,horse,horse,0.9999997615814209,True,True,correct
1479,cifar10_test_01479,bird,bird,0.9999998807907104,True,True,correct
1480,cifar10_test_01480,automobile,automobile,0.9999996423721313,True,True,correct
1481,cifar10_test_01481,bird,bird,1.0,True,True,correct
1482,cifar10_test_01482,ship,ship,0.9999988079071045,True,True,correct
1483,cifar10_test_01483,frog,frog,1.0,True,True,correct
1484,cifar10_test_01484,deer,deer,0.9999996423721313,True,True,correct
1485,cifar10_test_01485,airplane,airplane,0.9999986886978149,True,True,correct
1486,cifar10_test_01486,horse,horse,0.9999998807907104,True,True,correct
1487,cifar10_test_01487,truck,truck,0.9999995231628418,True,True,correct
1488,cifar10_test_01488,ship,ship,0.9999996423721313,True,True,correct
1489,cifar10_test_01489,frog,frog,1.0,True,True,correct
1490,cifar10_test_01490,ship,ship,0.9999996423721313,True,True,correct
1491,cifar10_test_01491,deer,deer,0.9999979734420776,True,True,correct
1492,cifar10_test_01492,truck,automobile,0.8973324298858643,False,True,false_negative_for_truck;false_positive_for_automobile
1493,cifar10_test_01493,automobile,automobile,0.9999998807907104,True,True,correct
1494,cifar10_test_01494,horse,horse,0.9999996423721313,True,True,correct
1495,cifar10_test_01495,bird,bird,0.9999972581863403,True,True,correct
1496,cifar10_test_01496,bird,bird,0.9999991655349731,True,True,correct
1497,cifar10_test_01497,ship,ship,1.0,True,True,correct
1498,cifar10_test_01498,dog,dog,0.9999842643737793,True,True,correct
1499,cifar10_test_01499,ship,ship,0.9999996423721313,True,True,correct
1500,cifar10_test_01500,automobile,automobile,1.0,True,True,correct
1501,cifar10_test_01501,bird,bird,0.9999990463256836,True,True,correct
1502,cifar10_test_01502,bird,bird,1.0,True,True,correct
1503,cifar10_test_01503,deer,deer,0.9999995231628418,True,True,correct
1504,cifar10_test_01504,automobile,automobile,1.0,True,True,correct
1505,cifar10_test_01505,bird,bird,1.0,True,True,correct
1506,cifar10_test_01506,dog,horse,0.9999984502792358,False,True,false_negative_for_dog;false_positive_for_horse
1507,cifar10_test_01507,bird,bird,1.0,True,True,correct
1508,cifar10_test_01508,ship,ship,0.9999997615814209,True,True,correct
1509,cifar10_test_01509,automobile,automobile,1.0,True,True,correct
1510,cifar10_test_01510,ship,ship,0.9999995231628418,True,True,correct
1511,cifar10_test_01511,automobile,automobile,1.0,True,True,correct
1512,cifar10_test_01512,ship,ship,0.9999998807907104,True,True,correct
1513,cifar10_test_01513,frog,frog,0.9999998807907104,True,True,correct
1514,cifar10_test_01514,airplane,airplane,0.9999997615814209,True,True,correct
1515,cifar10_test_01515,bird,bird,1.0,True,True,correct
1516,cifar10_test_01516,deer,deer,0.9999998807907104,True,True,correct
1517,cifar10_test_01517,automobile,automobile,1.0,True,True,correct
1518,cifar10_test_01518,cat,cat,0.9999986886978149,True,True,correct
1519,cifar10_test_01519,frog,frog,1.0,True,True,correct
1520,cifar10_test_01520,horse,horse,1.0,True,True,correct
1521,cifar10_test_01521,horse,horse,0.9999995231628418,True,True,correct
1522,cifar10_test_01522,deer,deer,0.9999998807907104,True,True,correct
1523,cifar10_test_01523,deer,deer,1.0,True,True,correct
1524,cifar10_test_01524,cat,cat,0.9999997615814209,True,True,correct
1525,cifar10_test_01525,cat,cat,0.9999985694885254,True,True,correct
1526,cifar10_test_01526,deer,deer,0.9999998807907104,True,True,correct
1527,cifar10_test_01527,dog,dog,0.999998927116394,True,True,correct
1528,cifar10_test_01528,bird,bird,1.0,True,True,correct
1529,cifar10_test_01529,deer,deer,0.9999996423721313,True,True,correct
1530,cifar10_test_01530,cat,cat,0.9999996423721313,True,True,correct
1531,cifar10_test_01531,horse,horse,1.0,True,True,correct
1532,cifar10_test_01532,ship,ship,0.9999951124191284,True,True,correct
1533,cifar10_test_01533,deer,deer,1.0,True,True,correct
1534,cifar10_test_01534,deer,deer,1.0,True,True,correct
1535,cifar10_test_01535,deer,deer,0.9999995231628418,True,True,correct
1536,cifar10_test_01536,dog,dog,0.9999910593032837,True,True,correct
1537,cifar10_test_01537,deer,deer,1.0,True,True,correct
1538,cifar10_test_01538,cat,cat,0.9999964237213135,True,True,correct
1539,cifar10_test_01539,bird,bird,1.0,True,True,correct
1540,cifar10_test_01540,ship,ship,0.9999998807907104,True,True,correct
1541,cifar10_test_01541,deer,deer,0.9999998807907104,True,True,correct
1542,cifar10_test_01542,dog,dog,0.9999998807907104,True,True,correct
1543,cifar10_test_01543,dog,dog,0.9999998807907104,True,True,correct
1544,cifar10_test_01544,deer,deer,0.9999997615814209,True,True,correct
1545,cifar10_test_01545,automobile,automobile,0.9999508857727051,True,True,correct
1546,cifar10_test_01546,deer,deer,0.9999998807907104,True,True,correct
1547,cifar10_test_01547,bird,bird,0.9999991655349731,True,True,correct
1548,cifar10_test_01548,dog,dog,0.9999995231628418,True,True,correct
1549,cifar10_test_01549,automobile,automobile,1.0,True,True,correct
1550,cifar10_test_01550,frog,frog,0.9999998807907104,True,True,correct
1551,cifar10_test_01551,deer,deer,0.9999953508377075,True,True,correct
1552,cifar10_test_01552,cat,cat,0.9999792575836182,True,True,correct
1553,cifar10_test_01553,deer,deer,0.9999995231628418,True,True,correct
1554,cifar10_test_01554,deer,deer,0.9999998807907104,True,True,correct
1555,cifar10_test_01555,airplane,airplane,0.9999995231628418,True,True,correct
1556,cifar10_test_01556,ship,ship,0.9999988079071045,True,True,correct
1557,cifar10_test_01557,ship,ship,0.9999997615814209,True,True,correct
1558,cifar10_test_01558,deer,deer,0.9999998807907104,True,True,correct
1559,cifar10_test_01559,dog,dog,0.9999971389770508,True,True,correct
1560,cifar10_test_01560,horse,horse,1.0,True,True,correct
1561,cifar10_test_01561,dog,dog,0.9999998807907104,True,True,correct
1562,cifar10_test_01562,frog,frog,1.0,True,True,correct
1563,cifar10_test_01563,truck,truck,1.0,True,True,correct
1564,cifar10_test_01564,automobile,automobile,1.0,True,True,correct
1565,cifar10_test_01565,frog,frog,1.0,True,True,correct
1566,cifar10_test_01566,horse,horse,0.9999995231628418,True,True,correct
1567,cifar10_test_01567,bird,bird,1.0,True,True,correct
1568,cifar10_test_01568,airplane,airplane,0.9999997615814209,True,True,correct
1569,cifar10_test_01569,automobile,automobile,0.9999994039535522,True,True,correct
1570,cifar10_test_01570,deer,deer,0.9999998807907104,True,True,correct
1571,cifar10_test_01571,dog,dog,1.0,True,True,correct
1572,cifar10_test_01572,frog,frog,0.9999998807907104,True,True,correct
1573,cifar10_test_01573,airplane,airplane,0.9999995231628418,True,True,correct
1574,cifar10_test_01574,airplane,airplane,0.9999992847442627,True,True,correct
1575,cifar10_test_01575,bird,bird,1.0,True,True,correct
1576,cifar10_test_01576,horse,horse,0.9999998807907104,True,True,correct
1577,cifar10_test_01577,dog,dog,0.9999979734420776,True,True,correct
1578,cifar10_test_01578,frog,frog,1.0,True,True,correct
1579,cifar10_test_01579,airplane,airplane,1.0,True,True,correct
1580,cifar10_test_01580,frog,frog,1.0,True,True,correct
1581,cifar10_test_01581,bird,bird,0.999998927116394,True,True,correct
1582,cifar10_test_01582,truck,truck,1.0,True,True,correct
1583,cifar10_test_01583,automobile,automobile,0.9999998807907104,True,True,correct
1584,cifar10_test_01584,horse,horse,0.9999998807907104,True,True,correct
1585,cifar10_test_01585,horse,horse,0.9999998807907104,True,True,correct
1586,cifar10_test_01586,dog,dog,1.0,True,True,correct
1587,cifar10_test_01587,bird,bird,0.9999500513076782,True,True,correct
1588,cifar10_test_01588,dog,dog,0.9999998807907104,True,True,correct
1589,cifar10_test_01589,frog,frog,1.0,True,True,correct
1590,cifar10_test_01590,deer,deer,1.0,True,True,correct
1591,cifar10_test_01591,automobile,automobile,1.0,True,True,correct
1592,cifar10_test_01592,deer,deer,0.9999996423721313,True,True,correct
1593,cifar10_test_01593,cat,cat,0.9999997615814209,True,True,correct
1594,cifar10_test_01594,cat,cat,0.9999994039535522,True,True,correct
1595,cifar10_test_01595,cat,cat,0.9999929666519165,True,True,correct
1596,cifar10_test_01596,airplane,airplane,0.9999997615814209,True,True,correct
1597,cifar10_test_01597,cat,cat,0.9999998807907104,True,True,correct
1598,cifar10_test_01598,dog,dog,0.9999998807907104,True,True,correct
1599,cifar10_test_01599,dog,dog,0.9999998807907104,True,True,correct
1600,cifar10_test_01600,ship,ship,0.9999997615814209,True,True,correct
1601,cifar10_test_01601,truck,truck,1.0,True,True,correct
1602,cifar10_test_01602,horse,horse,0.9999998807907104,True,True,correct
1603,cifar10_test_01603,cat,cat,0.9999998807907104,True,True,correct
1604,cifar10_test_01604,automobile,automobile,1.0,True,True,correct
1605,cifar10_test_01605,cat,cat,0.9999951124191284,True,True,correct
1606,cifar10_test_01606,cat,cat,0.9999982118606567,True,True,correct
1607,cifar10_test_01607,cat,cat,0.9999912977218628,True,True,correct
1608,cifar10_test_01608,deer,deer,0.9999998807907104,True,True,correct
1609,cifar10_test_01609,deer,deer,0.9999997615814209,True,True,correct
1610,cifar10_test_01610,bird,bird,0.9999990463256836,True,True,correct
1611,cifar10_test_01611,cat,cat,0.9999998807907104,True,True,correct
1612,cifar10_test_01612,cat,cat,0.9999997615814209,True,True,correct
1613,cifar10_test_01613,ship,ship,0.9999991655349731,True,True,correct
1614,cifar10_test_01614,automobile,automobile,1.0,True,True,correct
1615,cifar10_test_01615,horse,horse,0.9999998807907104,True,True,correct
1616,cifar10_test_01616,horse,horse,1.0,True,True,correct
1617,cifar10_test_01617,airplane,airplane,0.9999996423721313,True,True,correct
1618,cifar10_test_01618,horse,horse,0.9999816417694092,True,True,correct
1619,cifar10_test_01619,deer,deer,1.0,True,True,correct
1620,cifar10_test_01620,dog,dog,0.9999984502792358,True,True,correct
1621,cifar10_test_01621,automobile,automobile,1.0,True,True,correct
1622,cifar10_test_01622,deer,deer,0.9999998807907104,True,True,correct
1623,cifar10_test_01623,bird,bird,1.0,True,True,correct
1624,cifar10_test_01624,deer,deer,0.9999998807907104,True,True,correct
1625,cifar10_test_01625,cat,cat,0.9999980926513672,True,True,correct
1626,cifar10_test_01626,truck,truck,1.0,True,True,correct
1627,cifar10_test_01627,truck,truck,0.9999998807907104,True,True,correct
1628,cifar10_test_01628,deer,deer,0.9999997615814209,True,True,correct
1629,cifar10_test_01629,truck,truck,1.0,True,True,correct
1630,cifar10_test_01630,truck,truck,0.9999998807907104,True,True,correct
1631,cifar10_test_01631,automobile,automobile,0.9999997615814209,True,True,correct
1632,cifar10_test_01632,ship,ship,0.9999990463256836,True,True,correct
1633,cifar10_test_01633,automobile,automobile,1.0,True,True,correct
1634,cifar10_test_01634,frog,frog,1.0,True,True,correct
1635,cifar10_test_01635,horse,horse,0.9999996423721313,True,True,correct
1636,cifar10_test_01636,dog,dog,0.9999998807907104,True,True,correct
1637,cifar10_test_01637,dog,dog,0.9999958276748657,True,True,correct
1638,cifar10_test_01638,deer,deer,0.9999996423721313,True,True,correct
1639,cifar10_test_01639,truck,truck,0.9999998807907104,True,True,correct
1640,cifar10_test_01640,horse,horse,0.9999953508377075,True,True,correct
1641,cifar10_test_01641,frog,frog,1.0,True,True,correct
1642,cifar10_test_01642,dog,dog,0.9999991655349731,True,True,correct
1643,cifar10_test_01643,truck,truck,0.9999998807907104,True,True,correct
1644,cifar10_test_01644,bird,bird,0.9999997615814209,True,True,correct
1645,cifar10_test_01645,deer,deer,0.9999997615814209,True,True,correct
1646,cifar10_test_01646,airplane,airplane,0.9999992847442627,True,True,correct
1647,cifar10_test_01647,horse,horse,0.9999998807907104,True,True,correct
1648,cifar10_test_01648,ship,ship,0.9999995231628418,True,True,correct
1649,cifar10_test_01649,dog,dog,0.9999992847442627,True,True,correct
1650,cifar10_test_01650,dog,dog,0.9999998807907104,True,True,correct
1651,cifar10_test_01651,airplane,airplane,0.9999967813491821,True,True,correct
1652,cifar10_test_01652,airplane,airplane,0.9999998807907104,True,True,correct
1653,cifar10_test_01653,truck,truck,1.0,True,True,correct
1654,cifar10_test_01654,truck,truck,0.9999998807907104,True,True,correct
1655,cifar10_test_01655,ship,ship,0.9999998807907104,True,True,correct
1656,cifar10_test_01656,bird,bird,0.9999933242797852,True,True,correct
1657,cifar10_test_01657,dog,dog,0.9999997615814209,True,True,correct
1658,cifar10_test_01658,deer,deer,1.0,True,True,correct
1659,cifar10_test_01659,ship,ship,0.9999998807907104,True,True,correct
1660,cifar10_test_01660,cat,cat,0.9999997615814209,True,True,correct
1661,cifar10_test_01661,frog,frog,1.0,True,True,correct
1662,cifar10_test_01662,cat,cat,0.9999951124191284,True,True,correct
1663,cifar10_test_01663,frog,frog,1.0,True,True,correct
1664,cifar10_test_01664,airplane,airplane,0.9999988079071045,True,True,correct
1665,cifar10_test_01665,frog,frog,1.0,True,True,correct
1666,cifar10_test_01666,frog,frog,1.0,True,True,correct
1667,cifar10_test_01667,frog,frog,1.0,True,True,correct
1668,cifar10_test_01668,truck,truck,0.9999996423721313,True,True,correct
1669,cifar10_test_01669,frog,frog,1.0,True,True,correct
1670,cifar10_test_01670,frog,frog,1.0,True,True,correct
1671,cifar10_test_01671,ship,ship,0.9999998807907104,True,True,correct
1672,cifar10_test_01672,frog,frog,1.0,True,True,correct
1673,cifar10_test_01673,bird,bird,1.0,True,True,correct
1674,cifar10_test_01674,deer,deer,0.9999998807907104,True,True,correct
1675,cifar10_test_01675,dog,dog,0.9999918937683105,True,True,correct
1676,cifar10_test_01676,ship,ship,0.999998927116394,True,True,correct
1677,cifar10_test_01677,automobile,automobile,1.0,True,True,correct
1678,cifar10_test_01678,bird,bird,1.0,True,True,correct
1679,cifar10_test_01679,horse,horse,1.0,True,True,correct
1680,cifar10_test_01680,frog,frog,1.0,True,True,correct
1681,cifar10_test_01681,dog,dog,0.9999998807907104,True,True,correct
1682,cifar10_test_01682,horse,horse,0.9999998807907104,True,True,correct
1683,cifar10_test_01683,ship,ship,0.9999982118606567,True,True,correct
1684,cifar10_test_01684,automobile,ship,0.7749745845794678,False,True,false_negative_for_automobile;false_positive_for_ship
1685,cifar10_test_01685,ship,ship,0.9999996423721313,True,True,correct
1686,cifar10_test_01686,airplane,airplane,0.9999991655349731,True,True,correct
1687,cifar10_test_01687,ship,ship,0.9999927282333374,True,True,correct
1688,cifar10_test_01688,frog,frog,1.0,True,True,correct
1689,cifar10_test_01689,truck,truck,0.9999997615814209,True,True,correct
1690,cifar10_test_01690,bird,bird,0.9999990463256836,True,True,correct
1691,cifar10_test_01691,ship,ship,0.9999991655349731,True,True,correct
1692,cifar10_test_01692,truck,truck,0.9999990463256836,True,True,correct
1693,cifar10_test_01693,deer,deer,0.9999997615814209,True,True,correct
1694,cifar10_test_01694,airplane,airplane,0.9999997615814209,True,True,correct
1695,cifar10_test_01695,truck,truck,0.9999998807907104,True,True,correct
1696,cifar10_test_01696,deer,deer,1.0,True,True,correct
1697,cifar10_test_01697,truck,truck,0.9999998807907104,True,True,correct
1698,cifar10_test_01698,dog,dog,0.9999997615814209,True,True,correct
1699,cifar10_test_01699,horse,horse,1.0,True,True,correct
1700,cifar10_test_01700,dog,dog,0.9999998807907104,True,True,correct
1701,cifar10_test_01701,dog,dog,0.9999998807907104,True,True,correct
1702,cifar10_test_01702,truck,truck,1.0,True,True,correct
1703,cifar10_test_01703,dog,dog,0.9999994039535522,True,True,correct
1704,cifar10_test_01704,cat,cat,0.9999995231628418,True,True,correct
1705,cifar10_test_01705,airplane,airplane,1.0,True,True,correct
1706,cifar10_test_01706,automobile,automobile,1.0,True,True,correct
1707,cifar10_test_01707,truck,truck,1.0,True,True,correct
1708,cifar10_test_01708,horse,horse,0.9999995231628418,True,True,correct
1709,cifar10_test_01709,bird,bird,0.9999997615814209,True,True,correct
1710,cifar10_test_01710,deer,deer,0.9999995231628418,True,True,correct
1711,cifar10_test_01711,automobile,automobile,1.0,True,True,correct
1712,cifar10_test_01712,airplane,airplane,0.9999992847442627,True,True,correct
1713,cifar10_test_01713,ship,ship,0.9849838614463806,True,True,correct
1714,cifar10_test_01714,airplane,airplane,0.9999996423721313,True,True,correct
1715,cifar10_test_01715,cat,cat,0.9999991655349731,True,True,correct
1716,cifar10_test_01716,automobile,automobile,1.0,True,True,correct
1717,cifar10_test_01717,horse,horse,1.0,True,True,correct
1718,cifar10_test_01718,airplane,airplane,0.9999911785125732,True,True,correct
1719,cifar10_test_01719,airplane,airplane,0.9999997615814209,True,True,correct
1720,cifar10_test_01720,deer,deer,0.9999996423721313,True,True,correct
1721,cifar10_test_01721,ship,ship,0.9999992847442627,True,True,correct
1722,cifar10_test_01722,frog,frog,1.0,True,True,correct
1723,cifar10_test_01723,bird,bird,1.0,True,True,correct
1724,cifar10_test_01724,deer,deer,0.9999998807907104,True,True,correct
1725,cifar10_test_01725,airplane,airplane,0.9999990463256836,True,True,correct
1726,cifar10_test_01726,airplane,airplane,0.9999995231628418,True,True,correct
1727,cifar10_test_01727,truck,truck,0.9999998807907104,True,True,correct
1728,cifar10_test_01728,airplane,airplane,0.9999994039535522,True,True,correct
1729,cifar10_test_01729,ship,ship,0.9999998807907104,True,True,correct
1730,cifar10_test_01730,deer,deer,0.9999996423721313,True,True,correct
1731,cifar10_test_01731,dog,dog,0.9999988079071045,True,True,correct
1732,cifar10_test_01732,truck,automobile,0.9995521903038025,False,True,false_negative_for_truck;false_positive_for_automobile
1733,cifar10_test_01733,cat,cat,0.9999996423721313,True,True,correct
1734,cifar10_test_01734,truck,truck,0.9999998807907104,True,True,correct
1735,cifar10_test_01735,airplane,airplane,0.9999998807907104,True,True,correct
1736,cifar10_test_01736,dog,dog,0.9999997615814209,True,True,correct
1737,cifar10_test_01737,frog,frog,1.0,True,True,correct
1738,cifar10_test_01738,dog,dog,0.9999997615814209,True,True,correct
1739,cifar10_test_01739,airplane,airplane,0.9999984502792358,True,True,correct
1740,cifar10_test_01740,automobile,automobile,0.9999997615814209,True,True,correct
1741,cifar10_test_01741,deer,deer,0.9999996423721313,True,True,correct
1742,cifar10_test_01742,ship,ship,1.0,True,True,correct
1743,cifar10_test_01743,automobile,automobile,1.0,True,True,correct
1744,cifar10_test_01744,airplane,airplane,0.9999994039535522,True,True,correct
1745,cifar10_test_01745,dog,dog,0.9999998807907104,True,True,correct
1746,cifar10_test_01746,bird,bird,0.9999992847442627,True,True,correct
1747,cifar10_test_01747,automobile,automobile,1.0,True,True,correct
1748,cifar10_test_01748,airplane,airplane,0.9999992847442627,True,True,correct
1749,cifar10_test_01749,bird,bird,0.9999997615814209,True,True,correct
1750,cifar10_test_01750,ship,ship,0.9999994039535522,True,True,correct
1751,cifar10_test_01751,automobile,automobile,1.0,True,True,correct
1752,cifar10_test_01752,dog,dog,0.9999998807907104,True,True,correct
1753,cifar10_test_01753,frog,frog,0.9999998807907104,True,True,correct
1754,cifar10_test_01754,horse,horse,1.0,True,True,correct
1755,cifar10_test_01755,horse,horse,1.0,True,True,correct
1756,cifar10_test_01756,bird,bird,0.9999996423721313,True,True,correct
1757,cifar10_test_01757,frog,frog,0.9999998807907104,True,True,correct
1758,cifar10_test_01758,bird,bird,1.0,True,True,correct
1759,cifar10_test_01759,dog,dog,0.9999994039535522,True,True,correct
1760,cifar10_test_01760,airplane,airplane,0.9999992847442627,True,True,correct
1761,cifar10_test_01761,automobile,automobile,1.0,True,True,correct
1762,cifar10_test_01762,deer,deer,0.9999998807907104,True,True,correct
1763,cifar10_test_01763,bird,bird,1.0,True,True,correct
1764,cifar10_test_01764,dog,dog,0.9999998807907104,True,True,correct
1765,cifar10_test_01765,deer,deer,0.9999991655349731,True,True,correct
1766,cifar10_test_01766,frog,frog,1.0,True,True,correct
1767,cifar10_test_01767,bird,bird,1.0,True,True,correct
1768,cifar10_test_01768,bird,bird,1.0,True,True,correct
1769,cifar10_test_01769,automobile,automobile,1.0,True,True,correct
1770,cifar10_test_01770,horse,horse,1.0,True,True,correct
1771,cifar10_test_01771,bird,bird,1.0,True,True,correct
1772,cifar10_test_01772,ship,ship,0.9999991655349731,True,True,correct
1773,cifar10_test_01773,dog,dog,0.9999997615814209,True,True,correct
1774,cifar10_test_01774,dog,dog,1.0,True,True,correct
1775,cifar10_test_01775,cat,cat,0.9999998807907104,True,True,correct
1776,cifar10_test_01776,airplane,airplane,1.0,True,True,correct
1777,cifar10_test_01777,deer,deer,1.0,True,True,correct
1778,cifar10_test_01778,ship,ship,0.9999997615814209,True,True,correct
1779,cifar10_test_01779,cat,cat,0.9999572038650513,True,True,correct
1780,cifar10_test_01780,horse,horse,1.0,True,True,correct
1781,cifar10_test_01781,frog,frog,1.0,True,True,correct
1782,cifar10_test_01782,cat,cat,0.9999988079071045,True,True,correct
1783,cifar10_test_01783,ship,ship,0.9999996423721313,True,True,correct
1784,cifar10_test_01784,automobile,automobile,1.0,True,True,correct
1785,cifar10_test_01785,airplane,airplane,0.9999994039535522,True,True,correct
1786,cifar10_test_01786,automobile,automobile,1.0,True,True,correct
1787,cifar10_test_01787,cat,cat,0.9999994039535522,True,True,correct
1788,cifar10_test_01788,cat,cat,0.9992356300354004,True,True,correct
1789,cifar10_test_01789,airplane,airplane,0.9999996423721313,True,True,correct
1790,cifar10_test_01790,horse,horse,0.9999988079071045,True,True,correct
1791,cifar10_test_01791,deer,deer,0.999997615814209,True,True,correct
1792,cifar10_test_01792,truck,truck,1.0,True,True,correct
1793,cifar10_test_01793,dog,dog,1.0,True,True,correct
1794,cifar10_test_01794,cat,cat,0.9999983310699463,True,True,correct
1795,cifar10_test_01795,frog,frog,1.0,True,True,correct
1796,cifar10_test_01796,airplane,airplane,0.9999995231628418,True,True,correct
1797,cifar10_test_01797,automobile,automobile,1.0,True,True,correct
1798,cifar10_test_01798,deer,deer,0.9999997615814209,True,True,correct
1799,cifar10_test_01799,deer,deer,0.9999998807907104,True,True,correct
1800,cifar10_test_01800,deer,deer,0.9999996423721313,True,True,correct
1801,cifar10_test_01801,deer,deer,0.9999997615814209,True,True,correct
1802,cifar10_test_01802,bird,bird,1.0,True,True,correct
1803,cifar10_test_01803,bird,bird,1.0,True,True,correct
1804,cifar10_test_01804,dog,dog,0.9999996423721313,True,True,correct
1805,cifar10_test_01805,ship,ship,0.9999994039535522,True,True,correct
1806,cifar10_test_01806,automobile,automobile,1.0,True,True,correct
1807,cifar10_test_01807,dog,dog,0.9999972581863403,True,True,correct
1808,cifar10_test_01808,truck,truck,0.9999998807907104,True,True,correct
1809,cifar10_test_01809,ship,ship,0.9999998807907104,True,True,correct
1810,cifar10_test_01810,automobile,automobile,1.0,True,True,correct
1811,cifar10_test_01811,automobile,automobile,1.0,True,True,correct
1812,cifar10_test_01812,dog,dog,0.9999998807907104,True,True,correct
1813,cifar10_test_01813,cat,cat,0.9999806880950928,True,True,correct
1814,cifar10_test_01814,truck,truck,0.9999996423721313,True,True,correct
1815,cifar10_test_01815,truck,truck,0.9999998807907104,True,True,correct
1816,cifar10_test_01816,horse,horse,1.0,True,True,correct
1817,cifar10_test_01817,frog,frog,1.0,True,True,correct
1818,cifar10_test_01818,dog,dog,0.9999997615814209,True,True,correct
1819,cifar10_test_01819,airplane,airplane,0.9999998807907104,True,True,correct
1820,cifar10_test_01820,ship,ship,0.9999991655349731,True,True,correct
1821,cifar10_test_01821,deer,deer,0.9999997615814209,True,True,correct
1822,cifar10_test_01822,horse,horse,1.0,True,True,correct
1823,cifar10_test_01823,airplane,airplane,0.9999972581863403,True,True,correct
1824,cifar10_test_01824,truck,truck,1.0,True,True,correct
1825,cifar10_test_01825,bird,bird,1.0,True,True,correct
1826,cifar10_test_01826,ship,ship,0.9999994039535522,True,True,correct
1827,cifar10_test_01827,deer,deer,0.9999997615814209,True,True,correct
1828,cifar10_test_01828,horse,horse,0.9999996423721313,True,True,correct
1829,cifar10_test_01829,automobile,automobile,1.0,True,True,correct
1830,cifar10_test_01830,cat,cat,0.999900221824646,True,True,correct
1831,cifar10_test_01831,truck,truck,0.9999998807907104,True,True,correct
1832,cifar10_test_01832,frog,frog,0.9999998807907104,True,True,correct
1833,cifar10_test_01833,ship,ship,0.9999998807907104,True,True,correct
1834,cifar10_test_01834,truck,truck,0.9999998807907104,True,True,correct
1835,cifar10_test_01835,airplane,airplane,0.9999983310699463,True,True,correct
1836,cifar10_test_01836,deer,deer,0.9999996423721313,True,True,correct
1837,cifar10_test_01837,truck,truck,0.9999986886978149,True,True,correct
1838,cifar10_test_01838,frog,frog,1.0,True,True,correct
1839,cifar10_test_01839,horse,horse,1.0,True,True,correct
1840,cifar10_test_01840,ship,ship,0.9999998807907104,True,True,correct
1841,cifar10_test_01841,truck,truck,0.9999996423721313,True,True,correct
1842,cifar10_test_01842,deer,deer,1.0,True,True,correct
1843,cifar10_test_01843,ship,ship,0.9999997615814209,True,True,correct
1844,cifar10_test_01844,truck,truck,1.0,True,True,correct
1845,cifar10_test_01845,horse,horse,0.9966153502464294,True,True,correct
1846,cifar10_test_01846,bird,bird,1.0,True,True,correct
1847,cifar10_test_01847,dog,dog,0.9999997615814209,True,True,correct
1848,cifar10_test_01848,cat,cat,0.9999998807907104,True,True,correct
1849,cifar10_test_01849,horse,horse,0.9999998807907104,True,True,correct
1850,cifar10_test_01850,automobile,automobile,1.0,True,True,correct
1851,cifar10_test_01851,airplane,airplane,0.9999997615814209,True,True,correct
1852,cifar10_test_01852,bird,bird,0.9999998807907104,True,True,correct
1853,cifar10_test_01853,truck,truck,0.9999998807907104,True,True,correct
1854,cifar10_test_01854,dog,dog,0.9999996423721313,True,True,correct
1855,cifar10_test_01855,dog,dog,0.9999995231628418,True,True,correct
1856,cifar10_test_01856,ship,ship,0.9999998807907104,True,True,correct
1857,cifar10_test_01857,dog,dog,0.9999998807907104,True,True,correct
1858,cifar10_test_01858,deer,deer,0.9999997615814209,True,True,correct
1859,cifar10_test_01859,bird,bird,1.0,True,True,correct
1860,cifar10_test_01860,ship,ship,0.9999994039535522,True,True,correct
1861,cifar10_test_01861,cat,cat,0.9999997615814209,True,True,correct
1862,cifar10_test_01862,dog,dog,0.9999353885650635,True,True,correct
1863,cifar10_test_01863,dog,dog,0.9999994039535522,True,True,correct
1864,cifar10_test_01864,horse,horse,1.0,True,True,correct
1865,cifar10_test_01865,horse,horse,1.0,True,True,correct
1866,cifar10_test_01866,ship,ship,0.9999997615814209,True,True,correct
1867,cifar10_test_01867,frog,frog,0.9998103976249695,True,True,correct
1868,cifar10_test_01868,bird,bird,0.9999998807907104,True,True,correct
1869,cifar10_test_01869,ship,ship,0.9999960660934448,True,True,correct
1870,cifar10_test_01870,bird,bird,1.0,True,True,correct
1871,cifar10_test_01871,cat,cat,0.9999719858169556,True,True,correct
1872,cifar10_test_01872,dog,dog,0.9999998807907104,True,True,correct
1873,cifar10_test_01873,frog,frog,1.0,True,True,correct
1874,cifar10_test_01874,ship,ship,0.9999997615814209,True,True,correct
1875,cifar10_test_01875,airplane,airplane,0.9999996423721313,True,True,correct
1876,cifar10_test_01876,bird,bird,1.0,True,True,correct
1877,cifar10_test_01877,cat,cat,0.9999995231628418,True,True,correct
1878,cifar10_test_01878,horse,horse,0.9999997615814209,True,True,correct
1879,cifar10_test_01879,airplane,airplane,1.0,True,True,correct
1880,cifar10_test_01880,automobile,automobile,1.0,True,True,correct
1881,cifar10_test_01881,truck,truck,1.0,True,True,correct
1882,cifar10_test_01882,automobile,automobile,1.0,True,True,correct
1883,cifar10_test_01883,cat,cat,0.9999984502792358,True,True,correct
1884,cifar10_test_01884,horse,horse,0.9999991655349731,True,True,correct
1885,cifar10_test_01885,dog,dog,0.9999961853027344,True,True,correct
1886,cifar10_test_01886,ship,ship,0.9999959468841553,True,True,correct
1887,cifar10_test_01887,cat,cat,0.9999994039535522,True,True,correct
1888,cifar10_test_01888,bird,bird,0.9999998807907104,True,True,correct
1889,cifar10_test_01889,truck,truck,0.9999988079071045,True,True,correct
1890,cifar10_test_01890,frog,frog,1.0,True,True,correct
1891,cifar10_test_01891,ship,ship,0.9999998807907104,True,True,correct
1892,cifar10_test_01892,frog,frog,0.9999998807907104,True,True,correct
1893,cifar10_test_01893,truck,truck,0.9999998807907104,True,True,correct
1894,cifar10_test_01894,cat,cat,0.9999998807907104,True,True,correct
1895,cifar10_test_01895,ship,ship,0.9999845027923584,True,True,correct
1896,cifar10_test_01896,truck,truck,1.0,True,True,correct
1897,cifar10_test_01897,ship,ship,0.999998927116394,True,True,correct
1898,cifar10_test_01898,airplane,airplane,0.9999995231628418,True,True,correct
1899,cifar10_test_01899,horse,horse,0.9999998807907104,True,True,correct
1900,cifar10_test_01900,ship,ship,0.9999998807907104,True,True,correct
1901,cifar10_test_01901,dog,dog,0.9999997615814209,True,True,correct
1902,cifar10_test_01902,airplane,airplane,0.9999986886978149,True,True,correct
1903,cifar10_test_01903,airplane,airplane,0.9999994039535522,True,True,correct
1904,cifar10_test_01904,automobile,automobile,1.0,True,True,correct
1905,cifar10_test_01905,cat,cat,0.9999994039535522,True,True,correct
1906,cifar10_test_01906,truck,truck,1.0,True,True,correct
1907,cifar10_test_01907,automobile,automobile,1.0,True,True,correct
1908,cifar10_test_01908,dog,dog,0.9999997615814209,True,True,correct
1909,cifar10_test_01909,cat,cat,0.9999998807907104,True,True,correct
1910,cifar10_test_01910,deer,deer,0.9999997615814209,True,True,correct
1911,cifar10_test_01911,deer,deer,0.9999998807907104,True,True,correct
1912,cifar10_test_01912,airplane,airplane,0.9999983310699463,True,True,correct
1913,cifar10_test_01913,truck,truck,0.9999998807907104,True,True,correct
1914,cifar10_test_01914,truck,truck,0.9999998807907104,True,True,correct
1915,cifar10_test_01915,truck,truck,1.0,True,True,correct
1916,cifar10_test_01916,truck,truck,0.9999998807907104,True,True,correct
1917,cifar10_test_01917,ship,ship,0.9999997615814209,True,True,correct
1918,cifar10_test_01918,bird,bird,1.0,True,True,correct
1919,cifar10_test_01919,deer,deer,0.9999997615814209,True,True,correct
1920,cifar10_test_01920,bird,bird,1.0,True,True,correct
1921,cifar10_test_01921,bird,bird,1.0,True,True,correct
1922,cifar10_test_01922,dog,dog,0.9999998807907104,True,True,correct
1923,cifar10_test_01923,automobile,automobile,1.0,True,True,correct
1924,cifar10_test_01924,truck,truck,1.0,True,True,correct
1925,cifar10_test_01925,automobile,automobile,1.0,True,True,correct
1926,cifar10_test_01926,airplane,airplane,0.9999996423721313,True,True,correct
1927,cifar10_test_01927,truck,truck,1.0,True,True,correct
1928,cifar10_test_01928,deer,deer,0.9999998807907104,True,True,correct
1929,cifar10_test_01929,bird,bird,0.9999996423721313,True,True,correct
1930,cifar10_test_01930,automobile,automobile,1.0,True,True,correct
1931,cifar10_test_01931,frog,frog,1.0,True,True,correct
1932,cifar10_test_01932,airplane,airplane,0.9999995231628418,True,True,correct
1933,cifar10_test_01933,cat,dog,0.9990853071212769,False,True,false_negative_for_cat;false_positive_for_dog
1934,cifar10_test_01934,horse,horse,0.9999998807907104,True,True,correct
1935,cifar10_test_01935,frog,frog,0.9857653975486755,True,True,correct
1936,cifar10_test_01936,cat,cat,0.9999982118606567,True,True,correct
1937,cifar10_test_01937,automobile,automobile,0.9999029636383057,True,True,correct
1938,cifar10_test_01938,ship,ship,0.9999885559082031,True,True,correct
1939,cifar10_test_01939,frog,frog,1.0,True,True,correct
1940,cifar10_test_01940,dog,dog,0.9999990463256836,True,True,correct
1941,cifar10_test_01941,horse,horse,1.0,True,True,correct
1942,cifar10_test_01942,bird,bird,1.0,True,True,correct
1943,cifar10_test_01943,ship,ship,0.9999994039535522,True,True,correct
1944,cifar10_test_01944,deer,deer,0.9999995231628418,True,True,correct
1945,cifar10_test_01945,deer,deer,0.9999998807907104,True,True,correct
1946,cifar10_test_01946,ship,ship,0.9999998807907104,True,True,correct
1947,cifar10_test_01947,cat,cat,0.9999988079071045,True,True,correct
1948,cifar10_test_01948,dog,dog,0.9999998807907104,True,True,correct
1949,cifar10_test_01949,airplane,airplane,0.9999996423721313,True,True,correct
1950,cifar10_test_01950,dog,dog,0.9999994039535522,True,True,correct
1951,cifar10_test_01951,horse,horse,1.0,True,True,correct
1952,cifar10_test_01952,deer,deer,0.9999998807907104,True,True,correct
1953,cifar10_test_01953,deer,deer,0.999998927116394,True,True,correct
1954,cifar10_test_01954,bird,bird,1.0,True,True,correct
1955,cifar10_test_01955,bird,bird,1.0,True,True,correct
1956,cifar10_test_01956,horse,horse,0.9999997615814209,True,True,correct
1957,cifar10_test_01957,cat,cat,0.999902606010437,True,True,correct
1958,cifar10_test_01958,frog,frog,0.9999996423721313,True,True,correct
1959,cifar10_test_01959,airplane,airplane,0.9999996423721313,True,True,correct
1960,cifar10_test_01960,bird,bird,1.0,True,True,correct
1961,cifar10_test_01961,horse,horse,0.9999996423721313,True,True,correct
1962,cifar10_test_01962,frog,frog,1.0,True,True,correct
1963,cifar10_test_01963,bird,bird,1.0,True,True,correct
1964,cifar10_test_01964,cat,cat,0.9999995231628418,True,True,correct
1965,cifar10_test_01965,airplane,airplane,0.9999994039535522,True,True,correct
1966,cifar10_test_01966,horse,horse,1.0,True,True,correct
1967,cifar10_test_01967,horse,horse,0.9999998807907104,True,True,correct
1968,cifar10_test_01968,ship,ship,0.9999998807907104,True,True,correct
1969,cifar10_test_01969,automobile,truck,1.0,False,True,false_negative_for_automobile;false_positive_for_truck
1970,cifar10_test_01970,automobile,automobile,1.0,True,True,correct
1971,cifar10_test_01971,deer,deer,0.9999998807907104,True,True,correct
1972,cifar10_test_01972,frog,frog,1.0,True,True,correct
1973,cifar10_test_01973,airplane,airplane,0.9999994039535522,True,True,correct
1974,cifar10_test_01974,frog,frog,1.0,True,True,correct
1975,cifar10_test_01975,frog,frog,1.0,True,True,correct
1976,cifar10_test_01976,dog,dog,0.9999849796295166,True,True,correct
1977,cifar10_test_01977,dog,dog,0.9999996423721313,True,True,correct
1978,cifar10_test_01978,frog,frog,1.0,True,True,correct
1979,cifar10_test_01979,cat,cat,0.9999998807907104,True,True,correct
1980,cifar10_test_01980,truck,truck,0.9999997615814209,True,True,correct
1981,cifar10_test_01981,cat,cat,0.9999996423721313,True,True,correct
1982,cifar10_test_01982,frog,frog,1.0,True,True,correct
1983,cifar10_test_01983,ship,ship,0.9999998807907104,True,True,correct
1984,cifar10_test_01984,horse,horse,0.9999997615814209,True,True,correct
1985,cifar10_test_01985,frog,frog,1.0,True,True,correct
1986,cifar10_test_01986,deer,deer,0.9999994039535522,True,True,correct
1987,cifar10_test_01987,truck,truck,1.0,True,True,correct
1988,cifar10_test_01988,dog,dog,0.9999998807907104,True,True,correct
1989,cifar10_test_01989,frog,frog,0.9999998807907104,True,True,correct
1990,cifar10_test_01990,deer,deer,0.9999997615814209,True,True,correct
1991,cifar10_test_01991,automobile,automobile,1.0,True,True,correct
1992,cifar10_test_01992,frog,frog,1.0,True,True,correct
1993,cifar10_test_01993,cat,cat,0.9994661211967468,True,True,correct
1994,cifar10_test_01994,ship,ship,0.9999994039535522,True,True,correct
1995,cifar10_test_01995,bird,bird,0.9999998807907104,True,True,correct
1996,cifar10_test_01996,cat,cat,0.9999943971633911,True,True,correct
1997,cifar10_test_01997,truck,truck,1.0,True,True,correct
1998,cifar10_test_01998,ship,ship,0.9999715089797974,True,True,correct
1999,cifar10_test_01999,dog,dog,0.9999998807907104,True,True,correct
2000,cifar10_test_02000,automobile,automobile,1.0,True,True,correct
2001,cifar10_test_02001,dog,dog,0.9999997615814209,True,True,correct
2002,cifar10_test_02002,deer,deer,0.9999994039535522,True,True,correct
2003,cifar10_test_02003,dog,dog,0.9999998807907104,True,True,correct
2004,cifar10_test_02004,horse,horse,1.0,True,True,correct
2005,cifar10_test_02005,dog,dog,0.9999935626983643,True,True,correct
2006,cifar10_test_02006,horse,horse,0.9999998807907104,True,True,correct
2007,cifar10_test_02007,ship,ship,0.9999990463256836,True,True,correct
2008,cifar10_test_02008,truck,truck,1.0,True,True,correct
2009,cifar10_test_02009,automobile,automobile,1.0,True,True,correct
2010,cifar10_test_02010,horse,cat,0.9754456281661987,False,True,false_negative_for_horse;false_positive_for_cat
2011,cifar10_test_02011,bird,bird,0.9999998807907104,True,True,correct
2012,cifar10_test_02012,dog,dog,0.9999997615814209,True,True,correct
2013,cifar10_test_02013,frog,frog,0.9999949932098389,True,True,correct
2014,cifar10_test_02014,ship,ship,0.9999998807907104,True,True,correct
2015,cifar10_test_02015,deer,deer,0.9999996423721313,True,True,correct
2016,cifar10_test_02016,frog,frog,0.9999998807907104,True,True,correct
2017,cifar10_test_02017,dog,dog,0.9999994039535522,True,True,correct
2018,cifar10_test_02018,cat,cat,0.9999940395355225,True,True,correct
2019,cifar10_test_02019,truck,truck,1.0,True,True,correct
2020,cifar10_test_02020,truck,truck,0.9999998807907104,True,True,correct
2021,cifar10_test_02021,ship,ship,0.9999998807907104,True,True,correct
2022,cifar10_test_02022,dog,dog,0.999998927116394,True,True,correct
2023,cifar10_test_02023,dog,dog,0.9999998807907104,True,True,correct
2024,cifar10_test_02024,frog,frog,1.0,True,True,correct
2025,cifar10_test_02025,deer,deer,0.9999998807907104,True,True,correct
2026,cifar10_test_02026,dog,dog,0.9999998807907104,True,True,correct
2027,cifar10_test_02027,truck,truck,0.9999998807907104,True,True,correct
2028,cifar10_test_02028,horse,horse,1.0,True,True,correct
2029,cifar10_test_02029,cat,cat,0.9999933242797852,True,True,correct
2030,cifar10_test_02030,deer,deer,0.9999998807907104,True,True,correct
2031,cifar10_test_02031,automobile,automobile,0.9999998807907104,True,True,correct
2032,cifar10_test_02032,deer,deer,1.0,True,True,correct
2033,cifar10_test_02033,bird,bird,0.9999992847442627,True,True,correct
2034,cifar10_test_02034,cat,cat,0.9999992847442627,True,True,correct
2035,cifar10_test_02035,frog,frog,1.0,True,True,correct
2036,cifar10_test_02036,dog,dog,0.9999992847442627,True,True,correct
2037,cifar10_test_02037,dog,dog,0.9999948740005493,True,True,correct
2038,cifar10_test_02038,bird,bird,1.0,True,True,correct
2039,cifar10_test_02039,ship,ship,0.9999998807907104,True,True,correct
2040,cifar10_test_02040,airplane,airplane,0.9999990463256836,True,True,correct
2041,cifar10_test_02041,airplane,airplane,0.9999994039535522,True,True,correct
2042,cifar10_test_02042,automobile,automobile,1.0,True,True,correct
2043,cifar10_test_02043,ship,ship,0.9999990463256836,True,True,correct
2044,cifar10_test_02044,cat,cat,0.9999988079071045,True,True,correct
2045,cifar10_test_02045,automobile,automobile,1.0,True,True,correct
2046,cifar10_test_02046,cat,cat,0.9999974966049194,True,True,correct
2047,cifar10_test_02047,dog,dog,0.9999997615814209,True,True,correct
2048,cifar10_test_02048,ship,ship,1.0,True,True,correct
2049,cifar10_test_02049,cat,cat,0.9999992847442627,True,True,correct
2050,cifar10_test_02050,ship,ship,0.9999998807907104,True,True,correct
2051,cifar10_test_02051,dog,dog,0.9999997615814209,True,True,correct
2052,cifar10_test_02052,ship,ship,1.0,True,True,correct
2053,cifar10_test_02053,frog,frog,1.0,True,True,correct
2054,cifar10_test_02054,cat,cat,0.9999996423721313,True,True,correct
2055,cifar10_test_02055,dog,dog,0.9999998807907104,True,True,correct
2056,cifar10_test_02056,dog,dog,0.9999998807907104,True,True,correct
2057,cifar10_test_02057,dog,dog,0.9999995231628418,True,True,correct
2058,cifar10_test_02058,airplane,airplane,0.9999973773956299,True,True,correct
2059,cifar10_test_02059,truck,truck,0.9999995231628418,True,True,correct
2060,cifar10_test_02060,dog,dog,0.9999997615814209,True,True,correct
2061,cifar10_test_02061,dog,dog,0.9999998807907104,True,True,correct
2062,cifar10_test_02062,horse,horse,0.9999996423721313,True,True,correct
2063,cifar10_test_02063,automobile,automobile,1.0,True,True,correct
2064,cifar10_test_02064,ship,ship,0.9999995231628418,True,True,correct
2065,cifar10_test_02065,bird,bird,0.9999995231628418,True,True,correct
2066,cifar10_test_02066,bird,bird,0.9999998807907104,True,True,correct
2067,cifar10_test_02067,horse,horse,0.9999994039535522,True,True,correct
2068,cifar10_test_02068,cat,cat,0.9999997615814209,True,True,correct
2069,cifar10_test_02069,deer,deer,0.9999996423721313,True,True,correct
2070,cifar10_test_02070,bird,bird,1.0,True,True,correct
2071,cifar10_test_02071,truck,truck,1.0,True,True,correct
2072,cifar10_test_02072,frog,frog,1.0,True,True,correct
2073,cifar10_test_02073,bird,bird,1.0,True,True,correct
2074,cifar10_test_02074,bird,bird,1.0,True,True,correct
2075,cifar10_test_02075,deer,deer,0.9999998807907104,True,True,correct
2076,cifar10_test_02076,cat,cat,0.9999997615814209,True,True,correct
2077,cifar10_test_02077,airplane,airplane,0.9999995231628418,True,True,correct
2078,cifar10_test_02078,bird,bird,0.9728893637657166,True,True,correct
2079,cifar10_test_02079,airplane,airplane,0.9999997615814209,True,True,correct
2080,cifar10_test_02080,automobile,automobile,1.0,True,True,correct
2081,cifar10_test_02081,cat,cat,0.9999991655349731,True,True,correct
2082,cifar10_test_02082,bird,bird,1.0,True,True,correct
2083,cifar10_test_02083,bird,bird,1.0,True,True,correct
2084,cifar10_test_02084,horse,horse,1.0,True,True,correct
2085,cifar10_test_02085,airplane,airplane,0.999998927116394,True,True,correct
2086,cifar10_test_02086,automobile,automobile,0.9999998807907104,True,True,correct
2087,cifar10_test_02087,airplane,airplane,0.9999991655349731,True,True,correct
2088,cifar10_test_02088,horse,horse,0.9999998807907104,True,True,correct
2089,cifar10_test_02089,horse,horse,1.0,True,True,correct
2090,cifar10_test_02090,bird,bird,1.0,True,True,correct
2091,cifar10_test_02091,airplane,airplane,0.9999992847442627,True,True,correct
2092,cifar10_test_02092,automobile,automobile,1.0,True,True,correct
2093,cifar10_test_02093,frog,frog,1.0,True,True,correct
2094,cifar10_test_02094,dog,dog,0.9999998807907104,True,True,correct
2095,cifar10_test_02095,airplane,airplane,0.9999995231628418,True,True,correct
2096,cifar10_test_02096,bird,bird,0.9999998807907104,True,True,correct
2097,cifar10_test_02097,bird,bird,0.9999998807907104,True,True,correct
2098,cifar10_test_02098,airplane,airplane,0.9999994039535522,True,True,correct
2099,cifar10_test_02099,automobile,automobile,1.0,True,True,correct
2100,cifar10_test_02100,bird,bird,1.0,True,True,correct
2101,cifar10_test_02101,frog,frog,0.999998927116394,True,True,correct
2102,cifar10_test_02102,airplane,airplane,0.9999995231628418,True,True,correct
2103,cifar10_test_02103,automobile,automobile,0.9999998807907104,True,True,correct
2104,cifar10_test_02104,frog,frog,1.0,True,True,correct
2105,cifar10_test_02105,frog,frog,1.0,True,True,correct
2106,cifar10_test_02106,dog,dog,0.9999994039535522,True,True,correct
2107,cifar10_test_02107,cat,cat,0.9999997615814209,True,True,correct
2108,cifar10_test_02108,deer,deer,0.9999997615814209,True,True,correct
2109,cifar10_test_02109,airplane,airplane,0.9999995231628418,True,True,correct
2110,cifar10_test_02110,airplane,airplane,0.9999998807907104,True,True,correct
2111,cifar10_test_02111,truck,truck,0.9999945163726807,True,True,correct
2112,cifar10_test_02112,automobile,automobile,0.9999998807907104,True,True,correct
2113,cifar10_test_02113,airplane,airplane,0.9999996423721313,True,True,correct
2114,cifar10_test_02114,bird,bird,0.9999995231628418,True,True,correct
2115,cifar10_test_02115,dog,dog,0.9999997615814209,True,True,correct
2116,cifar10_test_02116,truck,truck,0.9999997615814209,True,True,correct
2117,cifar10_test_02117,horse,horse,1.0,True,True,correct
2118,cifar10_test_02118,ship,ship,0.9999996423721313,True,True,correct
2119,cifar10_test_02119,frog,frog,1.0,True,True,correct
2120,cifar10_test_02120,deer,deer,1.0,True,True,correct
2121,cifar10_test_02121,frog,frog,1.0,True,True,correct
2122,cifar10_test_02122,airplane,airplane,0.9999991655349731,True,True,correct
2123,cifar10_test_02123,bird,bird,1.0,True,True,correct
2124,cifar10_test_02124,airplane,airplane,0.9999998807907104,True,True,correct
2125,cifar10_test_02125,automobile,automobile,1.0,True,True,correct
2126,cifar10_test_02126,truck,truck,0.9999997615814209,True,True,correct
2127,cifar10_test_02127,bird,bird,0.9999998807907104,True,True,correct
2128,cifar10_test_02128,deer,deer,0.9999998807907104,True,True,correct
2129,cifar10_test_02129,truck,truck,0.9999986886978149,True,True,correct
2130,cifar10_test_02130,airplane,airplane,0.9999998807907104,True,True,correct
2131,cifar10_test_02131,horse,horse,1.0,True,True,correct
2132,cifar10_test_02132,bird,bird,0.9999997615814209,True,True,correct
2133,cifar10_test_02133,cat,cat,0.9999997615814209,True,True,correct
2134,cifar10_test_02134,deer,deer,0.9999996423721313,True,True,correct
2135,cifar10_test_02135,ship,ship,1.0,True,True,correct
2136,cifar10_test_02136,airplane,airplane,0.9999986886978149,True,True,correct
2137,cifar10_test_02137,bird,bird,0.9999996423721313,True,True,correct
2138,cifar10_test_02138,frog,frog,1.0,True,True,correct
2139,cifar10_test_02139,ship,ship,0.9999997615814209,True,True,correct
2140,cifar10_test_02140,truck,truck,1.0,True,True,correct
2141,cifar10_test_02141,horse,horse,0.9999996423721313,True,True,correct
2142,cifar10_test_02142,automobile,automobile,0.9999998807907104,True,True,correct
2143,cifar10_test_02143,truck,truck,0.9999998807907104,True,True,correct
2144,cifar10_test_02144,cat,cat,0.9999997615814209,True,True,correct
2145,cifar10_test_02145,horse,horse,0.9999998807907104,True,True,correct
2146,cifar10_test_02146,bird,bird,1.0,True,True,correct
2147,cifar10_test_02147,horse,horse,0.9999998807907104,True,True,correct
2148,cifar10_test_02148,truck,truck,0.9999998807907104,True,True,correct
2149,cifar10_test_02149,frog,frog,1.0,True,True,correct
2150,cifar10_test_02150,truck,truck,1.0,True,True,correct
2151,cifar10_test_02151,dog,dog,0.9999986886978149,True,True,correct
2152,cifar10_test_02152,horse,horse,0.9999998807907104,True,True,correct
2153,cifar10_test_02153,ship,ship,0.9999997615814209,True,True,correct
2154,cifar10_test_02154,dog,dog,0.9999986886978149,True,True,correct
2155,cifar10_test_02155,truck,truck,0.9999998807907104,True,True,correct
2156,cifar10_test_02156,ship,ship,0.9999998807907104,True,True,correct
2157,cifar10_test_02157,cat,cat,0.9999985694885254,True,True,correct
2158,cifar10_test_02158,truck,truck,1.0,True,True,correct
2159,cifar10_test_02159,ship,ship,0.9998725652694702,True,True,correct
2160,cifar10_test_02160,airplane,airplane,0.9999995231628418,True,True,correct
2161,cifar10_test_02161,dog,dog,0.9999891519546509,True,True,correct
2162,cifar10_test_02162,dog,dog,0.9999998807907104,True,True,correct
2163,cifar10_test_02163,horse,horse,0.9999995231628418,True,True,correct
2164,cifar10_test_02164,automobile,automobile,1.0,True,True,correct
2165,cifar10_test_02165,bird,bird,0.9999998807907104,True,True,correct
2166,cifar10_test_02166,airplane,airplane,0.9999657869338989,True,True,correct
2167,cifar10_test_02167,horse,horse,0.9999997615814209,True,True,correct
2168,cifar10_test_02168,dog,dog,0.9999998807907104,True,True,correct
2169,cifar10_test_02169,ship,ship,0.9999997615814209,True,True,correct
2170,cifar10_test_02170,bird,bird,1.0,True,True,correct
2171,cifar10_test_02171,bird,bird,0.9999998807907104,True,True,correct
2172,cifar10_test_02172,dog,dog,0.9999978542327881,True,True,correct
2173,cifar10_test_02173,cat,cat,0.9999982118606567,True,True,correct
2174,cifar10_test_02174,truck,truck,0.9999998807907104,True,True,correct
2175,cifar10_test_02175,cat,cat,0.9999964237213135,True,True,correct
2176,cifar10_test_02176,automobile,automobile,0.9999994039535522,True,True,correct
2177,cifar10_test_02177,truck,truck,0.9999997615814209,True,True,correct
2178,cifar10_test_02178,cat,cat,0.9999992847442627,True,True,correct
2179,cifar10_test_02179,automobile,automobile,1.0,True,True,correct
2180,cifar10_test_02180,deer,deer,0.9999988079071045,True,True,correct
2181,cifar10_test_02181,cat,cat,0.9999985694885254,True,True,correct
2182,cifar10_test_02182,deer,deer,0.9999998807907104,True,True,correct
2183,cifar10_test_02183,deer,deer,1.0,True,True,correct
2184,cifar10_test_02184,truck,truck,1.0,True,True,correct
2185,cifar10_test_02185,airplane,airplane,0.9999998807907104,True,True,correct
2186,cifar10_test_02186,truck,truck,0.9999972581863403,True,True,correct
2187,cifar10_test_02187,dog,cat,0.9999387264251709,False,True,false_negative_for_dog;false_positive_for_cat
2188,cifar10_test_02188,truck,truck,1.0,True,True,correct
2189,cifar10_test_02189,bird,bird,1.0,True,True,correct
2190,cifar10_test_02190,truck,truck,0.9999994039535522,True,True,correct
2191,cifar10_test_02191,deer,deer,1.0,True,True,correct
2192,cifar10_test_02192,airplane,airplane,0.9999998807907104,True,True,correct
2193,cifar10_test_02193,bird,bird,1.0,True,True,correct
2194,cifar10_test_02194,ship,ship,0.9999998807907104,True,True,correct
2195,cifar10_test_02195,deer,deer,0.9999997615814209,True,True,correct
2196,cifar10_test_02196,ship,ship,0.9999998807907104,True,True,correct
2197,cifar10_test_02197,frog,frog,1.0,True,True,correct
2198,cifar10_test_02198,ship,ship,0.9999995231628418,True,True,correct
2199,cifar10_test_02199,bird,bird,0.9999998807907104,True,True,correct
2200,cifar10_test_02200,airplane,airplane,0.9999982118606567,True,True,correct
2201,cifar10_test_02201,dog,dog,0.9999996423721313,True,True,correct
2202,cifar10_test_02202,truck,truck,0.9999998807907104,True,True,correct
2203,cifar10_test_02203,frog,frog,1.0,True,True,correct
2204,cifar10_test_02204,truck,truck,1.0,True,True,correct
2205,cifar10_test_02205,dog,dog,0.9999986886978149,True,True,correct
2206,cifar10_test_02206,automobile,automobile,0.9999998807907104,True,True,correct
2207,cifar10_test_02207,cat,cat,0.9999991655349731,True,True,correct
2208,cifar10_test_02208,deer,deer,0.9999997615814209,True,True,correct
2209,cifar10_test_02209,deer,deer,0.9999996423721313,True,True,correct
2210,cifar10_test_02210,bird,bird,1.0,True,True,correct
2211,cifar10_test_02211,horse,horse,0.9999998807907104,True,True,correct
2212,cifar10_test_02212,bird,bird,0.9999998807907104,True,True,correct
2213,cifar10_test_02213,deer,deer,0.9999995231628418,True,True,correct
2214,cifar10_test_02214,deer,deer,0.9999992847442627,True,True,correct
2215,cifar10_test_02215,airplane,airplane,0.9999997615814209,True,True,correct
2216,cifar10_test_02216,bird,bird,0.9999992847442627,True,True,correct
2217,cifar10_test_02217,ship,ship,0.9999996423721313,True,True,correct
2218,cifar10_test_02218,deer,deer,1.0,True,True,correct
2219,cifar10_test_02219,dog,dog,0.9999998807907104,True,True,correct
2220,cifar10_test_02220,automobile,automobile,1.0,True,True,correct
2221,cifar10_test_02221,bird,bird,1.0,True,True,correct
2222,cifar10_test_02222,frog,frog,1.0,True,True,correct
2223,cifar10_test_02223,ship,ship,0.9999997615814209,True,True,correct
2224,cifar10_test_02224,automobile,automobile,0.9999998807907104,True,True,correct
2225,cifar10_test_02225,horse,horse,0.9999997615814209,True,True,correct
2226,cifar10_test_02226,bird,bird,0.9997839331626892,True,True,correct
2227,cifar10_test_02227,ship,ship,0.9999996423721313,True,True,correct
2228,cifar10_test_02228,horse,horse,0.9999998807907104,True,True,correct
2229,cifar10_test_02229,deer,deer,1.0,True,True,correct
2230,cifar10_test_02230,cat,cat,0.9999998807907104,True,True,correct
2231,cifar10_test_02231,cat,cat,0.9999996423721313,True,True,correct
2232,cifar10_test_02232,airplane,airplane,0.999983549118042,True,True,correct
2233,cifar10_test_02233,cat,cat,0.9999958276748657,True,True,correct
2234,cifar10_test_02234,horse,horse,1.0,True,True,correct
2235,cifar10_test_02235,bird,bird,1.0,True,True,correct
2236,cifar10_test_02236,dog,dog,0.9999998807907104,True,True,correct
2237,cifar10_test_02237,frog,frog,1.0,True,True,correct
2238,cifar10_test_02238,automobile,automobile,1.0,True,True,correct
2239,cifar10_test_02239,horse,horse,1.0,True,True,correct
2240,cifar10_test_02240,truck,truck,0.9999998807907104,True,True,correct
2241,cifar10_test_02241,airplane,airplane,0.9999997615814209,True,True,correct
2242,cifar10_test_02242,bird,bird,1.0,True,True,correct
2243,cifar10_test_02243,cat,cat,0.9999995231628418,True,True,correct
2244,cifar10_test_02244,truck,truck,0.9999998807907104,True,True,correct
2245,cifar10_test_02245,ship,ship,0.9999998807907104,True,True,correct
2246,cifar10_test_02246,truck,truck,1.0,True,True,correct
2247,cifar10_test_02247,dog,dog,0.9999997615814209,True,True,correct
2248,cifar10_test_02248,airplane,airplane,0.9947689771652222,True,True,correct
2249,cifar10_test_02249,airplane,airplane,0.9999995231628418,True,True,correct
2250,cifar10_test_02250,horse,horse,0.9999992847442627,True,True,correct
2251,cifar10_test_02251,frog,frog,0.9999998807907104,True,True,correct
2252,cifar10_test_02252,cat,cat,0.9999997615814209,True,True,correct
2253,cifar10_test_02253,cat,cat,0.9999990463256836,True,True,correct
2254,cifar10_test_02254,ship,ship,0.9999996423721313,True,True,correct
2255,cifar10_test_02255,automobile,automobile,0.9999998807907104,True,True,correct
2256,cifar10_test_02256,deer,deer,0.9999996423721313,True,True,correct
2257,cifar10_test_02257,airplane,airplane,0.9999998807907104,True,True,correct
2258,cifar10_test_02258,automobile,automobile,1.0,True,True,correct
2259,cifar10_test_02259,dog,dog,0.9999998807907104,True,True,correct
2260,cifar10_test_02260,deer,deer,0.9999997615814209,True,True,correct
2261,cifar10_test_02261,cat,cat,1.0,True,True,correct
2262,cifar10_test_02262,bird,bird,0.9999996423721313,True,True,correct
2263,cifar10_test_02263,frog,frog,1.0,True,True,correct
2264,cifar10_test_02264,airplane,airplane,0.9999998807907104,True,True,correct
2265,cifar10_test_02265,ship,ship,0.9999997615814209,True,True,correct
2266,cifar10_test_02266,ship,ship,0.9999998807907104,True,True,correct
2267,cifar10_test_02267,frog,frog,0.9999994039535522,True,True,correct
2268,cifar10_test_02268,cat,cat,0.9999998807907104,True,True,correct
2269,cifar10_test_02269,cat,cat,0.9999997615814209,True,True,correct
2270,cifar10_test_02270,bird,bird,0.9999977350234985,True,True,correct
2271,cifar10_test_02271,truck,truck,0.9999605417251587,True,True,correct
2272,cifar10_test_02272,horse,horse,1.0,True,True,correct
2273,cifar10_test_02273,dog,dog,0.9999996423721313,True,True,correct
2274,cifar10_test_02274,automobile,automobile,0.9999998807907104,True,True,correct
2275,cifar10_test_02275,frog,frog,1.0,True,True,correct
2276,cifar10_test_02276,airplane,airplane,0.9999998807907104,True,True,correct
2277,cifar10_test_02277,dog,dog,0.9999982118606567,True,True,correct
2278,cifar10_test_02278,truck,truck,1.0,True,True,correct
2279,cifar10_test_02279,truck,truck,1.0,True,True,correct
2280,cifar10_test_02280,deer,deer,0.9999998807907104,True,True,correct
2281,cifar10_test_02281,dog,dog,0.9999992847442627,True,True,correct
2282,cifar10_test_02282,truck,truck,1.0,True,True,correct
2283,cifar10_test_02283,deer,deer,0.9999996423721313,True,True,correct
2284,cifar10_test_02284,ship,ship,0.9999980926513672,True,True,correct
2285,cifar10_test_02285,cat,cat,0.9999992847442627,True,True,correct
2286,cifar10_test_02286,cat,cat,0.9999992847442627,True,True,correct
2287,cifar10_test_02287,bird,bird,1.0,True,True,correct
2288,cifar10_test_02288,dog,dog,0.9999998807907104,True,True,correct
2289,cifar10_test_02289,automobile,automobile,1.0,True,True,correct
2290,cifar10_test_02290,truck,truck,1.0,True,True,correct
2291,cifar10_test_02291,dog,dog,0.9999998807907104,True,True,correct
2292,cifar10_test_02292,dog,dog,0.9999996423721313,True,True,correct
2293,cifar10_test_02293,ship,ship,0.9999995231628418,True,True,correct
2294,cifar10_test_02294,automobile,automobile,0.9999998807907104,True,True,correct
2295,cifar10_test_02295,ship,ship,0.9999998807907104,True,True,correct
2296,cifar10_test_02296,truck,truck,1.0,True,True,correct
2297,cifar10_test_02297,horse,horse,0.9999998807907104,True,True,correct
2298,cifar10_test_02298,airplane,airplane,0.9999969005584717,True,True,correct
2299,cifar10_test_02299,frog,frog,0.9999998807907104,True,True,correct
2300,cifar10_test_02300,cat,cat,0.9999762773513794,True,True,correct
2301,cifar10_test_02301,bird,bird,0.9999597072601318,True,True,correct
2302,cifar10_test_02302,airplane,airplane,0.9999995231628418,True,True,correct
2303,cifar10_test_02303,bird,bird,1.0,True,True,correct
2304,cifar10_test_02304,frog,frog,1.0,True,True,correct
2305,cifar10_test_02305,truck,truck,1.0,True,True,correct
2306,cifar10_test_02306,cat,cat,0.9999995231628418,True,True,correct
2307,cifar10_test_02307,truck,truck,1.0,True,True,correct
2308,cifar10_test_02308,automobile,automobile,1.0,True,True,correct
2309,cifar10_test_02309,frog,frog,0.9999997615814209,True,True,correct
2310,cifar10_test_02310,frog,frog,0.9999997615814209,True,True,correct
2311,cifar10_test_02311,horse,horse,0.9999998807907104,True,True,correct
2312,cifar10_test_02312,bird,bird,1.0,True,True,correct
2313,cifar10_test_02313,frog,frog,1.0,True,True,correct
2314,cifar10_test_02314,cat,cat,0.999997615814209,True,True,correct
2315,cifar10_test_02315,bird,bird,0.9999998807907104,True,True,correct
2316,cifar10_test_02316,dog,dog,0.9999998807907104,True,True,correct
2317,cifar10_test_02317,dog,dog,0.9999998807907104,True,True,correct
2318,cifar10_test_02318,bird,bird,1.0,True,True,correct
2319,cifar10_test_02319,horse,horse,0.9999997615814209,True,True,correct
2320,cifar10_test_02320,dog,dog,0.9999996423721313,True,True,correct
2321,cifar10_test_02321,bird,bird,1.0,True,True,correct
2322,cifar10_test_02322,airplane,airplane,0.99924635887146,True,True,correct
2323,cifar10_test_02323,ship,ship,0.9999998807907104,True,True,correct
2324,cifar10_test_02324,airplane,airplane,0.9999988079071045,True,True,correct
2325,cifar10_test_02325,horse,horse,0.9999996423721313,True,True,correct
2326,cifar10_test_02326,horse,horse,1.0,True,True,correct
2327,cifar10_test_02327,automobile,automobile,1.0,True,True,correct
2328,cifar10_test_02328,horse,horse,0.9999997615814209,True,True,correct
2329,cifar10_test_02329,deer,deer,0.9999997615814209,True,True,correct
2330,cifar10_test_02330,airplane,airplane,0.9999996423721313,True,True,correct
2331,cifar10_test_02331,bird,bird,0.9999936819076538,True,True,correct
2332,cifar10_test_02332,bird,bird,1.0,True,True,correct
2333,cifar10_test_02333,frog,frog,1.0,True,True,correct
2334,cifar10_test_02334,automobile,automobile,1.0,True,True,correct
2335,cifar10_test_02335,dog,dog,0.9999998807907104,True,True,correct
2336,cifar10_test_02336,truck,truck,0.9999998807907104,True,True,correct
2337,cifar10_test_02337,horse,horse,0.9999985694885254,True,True,correct
2338,cifar10_test_02338,frog,frog,1.0,True,True,correct
2339,cifar10_test_02339,bird,bird,1.0,True,True,correct
2340,cifar10_test_02340,horse,horse,0.9999998807907104,True,True,correct
2341,cifar10_test_02341,airplane,airplane,0.9999996423721313,True,True,correct
2342,cifar10_test_02342,dog,dog,1.0,True,True,correct
2343,cifar10_test_02343,frog,frog,1.0,True,True,correct
2344,cifar10_test_02344,airplane,airplane,0.9999996423721313,True,True,correct
2345,cifar10_test_02345,automobile,automobile,1.0,True,True,correct
2346,cifar10_test_02346,automobile,automobile,0.9999998807907104,True,True,correct
2347,cifar10_test_02347,ship,ship,0.9999990463256836,True,True,correct
2348,cifar10_test_02348,deer,deer,0.9999997615814209,True,True,correct
2349,cifar10_test_02349,dog,dog,0.9999994039535522,True,True,correct
2350,cifar10_test_02350,cat,cat,0.9999984502792358,True,True,correct
2351,cifar10_test_02351,automobile,automobile,0.8434432148933411,True,True,correct
2352,cifar10_test_02352,bird,bird,0.9999998807907104,True,True,correct
2353,cifar10_test_02353,deer,deer,0.9999997615814209,True,True,correct
2354,cifar10_test_02354,ship,ship,0.9999996423721313,True,True,correct
2355,cifar10_test_02355,truck,truck,0.9999998807907104,True,True,correct
2356,cifar10_test_02356,ship,ship,0.9999998807907104,True,True,correct
2357,cifar10_test_02357,automobile,automobile,1.0,True,True,correct
2358,cifar10_test_02358,horse,horse,0.9999995231628418,True,True,correct
2359,cifar10_test_02359,bird,bird,0.9999997615814209,True,True,correct
2360,cifar10_test_02360,horse,horse,0.9999998807907104,True,True,correct
2361,cifar10_test_02361,bird,bird,1.0,True,True,correct
2362,cifar10_test_02362,cat,cat,0.9999971389770508,True,True,correct
2363,cifar10_test_02363,bird,bird,0.9999998807907104,True,True,correct
2364,cifar10_test_02364,frog,frog,1.0,True,True,correct
2365,cifar10_test_02365,horse,horse,0.9999998807907104,True,True,correct
2366,cifar10_test_02366,truck,truck,1.0,True,True,correct
2367,cifar10_test_02367,deer,deer,0.9999998807907104,True,True,correct
2368,cifar10_test_02368,airplane,airplane,0.9999994039535522,True,True,correct
2369,cifar10_test_02369,automobile,automobile,1.0,True,True,correct
2370,cifar10_test_02370,airplane,airplane,0.9999990463256836,True,True,correct
2371,cifar10_test_02371,deer,deer,1.0,True,True,correct
2372,cifar10_test_02372,dog,dog,0.9999558925628662,True,True,correct
2373,cifar10_test_02373,airplane,airplane,0.9999992847442627,True,True,correct
2374,cifar10_test_02374,ship,ship,0.9999997615814209,True,True,correct
2375,cifar10_test_02375,airplane,airplane,0.9999988079071045,True,True,correct
2376,cifar10_test_02376,horse,horse,0.9999998807907104,True,True,correct
2377,cifar10_test_02377,frog,frog,0.9999998807907104,True,True,correct
2378,cifar10_test_02378,automobile,automobile,1.0,True,True,correct
2379,cifar10_test_02379,airplane,airplane,0.9999994039535522,True,True,correct
2380,cifar10_test_02380,ship,ship,0.9999998807907104,True,True,correct
2381,cifar10_test_02381,dog,dog,0.9999983310699463,True,True,correct
2382,cifar10_test_02382,truck,truck,1.0,True,True,correct
2383,cifar10_test_02383,bird,bird,0.9999996423721313,True,True,correct
2384,cifar10_test_02384,dog,dog,0.9999998807907104,True,True,correct
2385,cifar10_test_02385,deer,deer,0.9999998807907104,True,True,correct
2386,cifar10_test_02386,deer,deer,0.9999996423721313,True,True,correct
2387,cifar10_test_02387,truck,truck,1.0,True,True,correct
2388,cifar10_test_02388,airplane,airplane,0.9999992847442627,True,True,correct
2389,cifar10_test_02389,frog,frog,1.0,True,True,correct
2390,cifar10_test_02390,automobile,automobile,1.0,True,True,correct
2391,cifar10_test_02391,bird,bird,0.9999998807907104,True,True,correct
2392,cifar10_test_02392,dog,dog,0.9999998807907104,True,True,correct
2393,cifar10_test_02393,automobile,automobile,0.9999998807907104,True,True,correct
2394,cifar10_test_02394,frog,frog,1.0,True,True,correct
2395,cifar10_test_02395,horse,horse,1.0,True,True,correct
2396,cifar10_test_02396,automobile,automobile,1.0,True,True,correct
2397,cifar10_test_02397,dog,dog,0.9999992847442627,True,True,correct
2398,cifar10_test_02398,ship,ship,0.9999998807907104,True,True,correct
2399,cifar10_test_02399,ship,ship,0.9999998807907104,True,True,correct
2400,cifar10_test_02400,airplane,airplane,0.9999986886978149,True,True,correct
2401,cifar10_test_02401,cat,cat,0.9999997615814209,True,True,correct
2402,cifar10_test_02402,truck,truck,1.0,True,True,correct
2403,cifar10_test_02403,deer,deer,0.9999998807907104,True,True,correct
2404,cifar10_test_02404,airplane,airplane,0.9999996423721313,True,True,correct
2405,cifar10_test_02405,cat,frog,1.0,False,True,false_negative_for_cat;false_positive_for_frog
2406,cifar10_test_02406,deer,deer,1.0,True,True,correct
2407,cifar10_test_02407,truck,truck,0.9999998807907104,True,True,correct
2408,cifar10_test_02408,bird,bird,0.9999995231628418,True,True,correct
2409,cifar10_test_02409,deer,deer,1.0,True,True,correct
2410,cifar10_test_02410,cat,cat,0.9999998807907104,True,True,correct
2411,cifar10_test_02411,airplane,airplane,0.9999994039535522,True,True,correct
2412,cifar10_test_02412,frog,frog,1.0,True,True,correct
2413,cifar10_test_02413,deer,deer,0.9998677968978882,True,True,correct
2414,cifar10_test_02414,dog,dog,0.9999998807907104,True,True,correct
2415,cifar10_test_02415,frog,frog,0.9999998807907104,True,True,correct
2416,cifar10_test_02416,frog,frog,1.0,True,True,correct
2417,cifar10_test_02417,horse,horse,0.9999998807907104,True,True,correct
2418,cifar10_test_02418,ship,ship,0.9999997615814209,True,True,correct
2419,cifar10_test_02419,deer,deer,0.9999995231628418,True,True,correct
2420,cifar10_test_02420,ship,ship,0.9815613627433777,True,True,correct
2421,cifar10_test_02421,ship,ship,0.9999997615814209,True,True,correct
2422,cifar10_test_02422,cat,cat,0.9999834299087524,True,True,correct
2423,cifar10_test_02423,bird,bird,1.0,True,True,correct
2424,cifar10_test_02424,ship,ship,0.9999997615814209,True,True,correct
2425,cifar10_test_02425,airplane,airplane,0.9999980926513672,True,True,correct
2426,cifar10_test_02426,bird,bird,0.9999998807907104,True,True,correct
2427,cifar10_test_02427,dog,dog,0.9999997615814209,True,True,correct
2428,cifar10_test_02428,frog,frog,1.0,True,True,correct
2429,cifar10_test_02429,ship,ship,0.9999996423721313,True,True,correct
2430,cifar10_test_02430,horse,horse,0.9999997615814209,True,True,correct
2431,cifar10_test_02431,ship,ship,0.9999998807907104,True,True,correct
2432,cifar10_test_02432,truck,truck,0.9999998807907104,True,True,correct
2433,cifar10_test_02433,truck,truck,0.9999997615814209,True,True,correct
2434,cifar10_test_02434,airplane,airplane,0.9999995231628418,True,True,correct
2435,cifar10_test_02435,frog,frog,0.9999998807907104,True,True,correct
2436,cifar10_test_02436,frog,frog,0.9999997615814209,True,True,correct
2437,cifar10_test_02437,ship,ship,0.9999996423721313,True,True,correct
2438,cifar10_test_02438,automobile,automobile,0.9999998807907104,True,True,correct
2439,cifar10_test_02439,automobile,automobile,1.0,True,True,correct
2440,cifar10_test_02440,horse,horse,0.9999998807907104,True,True,correct
2441,cifar10_test_02441,deer,deer,0.9999996423721313,True,True,correct
2442,cifar10_test_02442,deer,deer,0.9999997615814209,True,True,correct
2443,cifar10_test_02443,bird,bird,0.9999996423721313,True,True,correct
2444,cifar10_test_02444,cat,cat,0.9999904632568359,True,True,correct
2445,cifar10_test_02445,frog,frog,1.0,True,True,correct
2446,cifar10_test_02446,truck,truck,1.0,True,True,correct
2447,cifar10_test_02447,frog,frog,1.0,True,True,correct
2448,cifar10_test_02448,bird,bird,1.0,True,True,correct
2449,cifar10_test_02449,deer,deer,0.9999997615814209,True,True,correct
2450,cifar10_test_02450,automobile,automobile,1.0,True,True,correct
2451,cifar10_test_02451,ship,ship,0.9999994039535522,True,True,correct
2452,cifar10_test_02452,bird,bird,0.9999997615814209,True,True,correct
2453,cifar10_test_02453,cat,cat,0.9999990463256836,True,True,correct
2454,cifar10_test_02454,automobile,automobile,0.9999998807907104,True,True,correct
2455,cifar10_test_02455,frog,frog,0.9999996423721313,True,True,correct
2456,cifar10_test_02456,ship,ship,0.9999995231628418,True,True,correct
2457,cifar10_test_02457,frog,frog,1.0,True,True,correct
2458,cifar10_test_02458,ship,ship,0.9999997615814209,True,True,correct
2459,cifar10_test_02459,dog,dog,0.9999991655349731,True,True,correct
2460,cifar10_test_02460,truck,truck,0.9999998807907104,True,True,correct
2461,cifar10_test_02461,airplane,airplane,0.9999986886978149,True,True,correct
2462,cifar10_test_02462,automobile,automobile,1.0,True,True,correct
2463,cifar10_test_02463,airplane,airplane,0.999998927116394,True,True,correct
2464,cifar10_test_02464,bird,bird,0.9999998807907104,True,True,correct
2465,cifar10_test_02465,truck,truck,0.9999998807907104,True,True,correct
2466,cifar10_test_02466,bird,bird,0.9999998807907104,True,True,correct
2467,cifar10_test_02467,truck,truck,1.0,True,True,correct
2468,cifar10_test_02468,airplane,airplane,0.9999997615814209,True,True,correct
2469,cifar10_test_02469,truck,truck,1.0,True,True,correct
2470,cifar10_test_02470,horse,horse,0.9999998807907104,True,True,correct
2471,cifar10_test_02471,ship,ship,0.9999994039535522,True,True,correct
2472,cifar10_test_02472,dog,dog,0.999998927116394,True,True,correct
2473,cifar10_test_02473,airplane,airplane,0.9938982725143433,True,True,correct
2474,cifar10_test_02474,frog,frog,1.0,True,True,correct
2475,cifar10_test_02475,frog,frog,1.0,True,True,correct
2476,cifar10_test_02476,ship,ship,1.0,True,True,correct
2477,cifar10_test_02477,automobile,automobile,0.9999998807907104,True,True,correct
2478,cifar10_test_02478,frog,frog,1.0,True,True,correct
2479,cifar10_test_02479,dog,dog,0.9999995231628418,True,True,correct
2480,cifar10_test_02480,ship,ship,1.0,True,True,correct
2481,cifar10_test_02481,horse,horse,0.9999995231628418,True,True,correct
2482,cifar10_test_02482,truck,truck,0.9999995231628418,True,True,correct
2483,cifar10_test_02483,bird,bird,0.9999994039535522,True,True,correct
2484,cifar10_test_02484,automobile,automobile,1.0,True,True,correct
2485,cifar10_test_02485,frog,frog,1.0,True,True,correct
2486,cifar10_test_02486,horse,horse,0.9999992847442627,True,True,correct
2487,cifar10_test_02487,dog,dog,0.9999997615814209,True,True,correct
2488,cifar10_test_02488,frog,frog,1.0,True,True,correct
2489,cifar10_test_02489,cat,cat,0.9999996423721313,True,True,correct
2490,cifar10_test_02490,airplane,airplane,0.9999977350234985,True,True,correct
2491,cifar10_test_02491,truck,truck,1.0,True,True,correct
2492,cifar10_test_02492,ship,ship,1.0,True,True,correct
2493,cifar10_test_02493,truck,truck,0.9999997615814209,True,True,correct
2494,cifar10_test_02494,dog,dog,0.999998927116394,True,True,correct
2495,cifar10_test_02495,truck,truck,0.9970173835754395,True,True,correct
2496,cifar10_test_02496,truck,truck,0.9999990463256836,True,True,correct
2497,cifar10_test_02497,truck,truck,1.0,True,True,correct
2498,cifar10_test_02498,cat,cat,0.9999998807907104,True,True,correct
2499,cifar10_test_02499,frog,frog,0.9999995231628418,True,True,correct
2500,cifar10_test_02500,deer,deer,0.9999997615814209,True,True,correct
2501,cifar10_test_02501,deer,deer,0.9999998807907104,True,True,correct
2502,cifar10_test_02502,ship,ship,0.9999998807907104,True,True,correct
2503,cifar10_test_02503,ship,ship,0.9999997615814209,True,True,correct
2504,cifar10_test_02504,automobile,automobile,1.0,True,True,correct
2505,cifar10_test_02505,horse,horse,0.9999998807907104,True,True,correct
2506,cifar10_test_02506,cat,cat,0.9999997615814209,True,True,correct
2507,cifar10_test_02507,airplane,airplane,0.9999983310699463,True,True,correct
2508,cifar10_test_02508,frog,frog,1.0,True,True,correct
2509,cifar10_test_02509,bird,bird,0.9999997615814209,True,True,correct
2510,cifar10_test_02510,deer,deer,1.0,True,True,correct
2511,cifar10_test_02511,ship,ship,0.9999996423721313,True,True,correct
2512,cifar10_test_02512,bird,bird,1.0,True,True,correct
2513,cifar10_test_02513,bird,bird,1.0,True,True,correct
2514,cifar10_test_02514,truck,truck,0.9999998807907104,True,True,correct
2515,cifar10_test_02515,bird,bird,1.0,True,True,correct
2516,cifar10_test_02516,bird,bird,1.0,True,True,correct
2517,cifar10_test_02517,truck,truck,0.9999997615814209,True,True,correct
2518,cifar10_test_02518,horse,horse,1.0,True,True,correct
2519,cifar10_test_02519,deer,deer,0.9999998807907104,True,True,correct
2520,cifar10_test_02520,automobile,automobile,0.9999998807907104,True,True,correct
2521,cifar10_test_02521,truck,truck,1.0,True,True,correct
2522,cifar10_test_02522,automobile,automobile,1.0,True,True,correct
2523,cifar10_test_02523,deer,deer,0.9999992847442627,True,True,correct
2524,cifar10_test_02524,cat,cat,0.9997087121009827,True,True,correct
2525,cifar10_test_02525,dog,cat,0.9999743700027466,False,True,false_negative_for_dog;false_positive_for_cat
2526,cifar10_test_02526,cat,cat,0.9999972581863403,True,True,correct
2527,cifar10_test_02527,ship,ship,0.9999998807907104,True,True,correct
2528,cifar10_test_02528,truck,truck,1.0,True,True,correct
2529,cifar10_test_02529,cat,cat,0.9999986886978149,True,True,correct
2530,cifar10_test_02530,frog,frog,0.6204773187637329,True,True,correct
2531,cifar10_test_02531,bird,bird,1.0,True,True,correct
2532,cifar10_test_02532,airplane,automobile,0.9999783039093018,False,True,false_negative_for_airplane;false_positive_for_automobile
2533,cifar10_test_02533,ship,ship,0.9897494912147522,True,True,correct
2534,cifar10_test_02534,truck,truck,1.0,True,True,correct
2535,cifar10_test_02535,airplane,airplane,0.9999997615814209,True,True,correct
2536,cifar10_test_02536,dog,dog,0.9999994039535522,True,True,correct
2537,cifar10_test_02537,automobile,automobile,1.0,True,True,correct
2538,cifar10_test_02538,dog,dog,0.9999997615814209,True,True,correct
2539,cifar10_test_02539,ship,ship,0.9999998807907104,True,True,correct
2540,cifar10_test_02540,bird,bird,0.9999997615814209,True,True,correct
2541,cifar10_test_02541,automobile,automobile,1.0,True,True,correct
2542,cifar10_test_02542,bird,bird,1.0,True,True,correct
2543,cifar10_test_02543,cat,cat,0.9999992847442627,True,True,correct
2544,cifar10_test_02544,bird,bird,1.0,True,True,correct
2545,cifar10_test_02545,deer,deer,1.0,True,True,correct
2546,cifar10_test_02546,ship,ship,0.9999997615814209,True,True,correct
2547,cifar10_test_02547,deer,deer,0.9999995231628418,True,True,correct
2548,cifar10_test_02548,airplane,airplane,0.9999998807907104,True,True,correct
2549,cifar10_test_02549,frog,frog,0.993186354637146,True,True,correct
2550,cifar10_test_02550,deer,deer,0.9999997615814209,True,True,correct
2551,cifar10_test_02551,bird,bird,0.9999998807907104,True,True,correct
2552,cifar10_test_02552,truck,truck,1.0,True,True,correct
2553,cifar10_test_02553,ship,ship,0.9999998807907104,True,True,correct
2554,cifar10_test_02554,deer,deer,0.9999997615814209,True,True,correct
2555,cifar10_test_02555,horse,horse,0.9999997615814209,True,True,correct
2556,cifar10_test_02556,frog,frog,1.0,True,True,correct
2557,cifar10_test_02557,bird,bird,1.0,True,True,correct
2558,cifar10_test_02558,deer,deer,1.0,True,True,correct
2559,cifar10_test_02559,horse,horse,1.0,True,True,correct
2560,cifar10_test_02560,horse,horse,0.9999996423721313,True,True,correct
2561,cifar10_test_02561,frog,frog,1.0,True,True,correct
2562,cifar10_test_02562,deer,deer,0.9988058805465698,True,True,correct
2563,cifar10_test_02563,bird,bird,1.0,True,True,correct
2564,cifar10_test_02564,bird,bird,0.9999997615814209,True,True,correct
2565,cifar10_test_02565,cat,cat,0.9999998807907104,True,True,correct
2566,cifar10_test_02566,bird,bird,1.0,True,True,correct
2567,cifar10_test_02567,deer,deer,0.9999997615814209,True,True,correct
2568,cifar10_test_02568,truck,truck,1.0,True,True,correct
2569,cifar10_test_02569,airplane,airplane,0.9999992847442627,True,True,correct
2570,cifar10_test_02570,airplane,airplane,0.9999939203262329,True,True,correct
2571,cifar10_test_02571,truck,truck,0.9999982118606567,True,True,correct
2572,cifar10_test_02572,frog,frog,1.0,True,True,correct
2573,cifar10_test_02573,dog,dog,0.9999998807907104,True,True,correct
2574,cifar10_test_02574,ship,ship,0.9999998807907104,True,True,correct
2575,cifar10_test_02575,dog,dog,1.0,True,True,correct
2576,cifar10_test_02576,bird,bird,1.0,True,True,correct
2577,cifar10_test_02577,deer,deer,1.0,True,True,correct
2578,cifar10_test_02578,ship,ship,0.9999998807907104,True,True,correct
2579,cifar10_test_02579,ship,ship,0.9999998807907104,True,True,correct
2580,cifar10_test_02580,frog,frog,0.9999998807907104,True,True,correct
2581,cifar10_test_02581,deer,deer,0.9999998807907104,True,True,correct
2582,cifar10_test_02582,dog,dog,1.0,True,True,correct
2583,cifar10_test_02583,horse,horse,1.0,True,True,correct
2584,cifar10_test_02584,frog,frog,1.0,True,True,correct
2585,cifar10_test_02585,cat,cat,0.9999949932098389,True,True,correct
2586,cifar10_test_02586,horse,horse,0.9997743964195251,True,True,correct
2587,cifar10_test_02587,airplane,airplane,0.9999995231628418,True,True,correct
2588,cifar10_test_02588,deer,deer,0.9999995231628418,True,True,correct
2589,cifar10_test_02589,airplane,airplane,0.9999996423721313,True,True,correct
2590,cifar10_test_02590,dog,dog,0.9999678134918213,True,True,correct
2591,cifar10_test_02591,ship,ship,0.9999998807907104,True,True,correct
2592,cifar10_test_02592,bird,deer,0.999998927116394,False,True,false_negative_for_bird;false_positive_for_deer
2593,cifar10_test_02593,ship,ship,0.9999998807907104,True,True,correct
2594,cifar10_test_02594,airplane,ship,0.5656507015228271,False,True,false_negative_for_airplane;false_positive_for_ship
2595,cifar10_test_02595,deer,deer,0.9999998807907104,True,True,correct
2596,cifar10_test_02596,truck,truck,1.0,True,True,correct
2597,cifar10_test_02597,bird,bird,0.9999997615814209,True,True,correct
2598,cifar10_test_02598,cat,cat,0.9999983310699463,True,True,correct
2599,cifar10_test_02599,frog,frog,0.9999994039535522,True,True,correct
2600,cifar10_test_02600,ship,ship,0.9999998807907104,True,True,correct
2601,cifar10_test_02601,automobile,automobile,1.0,True,True,correct
2602,cifar10_test_02602,frog,frog,1.0,True,True,correct
2603,cifar10_test_02603,airplane,airplane,0.9999998807907104,True,True,correct
2604,cifar10_test_02604,ship,ship,0.9999997615814209,True,True,correct
2605,cifar10_test_02605,deer,deer,0.999871015548706,True,True,correct
2606,cifar10_test_02606,cat,cat,0.999998927116394,True,True,correct
2607,cifar10_test_02607,automobile,automobile,1.0,True,True,correct
2608,cifar10_test_02608,deer,deer,1.0,True,True,correct
2609,cifar10_test_02609,dog,dog,0.9999996423721313,True,True,correct
2610,cifar10_test_02610,bird,bird,1.0,True,True,correct
2611,cifar10_test_02611,deer,deer,0.9999998807907104,True,True,correct
2612,cifar10_test_02612,cat,cat,0.9999971389770508,True,True,correct
2613,cifar10_test_02613,frog,frog,1.0,True,True,correct
2614,cifar10_test_02614,airplane,airplane,0.9999992847442627,True,True,correct
2615,cifar10_test_02615,horse,horse,1.0,True,True,correct
2616,cifar10_test_02616,automobile,automobile,1.0,True,True,correct
2617,cifar10_test_02617,cat,cat,0.9999998807907104,True,True,correct
2618,cifar10_test_02618,dog,dog,0.9999997615814209,True,True,correct
2619,cifar10_test_02619,horse,horse,1.0,True,True,correct
2620,cifar10_test_02620,automobile,automobile,1.0,True,True,correct
2621,cifar10_test_02621,ship,ship,0.9999998807907104,True,True,correct
2622,cifar10_test_02622,airplane,airplane,0.9997859597206116,True,True,correct
2623,cifar10_test_02623,deer,deer,0.9999997615814209,True,True,correct
2624,cifar10_test_02624,ship,ship,0.9999997615814209,True,True,correct
2625,cifar10_test_02625,bird,bird,0.9999998807907104,True,True,correct
2626,cifar10_test_02626,horse,horse,0.9999997615814209,True,True,correct
2627,cifar10_test_02627,horse,horse,0.9999998807907104,True,True,correct
2628,cifar10_test_02628,airplane,airplane,0.9999986886978149,True,True,correct
2629,cifar10_test_02629,bird,bird,0.9999997615814209,True,True,correct
2630,cifar10_test_02630,bird,bird,0.9999995231628418,True,True,correct
2631,cifar10_test_02631,deer,deer,1.0,True,True,correct
2632,cifar10_test_02632,cat,cat,0.9999904632568359,True,True,correct
2633,cifar10_test_02633,cat,cat,0.9999994039535522,True,True,correct
2634,cifar10_test_02634,automobile,automobile,0.9970777034759521,True,True,correct
2635,cifar10_test_02635,frog,frog,0.9999997615814209,True,True,correct
2636,cifar10_test_02636,automobile,automobile,1.0,True,True,correct
2637,cifar10_test_02637,frog,frog,1.0,True,True,correct
2638,cifar10_test_02638,deer,deer,0.9999996423721313,True,True,correct
2639,cifar10_test_02639,frog,frog,1.0,True,True,correct
2640,cifar10_test_02640,horse,horse,0.9999996423721313,True,True,correct
2641,cifar10_test_02641,deer,deer,0.9999998807907104,True,True,correct
2642,cifar10_test_02642,horse,horse,0.9999995231628418,True,True,correct
2643,cifar10_test_02643,cat,cat,0.9998950958251953,True,True,correct
2644,cifar10_test_02644,ship,ship,0.9999995231628418,True,True,correct
2645,cifar10_test_02645,automobile,automobile,1.0,True,True,correct
2646,cifar10_test_02646,cat,cat,0.9999990463256836,True,True,correct
2647,cifar10_test_02647,automobile,automobile,1.0,True,True,correct
2648,cifar10_test_02648,deer,deer,0.9999998807907104,True,True,correct
2649,cifar10_test_02649,frog,frog,1.0,True,True,correct
2650,cifar10_test_02650,dog,dog,0.9999996423721313,True,True,correct
2651,cifar10_test_02651,dog,dog,0.9999997615814209,True,True,correct
2652,cifar10_test_02652,horse,horse,0.9999997615814209,True,True,correct
2653,cifar10_test_02653,deer,deer,1.0,True,True,correct
2654,cifar10_test_02654,dog,dog,1.0,True,True,correct
2655,cifar10_test_02655,deer,deer,0.9999998807907104,True,True,correct
2656,cifar10_test_02656,truck,truck,1.0,True,True,correct
2657,cifar10_test_02657,horse,horse,1.0,True,True,correct
2658,cifar10_test_02658,horse,horse,1.0,True,True,correct
2659,cifar10_test_02659,bird,bird,1.0,True,True,correct
2660,cifar10_test_02660,cat,cat,0.9999990463256836,True,True,correct
2661,cifar10_test_02661,cat,cat,0.9999998807907104,True,True,correct
2662,cifar10_test_02662,frog,frog,1.0,True,True,correct
2663,cifar10_test_02663,horse,horse,0.9999997615814209,True,True,correct
2664,cifar10_test_02664,deer,deer,0.9999997615814209,True,True,correct
2665,cifar10_test_02665,automobile,automobile,0.9999996423721313,True,True,correct
2666,cifar10_test_02666,frog,frog,0.9999996423721313,True,True,correct
2667,cifar10_test_02667,automobile,automobile,0.9999998807907104,True,True,correct
2668,cifar10_test_02668,airplane,airplane,0.9999985694885254,True,True,correct
2669,cifar10_test_02669,frog,frog,1.0,True,True,correct
2670,cifar10_test_02670,truck,truck,1.0,True,True,correct
2671,cifar10_test_02671,frog,frog,0.9999998807907104,True,True,correct
2672,cifar10_test_02672,airplane,airplane,0.9999998807907104,True,True,correct
2673,cifar10_test_02673,bird,bird,1.0,True,True,correct
2674,cifar10_test_02674,airplane,airplane,0.9999992847442627,True,True,correct
2675,cifar10_test_02675,bird,bird,0.9999862909317017,True,True,correct
2676,cifar10_test_02676,deer,deer,0.9998785257339478,True,True,correct
2677,cifar10_test_02677,horse,horse,0.9999998807907104,True,True,correct
2678,cifar10_test_02678,airplane,airplane,0.9999992847442627,True,True,correct
2679,cifar10_test_02679,airplane,airplane,1.0,True,True,correct
2680,cifar10_test_02680,airplane,airplane,0.9999995231628418,True,True,correct
2681,cifar10_test_02681,airplane,airplane,0.9999996423721313,True,True,correct
2682,cifar10_test_02682,horse,horse,1.0,True,True,correct
2683,cifar10_test_02683,dog,dog,0.9999998807907104,True,True,correct
2684,cifar10_test_02684,cat,cat,0.9999991655349731,True,True,correct
2685,cifar10_test_02685,bird,bird,0.9999998807907104,True,True,correct
2686,cifar10_test_02686,horse,horse,0.9999998807907104,True,True,correct
2687,cifar10_test_02687,ship,ship,1.0,True,True,correct
2688,cifar10_test_02688,dog,dog,0.9999990463256836,True,True,correct
2689,cifar10_test_02689,dog,dog,0.9999996423721313,True,True,correct
2690,cifar10_test_02690,bird,bird,0.9999997615814209,True,True,correct
2691,cifar10_test_02691,bird,bird,1.0,True,True,correct
2692,cifar10_test_02692,ship,ship,0.9999996423721313,True,True,correct
2693,cifar10_test_02693,truck,truck,0.9999998807907104,True,True,correct
2694,cifar10_test_02694,automobile,automobile,1.0,True,True,correct
2695,cifar10_test_02695,bird,bird,0.9999998807907104,True,True,correct
2696,cifar10_test_02696,bird,bird,1.0,True,True,correct
2697,cifar10_test_02697,airplane,airplane,0.9999994039535522,True,True,correct
2698,cifar10_test_02698,cat,cat,0.9999994039535522,True,True,correct
2699,cifar10_test_02699,deer,deer,0.9999997615814209,True,True,correct
2700,cifar10_test_02700,truck,truck,0.9999997615814209,True,True,correct
2701,cifar10_test_02701,automobile,automobile,0.9999998807907104,True,True,correct
2702,cifar10_test_02702,frog,frog,0.9999998807907104,True,True,correct
2703,cifar10_test_02703,truck,truck,0.9999997615814209,True,True,correct
2704,cifar10_test_02704,airplane,airplane,0.9999985694885254,True,True,correct
2705,cifar10_test_02705,ship,ship,0.9999979734420776,True,True,correct
2706,cifar10_test_02706,cat,cat,0.9999998807907104,True,True,correct
2707,cifar10_test_02707,frog,frog,1.0,True,True,correct
2708,cifar10_test_02708,deer,deer,0.9999991655349731,True,True,correct
2709,cifar10_test_02709,frog,frog,1.0,True,True,correct
2710,cifar10_test_02710,horse,horse,0.9999998807907104,True,True,correct
2711,cifar10_test_02711,dog,dog,0.9999998807907104,True,True,correct
2712,cifar10_test_02712,automobile,automobile,1.0,True,True,correct
2713,cifar10_test_02713,ship,ship,0.9999998807907104,True,True,correct
2714,cifar10_test_02714,truck,truck,1.0,True,True,correct
2715,cifar10_test_02715,airplane,airplane,0.9999995231628418,True,True,correct
2716,cifar10_test_02716,dog,dog,0.9999948740005493,True,True,correct
2717,cifar10_test_02717,airplane,airplane,0.9999991655349731,True,True,correct
2718,cifar10_test_02718,dog,dog,0.9999998807907104,True,True,correct
2719,cifar10_test_02719,deer,deer,0.9999997615814209,True,True,correct
2720,cifar10_test_02720,cat,cat,0.9999998807907104,True,True,correct
2721,cifar10_test_02721,ship,ship,0.9999995231628418,True,True,correct
2722,cifar10_test_02722,dog,dog,0.9999994039535522,True,True,correct
2723,cifar10_test_02723,bird,bird,1.0,True,True,correct
2724,cifar10_test_02724,airplane,airplane,0.9999970197677612,True,True,correct
2725,cifar10_test_02725,ship,ship,0.9999992847442627,True,True,correct
2726,cifar10_test_02726,dog,dog,0.9999998807907104,True,True,correct
2727,cifar10_test_02727,truck,truck,1.0,True,True,correct
2728,cifar10_test_02728,bird,bird,1.0,True,True,correct
2729,cifar10_test_02729,dog,dog,0.9999996423721313,True,True,correct
2730,cifar10_test_02730,frog,frog,0.9999997615814209,True,True,correct
2731,cifar10_test_02731,dog,dog,0.9999996423721313,True,True,correct
2732,cifar10_test_02732,horse,horse,0.9999998807907104,True,True,correct
2733,cifar10_test_02733,cat,cat,0.9999998807907104,True,True,correct
2734,cifar10_test_02734,horse,horse,0.9999996423721313,True,True,correct
2735,cifar10_test_02735,bird,bird,0.9999998807907104,True,True,correct
2736,cifar10_test_02736,ship,ship,0.999998927116394,True,True,correct
2737,cifar10_test_02737,ship,ship,0.9999997615814209,True,True,correct
2738,cifar10_test_02738,deer,deer,0.9999997615814209,True,True,correct
2739,cifar10_test_02739,bird,bird,1.0,True,True,correct
2740,cifar10_test_02740,automobile,automobile,1.0,True,True,correct
2741,cifar10_test_02741,frog,frog,1.0,True,True,correct
2742,cifar10_test_02742,bird,bird,1.0,True,True,correct
2743,cifar10_test_02743,truck,truck,1.0,True,True,correct
2744,cifar10_test_02744,truck,truck,0.9999998807907104,True,True,correct
2745,cifar10_test_02745,ship,ship,0.9999998807907104,True,True,correct
2746,cifar10_test_02746,bird,bird,0.9999996423721313,True,True,correct
2747,cifar10_test_02747,cat,cat,0.9999996423721313,True,True,correct
2748,cifar10_test_02748,automobile,automobile,1.0,True,True,correct
2749,cifar10_test_02749,airplane,airplane,0.9999994039535522,True,True,correct
2750,cifar10_test_02750,dog,dog,1.0,True,True,correct
2751,cifar10_test_02751,bird,bird,1.0,True,True,correct
2752,cifar10_test_02752,cat,cat,0.9999997615814209,True,True,correct
2753,cifar10_test_02753,horse,horse,1.0,True,True,correct
2754,cifar10_test_02754,truck,truck,1.0,True,True,correct
2755,cifar10_test_02755,dog,dog,0.9999997615814209,True,True,correct
2756,cifar10_test_02756,truck,truck,1.0,True,True,correct
2757,cifar10_test_02757,automobile,automobile,0.9999998807907104,True,True,correct
2758,cifar10_test_02758,automobile,automobile,0.9999998807907104,True,True,correct
2759,cifar10_test_02759,cat,cat,0.9999998807907104,True,True,correct
2760,cifar10_test_02760,bird,bird,1.0,True,True,correct
2761,cifar10_test_02761,horse,horse,0.9999996423721313,True,True,correct
2762,cifar10_test_02762,deer,deer,0.9999990463256836,True,True,correct
2763,cifar10_test_02763,deer,deer,0.9999997615814209,True,True,correct
2764,cifar10_test_02764,automobile,automobile,1.0,True,True,correct
2765,cifar10_test_02765,truck,truck,1.0,True,True,correct
2766,cifar10_test_02766,deer,deer,0.9999998807907104,True,True,correct
2767,cifar10_test_02767,dog,dog,0.9999924898147583,True,True,correct
2768,cifar10_test_02768,dog,dog,0.9999998807907104,True,True,correct
2769,cifar10_test_02769,bird,bird,0.9999994039535522,True,True,correct
2770,cifar10_test_02770,horse,horse,0.9977145195007324,True,True,correct
2771,cifar10_test_02771,horse,horse,1.0,True,True,correct
2772,cifar10_test_02772,frog,frog,1.0,True,True,correct
2773,cifar10_test_02773,automobile,automobile,1.0,True,True,correct
2774,cifar10_test_02774,bird,bird,0.9999985694885254,True,True,correct
2775,cifar10_test_02775,cat,cat,0.9999995231628418,True,True,correct
2776,cifar10_test_02776,horse,horse,0.9999998807907104,True,True,correct
2777,cifar10_test_02777,dog,dog,0.9999988079071045,True,True,correct
2778,cifar10_test_02778,deer,deer,0.9999998807907104,True,True,correct
2779,cifar10_test_02779,cat,cat,0.9999983310699463,True,True,correct
2780,cifar10_test_02780,horse,horse,0.9999997615814209,True,True,correct
2781,cifar10_test_02781,horse,horse,0.9999997615814209,True,True,correct
2782,cifar10_test_02782,airplane,airplane,1.0,True,True,correct
2783,cifar10_test_02783,airplane,airplane,0.9999984502792358,True,True,correct
2784,cifar10_test_02784,automobile,automobile,0.9999998807907104,True,True,correct
2785,cifar10_test_02785,deer,deer,0.9947487711906433,True,True,correct
2786,cifar10_test_02786,deer,deer,0.9999997615814209,True,True,correct
2787,cifar10_test_02787,cat,cat,0.9999996423721313,True,True,correct
2788,cifar10_test_02788,horse,horse,0.9999998807907104,True,True,correct
2789,cifar10_test_02789,truck,truck,1.0,True,True,correct
2790,cifar10_test_02790,ship,ship,0.9999990463256836,True,True,correct
2791,cifar10_test_02791,horse,horse,1.0,True,True,correct
2792,cifar10_test_02792,airplane,airplane,0.999998927116394,True,True,correct
2793,cifar10_test_02793,truck,truck,0.9999998807907104,True,True,correct
2794,cifar10_test_02794,airplane,airplane,0.9999996423721313,True,True,correct
2795,cifar10_test_02795,cat,cat,0.9999903440475464,True,True,correct
2796,cifar10_test_02796,horse,horse,1.0,True,True,correct
2797,cifar10_test_02797,frog,frog,1.0,True,True,correct
2798,cifar10_test_02798,cat,cat,0.999861478805542,True,True,correct
2799,cifar10_test_02799,ship,ship,0.9999996423721313,True,True,correct
2800,cifar10_test_02800,deer,deer,0.9999998807907104,True,True,correct
2801,cifar10_test_02801,dog,dog,0.9999998807907104,True,True,correct
2802,cifar10_test_02802,frog,frog,1.0,True,True,correct
2803,cifar10_test_02803,dog,dog,0.9999998807907104,True,True,correct
2804,cifar10_test_02804,cat,dog,0.9999988079071045,False,True,false_negative_for_cat;false_positive_for_dog
2805,cifar10_test_02805,deer,deer,0.9999997615814209,True,True,correct
2806,cifar10_test_02806,bird,bird,0.9999998807907104,True,True,correct
2807,cifar10_test_02807,truck,truck,0.9999998807907104,True,True,correct
2808,cifar10_test_02808,bird,bird,1.0,True,True,correct
2809,cifar10_test_02809,deer,deer,1.0,True,True,correct
2810,cifar10_test_02810,truck,truck,0.9999710321426392,True,True,correct
2811,cifar10_test_02811,bird,bird,1.0,True,True,correct
2812,cifar10_test_02812,airplane,airplane,0.9999995231628418,True,True,correct
2813,cifar10_test_02813,automobile,automobile,1.0,True,True,correct
2814,cifar10_test_02814,automobile,automobile,0.9999998807907104,True,True,correct
2815,cifar10_test_02815,cat,cat,0.9999995231628418,True,True,correct
2816,cifar10_test_02816,horse,horse,1.0,True,True,correct
2817,cifar10_test_02817,truck,truck,1.0,True,True,correct
2818,cifar10_test_02818,dog,dog,1.0,True,True,correct
2819,cifar10_test_02819,automobile,automobile,1.0,True,True,correct
2820,cifar10_test_02820,frog,frog,1.0,True,True,correct
2821,cifar10_test_02821,airplane,airplane,0.9999992847442627,True,True,correct
2822,cifar10_test_02822,cat,cat,0.999998927116394,True,True,correct
2823,cifar10_test_02823,cat,cat,0.9999996423721313,True,True,correct
2824,cifar10_test_02824,horse,horse,1.0,True,True,correct
2825,cifar10_test_02825,bird,bird,0.9999996423721313,True,True,correct
2826,cifar10_test_02826,deer,deer,0.9999997615814209,True,True,correct
2827,cifar10_test_02827,dog,dog,0.9999998807907104,True,True,correct
2828,cifar10_test_02828,bird,bird,0.9999998807907104,True,True,correct
2829,cifar10_test_02829,cat,cat,0.9999984502792358,True,True,correct
2830,cifar10_test_02830,frog,frog,1.0,True,True,correct
2831,cifar10_test_02831,cat,cat,0.9998041987419128,True,True,correct
2832,cifar10_test_02832,cat,cat,0.9999977350234985,True,True,correct
2833,cifar10_test_02833,airplane,airplane,0.9999992847442627,True,True,correct
2834,cifar10_test_02834,deer,deer,0.9999996423721313,True,True,correct
2835,cifar10_test_02835,deer,deer,0.9999997615814209,True,True,correct
2836,cifar10_test_02836,cat,cat,0.9999997615814209,True,True,correct
2837,cifar10_test_02837,ship,ship,0.9999998807907104,True,True,correct
2838,cifar10_test_02838,automobile,automobile,1.0,True,True,correct
2839,cifar10_test_02839,bird,bird,1.0,True,True,correct
2840,cifar10_test_02840,cat,cat,0.998889148235321,True,True,correct
2841,cifar10_test_02841,bird,bird,0.9999881982803345,True,True,correct
2842,cifar10_test_02842,horse,horse,1.0,True,True,correct
2843,cifar10_test_02843,automobile,automobile,0.9999920129776001,True,True,correct
2844,cifar10_test_02844,deer,deer,0.9999990463256836,True,True,correct
2845,cifar10_test_02845,dog,deer,0.6517746448516846,False,True,false_negative_for_dog;false_positive_for_deer
2846,cifar10_test_02846,frog,frog,1.0,True,True,correct
2847,cifar10_test_02847,ship,ship,0.9999995231628418,True,True,correct
2848,cifar10_test_02848,frog,frog,1.0,True,True,correct
2849,cifar10_test_02849,frog,cat,0.8512071967124939,False,True,false_negative_for_frog;false_positive_for_cat
2850,cifar10_test_02850,dog,dog,0.9999991655349731,True,True,correct
2851,cifar10_test_02851,deer,deer,1.0,True,True,correct
2852,cifar10_test_02852,bird,bird,1.0,True,True,correct
2853,cifar10_test_02853,truck,truck,0.9999998807907104,True,True,correct
2854,cifar10_test_02854,truck,automobile,0.9997956156730652,False,True,false_negative_for_truck;false_positive_for_automobile
2855,cifar10_test_02855,cat,cat,0.9999988079071045,True,True,correct
2856,cifar10_test_02856,bird,bird,0.9999998807907104,True,True,correct
2857,cifar10_test_02857,airplane,airplane,0.9999994039535522,True,True,correct
2858,cifar10_test_02858,deer,deer,0.9999997615814209,True,True,correct
2859,cifar10_test_02859,automobile,automobile,0.9999995231628418,True,True,correct
2860,cifar10_test_02860,dog,dog,0.9999998807907104,True,True,correct
2861,cifar10_test_02861,dog,dog,0.9999996423721313,True,True,correct
2862,cifar10_test_02862,frog,frog,1.0,True,True,correct
2863,cifar10_test_02863,frog,frog,1.0,True,True,correct
2864,cifar10_test_02864,dog,dog,0.9999998807907104,True,True,correct
2865,cifar10_test_02865,frog,frog,1.0,True,True,correct
2866,cifar10_test_02866,truck,truck,1.0,True,True,correct
2867,cifar10_test_02867,horse,horse,0.9999994039535522,True,True,correct
2868,cifar10_test_02868,truck,truck,0.9999983310699463,True,True,correct
2869,cifar10_test_02869,deer,deer,1.0,True,True,correct
2870,cifar10_test_02870,ship,ship,0.9999998807907104,True,True,correct
2871,cifar10_test_02871,cat,cat,0.9999986886978149,True,True,correct
2872,cifar10_test_02872,automobile,automobile,1.0,True,True,correct
2873,cifar10_test_02873,truck,truck,1.0,True,True,correct
2874,cifar10_test_02874,ship,ship,0.9999992847442627,True,True,correct
2875,cifar10_test_02875,automobile,automobile,1.0,True,True,correct
2876,cifar10_test_02876,truck,truck,1.0,True,True,correct
2877,cifar10_test_02877,airplane,airplane,0.9999988079071045,True,True,correct
2878,cifar10_test_02878,cat,cat,0.9999997615814209,True,True,correct
2879,cifar10_test_02879,airplane,airplane,0.9999995231628418,True,True,correct
2880,cifar10_test_02880,deer,deer,0.9999998807907104,True,True,correct
2881,cifar10_test_02881,horse,horse,0.9999998807907104,True,True,correct
2882,cifar10_test_02882,horse,horse,1.0,True,True,correct
2883,cifar10_test_02883,bird,bird,1.0,True,True,correct
2884,cifar10_test_02884,frog,frog,0.9999996423721313,True,True,correct
2885,cifar10_test_02885,dog,dog,0.9999998807907104,True,True,correct
2886,cifar10_test_02886,frog,frog,1.0,True,True,correct
2887,cifar10_test_02887,truck,truck,1.0,True,True,correct
2888,cifar10_test_02888,horse,horse,1.0,True,True,correct
2889,cifar10_test_02889,horse,horse,0.9999998807907104,True,True,correct
2890,cifar10_test_02890,dog,dog,0.9999990463256836,True,True,correct
2891,cifar10_test_02891,horse,horse,0.9999998807907104,True,True,correct
2892,cifar10_test_02892,airplane,airplane,0.9999995231628418,True,True,correct
2893,cifar10_test_02893,ship,ship,0.9999998807907104,True,True,correct
2894,cifar10_test_02894,frog,frog,1.0,True,True,correct
2895,cifar10_test_02895,horse,horse,0.999998927116394,True,True,correct
2896,cifar10_test_02896,ship,ship,0.9999997615814209,True,True,correct
2897,cifar10_test_02897,cat,cat,0.9999997615814209,True,True,correct
2898,cifar10_test_02898,ship,ship,0.9999986886978149,True,True,correct
2899,cifar10_test_02899,truck,truck,0.9999998807907104,True,True,correct
2900,cifar10_test_02900,cat,cat,0.9998339414596558,True,True,correct
2901,cifar10_test_02901,bird,bird,1.0,True,True,correct
2902,cifar10_test_02902,truck,truck,1.0,True,True,correct
2903,cifar10_test_02903,bird,bird,0.9999934434890747,True,True,correct
2904,cifar10_test_02904,horse,horse,1.0,True,True,correct
2905,cifar10_test_02905,deer,deer,1.0,True,True,correct
2906,cifar10_test_02906,automobile,automobile,1.0,True,True,correct
2907,cifar10_test_02907,truck,truck,1.0,True,True,correct
2908,cifar10_test_02908,horse,horse,1.0,True,True,correct
2909,cifar10_test_02909,airplane,airplane,0.9999736547470093,True,True,correct
2910,cifar10_test_02910,ship,ship,0.9999994039535522,True,True,correct
2911,cifar10_test_02911,automobile,automobile,1.0,True,True,correct
2912,cifar10_test_02912,bird,bird,0.999998927116394,True,True,correct
2913,cifar10_test_02913,airplane,airplane,0.9999997615814209,True,True,correct
2914,cifar10_test_02914,frog,frog,1.0,True,True,correct
2915,cifar10_test_02915,dog,dog,0.9999992847442627,True,True,correct
2916,cifar10_test_02916,automobile,automobile,1.0,True,True,correct
2917,cifar10_test_02917,deer,deer,0.9999997615814209,True,True,correct
2918,cifar10_test_02918,bird,bird,1.0,True,True,correct
2919,cifar10_test_02919,ship,ship,0.9999998807907104,True,True,correct
2920,cifar10_test_02920,bird,bird,1.0,True,True,correct
2921,cifar10_test_02921,ship,ship,0.9999998807907104,True,True,correct
2922,cifar10_test_02922,cat,cat,0.9999998807907104,True,True,correct
2923,cifar10_test_02923,cat,dog,0.998259961605072,False,True,false_negative_for_cat;false_positive_for_dog
2924,cifar10_test_02924,automobile,automobile,1.0,True,True,correct
2925,cifar10_test_02925,deer,deer,0.999998927116394,True,True,correct
2926,cifar10_test_02926,truck,truck,1.0,True,True,correct
2927,cifar10_test_02927,ship,ship,0.9999998807907104,True,True,correct
2928,cifar10_test_02928,automobile,automobile,1.0,True,True,correct
2929,cifar10_test_02929,automobile,automobile,1.0,True,True,correct
2930,cifar10_test_02930,horse,horse,1.0,True,True,correct
2931,cifar10_test_02931,truck,truck,0.9999998807907104,True,True,correct
2932,cifar10_test_02932,truck,truck,0.9999998807907104,True,True,correct
2933,cifar10_test_02933,deer,deer,0.9999998807907104,True,True,correct
2934,cifar10_test_02934,frog,frog,1.0,True,True,correct
2935,cifar10_test_02935,ship,ship,0.9999990463256836,True,True,correct
2936,cifar10_test_02936,dog,dog,1.0,True,True,correct
2937,cifar10_test_02937,cat,cat,0.9999909400939941,True,True,correct
2938,cifar10_test_02938,bird,bird,0.9999998807907104,True,True,correct
2939,cifar10_test_02939,bird,bird,1.0,True,True,correct
2940,cifar10_test_02940,cat,cat,0.9999984502792358,True,True,correct
2941,cifar10_test_02941,ship,ship,0.9999992847442627,True,True,correct
2942,cifar10_test_02942,dog,dog,0.9999966621398926,True,True,correct
2943,cifar10_test_02943,automobile,automobile,0.9999997615814209,True,True,correct
2944,cifar10_test_02944,truck,truck,1.0,True,True,correct
2945,cifar10_test_02945,horse,horse,0.9999997615814209,True,True,correct
2946,cifar10_test_02946,truck,truck,1.0,True,True,correct
2947,cifar10_test_02947,automobile,automobile,1.0,True,True,correct
2948,cifar10_test_02948,dog,dog,0.9999988079071045,True,True,correct
2949,cifar10_test_02949,cat,cat,0.999988317489624,True,True,correct
2950,cifar10_test_02950,automobile,automobile,0.9999961853027344,True,True,correct
2951,cifar10_test_02951,airplane,airplane,0.9999996423721313,True,True,correct
2952,cifar10_test_02952,cat,cat,0.9999995231628418,True,True,correct
2953,cifar10_test_02953,ship,ship,0.9999998807907104,True,True,correct
2954,cifar10_test_02954,truck,truck,0.9999994039535522,True,True,correct
2955,cifar10_test_02955,bird,bird,0.9999940395355225,True,True,correct
2956,cifar10_test_02956,airplane,airplane,0.9999977350234985,True,True,correct
2957,cifar10_test_02957,ship,ship,0.9999998807907104,True,True,correct
2958,cifar10_test_02958,airplane,airplane,0.9999985694885254,True,True,correct
2959,cifar10_test_02959,horse,horse,1.0,True,True,correct
2960,cifar10_test_02960,truck,truck,1.0,True,True,correct
2961,cifar10_test_02961,deer,deer,0.9999997615814209,True,True,correct
2962,cifar10_test_02962,ship,ship,0.9999990463256836,True,True,correct
2963,cifar10_test_02963,cat,cat,0.9999963045120239,True,True,correct
2964,cifar10_test_02964,airplane,airplane,0.9999994039535522,True,True,correct
2965,cifar10_test_02965,horse,horse,0.9999998807907104,True,True,correct
2966,cifar10_test_02966,airplane,airplane,0.9999995231628418,True,True,correct
2967,cifar10_test_02967,horse,horse,0.9999998807907104,True,True,correct
2968,cifar10_test_02968,airplane,airplane,0.9999995231628418,True,True,correct
2969,cifar10_test_02969,dog,dog,0.9999997615814209,True,True,correct
2970,cifar10_test_02970,dog,dog,0.9999998807907104,True,True,correct
2971,cifar10_test_02971,deer,deer,0.9999998807907104,True,True,correct
2972,cifar10_test_02972,cat,cat,0.9999998807907104,True,True,correct
2973,cifar10_test_02973,airplane,airplane,0.9999992847442627,True,True,correct
2974,cifar10_test_02974,truck,truck,0.9999803304672241,True,True,correct
2975,cifar10_test_02975,truck,truck,0.9999970197677612,True,True,correct
2976,cifar10_test_02976,airplane,airplane,0.9999991655349731,True,True,correct
2977,cifar10_test_02977,bird,bird,1.0,True,True,correct
2978,cifar10_test_02978,bird,bird,0.9999994039535522,True,True,correct
2979,cifar10_test_02979,airplane,airplane,0.9999995231628418,True,True,correct
2980,cifar10_test_02980,ship,ship,0.9999998807907104,True,True,correct
2981,cifar10_test_02981,deer,deer,0.9999997615814209,True,True,correct
2982,cifar10_test_02982,deer,deer,1.0,True,True,correct
2983,cifar10_test_02983,dog,dog,0.9999995231628418,True,True,correct
2984,cifar10_test_02984,bird,bird,1.0,True,True,correct
2985,cifar10_test_02985,bird,bird,1.0,True,True,correct
2986,cifar10_test_02986,automobile,automobile,1.0,True,True,correct
2987,cifar10_test_02987,automobile,automobile,0.9999961853027344,True,True,correct
2988,cifar10_test_02988,dog,dog,0.9999991655349731,True,True,correct
2989,cifar10_test_02989,dog,dog,1.0,True,True,correct
2990,cifar10_test_02990,deer,deer,0.9999998807907104,True,True,correct
2991,cifar10_test_02991,cat,cat,0.9999997615814209,True,True,correct
2992,cifar10_test_02992,deer,deer,1.0,True,True,correct
2993,cifar10_test_02993,airplane,airplane,0.9999995231628418,True,True,correct
2994,cifar10_test_02994,ship,ship,0.9999997615814209,True,True,correct
2995,cifar10_test_02995,deer,deer,0.9999995231628418,True,True,correct
2996,cifar10_test_02996,ship,ship,0.9999998807907104,True,True,correct
2997,cifar10_test_02997,bird,bird,0.9999983310699463,True,True,correct
2998,cifar10_test_02998,dog,dog,0.9999998807907104,True,True,correct
2999,cifar10_test_02999,frog,frog,1.0,True,True,correct
3000,cifar10_test_03000,dog,dog,0.9999998807907104,True,True,correct
3001,cifar10_test_03001,automobile,automobile,1.0,True,True,correct
3002,cifar10_test_03002,horse,horse,1.0,True,True,correct
3003,cifar10_test_03003,bird,bird,1.0,True,True,correct
3004,cifar10_test_03004,deer,deer,0.9999997615814209,True,True,correct
3005,cifar10_test_03005,airplane,airplane,0.9999998807907104,True,True,correct
3006,cifar10_test_03006,dog,dog,0.9999979734420776,True,True,correct
3007,cifar10_test_03007,frog,frog,1.0,True,True,correct
3008,cifar10_test_03008,ship,ship,0.9999998807907104,True,True,correct
3009,cifar10_test_03009,horse,horse,0.9999997615814209,True,True,correct
3010,cifar10_test_03010,frog,frog,1.0,True,True,correct
3011,cifar10_test_03011,cat,cat,0.9999963045120239,True,True,correct
3012,cifar10_test_03012,automobile,automobile,1.0,True,True,correct
3013,cifar10_test_03013,cat,cat,0.9999909400939941,True,True,correct
3014,cifar10_test_03014,frog,frog,1.0,True,True,correct
3015,cifar10_test_03015,frog,frog,1.0,True,True,correct
3016,cifar10_test_03016,deer,deer,0.9999992847442627,True,True,correct
3017,cifar10_test_03017,dog,dog,0.9999986886978149,True,True,correct
3018,cifar10_test_03018,dog,dog,0.9999998807907104,True,True,correct
3019,cifar10_test_03019,dog,dog,0.9999990463256836,True,True,correct
3020,cifar10_test_03020,automobile,automobile,0.9999998807907104,True,True,correct
3021,cifar10_test_03021,ship,ship,0.9999997615814209,True,True,correct
3022,cifar10_test_03022,horse,horse,1.0,True,True,correct
3023,cifar10_test_03023,cat,cat,0.9999995231628418,True,True,correct
3024,cifar10_test_03024,airplane,airplane,0.9999992847442627,True,True,correct
3025,cifar10_test_03025,bird,bird,0.9999998807907104,True,True,correct
3026,cifar10_test_03026,dog,dog,1.0,True,True,correct
3027,cifar10_test_03027,automobile,automobile,1.0,True,True,correct
3028,cifar10_test_03028,automobile,automobile,1.0,True,True,correct
3029,cifar10_test_03029,automobile,automobile,0.9999998807907104,True,True,correct
3030,cifar10_test_03030,frog,frog,1.0,True,True,correct
3031,cifar10_test_03031,horse,horse,0.9999998807907104,True,True,correct
3032,cifar10_test_03032,bird,bird,0.9999996423721313,True,True,correct
3033,cifar10_test_03033,automobile,automobile,1.0,True,True,correct
3034,cifar10_test_03034,bird,bird,1.0,True,True,correct
3035,cifar10_test_03035,cat,cat,0.9999997615814209,True,True,correct
3036,cifar10_test_03036,truck,truck,1.0,True,True,correct
3037,cifar10_test_03037,ship,ship,1.0,True,True,correct
3038,cifar10_test_03038,cat,cat,0.999998927116394,True,True,correct
3039,cifar10_test_03039,automobile,automobile,1.0,True,True,correct
3040,cifar10_test_03040,horse,horse,0.9999997615814209,True,True,correct
3041,cifar10_test_03041,deer,deer,0.9999995231628418,True,True,correct
3042,cifar10_test_03042,ship,ship,0.9999996423721313,True,True,correct
3043,cifar10_test_03043,deer,deer,1.0,True,True,correct
3044,cifar10_test_03044,horse,horse,0.9999996423721313,True,True,correct
3045,cifar10_test_03045,dog,dog,1.0,True,True,correct
3046,cifar10_test_03046,ship,ship,0.9999997615814209,True,True,correct
3047,cifar10_test_03047,frog,frog,1.0,True,True,correct
3048,cifar10_test_03048,airplane,airplane,0.9999997615814209,True,True,correct
3049,cifar10_test_03049,cat,cat,0.9999837875366211,True,True,correct
3050,cifar10_test_03050,airplane,airplane,0.9999994039535522,True,True,correct
3051,cifar10_test_03051,ship,ship,0.9999969005584717,True,True,correct
3052,cifar10_test_03052,cat,cat,0.9990708827972412,True,True,correct
3053,cifar10_test_03053,deer,deer,0.9999995231628418,True,True,correct
3054,cifar10_test_03054,deer,deer,1.0,True,True,correct
3055,cifar10_test_03055,truck,truck,1.0,True,True,correct
3056,cifar10_test_03056,deer,deer,1.0,True,True,correct
3057,cifar10_test_03057,frog,frog,1.0,True,True,correct
3058,cifar10_test_03058,automobile,automobile,1.0,True,True,correct
3059,cifar10_test_03059,dog,dog,0.9999805688858032,True,True,correct
3060,cifar10_test_03060,horse,horse,0.9999997615814209,True,True,correct
3061,cifar10_test_03061,horse,horse,0.9999996423721313,True,True,correct
3062,cifar10_test_03062,truck,truck,1.0,True,True,correct
3063,cifar10_test_03063,airplane,airplane,0.9999994039535522,True,True,correct
3064,cifar10_test_03064,automobile,automobile,1.0,True,True,correct
3065,cifar10_test_03065,cat,cat,0.9999986886978149,True,True,correct
3066,cifar10_test_03066,automobile,automobile,1.0,True,True,correct
3067,cifar10_test_03067,cat,cat,0.9999977350234985,True,True,correct
3068,cifar10_test_03068,bird,bird,0.9999958276748657,True,True,correct
3069,cifar10_test_03069,deer,deer,1.0,True,True,correct
3070,cifar10_test_03070,airplane,airplane,0.9999982118606567,True,True,correct
3071,cifar10_test_03071,horse,horse,0.9999996423721313,True,True,correct
3072,cifar10_test_03072,ship,ship,0.9999992847442627,True,True,correct
3073,cifar10_test_03073,cat,cat,0.9999971389770508,True,True,correct
3074,cifar10_test_03074,automobile,automobile,1.0,True,True,correct
3075,cifar10_test_03075,frog,frog,1.0,True,True,correct
3076,cifar10_test_03076,bird,bird,1.0,True,True,correct
3077,cifar10_test_03077,automobile,automobile,1.0,True,True,correct
3078,cifar10_test_03078,ship,ship,0.9999996423721313,True,True,correct
3079,cifar10_test_03079,ship,ship,0.9999996423721313,True,True,correct
3080,cifar10_test_03080,automobile,automobile,1.0,True,True,correct
3081,cifar10_test_03081,truck,truck,1.0,True,True,correct
3082,cifar10_test_03082,horse,horse,1.0,True,True,correct
3083,cifar10_test_03083,dog,dog,0.9591057300567627,True,True,correct
3084,cifar10_test_03084,cat,cat,0.9999996423721313,True,True,correct
3085,cifar10_test_03085,bird,bird,0.9999991655349731,True,True,correct
3086,cifar10_test_03086,truck,truck,1.0,True,True,correct
3087,cifar10_test_03087,airplane,airplane,0.9999995231628418,True,True,correct
3088,cifar10_test_03088,frog,frog,1.0,True,True,correct
3089,cifar10_test_03089,ship,ship,0.9999998807907104,True,True,correct
3090,cifar10_test_03090,deer,deer,0.9999998807907104,True,True,correct
3091,cifar10_test_03091,automobile,automobile,0.9999996423721313,True,True,correct
3092,cifar10_test_03092,dog,dog,1.0,True,True,correct
3093,cifar10_test_03093,horse,horse,0.9999997615814209,True,True,correct
3094,cifar10_test_03094,bird,bird,0.967951238155365,True,True,correct
3095,cifar10_test_03095,deer,deer,0.9999998807907104,True,True,correct
3096,cifar10_test_03096,horse,horse,1.0,True,True,correct
3097,cifar10_test_03097,airplane,airplane,0.9999997615814209,True,True,correct
3098,cifar10_test_03098,deer,deer,0.9999998807907104,True,True,correct
3099,cifar10_test_03099,truck,truck,0.9999998807907104,True,True,correct
3100,cifar10_test_03100,airplane,airplane,0.9999979734420776,True,True,correct
3101,cifar10_test_03101,horse,horse,0.9999995231628418,True,True,correct
3102,cifar10_test_03102,airplane,airplane,0.9999994039535522,True,True,correct
3103,cifar10_test_03103,frog,frog,1.0,True,True,correct
3104,cifar10_test_03104,horse,horse,0.9999997615814209,True,True,correct
3105,cifar10_test_03105,automobile,automobile,1.0,True,True,correct
3106,cifar10_test_03106,ship,ship,0.9999998807907104,True,True,correct
3107,cifar10_test_03107,dog,dog,0.9741761088371277,True,True,correct
3108,cifar10_test_03108,ship,ship,0.9999998807907104,True,True,correct
3109,cifar10_test_03109,ship,ship,0.9999988079071045,True,True,correct
3110,cifar10_test_03110,horse,horse,0.9999998807907104,True,True,correct
3111,cifar10_test_03111,airplane,airplane,0.999998927116394,True,True,correct
3112,cifar10_test_03112,airplane,airplane,0.9999996423721313,True,True,correct
3113,cifar10_test_03113,cat,cat,0.999976634979248,True,True,correct
3114,cifar10_test_03114,bird,bird,0.9999998807907104,True,True,correct
3115,cifar10_test_03115,dog,dog,0.9999992847442627,True,True,correct
3116,cifar10_test_03116,horse,horse,0.9999998807907104,True,True,correct
3117,cifar10_test_03117,airplane,airplane,0.9999996423721313,True,True,correct
3118,cifar10_test_03118,frog,frog,1.0,True,True,correct
3119,cifar10_test_03119,deer,deer,0.9999997615814209,True,True,correct
3120,cifar10_test_03120,deer,deer,0.9999996423721313,True,True,correct
3121,cifar10_test_03121,truck,truck,0.9999991655349731,True,True,correct
3122,cifar10_test_03122,automobile,automobile,1.0,True,True,correct
3123,cifar10_test_03123,ship,ship,0.9999996423721313,True,True,correct
3124,cifar10_test_03124,frog,frog,0.9999998807907104,True,True,correct
3125,cifar10_test_03125,cat,cat,0.9999998807907104,True,True,correct
3126,cifar10_test_03126,truck,truck,0.9999998807907104,True,True,correct
3127,cifar10_test_03127,deer,deer,0.9999997615814209,True,True,correct
3128,cifar10_test_03128,truck,truck,0.9999998807907104,True,True,correct
3129,cifar10_test_03129,cat,cat,0.9999998807907104,True,True,correct
3130,cifar10_test_03130,cat,cat,0.9999980926513672,True,True,correct
3131,cifar10_test_03131,horse,horse,1.0,True,True,correct
3132,cifar10_test_03132,dog,dog,0.9999998807907104,True,True,correct
3133,cifar10_test_03133,truck,truck,1.0,True,True,correct
3134,cifar10_test_03134,horse,horse,1.0,True,True,correct
3135,cifar10_test_03135,horse,horse,0.9999995231628418,True,True,correct
3136,cifar10_test_03136,deer,deer,0.9999997615814209,True,True,correct
3137,cifar10_test_03137,dog,dog,0.9999996423721313,True,True,correct
3138,cifar10_test_03138,ship,ship,0.9999997615814209,True,True,correct
3139,cifar10_test_03139,bird,bird,1.0,True,True,correct
3140,cifar10_test_03140,ship,ship,0.9999992847442627,True,True,correct
3141,cifar10_test_03141,truck,truck,0.9999998807907104,True,True,correct
3142,cifar10_test_03142,dog,dog,0.9999996423721313,True,True,correct
3143,cifar10_test_03143,cat,cat,0.9999998807907104,True,True,correct
3144,cifar10_test_03144,automobile,automobile,1.0,True,True,correct
3145,cifar10_test_03145,truck,truck,0.9999998807907104,True,True,correct
3146,cifar10_test_03146,bird,bird,0.9999997615814209,True,True,correct
3147,cifar10_test_03147,bird,bird,1.0,True,True,correct
3148,cifar10_test_03148,airplane,airplane,0.9999994039535522,True,True,correct
3149,cifar10_test_03149,automobile,automobile,1.0,True,True,correct
3150,cifar10_test_03150,automobile,truck,0.9841082096099854,False,True,false_negative_for_automobile;false_positive_for_truck
3151,cifar10_test_03151,ship,ship,0.9999994039535522,True,True,correct
3152,cifar10_test_03152,automobile,automobile,1.0,True,True,correct
3153,cifar10_test_03153,automobile,automobile,1.0,True,True,correct
3154,cifar10_test_03154,truck,truck,0.9999998807907104,True,True,correct
3155,cifar10_test_03155,ship,ship,0.9999997615814209,True,True,correct
3156,cifar10_test_03156,truck,truck,0.9999997615814209,True,True,correct
3157,cifar10_test_03157,truck,truck,0.9999998807907104,True,True,correct
3158,cifar10_test_03158,airplane,airplane,0.9999985694885254,True,True,correct
3159,cifar10_test_03159,bird,bird,1.0,True,True,correct
3160,cifar10_test_03160,frog,frog,0.9999991655349731,True,True,correct
3161,cifar10_test_03161,truck,truck,1.0,True,True,correct
3162,cifar10_test_03162,automobile,automobile,0.9999998807907104,True,True,correct
3163,cifar10_test_03163,truck,truck,0.9999980926513672,True,True,correct
3164,cifar10_test_03164,airplane,bird,0.6945029497146606,False,True,false_negative_for_airplane;false_positive_for_bird
3165,cifar10_test_03165,automobile,automobile,0.9999985694885254,True,True,correct
3166,cifar10_test_03166,truck,truck,0.9999969005584717,True,True,correct
3167,cifar10_test_03167,bird,bird,0.9999985694885254,True,True,correct
3168,cifar10_test_03168,truck,truck,0.9999992847442627,True,True,correct
3169,cifar10_test_03169,truck,truck,1.0,True,True,correct
3170,cifar10_test_03170,truck,truck,1.0,True,True,correct
3171,cifar10_test_03171,airplane,airplane,0.999998927116394,True,True,correct
3172,cifar10_test_03172,truck,truck,1.0,True,True,correct
3173,cifar10_test_03173,truck,truck,0.9999995231628418,True,True,correct
3174,cifar10_test_03174,bird,bird,0.9999998807907104,True,True,correct
3175,cifar10_test_03175,automobile,automobile,1.0,True,True,correct
3176,cifar10_test_03176,horse,horse,1.0,True,True,correct
3177,cifar10_test_03177,airplane,airplane,0.9999992847442627,True,True,correct
3178,cifar10_test_03178,dog,dog,1.0,True,True,correct
3179,cifar10_test_03179,frog,frog,1.0,True,True,correct
3180,cifar10_test_03180,cat,cat,0.9999994039535522,True,True,correct
3181,cifar10_test_03181,truck,truck,0.9999984502792358,True,True,correct
3182,cifar10_test_03182,ship,ship,1.0,True,True,correct
3183,cifar10_test_03183,cat,cat,0.9999979734420776,True,True,correct
3184,cifar10_test_03184,airplane,airplane,0.9999996423721313,True,True,correct
3185,cifar10_test_03185,bird,bird,1.0,True,True,correct
3186,cifar10_test_03186,horse,horse,0.9999998807907104,True,True,correct
3187,cifar10_test_03187,horse,horse,0.9999998807907104,True,True,correct
3188,cifar10_test_03188,deer,deer,0.9999996423721313,True,True,correct
3189,cifar10_test_03189,ship,ship,0.999998927116394,True,True,correct
3190,cifar10_test_03190,cat,cat,0.9999992847442627,True,True,correct
3191,cifar10_test_03191,airplane,airplane,0.9999995231628418,True,True,correct
3192,cifar10_test_03192,dog,deer,0.9561951160430908,False,True,false_negative_for_dog;false_positive_for_deer
3193,cifar10_test_03193,bird,bird,0.9999998807907104,True,True,correct
3194,cifar10_test_03194,cat,cat,0.9999628067016602,True,True,correct
3195,cifar10_test_03195,dog,dog,1.0,True,True,correct
3196,cifar10_test_03196,horse,horse,0.9999998807907104,True,True,correct
3197,cifar10_test_03197,frog,frog,1.0,True,True,correct
3198,cifar10_test_03198,frog,frog,1.0,True,True,correct
3199,cifar10_test_03199,frog,frog,1.0,True,True,correct
3200,cifar10_test_03200,dog,dog,0.9999997615814209,True,True,correct
3201,cifar10_test_03201,frog,frog,1.0,True,True,correct
3202,cifar10_test_03202,dog,dog,0.9999914169311523,True,True,correct
3203,cifar10_test_03203,deer,deer,1.0,True,True,correct
3204,cifar10_test_03204,dog,dog,0.9999997615814209,True,True,correct
3205,cifar10_test_03205,ship,ship,0.9999997615814209,True,True,correct
3206,cifar10_test_03206,ship,ship,0.9999996423721313,True,True,correct
3207,cifar10_test_03207,airplane,airplane,0.9999996423721313,True,True,correct
3208,cifar10_test_03208,truck,truck,0.9999927282333374,True,True,correct
3209,cifar10_test_03209,horse,horse,0.9999996423721313,True,True,correct
3210,cifar10_test_03210,truck,truck,0.9999998807907104,True,True,correct
3211,cifar10_test_03211,airplane,ship,0.995718777179718,False,True,false_negative_for_airplane;false_positive_for_ship
3212,cifar10_test_03212,frog,frog,1.0,True,True,correct
3213,cifar10_test_03213,truck,truck,0.9999995231628418,True,True,correct
3214,cifar10_test_03214,frog,frog,0.9999998807907104,True,True,correct
3215,cifar10_test_03215,automobile,automobile,1.0,True,True,correct
3216,cifar10_test_03216,deer,deer,0.9999990463256836,True,True,correct
3217,cifar10_test_03217,horse,horse,1.0,True,True,correct
3218,cifar10_test_03218,truck,truck,0.9999992847442627,True,True,correct
3219,cifar10_test_03219,airplane,airplane,0.9999998807907104,True,True,correct
3220,cifar10_test_03220,cat,cat,0.9999990463256836,True,True,correct
3221,cifar10_test_03221,dog,dog,0.9999998807907104,True,True,correct
3222,cifar10_test_03222,deer,deer,1.0,True,True,correct
3223,cifar10_test_03223,horse,horse,0.9999996423721313,True,True,correct
3224,cifar10_test_03224,frog,frog,1.0,True,True,correct
3225,cifar10_test_03225,truck,truck,1.0,True,True,correct
3226,cifar10_test_03226,ship,ship,0.9999992847442627,True,True,correct
3227,cifar10_test_03227,bird,bird,0.9999998807907104,True,True,correct
3228,cifar10_test_03228,cat,cat,0.9999990463256836,True,True,correct
3229,cifar10_test_03229,truck,truck,0.9999998807907104,True,True,correct
3230,cifar10_test_03230,cat,cat,0.9999997615814209,True,True,correct
3231,cifar10_test_03231,cat,horse,0.9999754428863525,False,True,false_negative_for_cat;false_positive_for_horse
3232,cifar10_test_03232,horse,horse,1.0,True,True,correct
3233,cifar10_test_03233,ship,ship,0.9999998807907104,True,True,correct
3234,cifar10_test_03234,cat,cat,0.9999995231628418,True,True,correct
3235,cifar10_test_03235,dog,dog,0.9999994039535522,True,True,correct
3236,cifar10_test_03236,dog,dog,0.9999970197677612,True,True,correct
3237,cifar10_test_03237,truck,truck,0.9999949932098389,True,True,correct
3238,cifar10_test_03238,frog,frog,1.0,True,True,correct
3239,cifar10_test_03239,automobile,automobile,1.0,True,True,correct
3240,cifar10_test_03240,deer,deer,0.9999995231628418,True,True,correct
3241,cifar10_test_03241,horse,horse,0.9999997615814209,True,True,correct
3242,cifar10_test_03242,deer,deer,0.9999996423721313,True,True,correct
3243,cifar10_test_03243,ship,ship,0.9999998807907104,True,True,correct
3244,cifar10_test_03244,horse,horse,0.9999998807907104,True,True,correct
3245,cifar10_test_03245,horse,horse,0.9999998807907104,True,True,correct
3246,cifar10_test_03246,automobile,automobile,1.0,True,True,correct
3247,cifar10_test_03247,cat,cat,0.9999998807907104,True,True,correct
3248,cifar10_test_03248,airplane,airplane,0.9999994039535522,True,True,correct
3249,cifar10_test_03249,cat,cat,0.9999998807907104,True,True,correct
3250,cifar10_test_03250,bird,bird,0.9999998807907104,True,True,correct
3251,cifar10_test_03251,dog,dog,0.9999995231628418,True,True,correct
3252,cifar10_test_03252,deer,deer,0.9999998807907104,True,True,correct
3253,cifar10_test_03253,truck,truck,0.9999998807907104,True,True,correct
3254,cifar10_test_03254,cat,cat,0.9999997615814209,True,True,correct
3255,cifar10_test_03255,dog,dog,0.9999998807907104,True,True,correct
3256,cifar10_test_03256,deer,deer,0.9999996423721313,True,True,correct
3257,cifar10_test_03257,horse,horse,0.9999996423721313,True,True,correct
3258,cifar10_test_03258,airplane,airplane,0.9999995231628418,True,True,correct
3259,cifar10_test_03259,cat,cat,0.9999351501464844,True,True,correct
3260,cifar10_test_03260,horse,horse,1.0,True,True,correct
3261,cifar10_test_03261,airplane,airplane,0.9999992847442627,True,True,correct
3262,cifar10_test_03262,bird,bird,0.9999998807907104,True,True,correct
3263,cifar10_test_03263,automobile,automobile,0.9999997615814209,True,True,correct
3264,cifar10_test_03264,dog,dog,0.9999998807907104,True,True,correct
3265,cifar10_test_03265,ship,ship,0.9999995231628418,True,True,correct
3266,cifar10_test_03266,horse,horse,0.9999997615814209,True,True,correct
3267,cifar10_test_03267,cat,cat,0.9999997615814209,True,True,correct
3268,cifar10_test_03268,dog,dog,1.0,True,True,correct
3269,cifar10_test_03269,horse,horse,0.9999998807907104,True,True,correct
3270,cifar10_test_03270,ship,ship,0.9999994039535522,True,True,correct
3271,cifar10_test_03271,dog,dog,0.9999998807907104,True,True,correct
3272,cifar10_test_03272,horse,horse,1.0,True,True,correct
3273,cifar10_test_03273,ship,ship,0.9999998807907104,True,True,correct
3274,cifar10_test_03274,automobile,automobile,1.0,True,True,correct
3275,cifar10_test_03275,dog,dog,0.9999985694885254,True,True,correct
3276,cifar10_test_03276,deer,deer,0.9999997615814209,True,True,correct
3277,cifar10_test_03277,horse,horse,1.0,True,True,correct
3278,cifar10_test_03278,airplane,airplane,0.9999825954437256,True,True,correct
3279,cifar10_test_03279,ship,ship,0.9999957084655762,True,True,correct
3280,cifar10_test_03280,cat,cat,0.9999997615814209,True,True,correct
3281,cifar10_test_03281,bird,bird,1.0,True,True,correct
3282,cifar10_test_03282,truck,truck,0.9999998807907104,True,True,correct
3283,cifar10_test_03283,horse,horse,0.9999997615814209,True,True,correct
3284,cifar10_test_03284,deer,deer,0.9999996423721313,True,True,correct
3285,cifar10_test_03285,automobile,automobile,0.9999997615814209,True,True,correct
3286,cifar10_test_03286,frog,frog,1.0,True,True,correct
3287,cifar10_test_03287,dog,dog,1.0,True,True,correct
3288,cifar10_test_03288,truck,truck,1.0,True,True,correct
3289,cifar10_test_03289,ship,ship,0.9999998807907104,True,True,correct
3290,cifar10_test_03290,dog,dog,0.9999998807907104,True,True,correct
3291,cifar10_test_03291,dog,dog,1.0,True,True,correct
3292,cifar10_test_03292,deer,deer,0.9999969005584717,True,True,correct
3293,cifar10_test_03293,automobile,automobile,1.0,True,True,correct
3294,cifar10_test_03294,airplane,airplane,0.9999990463256836,True,True,correct
3295,cifar10_test_03295,truck,truck,1.0,True,True,correct
3296,cifar10_test_03296,deer,deer,0.9999998807907104,True,True,correct
3297,cifar10_test_03297,deer,deer,0.9999603033065796,True,True,correct
3298,cifar10_test_03298,cat,cat,0.9999994039535522,True,True,correct
3299,cifar10_test_03299,airplane,airplane,0.9999202489852905,True,True,correct
3300,cifar10_test_03300,deer,deer,0.9999988079071045,True,True,correct
3301,cifar10_test_03301,ship,ship,0.9999949932098389,True,True,correct
3302,cifar10_test_03302,airplane,airplane,0.9999995231628418,True,True,correct
3303,cifar10_test_03303,ship,ship,0.9999996423721313,True,True,correct
3304,cifar10_test_03304,bird,bird,1.0,True,True,correct
3305,cifar10_test_03305,truck,truck,0.9999998807907104,True,True,correct
3306,cifar10_test_03306,dog,dog,0.9990779161453247,True,True,correct
3307,cifar10_test_03307,truck,truck,0.9999998807907104,True,True,correct
3308,cifar10_test_03308,horse,horse,0.9999996423721313,True,True,correct
3309,cifar10_test_03309,deer,horse,0.8470010161399841,False,True,false_negative_for_deer;false_positive_for_horse
3310,cifar10_test_03310,frog,frog,1.0,True,True,correct
3311,cifar10_test_03311,horse,horse,0.9999996423721313,True,True,correct
3312,cifar10_test_03312,truck,truck,0.9999942779541016,True,True,correct
3313,cifar10_test_03313,bird,bird,1.0,True,True,correct
3314,cifar10_test_03314,truck,truck,0.9999921321868896,True,True,correct
3315,cifar10_test_03315,cat,cat,0.9999957084655762,True,True,correct
3316,cifar10_test_03316,horse,horse,1.0,True,True,correct
3317,cifar10_test_03317,horse,horse,1.0,True,True,correct
3318,cifar10_test_03318,ship,ship,0.9999997615814209,True,True,correct
3319,cifar10_test_03319,bird,bird,0.9999998807907104,True,True,correct
3320,cifar10_test_03320,bird,bird,0.9999998807907104,True,True,correct
3321,cifar10_test_03321,airplane,airplane,0.9999997615814209,True,True,correct
3322,cifar10_test_03322,bird,bird,1.0,True,True,correct
3323,cifar10_test_03323,dog,dog,0.9999997615814209,True,True,correct
3324,cifar10_test_03324,cat,cat,0.9999997615814209,True,True,correct
3325,cifar10_test_03325,frog,frog,0.9999998807907104,True,True,correct
3326,cifar10_test_03326,deer,deer,1.0,True,True,correct
3327,cifar10_test_03327,horse,horse,0.9999998807907104,True,True,correct
3328,cifar10_test_03328,bird,bird,0.9999998807907104,True,True,correct
3329,cifar10_test_03329,cat,cat,0.9999991655349731,True,True,correct
3330,cifar10_test_03330,horse,horse,0.9999998807907104,True,True,correct
3331,cifar10_test_03331,ship,ship,0.9999991655349731,True,True,correct
3332,cifar10_test_03332,horse,horse,0.9999998807907104,True,True,correct
3333,cifar10_test_03333,bird,bird,1.0,True,True,correct
3334,cifar10_test_03334,dog,dog,0.9999998807907104,True,True,correct
3335,cifar10_test_03335,airplane,airplane,0.9902386665344238,True,True,correct
3336,cifar10_test_03336,airplane,airplane,0.9999982118606567,True,True,correct
3337,cifar10_test_03337,horse,horse,0.9999998807907104,True,True,correct
3338,cifar10_test_03338,airplane,airplane,0.9999988079071045,True,True,correct
3339,cifar10_test_03339,truck,truck,0.9999972581863403,True,True,correct
3340,cifar10_test_03340,frog,frog,1.0,True,True,correct
3341,cifar10_test_03341,automobile,automobile,1.0,True,True,correct
3342,cifar10_test_03342,airplane,airplane,0.9995160102844238,True,True,correct
3343,cifar10_test_03343,cat,dog,0.9978238344192505,False,True,false_negative_for_cat;false_positive_for_dog
3344,cifar10_test_03344,truck,truck,0.9999998807907104,True,True,correct
3345,cifar10_test_03345,horse,horse,1.0,True,True,correct
3346,cifar10_test_03346,deer,deer,0.9999998807907104,True,True,correct
3347,cifar10_test_03347,truck,truck,0.9999994039535522,True,True,correct
3348,cifar10_test_03348,automobile,automobile,1.0,True,True,correct
3349,cifar10_test_03349,frog,frog,1.0,True,True,correct
3350,cifar10_test_03350,ship,ship,0.9999949932098389,True,True,correct
3351,cifar10_test_03351,automobile,automobile,1.0,True,True,correct
3352,cifar10_test_03352,bird,bird,0.9999980926513672,True,True,correct
3353,cifar10_test_03353,cat,cat,0.9999998807907104,True,True,correct
3354,cifar10_test_03354,cat,frog,0.9833459854125977,False,True,false_negative_for_cat;false_positive_for_frog
3355,cifar10_test_03355,dog,dog,0.9999991655349731,True,True,correct
3356,cifar10_test_03356,deer,deer,0.9999997615814209,True,True,correct
3357,cifar10_test_03357,ship,ship,0.9999988079071045,True,True,correct
3358,cifar10_test_03358,truck,truck,0.9999998807907104,True,True,correct
3359,cifar10_test_03359,horse,horse,0.8990013599395752,True,True,correct
3360,cifar10_test_03360,deer,deer,1.0,True,True,correct
3361,cifar10_test_03361,deer,deer,1.0,True,True,correct
3362,cifar10_test_03362,automobile,automobile,1.0,True,True,correct
3363,cifar10_test_03363,bird,bird,1.0,True,True,correct
3364,cifar10_test_03364,deer,deer,0.9999991655349731,True,True,correct
3365,cifar10_test_03365,truck,truck,0.9999998807907104,True,True,correct
3366,cifar10_test_03366,ship,ship,0.9999996423721313,True,True,correct
3367,cifar10_test_03367,horse,horse,0.9999997615814209,True,True,correct
3368,cifar10_test_03368,truck,truck,1.0,True,True,correct
3369,cifar10_test_03369,dog,dog,0.9999998807907104,True,True,correct
3370,cifar10_test_03370,automobile,automobile,1.0,True,True,correct
3371,cifar10_test_03371,bird,bird,1.0,True,True,correct
3372,cifar10_test_03372,automobile,automobile,1.0,True,True,correct
3373,cifar10_test_03373,frog,frog,1.0,True,True,correct
3374,cifar10_test_03374,frog,frog,1.0,True,True,correct
3375,cifar10_test_03375,deer,deer,0.9999996423721313,True,True,correct
3376,cifar10_test_03376,dog,dog,0.9999996423721313,True,True,correct
3377,cifar10_test_03377,horse,horse,1.0,True,True,correct
3378,cifar10_test_03378,deer,deer,0.9999997615814209,True,True,correct
3379,cifar10_test_03379,dog,dog,0.9999980926513672,True,True,correct
3380,cifar10_test_03380,ship,ship,0.9999997615814209,True,True,correct
3381,cifar10_test_03381,dog,dog,0.9999992847442627,True,True,correct
3382,cifar10_test_03382,bird,bird,0.9999997615814209,True,True,correct
3383,cifar10_test_03383,ship,ship,0.9999998807907104,True,True,correct
3384,cifar10_test_03384,horse,horse,0.9999998807907104,True,True,correct
3385,cifar10_test_03385,ship,ship,0.9999983310699463,True,True,correct
3386,cifar10_test_03386,bird,bird,1.0,True,True,correct
3387,cifar10_test_03387,cat,cat,0.9999990463256836,True,True,correct
3388,cifar10_test_03388,frog,frog,1.0,True,True,correct
3389,cifar10_test_03389,automobile,automobile,1.0,True,True,correct
3390,cifar10_test_03390,cat,cat,0.9990641474723816,True,True,correct
3391,cifar10_test_03391,cat,cat,0.9999988079071045,True,True,correct
3392,cifar10_test_03392,automobile,automobile,1.0,True,True,correct
3393,cifar10_test_03393,dog,dog,0.9999995231628418,True,True,correct
3394,cifar10_test_03394,automobile,automobile,1.0,True,True,correct
3395,cifar10_test_03395,truck,truck,1.0,True,True,correct
3396,cifar10_test_03396,airplane,airplane,0.9999997615814209,True,True,correct
3397,cifar10_test_03397,truck,truck,1.0,True,True,correct
3398,cifar10_test_03398,bird,bird,0.9999997615814209,True,True,correct
3399,cifar10_test_03399,airplane,airplane,0.9999853372573853,True,True,correct
3400,cifar10_test_03400,frog,frog,0.9999998807907104,True,True,correct
3401,cifar10_test_03401,bird,bird,1.0,True,True,correct
3402,cifar10_test_03402,deer,deer,0.9999996423721313,True,True,correct
3403,cifar10_test_03403,ship,ship,0.9999998807907104,True,True,correct
3404,cifar10_test_03404,dog,dog,0.9999998807907104,True,True,correct
3405,cifar10_test_03405,horse,horse,0.9999997615814209,True,True,correct
3406,cifar10_test_03406,frog,frog,1.0,True,True,correct
3407,cifar10_test_03407,automobile,automobile,1.0,True,True,correct
3408,cifar10_test_03408,bird,bird,0.9999994039535522,True,True,correct
3409,cifar10_test_03409,truck,truck,1.0,True,True,correct
3410,cifar10_test_03410,deer,deer,1.0,True,True,correct
3411,cifar10_test_03411,dog,dog,0.9999996423721313,True,True,correct
3412,cifar10_test_03412,airplane,airplane,0.9999983310699463,True,True,correct
3413,cifar10_test_03413,cat,cat,0.9999979734420776,True,True,correct
3414,cifar10_test_03414,cat,cat,0.9999995231628418,True,True,correct
3415,cifar10_test_03415,horse,horse,0.9999997615814209,True,True,correct
3416,cifar10_test_03416,horse,horse,0.9999573230743408,True,True,correct
3417,cifar10_test_03417,horse,horse,0.9999998807907104,True,True,correct
3418,cifar10_test_03418,automobile,automobile,0.9999998807907104,True,True,correct
3419,cifar10_test_03419,deer,deer,0.9999997615814209,True,True,correct
3420,cifar10_test_03420,dog,dog,0.9999997615814209,True,True,correct
3421,cifar10_test_03421,airplane,airplane,0.9999992847442627,True,True,correct
3422,cifar10_test_03422,bird,bird,1.0,True,True,correct
3423,cifar10_test_03423,ship,ship,0.9999998807907104,True,True,correct
3424,cifar10_test_03424,dog,dog,1.0,True,True,correct
3425,cifar10_test_03425,airplane,airplane,0.9999997615814209,True,True,correct
3426,cifar10_test_03426,airplane,airplane,0.9999996423721313,True,True,correct
3427,cifar10_test_03427,frog,frog,1.0,True,True,correct
3428,cifar10_test_03428,bird,bird,1.0,True,True,correct
3429,cifar10_test_03429,airplane,airplane,0.9999967813491821,True,True,correct
3430,cifar10_test_03430,ship,ship,0.9999998807907104,True,True,correct
3431,cifar10_test_03431,deer,deer,1.0,True,True,correct
3432,cifar10_test_03432,dog,dog,1.0,True,True,correct
3433,cifar10_test_03433,deer,deer,1.0,True,True,correct
3434,cifar10_test_03434,dog,dog,0.9999983310699463,True,True,correct
3435,cifar10_test_03435,frog,frog,1.0,True,True,correct
3436,cifar10_test_03436,deer,deer,0.9999995231628418,True,True,correct
3437,cifar10_test_03437,horse,horse,0.9999998807907104,True,True,correct
3438,cifar10_test_03438,truck,truck,1.0,True,True,correct
3439,cifar10_test_03439,deer,deer,0.9999997615814209,True,True,correct
3440,cifar10_test_03440,bird,bird,1.0,True,True,correct
3441,cifar10_test_03441,airplane,airplane,0.9999995231628418,True,True,correct
3442,cifar10_test_03442,frog,frog,1.0,True,True,correct
3443,cifar10_test_03443,deer,bird,0.8469927906990051,False,True,false_negative_for_deer;false_positive_for_bird
3444,cifar10_test_03444,airplane,bird,0.9340349435806274,False,True,false_negative_for_airplane;false_positive_for_bird
3445,cifar10_test_03445,airplane,airplane,0.9999998807907104,True,True,correct
3446,cifar10_test_03446,frog,frog,1.0,True,True,correct
3447,cifar10_test_03447,deer,deer,0.9999997615814209,True,True,correct
3448,cifar10_test_03448,frog,frog,1.0,True,True,correct
3449,cifar10_test_03449,automobile,automobile,1.0,True,True,correct
3450,cifar10_test_03450,truck,automobile,0.7650099396705627,False,True,false_negative_for_truck;false_positive_for_automobile
3451,cifar10_test_03451,dog,dog,0.9999998807907104,True,True,correct
3452,cifar10_test_03452,dog,dog,0.999994158744812,True,True,correct
3453,cifar10_test_03453,bird,bird,1.0,True,True,correct
3454,cifar10_test_03454,bird,bird,1.0,True,True,correct
3455,cifar10_test_03455,frog,frog,1.0,True,True,correct
3456,cifar10_test_03456,cat,cat,0.9999998807907104,True,True,correct
3457,cifar10_test_03457,deer,deer,0.9999998807907104,True,True,correct
3458,cifar10_test_03458,dog,dog,0.9999997615814209,True,True,correct
3459,cifar10_test_03459,truck,truck,0.9999998807907104,True,True,correct
3460,cifar10_test_03460,automobile,automobile,1.0,True,True,correct
3461,cifar10_test_03461,horse,horse,0.9999996423721313,True,True,correct
3462,cifar10_test_03462,bird,bird,1.0,True,True,correct
3463,cifar10_test_03463,cat,cat,0.9998728036880493,True,True,correct
3464,cifar10_test_03464,truck,truck,0.9999998807907104,True,True,correct
3465,cifar10_test_03465,frog,frog,1.0,True,True,correct
3466,cifar10_test_03466,dog,dog,1.0,True,True,correct
3467,cifar10_test_03467,airplane,airplane,0.999998927116394,True,True,correct
3468,cifar10_test_03468,bird,bird,1.0,True,True,correct
3469,cifar10_test_03469,truck,truck,0.9999978542327881,True,True,correct
3470,cifar10_test_03470,horse,horse,1.0,True,True,correct
3471,cifar10_test_03471,automobile,automobile,1.0,True,True,correct
3472,cifar10_test_03472,horse,horse,1.0,True,True,correct
3473,cifar10_test_03473,bird,bird,1.0,True,True,correct
3474,cifar10_test_03474,bird,bird,0.9999998807907104,True,True,correct
3475,cifar10_test_03475,airplane,airplane,0.999998927116394,True,True,correct
3476,cifar10_test_03476,ship,ship,0.9999996423721313,True,True,correct
3477,cifar10_test_03477,frog,frog,1.0,True,True,correct
3478,cifar10_test_03478,deer,deer,0.9999996423721313,True,True,correct
3479,cifar10_test_03479,cat,cat,0.9999990463256836,True,True,correct
3480,cifar10_test_03480,bird,bird,0.9999998807907104,True,True,correct
3481,cifar10_test_03481,horse,horse,0.9999996423721313,True,True,correct
3482,cifar10_test_03482,horse,horse,0.9999997615814209,True,True,correct
3483,cifar10_test_03483,airplane,airplane,0.9999986886978149,True,True,correct
3484,cifar10_test_03484,deer,deer,0.9999998807907104,True,True,correct
3485,cifar10_test_03485,automobile,automobile,1.0,True,True,correct
3486,cifar10_test_03486,frog,frog,1.0,True,True,correct
3487,cifar10_test_03487,dog,dog,0.9999998807907104,True,True,correct
3488,cifar10_test_03488,automobile,automobile,0.9999998807907104,True,True,correct
3489,cifar10_test_03489,cat,cat,0.9999978542327881,True,True,correct
3490,cifar10_test_03490,airplane,ship,0.9985044002532959,False,True,false_negative_for_airplane;false_positive_for_ship
3491,cifar10_test_03491,cat,cat,0.9999988079071045,True,True,correct
3492,cifar10_test_03492,truck,truck,0.9999998807907104,True,True,correct
3493,cifar10_test_03493,airplane,airplane,0.999998927116394,True,True,correct
3494,cifar10_test_03494,airplane,airplane,0.9999961853027344,True,True,correct
3495,cifar10_test_03495,bird,bird,0.9999998807907104,True,True,correct
3496,cifar10_test_03496,dog,dog,1.0,True,True,correct
3497,cifar10_test_03497,airplane,airplane,0.9999042749404907,True,True,correct
3498,cifar10_test_03498,deer,deer,0.9999995231628418,True,True,correct
3499,cifar10_test_03499,airplane,airplane,0.9999998807907104,True,True,correct
3500,cifar10_test_03500,automobile,truck,0.9990997314453125,False,True,false_negative_for_automobile;false_positive_for_truck
3501,cifar10_test_03501,truck,truck,0.9999943971633911,True,True,correct
3502,cifar10_test_03502,ship,ship,0.9999998807907104,True,True,correct
3503,cifar10_test_03503,deer,deer,0.9999996423721313,True,True,correct
3504,cifar10_test_03504,truck,truck,1.0,True,True,correct
3505,cifar10_test_03505,deer,deer,0.9999998807907104,True,True,correct
3506,cifar10_test_03506,bird,bird,1.0,True,True,correct
3507,cifar10_test_03507,deer,deer,0.9999994039535522,True,True,correct
3508,cifar10_test_03508,cat,cat,0.9999978542327881,True,True,correct
3509,cifar10_test_03509,cat,cat,0.9979227185249329,True,True,correct
3510,cifar10_test_03510,deer,deer,0.9999959468841553,True,True,correct
3511,cifar10_test_03511,airplane,airplane,0.9999988079071045,True,True,correct
3512,cifar10_test_03512,deer,deer,0.9999997615814209,True,True,correct
3513,cifar10_test_03513,cat,cat,0.9999992847442627,True,True,correct
3514,cifar10_test_03514,bird,bird,0.9999462366104126,True,True,correct
3515,cifar10_test_03515,ship,ship,0.9999998807907104,True,True,correct
3516,cifar10_test_03516,truck,truck,1.0,True,True,correct
3517,cifar10_test_03517,automobile,automobile,1.0,True,True,correct
3518,cifar10_test_03518,dog,dog,0.9999995231628418,True,True,correct
3519,cifar10_test_03519,ship,ship,0.9999997615814209,True,True,correct
3520,cifar10_test_03520,automobile,automobile,1.0,True,True,correct
3521,cifar10_test_03521,ship,ship,0.9999986886978149,True,True,correct
3522,cifar10_test_03522,bird,bird,0.9999996423721313,True,True,correct
3523,cifar10_test_03523,deer,deer,0.9999998807907104,True,True,correct
3524,cifar10_test_03524,dog,dog,0.999997615814209,True,True,correct
3525,cifar10_test_03525,bird,bird,1.0,True,True,correct
3526,cifar10_test_03526,deer,deer,0.9999998807907104,True,True,correct
3527,cifar10_test_03527,automobile,automobile,1.0,True,True,correct
3528,cifar10_test_03528,automobile,automobile,1.0,True,True,correct
3529,cifar10_test_03529,frog,frog,1.0,True,True,correct
3530,cifar10_test_03530,frog,frog,1.0,True,True,correct
3531,cifar10_test_03531,ship,ship,0.9999988079071045,True,True,correct
3532,cifar10_test_03532,dog,dog,0.9999997615814209,True,True,correct
3533,cifar10_test_03533,bird,bird,1.0,True,True,correct
3534,cifar10_test_03534,bird,bird,0.9999998807907104,True,True,correct
3535,cifar10_test_03535,dog,dog,1.0,True,True,correct
3536,cifar10_test_03536,airplane,airplane,0.999998927116394,True,True,correct
3537,cifar10_test_03537,ship,ship,0.9999982118606567,True,True,correct
3538,cifar10_test_03538,bird,bird,0.9999998807907104,True,True,correct
3539,cifar10_test_03539,cat,cat,0.9999964237213135,True,True,correct
3540,cifar10_test_03540,frog,frog,1.0,True,True,correct
3541,cifar10_test_03541,bird,bird,1.0,True,True,correct
3542,cifar10_test_03542,truck,truck,1.0,True,True,correct
3543,cifar10_test_03543,frog,frog,1.0,True,True,correct
3544,cifar10_test_03544,automobile,automobile,0.9999998807907104,True,True,correct
3545,cifar10_test_03545,deer,deer,0.9999998807907104,True,True,correct
3546,cifar10_test_03546,dog,dog,0.9999985694885254,True,True,correct
3547,cifar10_test_03547,truck,truck,1.0,True,True,correct
3548,cifar10_test_03548,airplane,airplane,0.9999996423721313,True,True,correct
3549,cifar10_test_03549,automobile,automobile,0.9999996423721313,True,True,correct
3550,cifar10_test_03550,airplane,airplane,0.9999973773956299,True,True,correct
3551,cifar10_test_03551,airplane,airplane,0.9999997615814209,True,True,correct
3552,cifar10_test_03552,ship,ship,0.9999998807907104,True,True,correct
3553,cifar10_test_03553,automobile,automobile,0.9999998807907104,True,True,correct
3554,cifar10_test_03554,automobile,automobile,1.0,True,True,correct
3555,cifar10_test_03555,frog,frog,1.0,True,True,correct
3556,cifar10_test_03556,frog,frog,1.0,True,True,correct
3557,cifar10_test_03557,truck,truck,0.9999996423721313,True,True,correct
3558,cifar10_test_03558,dog,dog,0.9999996423721313,True,True,correct
3559,cifar10_test_03559,deer,deer,0.9999995231628418,True,True,correct
3560,cifar10_test_03560,automobile,truck,0.9999996423721313,False,True,false_negative_for_automobile;false_positive_for_truck
3561,cifar10_test_03561,horse,horse,0.9999995231628418,True,True,correct
3562,cifar10_test_03562,ship,ship,0.9999996423721313,True,True,correct
3563,cifar10_test_03563,frog,frog,1.0,True,True,correct
3564,cifar10_test_03564,truck,truck,1.0,True,True,correct
3565,cifar10_test_03565,automobile,automobile,1.0,True,True,correct
3566,cifar10_test_03566,horse,horse,1.0,True,True,correct
3567,cifar10_test_03567,frog,frog,1.0,True,True,correct
3568,cifar10_test_03568,airplane,airplane,0.9999996423721313,True,True,correct
3569,cifar10_test_03569,truck,truck,1.0,True,True,correct
3570,cifar10_test_03570,cat,cat,0.9999990463256836,True,True,correct
3571,cifar10_test_03571,dog,dog,0.9999997615814209,True,True,correct
3572,cifar10_test_03572,cat,cat,0.9999997615814209,True,True,correct
3573,cifar10_test_03573,bird,bird,1.0,True,True,correct
3574,cifar10_test_03574,dog,dog,0.9999898672103882,True,True,correct
3575,cifar10_test_03575,cat,cat,0.9999998807907104,True,True,correct
3576,cifar10_test_03576,deer,deer,1.0,True,True,correct
3577,cifar10_test_03577,truck,truck,0.9999990463256836,True,True,correct
3578,cifar10_test_03578,horse,horse,0.9999998807907104,True,True,correct
3579,cifar10_test_03579,automobile,automobile,1.0,True,True,correct
3580,cifar10_test_03580,deer,deer,1.0,True,True,correct
3581,cifar10_test_03581,deer,deer,0.9999997615814209,True,True,correct
3582,cifar10_test_03582,frog,frog,1.0,True,True,correct
3583,cifar10_test_03583,automobile,automobile,1.0,True,True,correct
3584,cifar10_test_03584,cat,cat,0.9999996423721313,True,True,correct
3585,cifar10_test_03585,ship,ship,1.0,True,True,correct
3586,cifar10_test_03586,ship,ship,0.9999996423721313,True,True,correct
3587,cifar10_test_03587,airplane,airplane,0.9999991655349731,True,True,correct
3588,cifar10_test_03588,frog,frog,1.0,True,True,correct
3589,cifar10_test_03589,horse,horse,0.9999998807907104,True,True,correct
3590,cifar10_test_03590,horse,horse,0.9999998807907104,True,True,correct
3591,cifar10_test_03591,frog,frog,1.0,True,True,correct
3592,cifar10_test_03592,horse,horse,0.9999998807907104,True,True,correct
3593,cifar10_test_03593,bird,bird,0.9999998807907104,True,True,correct
3594,cifar10_test_03594,cat,cat,0.9999991655349731,True,True,correct
3595,cifar10_test_03595,bird,bird,1.0,True,True,correct
3596,cifar10_test_03596,bird,bird,0.9999998807907104,True,True,correct
3597,cifar10_test_03597,frog,frog,1.0,True,True,correct
3598,cifar10_test_03598,bird,bird,1.0,True,True,correct
3599,cifar10_test_03599,horse,horse,0.9999997615814209,True,True,correct
3600,cifar10_test_03600,deer,dog,0.9999852180480957,False,True,false_negative_for_deer;false_positive_for_dog
3601,cifar10_test_03601,airplane,airplane,1.0,True,True,correct
3602,cifar10_test_03602,cat,cat,0.999998927116394,True,True,correct
3603,cifar10_test_03603,frog,frog,1.0,True,True,correct
3604,cifar10_test_03604,bird,bird,1.0,True,True,correct
3605,cifar10_test_03605,frog,frog,1.0,True,True,correct
3606,cifar10_test_03606,cat,cat,0.9999998807907104,True,True,correct
3607,cifar10_test_03607,cat,cat,0.9999988079071045,True,True,correct
3608,cifar10_test_03608,airplane,airplane,0.9999997615814209,True,True,correct
3609,cifar10_test_03609,truck,truck,0.9999998807907104,True,True,correct
3610,cifar10_test_03610,dog,dog,0.9999921321868896,True,True,correct
3611,cifar10_test_03611,automobile,automobile,0.9999995231628418,True,True,correct
3612,cifar10_test_03612,automobile,automobile,0.9999996423721313,True,True,correct
3613,cifar10_test_03613,dog,dog,0.9999998807907104,True,True,correct
3614,cifar10_test_03614,cat,cat,0.9999971389770508,True,True,correct
3615,cifar10_test_03615,frog,frog,1.0,True,True,correct
3616,cifar10_test_03616,deer,deer,1.0,True,True,correct
3617,cifar10_test_03617,cat,cat,0.9999998807907104,True,True,correct
3618,cifar10_test_03618,deer,deer,0.9999996423721313,True,True,correct
3619,cifar10_test_03619,automobile,automobile,1.0,True,True,correct
3620,cifar10_test_03620,airplane,airplane,0.9999998807907104,True,True,correct
3621,cifar10_test_03621,deer,deer,1.0,True,True,correct
3622,cifar10_test_03622,dog,dog,0.9999984502792358,True,True,correct
3623,cifar10_test_03623,dog,dog,0.9999997615814209,True,True,correct
3624,cifar10_test_03624,bird,bird,0.9999996423721313,True,True,correct
3625,cifar10_test_03625,ship,ship,0.9999991655349731,True,True,correct
3626,cifar10_test_03626,truck,truck,0.9999997615814209,True,True,correct
3627,cifar10_test_03627,deer,deer,0.9999998807907104,True,True,correct
3628,cifar10_test_03628,cat,cat,0.9999997615814209,True,True,correct
3629,cifar10_test_03629,automobile,automobile,0.9999998807907104,True,True,correct
3630,cifar10_test_03630,ship,ship,0.9999997615814209,True,True,correct
3631,cifar10_test_03631,airplane,airplane,0.9999998807907104,True,True,correct
3632,cifar10_test_03632,automobile,automobile,0.9999997615814209,True,True,correct
3633,cifar10_test_03633,cat,cat,0.9999997615814209,True,True,correct
3634,cifar10_test_03634,cat,cat,0.9999995231628418,True,True,correct
3635,cifar10_test_03635,deer,deer,0.9999998807907104,True,True,correct
3636,cifar10_test_03636,deer,deer,0.9999998807907104,True,True,correct
3637,cifar10_test_03637,bird,bird,0.9999998807907104,True,True,correct
3638,cifar10_test_03638,truck,truck,1.0,True,True,correct
3639,cifar10_test_03639,horse,horse,0.9999998807907104,True,True,correct
3640,cifar10_test_03640,frog,frog,1.0,True,True,correct
3641,cifar10_test_03641,ship,ship,0.9999998807907104,True,True,correct
3642,cifar10_test_03642,automobile,automobile,1.0,True,True,correct
3643,cifar10_test_03643,ship,ship,1.0,True,True,correct
3644,cifar10_test_03644,truck,truck,0.9999998807907104,True,True,correct
3645,cifar10_test_03645,automobile,truck,0.9995655417442322,False,True,false_negative_for_automobile;false_positive_for_truck
3646,cifar10_test_03646,cat,cat,0.9999979734420776,True,True,correct
3647,cifar10_test_03647,automobile,automobile,0.9999998807907104,True,True,correct
3648,cifar10_test_03648,horse,horse,0.9999998807907104,True,True,correct
3649,cifar10_test_03649,cat,cat,0.9999998807907104,True,True,correct
3650,cifar10_test_03650,airplane,airplane,0.9999990463256836,True,True,correct
3651,cifar10_test_03651,airplane,airplane,0.9999991655349731,True,True,correct
3652,cifar10_test_03652,bird,bird,1.0,True,True,correct
3653,cifar10_test_03653,ship,ship,0.9999874830245972,True,True,correct
3654,cifar10_test_03654,cat,cat,0.9999529123306274,True,True,correct
3655,cifar10_test_03655,truck,truck,0.9999996423721313,True,True,correct
3656,cifar10_test_03656,bird,bird,1.0,True,True,correct
3657,cifar10_test_03657,horse,horse,0.9999998807907104,True,True,correct
3658,cifar10_test_03658,bird,bird,0.9999998807907104,True,True,correct
3659,cifar10_test_03659,frog,frog,1.0,True,True,correct
3660,cifar10_test_03660,airplane,airplane,0.9999991655349731,True,True,correct
3661,cifar10_test_03661,automobile,automobile,1.0,True,True,correct
3662,cifar10_test_03662,frog,frog,1.0,True,True,correct
3663,cifar10_test_03663,automobile,automobile,1.0,True,True,correct
3664,cifar10_test_03664,frog,frog,1.0,True,True,correct
3665,cifar10_test_03665,horse,horse,0.9999997615814209,True,True,correct
3666,cifar10_test_03666,dog,dog,0.9999998807907104,True,True,correct
3667,cifar10_test_03667,dog,dog,0.9999998807907104,True,True,correct
3668,cifar10_test_03668,bird,bird,0.9999992847442627,True,True,correct
3669,cifar10_test_03669,dog,dog,0.9999998807907104,True,True,correct
3670,cifar10_test_03670,truck,truck,1.0,True,True,correct
3671,cifar10_test_03671,deer,deer,0.9999997615814209,True,True,correct
3672,cifar10_test_03672,airplane,airplane,0.9999994039535522,True,True,correct
3673,cifar10_test_03673,bird,bird,1.0,True,True,correct
3674,cifar10_test_03674,cat,cat,0.9999995231628418,True,True,correct
3675,cifar10_test_03675,deer,deer,1.0,True,True,correct
3676,cifar10_test_03676,truck,truck,0.9999998807907104,True,True,correct
3677,cifar10_test_03677,deer,deer,0.9999997615814209,True,True,correct
3678,cifar10_test_03678,automobile,automobile,1.0,True,True,correct
3679,cifar10_test_03679,airplane,airplane,0.9999995231628418,True,True,correct
3680,cifar10_test_03680,airplane,airplane,1.0,True,True,correct
3681,cifar10_test_03681,bird,bird,1.0,True,True,correct
3682,cifar10_test_03682,cat,cat,0.9999969005584717,True,True,correct
3683,cifar10_test_03683,ship,ship,0.9999998807907104,True,True,correct
3684,cifar10_test_03684,truck,truck,0.9999997615814209,True,True,correct
3685,cifar10_test_03685,bird,bird,0.9999998807907104,True,True,correct
3686,cifar10_test_03686,ship,ship,0.9999998807907104,True,True,correct
3687,cifar10_test_03687,truck,truck,0.9999998807907104,True,True,correct
3688,cifar10_test_03688,dog,dog,0.9999998807907104,True,True,correct
3689,cifar10_test_03689,horse,horse,1.0,True,True,correct
3690,cifar10_test_03690,truck,truck,0.9999998807907104,True,True,correct
3691,cifar10_test_03691,automobile,automobile,1.0,True,True,correct
3692,cifar10_test_03692,deer,deer,0.9999997615814209,True,True,correct
3693,cifar10_test_03693,frog,frog,1.0,True,True,correct
3694,cifar10_test_03694,bird,bird,1.0,True,True,correct
3695,cifar10_test_03695,ship,ship,0.9999997615814209,True,True,correct
3696,cifar10_test_03696,deer,bird,0.999971866607666,False,True,false_negative_for_deer;false_positive_for_bird
3697,cifar10_test_03697,deer,deer,0.9999996423721313,True,True,correct
3698,cifar10_test_03698,ship,ship,0.9999998807907104,True,True,correct
3699,cifar10_test_03699,truck,truck,0.9999997615814209,True,True,correct
3700,cifar10_test_03700,cat,cat,0.9999997615814209,True,True,correct
3701,cifar10_test_03701,automobile,automobile,1.0,True,True,correct
3702,cifar10_test_03702,automobile,automobile,1.0,True,True,correct
3703,cifar10_test_03703,frog,frog,1.0,True,True,correct
3704,cifar10_test_03704,dog,truck,0.9999649524688721,False,True,false_negative_for_dog;false_positive_for_truck
3705,cifar10_test_03705,ship,ship,0.9999992847442627,True,True,correct
3706,cifar10_test_03706,deer,deer,0.9999998807907104,True,True,correct
3707,cifar10_test_03707,frog,frog,1.0,True,True,correct
3708,cifar10_test_03708,deer,bird,0.9999814033508301,False,True,false_negative_for_deer;false_positive_for_bird
3709,cifar10_test_03709,dog,dog,0.9999998807907104,True,True,correct
3710,cifar10_test_03710,bird,bird,0.9999998807907104,True,True,correct
3711,cifar10_test_03711,frog,frog,1.0,True,True,correct
3712,cifar10_test_03712,deer,deer,0.9999998807907104,True,True,correct
3713,cifar10_test_03713,bird,bird,0.999997615814209,True,True,correct
3714,cifar10_test_03714,cat,cat,0.9999997615814209,True,True,correct
3715,cifar10_test_03715,automobile,automobile,0.9999997615814209,True,True,correct
3716,cifar10_test_03716,cat,cat,0.9999963045120239,True,True,correct
3717,cifar10_test_03717,frog,frog,1.0,True,True,correct
3718,cifar10_test_03718,ship,ship,0.9999995231628418,True,True,correct
3719,cifar10_test_03719,dog,dog,0.9999998807907104,True,True,correct
3720,cifar10_test_03720,bird,bird,0.9999998807907104,True,True,correct
3721,cifar10_test_03721,bird,bird,0.9999985694885254,True,True,correct
3722,cifar10_test_03722,horse,horse,1.0,True,True,correct
3723,cifar10_test_03723,automobile,automobile,0.9999998807907104,True,True,correct
3724,cifar10_test_03724,frog,frog,0.9999997615814209,True,True,correct
3725,cifar10_test_03725,bird,bird,1.0,True,True,correct
3726,cifar10_test_03726,dog,dog,0.9999997615814209,True,True,correct
3727,cifar10_test_03727,truck,truck,1.0,True,True,correct
3728,cifar10_test_03728,bird,bird,0.7681041359901428,True,True,correct
3729,cifar10_test_03729,ship,ship,1.0,True,True,correct
3730,cifar10_test_03730,automobile,automobile,1.0,True,True,correct
3731,cifar10_test_03731,frog,frog,1.0,True,True,correct
3732,cifar10_test_03732,truck,truck,1.0,True,True,correct
3733,cifar10_test_03733,bird,bird,1.0,True,True,correct
3734,cifar10_test_03734,horse,horse,0.9999998807907104,True,True,correct
3735,cifar10_test_03735,dog,dog,0.9999179840087891,True,True,correct
3736,cifar10_test_03736,cat,cat,0.9999992847442627,True,True,correct
3737,cifar10_test_03737,bird,bird,1.0,True,True,correct
3738,cifar10_test_03738,truck,truck,1.0,True,True,correct
3739,cifar10_test_03739,horse,horse,0.9999998807907104,True,True,correct
3740,cifar10_test_03740,airplane,airplane,0.9999996423721313,True,True,correct
3741,cifar10_test_03741,bird,bird,1.0,True,True,correct
3742,cifar10_test_03742,truck,truck,0.9999998807907104,True,True,correct
3743,cifar10_test_03743,cat,cat,0.9999990463256836,True,True,correct
3744,cifar10_test_03744,deer,horse,0.999956488609314,False,True,false_negative_for_deer;false_positive_for_horse
3745,cifar10_test_03745,automobile,automobile,1.0,True,True,correct
3746,cifar10_test_03746,horse,horse,0.9999996423721313,True,True,correct
3747,cifar10_test_03747,truck,truck,0.9999997615814209,True,True,correct
3748,cifar10_test_03748,dog,dog,0.9999998807907104,True,True,correct
3749,cifar10_test_03749,ship,ship,0.9999998807907104,True,True,correct
3750,cifar10_test_03750,truck,truck,0.9999995231628418,True,True,correct
3751,cifar10_test_03751,horse,horse,1.0,True,True,correct
3752,cifar10_test_03752,cat,cat,0.9999996423721313,True,True,correct
3753,cifar10_test_03753,deer,deer,0.9999909400939941,True,True,correct
3754,cifar10_test_03754,airplane,airplane,0.9999998807907104,True,True,correct
3755,cifar10_test_03755,truck,truck,0.9999998807907104,True,True,correct
3756,cifar10_test_03756,horse,horse,1.0,True,True,correct
3757,cifar10_test_03757,deer,deer,0.9999996423721313,True,True,correct
3758,cifar10_test_03758,bird,bird,1.0,True,True,correct
3759,cifar10_test_03759,deer,deer,0.9999998807907104,True,True,correct
3760,cifar10_test_03760,horse,horse,0.9999997615814209,True,True,correct
3761,cifar10_test_03761,airplane,airplane,0.9999945163726807,True,True,correct
3762,cifar10_test_03762,automobile,truck,0.9808319211006165,False,True,false_negative_for_automobile;false_positive_for_truck
3763,cifar10_test_03763,ship,ship,0.9999998807907104,True,True,correct
3764,cifar10_test_03764,automobile,automobile,1.0,True,True,correct
3765,cifar10_test_03765,airplane,airplane,0.9999992847442627,True,True,correct
3766,cifar10_test_03766,deer,deer,0.9999998807907104,True,True,correct
3767,cifar10_test_03767,frog,frog,1.0,True,True,correct
3768,cifar10_test_03768,automobile,automobile,1.0,True,True,correct
3769,cifar10_test_03769,truck,truck,0.9999998807907104,True,True,correct
3770,cifar10_test_03770,truck,truck,0.9999997615814209,True,True,correct
3771,cifar10_test_03771,bird,bird,0.9999998807907104,True,True,correct
3772,cifar10_test_03772,automobile,automobile,0.9999997615814209,True,True,correct
3773,cifar10_test_03773,bird,bird,0.9999998807907104,True,True,correct
3774,cifar10_test_03774,dog,dog,0.9999996423721313,True,True,correct
3775,cifar10_test_03775,frog,frog,1.0,True,True,correct
3776,cifar10_test_03776,truck,truck,0.9999996423721313,True,True,correct
3777,cifar10_test_03777,horse,horse,0.9999996423721313,True,True,correct
3778,cifar10_test_03778,horse,horse,0.9999997615814209,True,True,correct
3779,cifar10_test_03779,cat,cat,0.999998927116394,True,True,correct
3780,cifar10_test_03780,deer,deer,0.9999996423721313,True,True,correct
3781,cifar10_test_03781,bird,bird,1.0,True,True,correct
3782,cifar10_test_03782,airplane,airplane,0.9999997615814209,True,True,correct
3783,cifar10_test_03783,bird,bird,1.0,True,True,correct
3784,cifar10_test_03784,dog,dog,0.9999997615814209,True,True,correct
3785,cifar10_test_03785,frog,frog,0.9999996423721313,True,True,correct
3786,cifar10_test_03786,horse,horse,1.0,True,True,correct
3787,cifar10_test_03787,cat,cat,0.999998927116394,True,True,correct
3788,cifar10_test_03788,horse,horse,1.0,True,True,correct
3789,cifar10_test_03789,truck,automobile,0.9999996423721313,False,True,false_negative_for_truck;false_positive_for_automobile
3790,cifar10_test_03790,deer,deer,0.9999998807907104,True,True,correct
3791,cifar10_test_03791,bird,bird,0.9999998807907104,True,True,correct
3792,cifar10_test_03792,airplane,airplane,0.9999996423721313,True,True,correct
3793,cifar10_test_03793,frog,frog,1.0,True,True,correct
3794,cifar10_test_03794,automobile,automobile,1.0,True,True,correct
3795,cifar10_test_03795,horse,horse,1.0,True,True,correct
3796,cifar10_test_03796,dog,dog,0.9999995231628418,True,True,correct
3797,cifar10_test_03797,frog,frog,1.0,True,True,correct
3798,cifar10_test_03798,dog,dog,0.9999973773956299,True,True,correct
3799,cifar10_test_03799,cat,dog,0.9982638955116272,False,True,false_negative_for_cat;false_positive_for_dog
3800,cifar10_test_03800,truck,truck,1.0,True,True,correct
3801,cifar10_test_03801,bird,bird,0.9999998807907104,True,True,correct
3802,cifar10_test_03802,horse,horse,1.0,True,True,correct
3803,cifar10_test_03803,ship,ship,0.9999998807907104,True,True,correct
3804,cifar10_test_03804,dog,dog,0.9999998807907104,True,True,correct
3805,cifar10_test_03805,truck,truck,0.9999998807907104,True,True,correct
3806,cifar10_test_03806,dog,dog,0.9999994039535522,True,True,correct
3807,cifar10_test_03807,ship,ship,0.9999996423721313,True,True,correct
3808,cifar10_test_03808,dog,dog,0.9999982118606567,True,True,correct
3809,cifar10_test_03809,deer,deer,0.9999997615814209,True,True,correct
3810,cifar10_test_03810,cat,cat,0.9999998807907104,True,True,correct
3811,cifar10_test_03811,horse,horse,0.9999997615814209,True,True,correct
3812,cifar10_test_03812,truck,truck,0.9999997615814209,True,True,correct
3813,cifar10_test_03813,ship,ship,0.9999998807907104,True,True,correct
3814,cifar10_test_03814,automobile,automobile,1.0,True,True,correct
3815,cifar10_test_03815,bird,bird,0.9999998807907104,True,True,correct
3816,cifar10_test_03816,bird,bird,1.0,True,True,correct
3817,cifar10_test_03817,ship,ship,0.9999998807907104,True,True,correct
3818,cifar10_test_03818,truck,truck,0.9999998807907104,True,True,correct
3819,cifar10_test_03819,cat,cat,0.9999963045120239,True,True,correct
3820,cifar10_test_03820,airplane,airplane,1.0,True,True,correct
3821,cifar10_test_03821,ship,ship,0.9999995231628418,True,True,correct
3822,cifar10_test_03822,deer,deer,0.9999994039535522,True,True,correct
3823,cifar10_test_03823,airplane,airplane,0.9999990463256836,True,True,correct
3824,cifar10_test_03824,bird,bird,1.0,True,True,correct
3825,cifar10_test_03825,airplane,airplane,0.9999992847442627,True,True,correct
3826,cifar10_test_03826,automobile,automobile,1.0,True,True,correct
3827,cifar10_test_03827,deer,deer,1.0,True,True,correct
3828,cifar10_test_03828,automobile,automobile,0.9999984502792358,True,True,correct
3829,cifar10_test_03829,ship,ship,0.9999980926513672,True,True,correct
3830,cifar10_test_03830,dog,dog,0.9999996423721313,True,True,correct
3831,cifar10_test_03831,dog,dog,0.9999996423721313,True,True,correct
3832,cifar10_test_03832,horse,horse,1.0,True,True,correct
3833,cifar10_test_03833,truck,truck,0.9999998807907104,True,True,correct
3834,cifar10_test_03834,ship,ship,0.9999983310699463,True,True,correct
3835,cifar10_test_03835,cat,cat,0.9999990463256836,True,True,correct
3836,cifar10_test_03836,horse,horse,1.0,True,True,correct
3837,cifar10_test_03837,truck,truck,1.0,True,True,correct
3838,cifar10_test_03838,automobile,automobile,1.0,True,True,correct
3839,cifar10_test_03839,dog,dog,0.9999998807907104,True,True,correct
3840,cifar10_test_03840,frog,frog,0.9999998807907104,True,True,correct
3841,cifar10_test_03841,truck,truck,1.0,True,True,correct
3842,cifar10_test_03842,ship,ship,0.9999998807907104,True,True,correct
3843,cifar10_test_03843,horse,horse,0.9999998807907104,True,True,correct
3844,cifar10_test_03844,bird,bird,1.0,True,True,correct
3845,cifar10_test_03845,airplane,airplane,0.9999986886978149,True,True,correct
3846,cifar10_test_03846,truck,truck,0.9999998807907104,True,True,correct
3847,cifar10_test_03847,airplane,airplane,0.9999997615814209,True,True,correct
3848,cifar10_test_03848,ship,ship,0.9999953508377075,True,True,correct
3849,cifar10_test_03849,dog,dog,0.9999997615814209,True,True,correct
3850,cifar10_test_03850,truck,truck,1.0,True,True,correct
3851,cifar10_test_03851,deer,deer,0.999998927116394,True,True,correct
3852,cifar10_test_03852,bird,bird,0.9999998807907104,True,True,correct
3853,cifar10_test_03853,truck,truck,0.9999996423721313,True,True,correct
3854,cifar10_test_03854,ship,ship,0.9999997615814209,True,True,correct
3855,cifar10_test_03855,automobile,automobile,1.0,True,True,correct
3856,cifar10_test_03856,truck,truck,0.9999995231628418,True,True,correct
3857,cifar10_test_03857,automobile,automobile,1.0,True,True,correct
3858,cifar10_test_03858,ship,ship,0.9999997615814209,True,True,correct
3859,cifar10_test_03859,cat,cat,0.9999990463256836,True,True,correct
3860,cifar10_test_03860,horse,horse,1.0,True,True,correct
3861,cifar10_test_03861,frog,frog,1.0,True,True,correct
3862,cifar10_test_03862,deer,deer,0.9999997615814209,True,True,correct
3863,cifar10_test_03863,bird,bird,0.9999998807907104,True,True,correct
3864,cifar10_test_03864,cat,cat,0.9999991655349731,True,True,correct
3865,cifar10_test_03865,horse,horse,1.0,True,True,correct
3866,cifar10_test_03866,airplane,airplane,0.9999997615814209,True,True,correct
3867,cifar10_test_03867,cat,cat,0.7246795296669006,True,True,correct
3868,cifar10_test_03868,dog,dog,1.0,True,True,correct
3869,cifar10_test_03869,ship,ship,0.9999555349349976,True,True,correct
3870,cifar10_test_03870,ship,ship,0.9999998807907104,True,True,correct
3871,cifar10_test_03871,ship,ship,0.9999998807907104,True,True,correct
3872,cifar10_test_03872,horse,horse,1.0,True,True,correct
3873,cifar10_test_03873,truck,truck,0.9999998807907104,True,True,correct
3874,cifar10_test_03874,frog,frog,1.0,True,True,correct
3875,cifar10_test_03875,bird,bird,0.9999995231628418,True,True,correct
3876,cifar10_test_03876,horse,horse,0.9999998807907104,True,True,correct
3877,cifar10_test_03877,deer,deer,0.9999997615814209,True,True,correct
3878,cifar10_test_03878,dog,dog,0.9999998807907104,True,True,correct
3879,cifar10_test_03879,horse,horse,1.0,True,True,correct
3880,cifar10_test_03880,frog,frog,1.0,True,True,correct
3881,cifar10_test_03881,horse,horse,0.9999996423721313,True,True,correct
3882,cifar10_test_03882,automobile,automobile,0.9999998807907104,True,True,correct
3883,cifar10_test_03883,horse,horse,0.9999995231628418,True,True,correct
3884,cifar10_test_03884,cat,cat,0.9999984502792358,True,True,correct
3885,cifar10_test_03885,frog,frog,0.9999998807907104,True,True,correct
3886,cifar10_test_03886,ship,ship,0.9999997615814209,True,True,correct
3887,cifar10_test_03887,bird,bird,0.9999972581863403,True,True,correct
3888,cifar10_test_03888,frog,frog,1.0,True,True,correct
3889,cifar10_test_03889,frog,frog,1.0,True,True,correct
3890,cifar10_test_03890,horse,horse,0.9999994039535522,True,True,correct
3891,cifar10_test_03891,automobile,automobile,1.0,True,True,correct
3892,cifar10_test_03892,dog,dog,0.9999996423721313,True,True,correct
3893,cifar10_test_03893,truck,truck,1.0,True,True,correct
3894,cifar10_test_03894,horse,horse,1.0,True,True,correct
3895,cifar10_test_03895,automobile,automobile,1.0,True,True,correct
3896,cifar10_test_03896,horse,horse,0.9999995231628418,True,True,correct
3897,cifar10_test_03897,airplane,airplane,0.9999996423721313,True,True,correct
3898,cifar10_test_03898,automobile,automobile,0.9999998807907104,True,True,correct
3899,cifar10_test_03899,frog,frog,1.0,True,True,correct
3900,cifar10_test_03900,cat,cat,0.9999992847442627,True,True,correct
3901,cifar10_test_03901,cat,cat,0.9999994039535522,True,True,correct
3902,cifar10_test_03902,truck,truck,0.9999996423721313,True,True,correct
3903,cifar10_test_03903,airplane,airplane,0.9999990463256836,True,True,correct
3904,cifar10_test_03904,automobile,automobile,1.0,True,True,correct
3905,cifar10_test_03905,bird,bird,1.0,True,True,correct
3906,cifar10_test_03906,cat,cat,0.9998794794082642,True,True,correct
3907,cifar10_test_03907,bird,bird,1.0,True,True,correct
3908,cifar10_test_03908,bird,bird,1.0,True,True,correct
3909,cifar10_test_03909,dog,dog,0.9999953508377075,True,True,correct
3910,cifar10_test_03910,deer,deer,0.9999990463256836,True,True,correct
3911,cifar10_test_03911,truck,truck,1.0,True,True,correct
3912,cifar10_test_03912,ship,ship,0.9999992847442627,True,True,correct
3913,cifar10_test_03913,horse,horse,0.9999997615814209,True,True,correct
3914,cifar10_test_03914,deer,deer,0.9999994039535522,True,True,correct
3915,cifar10_test_03915,deer,deer,0.9999997615814209,True,True,correct
3916,cifar10_test_03916,truck,truck,0.9999998807907104,True,True,correct
3917,cifar10_test_03917,horse,horse,0.9999998807907104,True,True,correct
3918,cifar10_test_03918,frog,frog,1.0,True,True,correct
3919,cifar10_test_03919,horse,horse,1.0,True,True,correct
3920,cifar10_test_03920,horse,horse,0.9999996423721313,True,True,correct
3921,cifar10_test_03921,automobile,automobile,0.9999997615814209,True,True,correct
3922,cifar10_test_03922,bird,bird,0.9999992847442627,True,True,correct
3923,cifar10_test_03923,cat,cat,0.9999938011169434,True,True,correct
3924,cifar10_test_03924,dog,dog,0.999925971031189,True,True,correct
3925,cifar10_test_03925,automobile,automobile,1.0,True,True,correct
3926,cifar10_test_03926,truck,truck,1.0,True,True,correct
3927,cifar10_test_03927,airplane,airplane,0.9999998807907104,True,True,correct
3928,cifar10_test_03928,cat,cat,0.9999996423721313,True,True,correct
3929,cifar10_test_03929,cat,cat,0.9999997615814209,True,True,correct
3930,cifar10_test_03930,automobile,automobile,0.9999998807907104,True,True,correct
3931,cifar10_test_03931,dog,dog,0.9999998807907104,True,True,correct
3932,cifar10_test_03932,frog,frog,0.9999998807907104,True,True,correct
3933,cifar10_test_03933,frog,frog,1.0,True,True,correct
3934,cifar10_test_03934,bird,bird,0.9999998807907104,True,True,correct
3935,cifar10_test_03935,deer,deer,0.9999997615814209,True,True,correct
3936,cifar10_test_03936,frog,frog,1.0,True,True,correct
3937,cifar10_test_03937,ship,ship,0.9999998807907104,True,True,correct
3938,cifar10_test_03938,ship,ship,0.9999998807907104,True,True,correct
3939,cifar10_test_03939,truck,truck,0.9999998807907104,True,True,correct
3940,cifar10_test_03940,frog,frog,0.9999998807907104,True,True,correct
3941,cifar10_test_03941,frog,frog,1.0,True,True,correct
3942,cifar10_test_03942,automobile,automobile,1.0,True,True,correct
3943,cifar10_test_03943,airplane,airplane,0.9999996423721313,True,True,correct
3944,cifar10_test_03944,horse,horse,0.9999998807907104,True,True,correct
3945,cifar10_test_03945,dog,dog,0.9999996423721313,True,True,correct
3946,cifar10_test_03946,ship,ship,0.9999998807907104,True,True,correct
3947,cifar10_test_03947,bird,bird,1.0,True,True,correct
3948,cifar10_test_03948,automobile,automobile,1.0,True,True,correct
3949,cifar10_test_03949,dog,dog,0.9999998807907104,True,True,correct
3950,cifar10_test_03950,ship,ship,0.9999996423721313,True,True,correct
3951,cifar10_test_03951,automobile,automobile,1.0,True,True,correct
3952,cifar10_test_03952,deer,deer,0.999998927116394,True,True,correct
3953,cifar10_test_03953,horse,horse,0.9999995231628418,True,True,correct
3954,cifar10_test_03954,dog,dog,0.9999998807907104,True,True,correct
3955,cifar10_test_03955,airplane,airplane,0.9999992847442627,True,True,correct
3956,cifar10_test_03956,cat,cat,0.9999955892562866,True,True,correct
3957,cifar10_test_03957,truck,truck,0.9999996423721313,True,True,correct
3958,cifar10_test_03958,truck,truck,1.0,True,True,correct
3959,cifar10_test_03959,dog,dog,0.9999991655349731,True,True,correct
3960,cifar10_test_03960,bird,bird,1.0,True,True,correct
3961,cifar10_test_03961,ship,ship,0.9999996423721313,True,True,correct
3962,cifar10_test_03962,deer,deer,0.9999991655349731,True,True,correct
3963,cifar10_test_03963,automobile,automobile,1.0,True,True,correct
3964,cifar10_test_03964,truck,truck,1.0,True,True,correct
3965,cifar10_test_03965,airplane,airplane,0.9999996423721313,True,True,correct
3966,cifar10_test_03966,deer,deer,0.9999994039535522,True,True,correct
3967,cifar10_test_03967,deer,deer,0.9999996423721313,True,True,correct
3968,cifar10_test_03968,ship,ship,0.9999998807907104,True,True,correct
3969,cifar10_test_03969,bird,bird,0.9999997615814209,True,True,correct
3970,cifar10_test_03970,truck,truck,0.9999998807907104,True,True,correct
3971,cifar10_test_03971,airplane,airplane,0.9999994039535522,True,True,correct
3972,cifar10_test_03972,horse,horse,1.0,True,True,correct
3973,cifar10_test_03973,truck,truck,0.9999994039535522,True,True,correct
3974,cifar10_test_03974,ship,ship,0.9999998807907104,True,True,correct
3975,cifar10_test_03975,horse,horse,1.0,True,True,correct
3976,cifar10_test_03976,automobile,automobile,1.0,True,True,correct
3977,cifar10_test_03977,cat,frog,0.9999995231628418,False,True,false_negative_for_cat;false_positive_for_frog
3978,cifar10_test_03978,bird,bird,0.9999986886978149,True,True,correct
3979,cifar10_test_03979,truck,truck,0.9999997615814209,True,True,correct
3980,cifar10_test_03980,truck,truck,1.0,True,True,correct
3981,cifar10_test_03981,dog,dog,0.9999988079071045,True,True,correct
3982,cifar10_test_03982,truck,truck,1.0,True,True,correct
3983,cifar10_test_03983,horse,horse,1.0,True,True,correct
3984,cifar10_test_03984,frog,frog,1.0,True,True,correct
3985,cifar10_test_03985,horse,horse,1.0,True,True,correct
3986,cifar10_test_03986,horse,horse,0.9999997615814209,True,True,correct
3987,cifar10_test_03987,automobile,automobile,1.0,True,True,correct
3988,cifar10_test_03988,automobile,automobile,0.9999998807907104,True,True,correct
3989,cifar10_test_03989,bird,bird,1.0,True,True,correct
3990,cifar10_test_03990,deer,deer,0.9999998807907104,True,True,correct
3991,cifar10_test_03991,bird,bird,1.0,True,True,correct
3992,cifar10_test_03992,airplane,airplane,0.9999994039535522,True,True,correct
3993,cifar10_test_03993,frog,frog,1.0,True,True,correct
3994,cifar10_test_03994,ship,ship,1.0,True,True,correct
3995,cifar10_test_03995,horse,horse,0.9999996423721313,True,True,correct
3996,cifar10_test_03996,frog,frog,0.9999988079071045,True,True,correct
3997,cifar10_test_03997,bird,bird,0.9999996423721313,True,True,correct
3998,cifar10_test_03998,bird,bird,0.9999996423721313,True,True,correct
3999,cifar10_test_03999,truck,truck,0.9999996423721313,True,True,correct
4000,cifar10_test_04000,ship,ship,0.9928419589996338,True,True,correct
4001,cifar10_test_04001,bird,bird,0.9999998807907104,True,True,correct
4002,cifar10_test_04002,deer,deer,0.9999996423721313,True,True,correct
4003,cifar10_test_04003,bird,bird,0.9999997615814209,True,True,correct
4004,cifar10_test_04004,airplane,airplane,0.9999996423721313,True,True,correct
4005,cifar10_test_04005,dog,dog,0.9999860525131226,True,True,correct
4006,cifar10_test_04006,ship,ship,0.9999998807907104,True,True,correct
4007,cifar10_test_04007,frog,frog,1.0,True,True,correct
4008,cifar10_test_04008,ship,ship,0.9999998807907104,True,True,correct
4009,cifar10_test_04009,bird,bird,1.0,True,True,correct
4010,cifar10_test_04010,horse,horse,0.9999997615814209,True,True,correct
4011,cifar10_test_04011,horse,horse,0.9999998807907104,True,True,correct
4012,cifar10_test_04012,cat,dog,0.9999918937683105,False,True,false_negative_for_cat;false_positive_for_dog
4013,cifar10_test_04013,automobile,automobile,0.9999982118606567,True,True,correct
4014,cifar10_test_04014,ship,ship,0.9999998807907104,True,True,correct
4015,cifar10_test_04015,automobile,automobile,1.0,True,True,correct
4016,cifar10_test_04016,frog,frog,0.9999762773513794,True,True,correct
4017,cifar10_test_04017,dog,dog,0.9999998807907104,True,True,correct
4018,cifar10_test_04018,truck,truck,1.0,True,True,correct
4019,cifar10_test_04019,horse,horse,1.0,True,True,correct
4020,cifar10_test_04020,ship,ship,0.9999994039535522,True,True,correct
4021,cifar10_test_04021,truck,truck,1.0,True,True,correct
4022,cifar10_test_04022,frog,frog,0.9999998807907104,True,True,correct
4023,cifar10_test_04023,deer,deer,0.9999998807907104,True,True,correct
4024,cifar10_test_04024,ship,ship,1.0,True,True,correct
4025,cifar10_test_04025,automobile,automobile,1.0,True,True,correct
4026,cifar10_test_04026,truck,truck,1.0,True,True,correct
4027,cifar10_test_04027,deer,deer,0.9999998807907104,True,True,correct
4028,cifar10_test_04028,airplane,airplane,0.9999995231628418,True,True,correct
4029,cifar10_test_04029,deer,deer,1.0,True,True,correct
4030,cifar10_test_04030,automobile,automobile,0.9999997615814209,True,True,correct
4031,cifar10_test_04031,deer,deer,0.9999997615814209,True,True,correct
4032,cifar10_test_04032,cat,cat,0.9934272766113281,True,True,correct
4033,cifar10_test_04033,frog,frog,1.0,True,True,correct
4034,cifar10_test_04034,bird,bird,1.0,True,True,correct
4035,cifar10_test_04035,bird,bird,1.0,True,True,correct
4036,cifar10_test_04036,horse,horse,0.9999769926071167,True,True,correct
4037,cifar10_test_04037,airplane,airplane,0.9999991655349731,True,True,correct
4038,cifar10_test_04038,airplane,airplane,0.9999994039535522,True,True,correct
4039,cifar10_test_04039,horse,horse,1.0,True,True,correct
4040,cifar10_test_04040,airplane,airplane,0.9999991655349731,True,True,correct
4041,cifar10_test_04041,horse,horse,0.9999998807907104,True,True,correct
4042,cifar10_test_04042,deer,deer,1.0,True,True,correct
4043,cifar10_test_04043,cat,cat,0.9999998807907104,True,True,correct
4044,cifar10_test_04044,frog,frog,0.9999992847442627,True,True,correct
4045,cifar10_test_04045,horse,horse,1.0,True,True,correct
4046,cifar10_test_04046,horse,horse,1.0,True,True,correct
4047,cifar10_test_04047,deer,deer,1.0,True,True,correct
4048,cifar10_test_04048,dog,dog,0.9999998807907104,True,True,correct
4049,cifar10_test_04049,deer,deer,0.9999998807907104,True,True,correct
4050,cifar10_test_04050,cat,cat,0.9999996423721313,True,True,correct
4051,cifar10_test_04051,dog,cat,0.7665892243385315,False,True,false_negative_for_dog;false_positive_for_cat
4052,cifar10_test_04052,dog,dog,0.9999998807907104,True,True,correct
4053,cifar10_test_04053,deer,deer,0.9999996423721313,True,True,correct
4054,cifar10_test_04054,horse,airplane,0.9993606209754944,False,True,false_negative_for_horse;false_positive_for_airplane
4055,cifar10_test_04055,automobile,automobile,0.9999996423721313,True,True,correct
4056,cifar10_test_04056,airplane,airplane,0.9999990463256836,True,True,correct
4057,cifar10_test_04057,horse,horse,0.9999996423721313,True,True,correct
4058,cifar10_test_04058,horse,horse,0.9999996423721313,True,True,correct
4059,cifar10_test_04059,automobile,automobile,0.9999998807907104,True,True,correct
4060,cifar10_test_04060,frog,frog,1.0,True,True,correct
4061,cifar10_test_04061,dog,dog,0.9999986886978149,True,True,correct
4062,cifar10_test_04062,airplane,airplane,0.9999996423721313,True,True,correct
4063,cifar10_test_04063,horse,horse,0.9999997615814209,True,True,correct
4064,cifar10_test_04064,horse,horse,1.0,True,True,correct
4065,cifar10_test_04065,deer,deer,0.9999996423721313,True,True,correct
4066,cifar10_test_04066,frog,frog,0.9999998807907104,True,True,correct
4067,cifar10_test_04067,automobile,automobile,1.0,True,True,correct
4068,cifar10_test_04068,ship,ship,1.0,True,True,correct
4069,cifar10_test_04069,dog,dog,1.0,True,True,correct
4070,cifar10_test_04070,truck,truck,1.0,True,True,correct
4071,cifar10_test_04071,cat,cat,0.9999823570251465,True,True,correct
4072,cifar10_test_04072,dog,dog,0.9999998807907104,True,True,correct
4073,cifar10_test_04073,frog,frog,1.0,True,True,correct
4074,cifar10_test_04074,bird,bird,0.9999923706054688,True,True,correct
4075,cifar10_test_04075,bird,bird,1.0,True,True,correct
4076,cifar10_test_04076,horse,horse,0.9999997615814209,True,True,correct
4077,cifar10_test_04077,cat,cat,0.999995231628418,True,True,correct
4078,cifar10_test_04078,dog,dog,0.9999997615814209,True,True,correct
4079,cifar10_test_04079,ship,ship,0.9999997615814209,True,True,correct
4080,cifar10_test_04080,automobile,automobile,1.0,True,True,correct
4081,cifar10_test_04081,airplane,airplane,0.9999998807907104,True,True,correct
4082,cifar10_test_04082,frog,frog,1.0,True,True,correct
4083,cifar10_test_04083,ship,ship,0.9999998807907104,True,True,correct
4084,cifar10_test_04084,horse,horse,1.0,True,True,correct
4085,cifar10_test_04085,ship,ship,0.9999959468841553,True,True,correct
4086,cifar10_test_04086,ship,ship,0.9999998807907104,True,True,correct
4087,cifar10_test_04087,dog,dog,1.0,True,True,correct
4088,cifar10_test_04088,horse,horse,0.9999998807907104,True,True,correct
4089,cifar10_test_04089,dog,dog,0.9999998807907104,True,True,correct
4090,cifar10_test_04090,deer,deer,0.9999994039535522,True,True,correct
4091,cifar10_test_04091,truck,truck,1.0,True,True,correct
4092,cifar10_test_04092,horse,horse,0.9999998807907104,True,True,correct
4093,cifar10_test_04093,cat,cat,0.9999998807907104,True,True,correct
4094,cifar10_test_04094,cat,cat,0.9999991655349731,True,True,correct
4095,cifar10_test_04095,ship,ship,0.9999998807907104,True,True,correct
4096,cifar10_test_04096,ship,ship,0.9999998807907104,True,True,correct
4097,cifar10_test_04097,cat,cat,0.999998927116394,True,True,correct
4098,cifar10_test_04098,truck,truck,1.0,True,True,correct
4099,cifar10_test_04099,deer,deer,1.0,True,True,correct
4100,cifar10_test_04100,horse,horse,1.0,True,True,correct
4101,cifar10_test_04101,bird,bird,0.9999932050704956,True,True,correct
4102,cifar10_test_04102,airplane,airplane,0.9999995231628418,True,True,correct
4103,cifar10_test_04103,ship,ship,0.9999998807907104,True,True,correct
4104,cifar10_test_04104,airplane,airplane,0.9999992847442627,True,True,correct
4105,cifar10_test_04105,horse,horse,1.0,True,True,correct
4106,cifar10_test_04106,cat,cat,0.9999992847442627,True,True,correct
4107,cifar10_test_04107,cat,cat,0.9999995231628418,True,True,correct
4108,cifar10_test_04108,bird,bird,0.9999997615814209,True,True,correct
4109,cifar10_test_04109,dog,dog,0.9999992847442627,True,True,correct
4110,cifar10_test_04110,bird,bird,0.9999998807907104,True,True,correct
4111,cifar10_test_04111,deer,deer,0.9999992847442627,True,True,correct
4112,cifar10_test_04112,deer,deer,0.9999998807907104,True,True,correct
4113,cifar10_test_04113,airplane,airplane,0.9999994039535522,True,True,correct
4114,cifar10_test_04114,deer,deer,0.9999997615814209,True,True,correct
4115,cifar10_test_04115,ship,ship,0.9999998807907104,True,True,correct
4116,cifar10_test_04116,bird,bird,1.0,True,True,correct
4117,cifar10_test_04117,deer,deer,0.9999998807907104,True,True,correct
4118,cifar10_test_04118,airplane,airplane,0.9999997615814209,True,True,correct
4119,cifar10_test_04119,frog,frog,1.0,True,True,correct
4120,cifar10_test_04120,deer,deer,0.9999998807907104,True,True,correct
4121,cifar10_test_04121,dog,dog,0.9999998807907104,True,True,correct
4122,cifar10_test_04122,frog,frog,1.0,True,True,correct
4123,cifar10_test_04123,airplane,airplane,0.9999984502792358,True,True,correct
4124,cifar10_test_04124,ship,ship,0.9999990463256836,True,True,correct
4125,cifar10_test_04125,ship,ship,0.9999997615814209,True,True,correct
4126,cifar10_test_04126,airplane,airplane,0.9999988079071045,True,True,correct
4127,cifar10_test_04127,frog,frog,0.9999998807907104,True,True,correct
4128,cifar10_test_04128,automobile,automobile,1.0,True,True,correct
4129,cifar10_test_04129,automobile,automobile,0.9999998807907104,True,True,correct
4130,cifar10_test_04130,frog,frog,1.0,True,True,correct
4131,cifar10_test_04131,automobile,automobile,1.0,True,True,correct
4132,cifar10_test_04132,deer,deer,0.9999998807907104,True,True,correct
4133,cifar10_test_04133,bird,bird,0.9999998807907104,True,True,correct
4134,cifar10_test_04134,automobile,automobile,0.9999995231628418,True,True,correct
4135,cifar10_test_04135,automobile,automobile,0.9999996423721313,True,True,correct
4136,cifar10_test_04136,bird,bird,1.0,True,True,correct
4137,cifar10_test_04137,deer,deer,1.0,True,True,correct
4138,cifar10_test_04138,deer,deer,0.9999996423721313,True,True,correct
4139,cifar10_test_04139,dog,dog,0.9999984502792358,True,True,correct
4140,cifar10_test_04140,dog,dog,0.999996542930603,True,True,correct
4141,cifar10_test_04141,ship,ship,0.9999998807907104,True,True,correct
4142,cifar10_test_04142,ship,ship,0.9999998807907104,True,True,correct
4143,cifar10_test_04143,dog,dog,0.9999997615814209,True,True,correct
4144,cifar10_test_04144,automobile,automobile,0.9999998807907104,True,True,correct
4145,cifar10_test_04145,ship,ship,0.9999998807907104,True,True,correct
4146,cifar10_test_04146,bird,bird,1.0,True,True,correct
4147,cifar10_test_04147,cat,cat,0.9999994039535522,True,True,correct
4148,cifar10_test_04148,cat,cat,0.9999997615814209,True,True,correct
4149,cifar10_test_04149,truck,truck,0.9999998807907104,True,True,correct
4150,cifar10_test_04150,frog,frog,1.0,True,True,correct
4151,cifar10_test_04151,frog,frog,1.0,True,True,correct
4152,cifar10_test_04152,dog,cat,0.999997615814209,False,True,false_negative_for_dog;false_positive_for_cat
4153,cifar10_test_04153,airplane,airplane,0.9999992847442627,True,True,correct
4154,cifar10_test_04154,horse,horse,1.0,True,True,correct
4155,cifar10_test_04155,cat,cat,0.9999998807907104,True,True,correct
4156,cifar10_test_04156,cat,cat,0.9999997615814209,True,True,correct
4157,cifar10_test_04157,bird,bird,0.9999998807907104,True,True,correct
4158,cifar10_test_04158,horse,horse,1.0,True,True,correct
4159,cifar10_test_04159,deer,deer,1.0,True,True,correct
4160,cifar10_test_04160,dog,dog,0.9999998807907104,True,True,correct
4161,cifar10_test_04161,frog,frog,1.0,True,True,correct
4162,cifar10_test_04162,airplane,airplane,0.9999990463256836,True,True,correct
4163,cifar10_test_04163,bird,bird,1.0,True,True,correct
4164,cifar10_test_04164,automobile,automobile,1.0,True,True,correct
4165,cifar10_test_04165,ship,ship,0.9999995231628418,True,True,correct
4166,cifar10_test_04166,automobile,automobile,0.9999998807907104,True,True,correct
4167,cifar10_test_04167,airplane,airplane,0.9999996423721313,True,True,correct
4168,cifar10_test_04168,truck,truck,1.0,True,True,correct
4169,cifar10_test_04169,cat,cat,0.9999912977218628,True,True,correct
4170,cifar10_test_04170,automobile,automobile,0.9999998807907104,True,True,correct
4171,cifar10_test_04171,airplane,airplane,0.9999992847442627,True,True,correct
4172,cifar10_test_04172,dog,dog,0.9999997615814209,True,True,correct
4173,cifar10_test_04173,deer,deer,0.9999998807907104,True,True,correct
4174,cifar10_test_04174,bird,bird,0.9999998807907104,True,True,correct
4175,cifar10_test_04175,cat,cat,0.9999983310699463,True,True,correct
4176,cifar10_test_04176,cat,cat,0.9999997615814209,True,True,correct
4177,cifar10_test_04177,frog,frog,1.0,True,True,correct
4178,cifar10_test_04178,horse,horse,1.0,True,True,correct
4179,cifar10_test_04179,frog,frog,1.0,True,True,correct
4180,cifar10_test_04180,airplane,airplane,0.9999992847442627,True,True,correct
4181,cifar10_test_04181,airplane,airplane,0.9999996423721313,True,True,correct
4182,cifar10_test_04182,dog,dog,0.9999997615814209,True,True,correct
4183,cifar10_test_04183,horse,horse,1.0,True,True,correct
4184,cifar10_test_04184,deer,deer,0.9999998807907104,True,True,correct
4185,cifar10_test_04185,horse,horse,0.9999998807907104,True,True,correct
4186,cifar10_test_04186,horse,horse,1.0,True,True,correct
4187,cifar10_test_04187,airplane,airplane,0.9999991655349731,True,True,correct
4188,cifar10_test_04188,frog,frog,1.0,True,True,correct
4189,cifar10_test_04189,automobile,automobile,1.0,True,True,correct
4190,cifar10_test_04190,cat,cat,0.9999963045120239,True,True,correct
4191,cifar10_test_04191,truck,truck,0.9999998807907104,True,True,correct
4192,cifar10_test_04192,airplane,airplane,0.9999967813491821,True,True,correct
4193,cifar10_test_04193,truck,truck,1.0,True,True,correct
4194,cifar10_test_04194,airplane,airplane,0.9999994039535522,True,True,correct
4195,cifar10_test_04195,cat,cat,0.9999992847442627,True,True,correct
4196,cifar10_test_04196,ship,ship,0.9999997615814209,True,True,correct
4197,cifar10_test_04197,deer,deer,0.9999994039535522,True,True,correct
4198,cifar10_test_04198,ship,ship,0.9999845027923584,True,True,correct
4199,cifar10_test_04199,ship,ship,0.9999996423721313,True,True,correct
4200,cifar10_test_04200,deer,deer,1.0,True,True,correct
4201,cifar10_test_04201,automobile,automobile,1.0,True,True,correct
4202,cifar10_test_04202,airplane,airplane,1.0,True,True,correct
4203,cifar10_test_04203,bird,bird,0.9999998807907104,True,True,correct
4204,cifar10_test_04204,bird,bird,0.9999998807907104,True,True,correct
4205,cifar10_test_04205,deer,deer,0.9999998807907104,True,True,correct
4206,cifar10_test_04206,automobile,automobile,1.0,True,True,correct
4207,cifar10_test_04207,automobile,automobile,0.9999998807907104,True,True,correct
4208,cifar10_test_04208,bird,bird,0.9999998807907104,True,True,correct
4209,cifar10_test_04209,deer,deer,1.0,True,True,correct
4210,cifar10_test_04210,cat,cat,0.9999974966049194,True,True,correct
4211,cifar10_test_04211,deer,deer,1.0,True,True,correct
4212,cifar10_test_04212,automobile,automobile,1.0,True,True,correct
4213,cifar10_test_04213,deer,deer,0.9999998807907104,True,True,correct
4214,cifar10_test_04214,horse,horse,0.9999997615814209,True,True,correct
4215,cifar10_test_04215,automobile,automobile,1.0,True,True,correct
4216,cifar10_test_04216,airplane,airplane,0.9999992847442627,True,True,correct
4217,cifar10_test_04217,airplane,airplane,0.999997615814209,True,True,correct
4218,cifar10_test_04218,truck,truck,1.0,True,True,correct
4219,cifar10_test_04219,airplane,airplane,0.9999998807907104,True,True,correct
4220,cifar10_test_04220,deer,deer,0.9999990463256836,True,True,correct
4221,cifar10_test_04221,bird,bird,0.9999998807907104,True,True,correct
4222,cifar10_test_04222,ship,ship,0.9999998807907104,True,True,correct
4223,cifar10_test_04223,ship,ship,1.0,True,True,correct
4224,cifar10_test_04224,dog,dog,0.9999997615814209,True,True,correct
4225,cifar10_test_04225,dog,dog,0.9999998807907104,True,True,correct
4226,cifar10_test_04226,airplane,airplane,0.9999990463256836,True,True,correct
4227,cifar10_test_04227,deer,deer,0.9999996423721313,True,True,correct
4228,cifar10_test_04228,airplane,airplane,0.9999997615814209,True,True,correct
4229,cifar10_test_04229,ship,ship,0.9999997615814209,True,True,correct
4230,cifar10_test_04230,frog,frog,1.0,True,True,correct
4231,cifar10_test_04231,bird,bird,1.0,True,True,correct
4232,cifar10_test_04232,dog,dog,0.9999997615814209,True,True,correct
4233,cifar10_test_04233,truck,truck,0.9999998807907104,True,True,correct
4234,cifar10_test_04234,bird,bird,1.0,True,True,correct
4235,cifar10_test_04235,truck,truck,0.9999998807907104,True,True,correct
4236,cifar10_test_04236,automobile,automobile,1.0,True,True,correct
4237,cifar10_test_04237,automobile,automobile,0.9999998807907104,True,True,correct
4238,cifar10_test_04238,dog,dog,0.9999996423721313,True,True,correct
4239,cifar10_test_04239,deer,deer,0.9999996423721313,True,True,correct
4240,cifar10_test_04240,horse,horse,0.9999998807907104,True,True,correct
4241,cifar10_test_04241,dog,dog,0.9999998807907104,True,True,correct
4242,cifar10_test_04242,ship,ship,0.9999982118606567,True,True,correct
4243,cifar10_test_04243,frog,frog,1.0,True,True,correct
4244,cifar10_test_04244,bird,bird,0.9971644282341003,True,True,correct
4245,cifar10_test_04245,automobile,automobile,1.0,True,True,correct
4246,cifar10_test_04246,dog,dog,0.9999998807907104,True,True,correct
4247,cifar10_test_04247,dog,dog,0.9999997615814209,True,True,correct
4248,cifar10_test_04248,cat,cat,0.9999910593032837,True,True,correct
4249,cifar10_test_04249,deer,deer,0.9999998807907104,True,True,correct
4250,cifar10_test_04250,automobile,automobile,1.0,True,True,correct
4251,cifar10_test_04251,ship,ship,0.9999972581863403,True,True,correct
4252,cifar10_test_04252,truck,truck,0.9999998807907104,True,True,correct
4253,cifar10_test_04253,truck,truck,0.9999996423721313,True,True,correct
4254,cifar10_test_04254,ship,ship,0.9999998807907104,True,True,correct
4255,cifar10_test_04255,truck,truck,0.9966087341308594,True,True,correct
4256,cifar10_test_04256,ship,ship,0.9999996423721313,True,True,correct
4257,cifar10_test_04257,frog,frog,1.0,True,True,correct
4258,cifar10_test_04258,ship,ship,0.9999995231628418,True,True,correct
4259,cifar10_test_04259,dog,dog,1.0,True,True,correct
4260,cifar10_test_04260,ship,ship,0.9999998807907104,True,True,correct
4261,cifar10_test_04261,truck,truck,0.9999998807907104,True,True,correct
4262,cifar10_test_04262,deer,deer,0.9999997615814209,True,True,correct
4263,cifar10_test_04263,frog,frog,1.0,True,True,correct
4264,cifar10_test_04264,bird,bird,0.9999994039535522,True,True,correct
4265,cifar10_test_04265,frog,frog,1.0,True,True,correct
4266,cifar10_test_04266,cat,cat,0.9999980926513672,True,True,correct
4267,cifar10_test_04267,horse,horse,0.9999997615814209,True,True,correct
4268,cifar10_test_04268,deer,deer,1.0,True,True,correct
4269,cifar10_test_04269,airplane,airplane,0.9999986886978149,True,True,correct
4270,cifar10_test_04270,airplane,airplane,0.9999992847442627,True,True,correct
4271,cifar10_test_04271,automobile,automobile,0.9999997615814209,True,True,correct
4272,cifar10_test_04272,horse,horse,0.9999997615814209,True,True,correct
4273,cifar10_test_04273,dog,dog,0.9999998807907104,True,True,correct
4274,cifar10_test_04274,automobile,automobile,1.0,True,True,correct
4275,cifar10_test_04275,dog,dog,0.9995636343955994,True,True,correct
4276,cifar10_test_04276,truck,automobile,0.9999669790267944,False,True,false_negative_for_truck;false_positive_for_automobile
4277,cifar10_test_04277,cat,cat,0.9999979734420776,True,True,correct
4278,cifar10_test_04278,automobile,automobile,1.0,True,True,correct
4279,cifar10_test_04279,frog,frog,1.0,True,True,correct
4280,cifar10_test_04280,ship,ship,0.9999997615814209,True,True,correct
4281,cifar10_test_04281,horse,horse,0.9999998807907104,True,True,correct
4282,cifar10_test_04282,cat,cat,0.9999991655349731,True,True,correct
4283,cifar10_test_04283,frog,frog,0.9999998807907104,True,True,correct
4284,cifar10_test_04284,truck,truck,0.9999998807907104,True,True,correct
4285,cifar10_test_04285,automobile,automobile,1.0,True,True,correct
4286,cifar10_test_04286,bird,bird,0.9999997615814209,True,True,correct
4287,cifar10_test_04287,airplane,airplane,0.9999994039535522,True,True,correct
4288,cifar10_test_04288,automobile,automobile,0.9999997615814209,True,True,correct
4289,cifar10_test_04289,horse,horse,0.9999997615814209,True,True,correct
4290,cifar10_test_04290,bird,bird,1.0,True,True,correct
4291,cifar10_test_04291,frog,frog,1.0,True,True,correct
4292,cifar10_test_04292,automobile,automobile,1.0,True,True,correct
4293,cifar10_test_04293,truck,truck,0.9999994039535522,True,True,correct
4294,cifar10_test_04294,airplane,airplane,0.9999992847442627,True,True,correct
4295,cifar10_test_04295,airplane,airplane,0.9999995231628418,True,True,correct
4296,cifar10_test_04296,ship,ship,1.0,True,True,correct
4297,cifar10_test_04297,truck,truck,1.0,True,True,correct
4298,cifar10_test_04298,truck,truck,1.0,True,True,correct
4299,cifar10_test_04299,bird,bird,1.0,True,True,correct
4300,cifar10_test_04300,ship,ship,0.9999973773956299,True,True,correct
4301,cifar10_test_04301,frog,frog,0.9999997615814209,True,True,correct
4302,cifar10_test_04302,bird,bird,0.9999998807907104,True,True,correct
4303,cifar10_test_04303,dog,dog,0.9999998807907104,True,True,correct
4304,cifar10_test_04304,frog,frog,1.0,True,True,correct
4305,cifar10_test_04305,airplane,airplane,0.999998927116394,True,True,correct
4306,cifar10_test_04306,cat,cat,0.9999969005584717,True,True,correct
4307,cifar10_test_04307,cat,cat,0.9999974966049194,True,True,correct
4308,cifar10_test_04308,airplane,airplane,0.9999980926513672,True,True,correct
4309,cifar10_test_04309,horse,deer,0.9914069175720215,False,True,false_negative_for_horse;false_positive_for_deer
4310,cifar10_test_04310,deer,deer,0.9999997615814209,True,True,correct
4311,cifar10_test_04311,horse,horse,1.0,True,True,correct
4312,cifar10_test_04312,dog,dog,0.9999998807907104,True,True,correct
4313,cifar10_test_04313,airplane,airplane,0.9999990463256836,True,True,correct
4314,cifar10_test_04314,automobile,automobile,1.0,True,True,correct
4315,cifar10_test_04315,frog,frog,0.9999083280563354,True,True,correct
4316,cifar10_test_04316,ship,ship,0.9999998807907104,True,True,correct
4317,cifar10_test_04317,ship,ship,0.9999994039535522,True,True,correct
4318,cifar10_test_04318,automobile,automobile,1.0,True,True,correct
4319,cifar10_test_04319,bird,bird,1.0,True,True,correct
4320,cifar10_test_04320,automobile,automobile,0.5687820315361023,True,True,correct
4321,cifar10_test_04321,dog,dog,0.9999997615814209,True,True,correct
4322,cifar10_test_04322,deer,deer,0.9999998807907104,True,True,correct
4323,cifar10_test_04323,dog,dog,0.9999997615814209,True,True,correct
4324,cifar10_test_04324,truck,truck,0.9999998807907104,True,True,correct
4325,cifar10_test_04325,frog,frog,1.0,True,True,correct
4326,cifar10_test_04326,horse,horse,0.9999998807907104,True,True,correct
4327,cifar10_test_04327,automobile,automobile,1.0,True,True,correct
4328,cifar10_test_04328,airplane,airplane,0.9999995231628418,True,True,correct
4329,cifar10_test_04329,frog,frog,1.0,True,True,correct
4330,cifar10_test_04330,truck,truck,1.0,True,True,correct
4331,cifar10_test_04331,bird,bird,0.9999996423721313,True,True,correct
4332,cifar10_test_04332,horse,horse,0.9999997615814209,True,True,correct
4333,cifar10_test_04333,horse,horse,0.9999998807907104,True,True,correct
4334,cifar10_test_04334,cat,cat,0.997826874256134,True,True,correct
4335,cifar10_test_04335,truck,truck,1.0,True,True,correct
4336,cifar10_test_04336,truck,truck,1.0,True,True,correct
4337,cifar10_test_04337,automobile,automobile,1.0,True,True,correct
4338,cifar10_test_04338,truck,truck,1.0,True,True,correct
4339,cifar10_test_04339,horse,horse,1.0,True,True,correct
4340,cifar10_test_04340,airplane,airplane,0.9999995231628418,True,True,correct
4341,cifar10_test_04341,automobile,automobile,1.0,True,True,correct
4342,cifar10_test_04342,cat,cat,0.9999998807907104,True,True,correct
4343,cifar10_test_04343,dog,dog,0.9999998807907104,True,True,correct
4344,cifar10_test_04344,deer,deer,1.0,True,True,correct
4345,cifar10_test_04345,frog,frog,1.0,True,True,correct
4346,cifar10_test_04346,cat,cat,0.9999991655349731,True,True,correct
4347,cifar10_test_04347,ship,ship,0.9999974966049194,True,True,correct
4348,cifar10_test_04348,ship,ship,0.999998927116394,True,True,correct
4349,cifar10_test_04349,airplane,airplane,0.9999995231628418,True,True,correct
4350,cifar10_test_04350,deer,deer,0.9999998807907104,True,True,correct
4351,cifar10_test_04351,ship,ship,0.9999996423721313,True,True,correct
4352,cifar10_test_04352,cat,cat,0.9999995231628418,True,True,correct
4353,cifar10_test_04353,frog,frog,1.0,True,True,correct
4354,cifar10_test_04354,horse,horse,1.0,True,True,correct
4355,cifar10_test_04355,airplane,airplane,0.9999992847442627,True,True,correct
4356,cifar10_test_04356,airplane,airplane,0.9999996423721313,True,True,correct
4357,cifar10_test_04357,deer,deer,0.9999996423721313,True,True,correct
4358,cifar10_test_04358,dog,dog,0.9999995231628418,True,True,correct
4359,cifar10_test_04359,bird,bird,1.0,True,True,correct
4360,cifar10_test_04360,frog,frog,1.0,True,True,correct
4361,cifar10_test_04361,ship,ship,0.9999998807907104,True,True,correct
4362,cifar10_test_04362,deer,deer,1.0,True,True,correct
4363,cifar10_test_04363,truck,truck,0.9999998807907104,True,True,correct
4364,cifar10_test_04364,truck,truck,0.9999998807907104,True,True,correct
4365,cifar10_test_04365,truck,truck,1.0,True,True,correct
4366,cifar10_test_04366,bird,bird,0.9999997615814209,True,True,correct
4367,cifar10_test_04367,airplane,airplane,0.9999990463256836,True,True,correct
4368,cifar10_test_04368,deer,deer,0.9999996423721313,True,True,correct
4369,cifar10_test_04369,bird,bird,1.0,True,True,correct
4370,cifar10_test_04370,ship,ship,0.9999997615814209,True,True,correct
4371,cifar10_test_04371,automobile,automobile,1.0,True,True,correct
4372,cifar10_test_04372,automobile,automobile,1.0,True,True,correct
4373,cifar10_test_04373,airplane,airplane,0.9999998807907104,True,True,correct
4374,cifar10_test_04374,airplane,airplane,0.9999990463256836,True,True,correct
4375,cifar10_test_04375,cat,cat,0.9999992847442627,True,True,correct
4376,cifar10_test_04376,horse,horse,0.9999995231628418,True,True,correct
4377,cifar10_test_04377,deer,deer,0.9999998807907104,True,True,correct
4378,cifar10_test_04378,automobile,automobile,1.0,True,True,correct
4379,cifar10_test_04379,automobile,automobile,1.0,True,True,correct
4380,cifar10_test_04380,truck,truck,0.9999997615814209,True,True,correct
4381,cifar10_test_04381,horse,horse,0.9999707937240601,True,True,correct
4382,cifar10_test_04382,horse,horse,1.0,True,True,correct
4383,cifar10_test_04383,deer,deer,0.9999997615814209,True,True,correct
4384,cifar10_test_04384,frog,frog,1.0,True,True,correct
4385,cifar10_test_04385,ship,ship,1.0,True,True,correct
4386,cifar10_test_04386,frog,frog,1.0,True,True,correct
4387,cifar10_test_04387,airplane,airplane,0.9999991655349731,True,True,correct
4388,cifar10_test_04388,bird,bird,1.0,True,True,correct
4389,cifar10_test_04389,ship,ship,0.9999996423721313,True,True,correct
4390,cifar10_test_04390,dog,dog,0.9999998807907104,True,True,correct
4391,cifar10_test_04391,cat,cat,0.9999997615814209,True,True,correct
4392,cifar10_test_04392,dog,dog,0.9999997615814209,True,True,correct
4393,cifar10_test_04393,cat,cat,0.9999991655349731,True,True,correct
4394,cifar10_test_04394,dog,dog,1.0,True,True,correct
4395,cifar10_test_04395,horse,horse,0.9999998807907104,True,True,correct
4396,cifar10_test_04396,truck,truck,0.9999998807907104,True,True,correct
4397,cifar10_test_04397,ship,ship,0.9999997615814209,True,True,correct
4398,cifar10_test_04398,deer,deer,0.9999995231628418,True,True,correct
4399,cifar10_test_04399,deer,deer,1.0,True,True,correct
4400,cifar10_test_04400,cat,cat,0.9999994039535522,True,True,correct
4401,cifar10_test_04401,automobile,automobile,1.0,True,True,correct
4402,cifar10_test_04402,deer,deer,0.9999997615814209,True,True,correct
4403,cifar10_test_04403,ship,ship,0.9999991655349731,True,True,correct
4404,cifar10_test_04404,cat,cat,0.9999983310699463,True,True,correct
4405,cifar10_test_04405,frog,frog,1.0,True,True,correct
4406,cifar10_test_04406,dog,dog,0.9999998807907104,True,True,correct
4407,cifar10_test_04407,cat,cat,0.9999998807907104,True,True,correct
4408,cifar10_test_04408,airplane,airplane,0.999962568283081,True,True,correct
4409,cifar10_test_04409,ship,ship,0.9999991655349731,True,True,correct
4410,cifar10_test_04410,truck,truck,0.9999998807907104,True,True,correct
4411,cifar10_test_04411,dog,dog,0.9999986886978149,True,True,correct
4412,cifar10_test_04412,horse,horse,1.0,True,True,correct
4413,cifar10_test_04413,frog,frog,1.0,True,True,correct
4414,cifar10_test_04414,bird,bird,1.0,True,True,correct
4415,cifar10_test_04415,airplane,airplane,0.9999994039535522,True,True,correct
4416,cifar10_test_04416,deer,deer,1.0,True,True,correct
4417,cifar10_test_04417,truck,truck,0.9999998807907104,True,True,correct
4418,cifar10_test_04418,truck,truck,0.9999998807907104,True,True,correct
4419,cifar10_test_04419,airplane,airplane,0.9999990463256836,True,True,correct
4420,cifar10_test_04420,dog,dog,0.9999997615814209,True,True,correct
4421,cifar10_test_04421,bird,bird,0.9999998807907104,True,True,correct
4422,cifar10_test_04422,cat,cat,0.9999995231628418,True,True,correct
4423,cifar10_test_04423,frog,frog,0.9999998807907104,True,True,correct
4424,cifar10_test_04424,automobile,automobile,1.0,True,True,correct
4425,cifar10_test_04425,automobile,automobile,1.0,True,True,correct
4426,cifar10_test_04426,airplane,airplane,0.9999991655349731,True,True,correct
4427,cifar10_test_04427,bird,bird,1.0,True,True,correct
4428,cifar10_test_04428,ship,ship,0.9999997615814209,True,True,correct
4429,cifar10_test_04429,bird,bird,1.0,True,True,correct
4430,cifar10_test_04430,automobile,automobile,1.0,True,True,correct
4431,cifar10_test_04431,automobile,automobile,0.9998062252998352,True,True,correct
4432,cifar10_test_04432,horse,horse,0.9999998807907104,True,True,correct
4433,cifar10_test_04433,dog,dog,1.0,True,True,correct
4434,cifar10_test_04434,bird,bird,1.0,True,True,correct
4435,cifar10_test_04435,cat,cat,0.9999995231628418,True,True,correct
4436,cifar10_test_04436,deer,deer,0.9999994039535522,True,True,correct
4437,cifar10_test_04437,automobile,automobile,1.0,True,True,correct
4438,cifar10_test_04438,bird,bird,0.9999996423721313,True,True,correct
4439,cifar10_test_04439,truck,truck,1.0,True,True,correct
4440,cifar10_test_04440,bird,bird,0.9999997615814209,True,True,correct
4441,cifar10_test_04441,automobile,automobile,0.9999997615814209,True,True,correct
4442,cifar10_test_04442,cat,cat,0.9999901056289673,True,True,correct
4443,cifar10_test_04443,deer,deer,0.9999998807907104,True,True,correct
4444,cifar10_test_04444,ship,ship,0.9999998807907104,True,True,correct
4445,cifar10_test_04445,truck,truck,1.0,True,True,correct
4446,cifar10_test_04446,airplane,airplane,0.9999995231628418,True,True,correct
4447,cifar10_test_04447,airplane,airplane,0.9999994039535522,True,True,correct
4448,cifar10_test_04448,deer,deer,0.9999997615814209,True,True,correct
4449,cifar10_test_04449,truck,truck,0.9999935626983643,True,True,correct
4450,cifar10_test_04450,airplane,airplane,0.9999991655349731,True,True,correct
4451,cifar10_test_04451,bird,bird,1.0,True,True,correct
4452,cifar10_test_04452,bird,bird,0.9999898672103882,True,True,correct
4453,cifar10_test_04453,airplane,airplane,0.9999988079071045,True,True,correct
4454,cifar10_test_04454,frog,frog,1.0,True,True,correct
4455,cifar10_test_04455,ship,ship,0.9999998807907104,True,True,correct
4456,cifar10_test_04456,horse,horse,1.0,True,True,correct
4457,cifar10_test_04457,cat,cat,0.9999915361404419,True,True,correct
4458,cifar10_test_04458,cat,cat,0.9999996423721313,True,True,correct
4459,cifar10_test_04459,ship,ship,0.9999996423721313,True,True,correct
4460,cifar10_test_04460,truck,truck,1.0,True,True,correct
4461,cifar10_test_04461,airplane,airplane,0.9999990463256836,True,True,correct
4462,cifar10_test_04462,bird,bird,1.0,True,True,correct
4463,cifar10_test_04463,dog,dog,0.9999679327011108,True,True,correct
4464,cifar10_test_04464,cat,cat,0.9999998807907104,True,True,correct
4465,cifar10_test_04465,frog,frog,1.0,True,True,correct
4466,cifar10_test_04466,automobile,automobile,1.0,True,True,correct
4467,cifar10_test_04467,cat,cat,0.9999997615814209,True,True,correct
4468,cifar10_test_04468,truck,truck,0.9999984502792358,True,True,correct
4469,cifar10_test_04469,dog,dog,0.9999998807907104,True,True,correct
4470,cifar10_test_04470,airplane,airplane,0.999998927116394,True,True,correct
4471,cifar10_test_04471,dog,dog,0.9999895095825195,True,True,correct
4472,cifar10_test_04472,deer,deer,0.9999998807907104,True,True,correct
4473,cifar10_test_04473,deer,deer,0.9999996423721313,True,True,correct
4474,cifar10_test_04474,airplane,airplane,0.9999997615814209,True,True,correct
4475,cifar10_test_04475,automobile,automobile,1.0,True,True,correct
4476,cifar10_test_04476,automobile,automobile,1.0,True,True,correct
4477,cifar10_test_04477,frog,frog,1.0,True,True,correct
4478,cifar10_test_04478,automobile,automobile,1.0,True,True,correct
4479,cifar10_test_04479,horse,horse,0.9999997615814209,True,True,correct
4480,cifar10_test_04480,truck,truck,0.9999998807907104,True,True,correct
4481,cifar10_test_04481,truck,truck,0.9999892711639404,True,True,correct
4482,cifar10_test_04482,frog,frog,1.0,True,True,correct
4483,cifar10_test_04483,bird,bird,1.0,True,True,correct
4484,cifar10_test_04484,deer,deer,1.0,True,True,correct
4485,cifar10_test_04485,cat,cat,0.9999479055404663,True,True,correct
4486,cifar10_test_04486,ship,ship,0.9999998807907104,True,True,correct
4487,cifar10_test_04487,cat,cat,0.9999984502792358,True,True,correct
4488,cifar10_test_04488,deer,deer,0.9999998807907104,True,True,correct
4489,cifar10_test_04489,horse,horse,0.9999997615814209,True,True,correct
4490,cifar10_test_04490,airplane,airplane,0.999998927116394,True,True,correct
4491,cifar10_test_04491,bird,bird,1.0,True,True,correct
4492,cifar10_test_04492,ship,ship,0.9999997615814209,True,True,correct
4493,cifar10_test_04493,deer,deer,1.0,True,True,correct
4494,cifar10_test_04494,ship,ship,0.9999985694885254,True,True,correct
4495,cifar10_test_04495,cat,dog,0.9850810170173645,False,True,false_negative_for_cat;false_positive_for_dog
4496,cifar10_test_04496,ship,ship,0.9999998807907104,True,True,correct
4497,cifar10_test_04497,ship,ship,0.9999998807907104,True,True,correct
4498,cifar10_test_04498,ship,ship,0.9999996423721313,True,True,correct
4499,cifar10_test_04499,cat,cat,0.9999992847442627,True,True,correct
4500,cifar10_test_04500,cat,cat,0.9999997615814209,True,True,correct
4501,cifar10_test_04501,dog,dog,0.9999998807907104,True,True,correct
4502,cifar10_test_04502,horse,horse,1.0,True,True,correct
4503,cifar10_test_04503,horse,horse,0.9999995231628418,True,True,correct
4504,cifar10_test_04504,airplane,airplane,0.9999998807907104,True,True,correct
4505,cifar10_test_04505,deer,deer,0.9999998807907104,True,True,correct
4506,cifar10_test_04506,automobile,automobile,0.9999998807907104,True,True,correct
4507,cifar10_test_04507,dog,dog,0.9999998807907104,True,True,correct
4508,cifar10_test_04508,truck,truck,0.9999998807907104,True,True,correct
4509,cifar10_test_04509,horse,horse,1.0,True,True,correct
4510,cifar10_test_04510,airplane,airplane,0.9999998807907104,True,True,correct
4511,cifar10_test_04511,frog,frog,1.0,True,True,correct
4512,cifar10_test_04512,ship,ship,0.9999990463256836,True,True,correct
4513,cifar10_test_04513,deer,deer,0.9999998807907104,True,True,correct
4514,cifar10_test_04514,truck,truck,1.0,True,True,correct
4515,cifar10_test_04515,airplane,airplane,0.9999991655349731,True,True,correct
4516,cifar10_test_04516,automobile,automobile,1.0,True,True,correct
4517,cifar10_test_04517,ship,ship,0.9999995231628418,True,True,correct
4518,cifar10_test_04518,truck,truck,1.0,True,True,correct
4519,cifar10_test_04519,frog,frog,1.0,True,True,correct
4520,cifar10_test_04520,cat,cat,0.999998927116394,True,True,correct
4521,cifar10_test_04521,truck,truck,0.9999996423721313,True,True,correct
4522,cifar10_test_04522,bird,bird,0.9999998807907104,True,True,correct
4523,cifar10_test_04523,deer,deer,0.9999998807907104,True,True,correct
4524,cifar10_test_04524,deer,deer,0.9999990463256836,True,True,correct
4525,cifar10_test_04525,airplane,airplane,0.9999994039535522,True,True,correct
4526,cifar10_test_04526,cat,cat,0.9999703168869019,True,True,correct
4527,cifar10_test_04527,cat,cat,0.9999973773956299,True,True,correct
4528,cifar10_test_04528,dog,dog,0.9999873638153076,True,True,correct
4529,cifar10_test_04529,deer,deer,0.9999996423721313,True,True,correct
4530,cifar10_test_04530,dog,dog,0.9999997615814209,True,True,correct
4531,cifar10_test_04531,automobile,automobile,1.0,True,True,correct
4532,cifar10_test_04532,automobile,automobile,0.9999997615814209,True,True,correct
4533,cifar10_test_04533,ship,ship,0.9999996423721313,True,True,correct
4534,cifar10_test_04534,bird,bird,1.0,True,True,correct
4535,cifar10_test_04535,bird,bird,0.9999998807907104,True,True,correct
4536,cifar10_test_04536,truck,truck,0.9999995231628418,True,True,correct
4537,cifar10_test_04537,cat,cat,0.9999998807907104,True,True,correct
4538,cifar10_test_04538,horse,horse,0.9999998807907104,True,True,correct
4539,cifar10_test_04539,ship,ship,0.9999998807907104,True,True,correct
4540,cifar10_test_04540,truck,truck,0.9999988079071045,True,True,correct
4541,cifar10_test_04541,bird,bird,1.0,True,True,correct
4542,cifar10_test_04542,cat,cat,0.9999994039535522,True,True,correct
4543,cifar10_test_04543,automobile,automobile,1.0,True,True,correct
4544,cifar10_test_04544,horse,horse,1.0,True,True,correct
4545,cifar10_test_04545,cat,cat,0.9987483024597168,True,True,correct
4546,cifar10_test_04546,bird,bird,0.9999970197677612,True,True,correct
4547,cifar10_test_04547,cat,cat,0.999998927116394,True,True,correct
4548,cifar10_test_04548,airplane,airplane,0.9999979734420776,True,True,correct
4549,cifar10_test_04549,automobile,automobile,1.0,True,True,correct
4550,cifar10_test_04550,truck,truck,0.9999997615814209,True,True,correct
4551,cifar10_test_04551,dog,dog,0.9999990463256836,True,True,correct
4552,cifar10_test_04552,dog,dog,0.9999996423721313,True,True,correct
4553,cifar10_test_04553,cat,cat,0.9999998807907104,True,True,correct
4554,cifar10_test_04554,deer,deer,0.9999997615814209,True,True,correct
4555,cifar10_test_04555,dog,dog,0.9953904151916504,True,True,correct
4556,cifar10_test_04556,bird,bird,0.9999992847442627,True,True,correct
4557,cifar10_test_04557,airplane,airplane,0.9999997615814209,True,True,correct
4558,cifar10_test_04558,airplane,airplane,0.9999994039535522,True,True,correct
4559,cifar10_test_04559,cat,cat,0.9999996423721313,True,True,correct
4560,cifar10_test_04560,automobile,automobile,1.0,True,True,correct
4561,cifar10_test_04561,cat,cat,0.9999974966049194,True,True,correct
4562,cifar10_test_04562,deer,deer,0.9999997615814209,True,True,correct
4563,cifar10_test_04563,horse,horse,0.9999997615814209,True,True,correct
4564,cifar10_test_04564,deer,deer,0.9999998807907104,True,True,correct
4565,cifar10_test_04565,bird,bird,1.0,True,True,correct
4566,cifar10_test_04566,ship,ship,0.9999996423721313,True,True,correct
4567,cifar10_test_04567,deer,deer,0.9999996423721313,True,True,correct
4568,cifar10_test_04568,ship,ship,0.9999998807907104,True,True,correct
4569,cifar10_test_04569,truck,truck,1.0,True,True,correct
4570,cifar10_test_04570,truck,truck,1.0,True,True,correct
4571,cifar10_test_04571,deer,deer,0.9999997615814209,True,True,correct
4572,cifar10_test_04572,bird,bird,0.9999998807907104,True,True,correct
4573,cifar10_test_04573,deer,deer,0.9999997615814209,True,True,correct
4574,cifar10_test_04574,cat,cat,0.999997615814209,True,True,correct
4575,cifar10_test_04575,frog,frog,1.0,True,True,correct
4576,cifar10_test_04576,deer,deer,0.9999996423721313,True,True,correct
4577,cifar10_test_04577,frog,frog,1.0,True,True,correct
4578,cifar10_test_04578,deer,deer,0.9999997615814209,True,True,correct
4579,cifar10_test_04579,frog,frog,1.0,True,True,correct
4580,cifar10_test_04580,frog,frog,1.0,True,True,correct
4581,cifar10_test_04581,cat,cat,0.999997615814209,True,True,correct
4582,cifar10_test_04582,ship,ship,0.9999996423721313,True,True,correct
4583,cifar10_test_04583,horse,horse,0.9999996423721313,True,True,correct
4584,cifar10_test_04584,deer,deer,0.9999998807907104,True,True,correct
4585,cifar10_test_04585,ship,ship,0.9999949932098389,True,True,correct
4586,cifar10_test_04586,airplane,airplane,0.9999996423721313,True,True,correct
4587,cifar10_test_04587,dog,dog,1.0,True,True,correct
4588,cifar10_test_04588,truck,truck,0.9999998807907104,True,True,correct
4589,cifar10_test_04589,cat,cat,0.999995231628418,True,True,correct
4590,cifar10_test_04590,truck,truck,0.9786347150802612,True,True,correct
4591,cifar10_test_04591,airplane,airplane,0.9999998807907104,True,True,correct
4592,cifar10_test_04592,horse,horse,1.0,True,True,correct
4593,cifar10_test_04593,dog,dog,0.9999998807907104,True,True,correct
4594,cifar10_test_04594,automobile,automobile,1.0,True,True,correct
4595,cifar10_test_04595,truck,truck,0.9999997615814209,True,True,correct
4596,cifar10_test_04596,horse,horse,0.9999998807907104,True,True,correct
4597,cifar10_test_04597,truck,truck,1.0,True,True,correct
4598,cifar10_test_04598,automobile,automobile,1.0,True,True,correct
4599,cifar10_test_04599,ship,ship,0.9999997615814209,True,True,correct
4600,cifar10_test_04600,deer,deer,0.9999996423721313,True,True,correct
4601,cifar10_test_04601,bird,bird,0.9999998807907104,True,True,correct
4602,cifar10_test_04602,automobile,automobile,1.0,True,True,correct
4603,cifar10_test_04603,frog,frog,1.0,True,True,correct
4604,cifar10_test_04604,deer,deer,1.0,True,True,correct
4605,cifar10_test_04605,cat,cat,0.9999990463256836,True,True,correct
4606,cifar10_test_04606,airplane,airplane,0.9999896287918091,True,True,correct
4607,cifar10_test_04607,automobile,automobile,1.0,True,True,correct
4608,cifar10_test_04608,deer,deer,1.0,True,True,correct
4609,cifar10_test_04609,ship,ship,0.9999997615814209,True,True,correct
4610,cifar10_test_04610,frog,frog,1.0,True,True,correct
4611,cifar10_test_04611,automobile,automobile,1.0,True,True,correct
4612,cifar10_test_04612,horse,horse,0.9999998807907104,True,True,correct
4613,cifar10_test_04613,automobile,automobile,0.9999997615814209,True,True,correct
4614,cifar10_test_04614,cat,cat,0.6096358895301819,True,True,correct
4615,cifar10_test_04615,dog,dog,0.9999909400939941,True,True,correct
4616,cifar10_test_04616,deer,deer,0.9999998807907104,True,True,correct
4617,cifar10_test_04617,cat,cat,0.9999988079071045,True,True,correct
4618,cifar10_test_04618,cat,cat,0.9999991655349731,True,True,correct
4619,cifar10_test_04619,truck,truck,1.0,True,True,correct
4620,cifar10_test_04620,horse,horse,0.9999998807907104,True,True,correct
4621,cifar10_test_04621,ship,ship,0.9999996423721313,True,True,correct
4622,cifar10_test_04622,bird,bird,1.0,True,True,correct
4623,cifar10_test_04623,dog,dog,0.9999953508377075,True,True,correct
4624,cifar10_test_04624,dog,dog,0.9999998807907104,True,True,correct
4625,cifar10_test_04625,deer,deer,0.9999998807907104,True,True,correct
4626,cifar10_test_04626,dog,dog,0.9999998807907104,True,True,correct
4627,cifar10_test_04627,deer,deer,0.9999998807907104,True,True,correct
4628,cifar10_test_04628,dog,dog,0.9999998807907104,True,True,correct
4629,cifar10_test_04629,horse,horse,1.0,True,True,correct
4630,cifar10_test_04630,bird,bird,0.9999979734420776,True,True,correct
4631,cifar10_test_04631,dog,dog,1.0,True,True,correct
4632,cifar10_test_04632,dog,dog,0.9999998807907104,True,True,correct
4633,cifar10_test_04633,automobile,automobile,1.0,True,True,correct
4634,cifar10_test_04634,horse,horse,0.9999995231628418,True,True,correct
4635,cifar10_test_04635,horse,horse,0.9999998807907104,True,True,correct
4636,cifar10_test_04636,ship,ship,0.9999998807907104,True,True,correct
4637,cifar10_test_04637,cat,cat,0.9999997615814209,True,True,correct
4638,cifar10_test_04638,frog,frog,1.0,True,True,correct
4639,cifar10_test_04639,airplane,airplane,0.9999997615814209,True,True,correct
4640,cifar10_test_04640,bird,bird,1.0,True,True,correct
4641,cifar10_test_04641,dog,dog,0.9999998807907104,True,True,correct
4642,cifar10_test_04642,bird,bird,0.9992499947547913,True,True,correct
4643,cifar10_test_04643,cat,cat,0.9999933242797852,True,True,correct
4644,cifar10_test_04644,horse,horse,1.0,True,True,correct
4645,cifar10_test_04645,deer,deer,0.9999998807907104,True,True,correct
4646,cifar10_test_04646,bird,cat,0.9998550415039062,False,True,false_negative_for_bird;false_positive_for_cat
4647,cifar10_test_04647,automobile,automobile,1.0,True,True,correct
4648,cifar10_test_04648,frog,frog,1.0,True,True,correct
4649,cifar10_test_04649,ship,ship,0.9999995231628418,True,True,correct
4650,cifar10_test_04650,frog,frog,1.0,True,True,correct
4651,cifar10_test_04651,ship,ship,0.9999980926513672,True,True,correct
4652,cifar10_test_04652,cat,cat,0.9999858140945435,True,True,correct
4653,cifar10_test_04653,bird,bird,1.0,True,True,correct
4654,cifar10_test_04654,horse,horse,0.9999995231628418,True,True,correct
4655,cifar10_test_04655,horse,horse,0.9999995231628418,True,True,correct
4656,cifar10_test_04656,truck,truck,1.0,True,True,correct
4657,cifar10_test_04657,horse,horse,1.0,True,True,correct
4658,cifar10_test_04658,automobile,automobile,1.0,True,True,correct
4659,cifar10_test_04659,deer,deer,0.9999994039535522,True,True,correct
4660,cifar10_test_04660,horse,horse,0.9999998807907104,True,True,correct
4661,cifar10_test_04661,deer,deer,0.9999772310256958,True,True,correct
4662,cifar10_test_04662,frog,frog,0.9999998807907104,True,True,correct
4663,cifar10_test_04663,automobile,automobile,1.0,True,True,correct
4664,cifar10_test_04664,horse,horse,1.0,True,True,correct
4665,cifar10_test_04665,cat,cat,0.9999995231628418,True,True,correct
4666,cifar10_test_04666,airplane,airplane,0.9999997615814209,True,True,correct
4667,cifar10_test_04667,airplane,airplane,0.9999995231628418,True,True,correct
4668,cifar10_test_04668,frog,frog,0.9999998807907104,True,True,correct
4669,cifar10_test_04669,frog,frog,1.0,True,True,correct
4670,cifar10_test_04670,ship,ship,0.9999998807907104,True,True,correct
4671,cifar10_test_04671,frog,frog,1.0,True,True,correct
4672,cifar10_test_04672,frog,frog,1.0,True,True,correct
4673,cifar10_test_04673,airplane,airplane,0.9999949932098389,True,True,correct
4674,cifar10_test_04674,cat,cat,0.9999996423721313,True,True,correct
4675,cifar10_test_04675,deer,deer,0.9999998807907104,True,True,correct
4676,cifar10_test_04676,horse,horse,0.9999998807907104,True,True,correct
4677,cifar10_test_04677,deer,deer,0.9999998807907104,True,True,correct
4678,cifar10_test_04678,truck,truck,0.9999997615814209,True,True,correct
4679,cifar10_test_04679,deer,deer,0.9999997615814209,True,True,correct
4680,cifar10_test_04680,truck,truck,1.0,True,True,correct
4681,cifar10_test_04681,truck,truck,0.9999995231628418,True,True,correct
4682,cifar10_test_04682,cat,cat,0.9990217685699463,True,True,correct
4683,cifar10_test_04683,deer,deer,0.9999998807907104,True,True,correct
4684,cifar10_test_04684,automobile,automobile,0.9999998807907104,True,True,correct
4685,cifar10_test_04685,deer,deer,0.9999997615814209,True,True,correct
4686,cifar10_test_04686,airplane,airplane,0.9999972581863403,True,True,correct
4687,cifar10_test_04687,cat,cat,0.9999984502792358,True,True,correct
4688,cifar10_test_04688,horse,horse,0.9999998807907104,True,True,correct
4689,cifar10_test_04689,automobile,automobile,1.0,True,True,correct
4690,cifar10_test_04690,bird,bird,1.0,True,True,correct
4691,cifar10_test_04691,bird,bird,0.9999998807907104,True,True,correct
4692,cifar10_test_04692,ship,ship,0.9999998807907104,True,True,correct
4693,cifar10_test_04693,deer,deer,0.9999997615814209,True,True,correct
4694,cifar10_test_04694,horse,horse,1.0,True,True,correct
4695,cifar10_test_04695,ship,ship,0.9999996423721313,True,True,correct
4696,cifar10_test_04696,dog,dog,0.9999998807907104,True,True,correct
4697,cifar10_test_04697,dog,dog,0.9999997615814209,True,True,correct
4698,cifar10_test_04698,frog,frog,0.9999998807907104,True,True,correct
4699,cifar10_test_04699,dog,dog,0.9999998807907104,True,True,correct
4700,cifar10_test_04700,frog,frog,0.9999998807907104,True,True,correct
4701,cifar10_test_04701,airplane,airplane,0.9999991655349731,True,True,correct
4702,cifar10_test_04702,frog,frog,1.0,True,True,correct
4703,cifar10_test_04703,deer,deer,1.0,True,True,correct
4704,cifar10_test_04704,truck,truck,0.9999997615814209,True,True,correct
4705,cifar10_test_04705,cat,cat,0.9999748468399048,True,True,correct
4706,cifar10_test_04706,bird,bird,0.9999998807907104,True,True,correct
4707,cifar10_test_04707,horse,horse,0.9999995231628418,True,True,correct
4708,cifar10_test_04708,cat,cat,0.9999998807907104,True,True,correct
4709,cifar10_test_04709,ship,ship,0.9999946355819702,True,True,correct
4710,cifar10_test_04710,cat,cat,0.9997022747993469,True,True,correct
4711,cifar10_test_04711,truck,truck,1.0,True,True,correct
4712,cifar10_test_04712,deer,deer,0.9999997615814209,True,True,correct
4713,cifar10_test_04713,automobile,automobile,1.0,True,True,correct
4714,cifar10_test_04714,frog,frog,1.0,True,True,correct
4715,cifar10_test_04715,truck,truck,0.999998927116394,True,True,correct
4716,cifar10_test_04716,truck,truck,0.9999998807907104,True,True,correct
4717,cifar10_test_04717,deer,deer,0.9999994039535522,True,True,correct
4718,cifar10_test_04718,cat,cat,0.9999679327011108,True,True,correct
4719,cifar10_test_04719,truck,truck,1.0,True,True,correct
4720,cifar10_test_04720,ship,ship,0.9999998807907104,True,True,correct
4721,cifar10_test_04721,automobile,automobile,0.9999996423721313,True,True,correct
4722,cifar10_test_04722,frog,frog,1.0,True,True,correct
4723,cifar10_test_04723,truck,truck,0.9999998807907104,True,True,correct
4724,cifar10_test_04724,dog,dog,0.9999998807907104,True,True,correct
4725,cifar10_test_04725,truck,truck,0.7868497371673584,True,True,correct
4726,cifar10_test_04726,airplane,airplane,0.9999997615814209,True,True,correct
4727,cifar10_test_04727,truck,truck,1.0,True,True,correct
4728,cifar10_test_04728,horse,horse,1.0,True,True,correct
4729,cifar10_test_04729,bird,bird,0.9999998807907104,True,True,correct
4730,cifar10_test_04730,bird,bird,1.0,True,True,correct
4731,cifar10_test_04731,deer,deer,1.0,True,True,correct
4732,cifar10_test_04732,bird,bird,0.8520970940589905,True,True,correct
4733,cifar10_test_04733,frog,frog,1.0,True,True,correct
4734,cifar10_test_04734,deer,deer,0.9999996423721313,True,True,correct
4735,cifar10_test_04735,ship,ship,0.9999996423721313,True,True,correct
4736,cifar10_test_04736,automobile,automobile,1.0,True,True,correct
4737,cifar10_test_04737,truck,truck,1.0,True,True,correct
4738,cifar10_test_04738,dog,dog,0.9999997615814209,True,True,correct
4739,cifar10_test_04739,frog,frog,1.0,True,True,correct
4740,cifar10_test_04740,dog,cat,0.9999991655349731,False,True,false_negative_for_dog;false_positive_for_cat
4741,cifar10_test_04741,automobile,automobile,0.9999998807907104,True,True,correct
4742,cifar10_test_04742,ship,ship,0.9999996423721313,True,True,correct
4743,cifar10_test_04743,frog,frog,0.9999998807907104,True,True,correct
4744,cifar10_test_04744,frog,airplane,0.5737658143043518,False,True,false_negative_for_frog;false_positive_for_airplane
4745,cifar10_test_04745,horse,horse,0.9999998807907104,True,True,correct
4746,cifar10_test_04746,frog,frog,1.0,True,True,correct
4747,cifar10_test_04747,dog,dog,0.9999998807907104,True,True,correct
4748,cifar10_test_04748,airplane,airplane,0.9999997615814209,True,True,correct
4749,cifar10_test_04749,bird,bird,0.9999996423721313,True,True,correct
4750,cifar10_test_04750,horse,horse,0.9999111890792847,True,True,correct
4751,cifar10_test_04751,frog,frog,1.0,True,True,correct
4752,cifar10_test_04752,automobile,automobile,0.9999998807907104,True,True,correct
4753,cifar10_test_04753,bird,bird,0.9999992847442627,True,True,correct
4754,cifar10_test_04754,cat,cat,0.9999966621398926,True,True,correct
4755,cifar10_test_04755,automobile,automobile,1.0,True,True,correct
4756,cifar10_test_04756,frog,frog,1.0,True,True,correct
4757,cifar10_test_04757,deer,deer,0.9999998807907104,True,True,correct
4758,cifar10_test_04758,truck,truck,0.9999998807907104,True,True,correct
4759,cifar10_test_04759,airplane,airplane,0.9999990463256836,True,True,correct
4760,cifar10_test_04760,cat,cat,0.9999897480010986,True,True,correct
4761,cifar10_test_04761,truck,truck,1.0,True,True,correct
4762,cifar10_test_04762,automobile,automobile,1.0,True,True,correct
4763,cifar10_test_04763,airplane,airplane,0.9999997615814209,True,True,correct
4764,cifar10_test_04764,dog,dog,0.9999997615814209,True,True,correct
4765,cifar10_test_04765,cat,cat,0.999967098236084,True,True,correct
4766,cifar10_test_04766,automobile,automobile,1.0,True,True,correct
4767,cifar10_test_04767,frog,frog,1.0,True,True,correct
4768,cifar10_test_04768,truck,truck,1.0,True,True,correct
4769,cifar10_test_04769,ship,ship,0.9999998807907104,True,True,correct
4770,cifar10_test_04770,truck,truck,0.9999998807907104,True,True,correct
4771,cifar10_test_04771,airplane,airplane,0.9999996423721313,True,True,correct
4772,cifar10_test_04772,frog,frog,0.9999998807907104,True,True,correct
4773,cifar10_test_04773,automobile,automobile,1.0,True,True,correct
4774,cifar10_test_04774,frog,frog,1.0,True,True,correct
4775,cifar10_test_04775,bird,bird,0.9999812841415405,True,True,correct
4776,cifar10_test_04776,cat,cat,0.9999682903289795,True,True,correct
4777,cifar10_test_04777,dog,dog,0.9999998807907104,True,True,correct
4778,cifar10_test_04778,frog,frog,1.0,True,True,correct
4779,cifar10_test_04779,truck,truck,0.9999740123748779,True,True,correct
4780,cifar10_test_04780,airplane,airplane,0.9999995231628418,True,True,correct
4781,cifar10_test_04781,horse,horse,0.9999998807907104,True,True,correct
4782,cifar10_test_04782,bird,bird,0.9999994039535522,True,True,correct
4783,cifar10_test_04783,deer,deer,0.9999994039535522,True,True,correct
4784,cifar10_test_04784,airplane,airplane,0.9958166480064392,True,True,correct
4785,cifar10_test_04785,cat,cat,1.0,True,True,correct
4786,cifar10_test_04786,frog,frog,0.9999998807907104,True,True,correct
4787,cifar10_test_04787,ship,ship,1.0,True,True,correct
4788,cifar10_test_04788,frog,frog,1.0,True,True,correct
4789,cifar10_test_04789,truck,truck,1.0,True,True,correct
4790,cifar10_test_04790,automobile,automobile,0.9999998807907104,True,True,correct
4791,cifar10_test_04791,truck,truck,0.9999994039535522,True,True,correct
4792,cifar10_test_04792,airplane,airplane,0.9999992847442627,True,True,correct
4793,cifar10_test_04793,frog,frog,1.0,True,True,correct
4794,cifar10_test_04794,deer,deer,0.9999706745147705,True,True,correct
4795,cifar10_test_04795,dog,cat,0.9978107810020447,False,True,false_negative_for_dog;false_positive_for_cat
4796,cifar10_test_04796,truck,truck,1.0,True,True,correct
4797,cifar10_test_04797,dog,dog,1.0,True,True,correct
4798,cifar10_test_04798,deer,deer,0.9999998807907104,True,True,correct
4799,cifar10_test_04799,automobile,automobile,0.9999998807907104,True,True,correct
4800,cifar10_test_04800,truck,truck,0.9999998807907104,True,True,correct
4801,cifar10_test_04801,bird,bird,1.0,True,True,correct
4802,cifar10_test_04802,airplane,airplane,0.9999992847442627,True,True,correct
4803,cifar10_test_04803,horse,horse,1.0,True,True,correct
4804,cifar10_test_04804,cat,cat,0.9999998807907104,True,True,correct
4805,cifar10_test_04805,dog,dog,0.9999998807907104,True,True,correct
4806,cifar10_test_04806,automobile,automobile,0.9999991655349731,True,True,correct
4807,cifar10_test_04807,ship,ship,0.9999997615814209,True,True,correct
4808,cifar10_test_04808,cat,cat,0.9999991655349731,True,True,correct
4809,cifar10_test_04809,airplane,airplane,0.9999994039535522,True,True,correct
4810,cifar10_test_04810,dog,dog,0.9999998807907104,True,True,correct
4811,cifar10_test_04811,bird,bird,1.0,True,True,correct
4812,cifar10_test_04812,ship,ship,0.9999971389770508,True,True,correct
4813,cifar10_test_04813,ship,ship,0.9999997615814209,True,True,correct
4814,cifar10_test_04814,cat,cat,0.9999911785125732,True,True,correct
4815,cifar10_test_04815,truck,truck,1.0,True,True,correct
4816,cifar10_test_04816,frog,frog,1.0,True,True,correct
4817,cifar10_test_04817,airplane,airplane,0.9999998807907104,True,True,correct
4818,cifar10_test_04818,cat,cat,0.9999997615814209,True,True,correct
4819,cifar10_test_04819,dog,dog,0.9999997615814209,True,True,correct
4820,cifar10_test_04820,cat,cat,0.9999995231628418,True,True,correct
4821,cifar10_test_04821,deer,deer,0.9999998807907104,True,True,correct
4822,cifar10_test_04822,automobile,automobile,1.0,True,True,correct
4823,cifar10_test_04823,dog,dog,1.0,True,True,correct
4824,cifar10_test_04824,airplane,airplane,0.9999992847442627,True,True,correct
4825,cifar10_test_04825,horse,horse,1.0,True,True,correct
4826,cifar10_test_04826,cat,cat,0.9999986886978149,True,True,correct
4827,cifar10_test_04827,truck,truck,1.0,True,True,correct
4828,cifar10_test_04828,deer,deer,0.9999994039535522,True,True,correct
4829,cifar10_test_04829,dog,dog,0.9999996423721313,True,True,correct
4830,cifar10_test_04830,cat,cat,0.9999992847442627,True,True,correct
4831,cifar10_test_04831,automobile,automobile,1.0,True,True,correct
4832,cifar10_test_04832,deer,deer,0.9999994039535522,True,True,correct
4833,cifar10_test_04833,bird,bird,0.9999998807907104,True,True,correct
4834,cifar10_test_04834,deer,deer,0.9999995231628418,True,True,correct
4835,cifar10_test_04835,truck,truck,0.9999998807907104,True,True,correct
4836,cifar10_test_04836,truck,truck,0.9999997615814209,True,True,correct
4837,cifar10_test_04837,horse,horse,0.9999997615814209,True,True,correct
4838,cifar10_test_04838,automobile,automobile,1.0,True,True,correct
4839,cifar10_test_04839,horse,horse,0.9999998807907104,True,True,correct
4840,cifar10_test_04840,airplane,airplane,0.9999995231628418,True,True,correct
4841,cifar10_test_04841,automobile,automobile,1.0,True,True,correct
4842,cifar10_test_04842,bird,bird,0.9999998807907104,True,True,correct
4843,cifar10_test_04843,automobile,automobile,0.9999991655349731,True,True,correct
4844,cifar10_test_04844,dog,dog,1.0,True,True,correct
4845,cifar10_test_04845,cat,cat,0.9999998807907104,True,True,correct
4846,cifar10_test_04846,ship,ship,1.0,True,True,correct
4847,cifar10_test_04847,deer,deer,0.9999997615814209,True,True,correct
4848,cifar10_test_04848,automobile,automobile,1.0,True,True,correct
4849,cifar10_test_04849,dog,cat,0.8231574296951294,False,True,false_negative_for_dog;false_positive_for_cat
4850,cifar10_test_04850,automobile,automobile,0.9999998807907104,True,True,correct
4851,cifar10_test_04851,truck,truck,0.9999998807907104,True,True,correct
4852,cifar10_test_04852,truck,truck,1.0,True,True,correct
4853,cifar10_test_04853,horse,horse,1.0,True,True,correct
4854,cifar10_test_04854,airplane,airplane,0.9999997615814209,True,True,correct
4855,cifar10_test_04855,automobile,automobile,1.0,True,True,correct
4856,cifar10_test_04856,horse,horse,1.0,True,True,correct
4857,cifar10_test_04857,frog,frog,1.0,True,True,correct
4858,cifar10_test_04858,bird,bird,1.0,True,True,correct
4859,cifar10_test_04859,frog,frog,1.0,True,True,correct
4860,cifar10_test_04860,dog,dog,0.9999992847442627,True,True,correct
4861,cifar10_test_04861,airplane,airplane,0.999996542930603,True,True,correct
4862,cifar10_test_04862,cat,cat,0.9999996423721313,True,True,correct
4863,cifar10_test_04863,automobile,automobile,1.0,True,True,correct
4864,cifar10_test_04864,cat,cat,0.9999977350234985,True,True,correct
4865,cifar10_test_04865,ship,ship,0.9999991655349731,True,True,correct
4866,cifar10_test_04866,truck,truck,1.0,True,True,correct
4867,cifar10_test_04867,truck,truck,0.9999985694885254,True,True,correct
4868,cifar10_test_04868,airplane,airplane,0.9999998807907104,True,True,correct
4869,cifar10_test_04869,ship,ship,0.9999998807907104,True,True,correct
4870,cifar10_test_04870,ship,ship,0.9999997615814209,True,True,correct
4871,cifar10_test_04871,horse,horse,0.9999994039535522,True,True,correct
4872,cifar10_test_04872,truck,truck,0.9999997615814209,True,True,correct
4873,cifar10_test_04873,bird,bird,1.0,True,True,correct
4874,cifar10_test_04874,truck,truck,0.9999992847442627,True,True,correct
4875,cifar10_test_04875,automobile,automobile,1.0,True,True,correct
4876,cifar10_test_04876,cat,cat,0.9999998807907104,True,True,correct
4877,cifar10_test_04877,frog,frog,1.0,True,True,correct
4878,cifar10_test_04878,horse,horse,0.9999998807907104,True,True,correct
4879,cifar10_test_04879,frog,frog,0.9999998807907104,True,True,correct
4880,cifar10_test_04880,airplane,airplane,0.9999995231628418,True,True,correct
4881,cifar10_test_04881,ship,ship,0.9999998807907104,True,True,correct
4882,cifar10_test_04882,frog,frog,1.0,True,True,correct
4883,cifar10_test_04883,bird,bird,1.0,True,True,correct
4884,cifar10_test_04884,deer,deer,1.0,True,True,correct
4885,cifar10_test_04885,bird,bird,1.0,True,True,correct
4886,cifar10_test_04886,cat,cat,0.9999998807907104,True,True,correct
4887,cifar10_test_04887,dog,dog,0.9999994039535522,True,True,correct
4888,cifar10_test_04888,dog,dog,0.9999997615814209,True,True,correct
4889,cifar10_test_04889,deer,deer,0.9999997615814209,True,True,correct
4890,cifar10_test_04890,automobile,automobile,1.0,True,True,correct
4891,cifar10_test_04891,frog,frog,1.0,True,True,correct
4892,cifar10_test_04892,horse,horse,0.9999982118606567,True,True,correct
4893,cifar10_test_04893,automobile,automobile,1.0,True,True,correct
4894,cifar10_test_04894,frog,frog,0.9999996423721313,True,True,correct
4895,cifar10_test_04895,automobile,automobile,1.0,True,True,correct
4896,cifar10_test_04896,horse,horse,1.0,True,True,correct
4897,cifar10_test_04897,automobile,automobile,0.9999998807907104,True,True,correct
4898,cifar10_test_04898,frog,frog,1.0,True,True,correct
4899,cifar10_test_04899,bird,bird,1.0,True,True,correct
4900,cifar10_test_04900,cat,cat,0.9999996423721313,True,True,correct
4901,cifar10_test_04901,airplane,airplane,0.9999996423721313,True,True,correct
4902,cifar10_test_04902,deer,deer,1.0,True,True,correct
4903,cifar10_test_04903,bird,bird,0.9999985694885254,True,True,correct
4904,cifar10_test_04904,truck,truck,0.9999970197677612,True,True,correct
4905,cifar10_test_04905,horse,horse,0.9999998807907104,True,True,correct
4906,cifar10_test_04906,dog,cat,0.9999982118606567,False,True,false_negative_for_dog;false_positive_for_cat
4907,cifar10_test_04907,dog,dog,0.9999996423721313,True,True,correct
4908,cifar10_test_04908,frog,frog,1.0,True,True,correct
4909,cifar10_test_04909,airplane,airplane,0.8804444670677185,True,True,correct
4910,cifar10_test_04910,ship,ship,0.9999977350234985,True,True,correct
4911,cifar10_test_04911,ship,ship,0.9999996423721313,True,True,correct
4912,cifar10_test_04912,automobile,automobile,1.0,True,True,correct
4913,cifar10_test_04913,automobile,automobile,1.0,True,True,correct
4914,cifar10_test_04914,cat,cat,0.9999998807907104,True,True,correct
4915,cifar10_test_04915,dog,dog,0.9999996423721313,True,True,correct
4916,cifar10_test_04916,frog,frog,1.0,True,True,correct
4917,cifar10_test_04917,dog,dog,0.9999988079071045,True,True,correct
4918,cifar10_test_04918,cat,cat,0.9999998807907104,True,True,correct
4919,cifar10_test_04919,ship,ship,0.9999997615814209,True,True,correct
4920,cifar10_test_04920,horse,horse,1.0,True,True,correct
4921,cifar10_test_04921,dog,dog,0.9999988079071045,True,True,correct
4922,cifar10_test_04922,airplane,airplane,0.9999994039535522,True,True,correct
4923,cifar10_test_04923,horse,horse,1.0,True,True,correct
4924,cifar10_test_04924,horse,horse,0.9999996423721313,True,True,correct
4925,cifar10_test_04925,dog,dog,0.9999998807907104,True,True,correct
4926,cifar10_test_04926,horse,horse,0.9999995231628418,True,True,correct
4927,cifar10_test_04927,automobile,automobile,1.0,True,True,correct
4928,cifar10_test_04928,truck,truck,0.9999998807907104,True,True,correct
4929,cifar10_test_04929,truck,truck,1.0,True,True,correct
4930,cifar10_test_04930,automobile,automobile,0.9999998807907104,True,True,correct
4931,cifar10_test_04931,truck,automobile,0.9999995231628418,False,True,false_negative_for_truck;false_positive_for_automobile
4932,cifar10_test_04932,truck,truck,0.9999998807907104,True,True,correct
4933,cifar10_test_04933,cat,cat,0.9999990463256836,True,True,correct
4934,cifar10_test_04934,dog,dog,0.9999998807907104,True,True,correct
4935,cifar10_test_04935,dog,dog,0.9999947547912598,True,True,correct
4936,cifar10_test_04936,cat,cat,0.9999996423721313,True,True,correct
4937,cifar10_test_04937,airplane,airplane,0.9999994039535522,True,True,correct
4938,cifar10_test_04938,cat,cat,0.999996542930603,True,True,correct
4939,cifar10_test_04939,airplane,airplane,0.9999985694885254,True,True,correct
4940,cifar10_test_04940,frog,frog,1.0,True,True,correct
4941,cifar10_test_04941,frog,frog,1.0,True,True,correct
4942,cifar10_test_04942,dog,dog,0.9999959468841553,True,True,correct
4943,cifar10_test_04943,frog,frog,1.0,True,True,correct
4944,cifar10_test_04944,ship,ship,0.9999992847442627,True,True,correct
4945,cifar10_test_04945,truck,truck,0.9999998807907104,True,True,correct
4946,cifar10_test_04946,deer,deer,0.9999995231628418,True,True,correct
4947,cifar10_test_04947,dog,dog,1.0,True,True,correct
4948,cifar10_test_04948,automobile,automobile,1.0,True,True,correct
4949,cifar10_test_04949,automobile,automobile,1.0,True,True,correct
4950,cifar10_test_04950,bird,bird,0.9999996423721313,True,True,correct
4951,cifar10_test_04951,horse,horse,0.9999996423721313,True,True,correct
4952,cifar10_test_04952,truck,truck,0.9999994039535522,True,True,correct
4953,cifar10_test_04953,airplane,airplane,0.9999995231628418,True,True,correct
4954,cifar10_test_04954,automobile,automobile,0.9999986886978149,True,True,correct
4955,cifar10_test_04955,bird,bird,0.9999998807907104,True,True,correct
4956,cifar10_test_04956,dog,dog,0.9999997615814209,True,True,correct
4957,cifar10_test_04957,deer,deer,0.9999997615814209,True,True,correct
4958,cifar10_test_04958,deer,deer,0.9999998807907104,True,True,correct
4959,cifar10_test_04959,horse,horse,0.9999998807907104,True,True,correct
4960,cifar10_test_04960,deer,deer,1.0,True,True,correct
4961,cifar10_test_04961,ship,ship,0.9999998807907104,True,True,correct
4962,cifar10_test_04962,cat,cat,0.9999995231628418,True,True,correct
4963,cifar10_test_04963,cat,cat,0.999925971031189,True,True,correct
4964,cifar10_test_04964,dog,horse,0.998793363571167,False,True,false_negative_for_dog;false_positive_for_horse
4965,cifar10_test_04965,cat,deer,0.9999520778656006,False,True,false_negative_for_cat;false_positive_for_deer
4966,cifar10_test_04966,dog,dog,0.9999998807907104,True,True,correct
4967,cifar10_test_04967,horse,horse,1.0,True,True,correct
4968,cifar10_test_04968,airplane,airplane,0.9999997615814209,True,True,correct
4969,cifar10_test_04969,automobile,automobile,1.0,True,True,correct
4970,cifar10_test_04970,bird,bird,0.9142805337905884,True,True,correct
4971,cifar10_test_04971,truck,truck,0.9999998807907104,True,True,correct
4972,cifar10_test_04972,ship,ship,1.0,True,True,correct
4973,cifar10_test_04973,automobile,automobile,1.0,True,True,correct
4974,cifar10_test_04974,horse,horse,1.0,True,True,correct
4975,cifar10_test_04975,cat,cat,0.9999991655349731,True,True,correct
4976,cifar10_test_04976,dog,dog,0.9999997615814209,True,True,correct
4977,cifar10_test_04977,truck,truck,0.9999998807907104,True,True,correct
4978,cifar10_test_04978,automobile,automobile,1.0,True,True,correct
4979,cifar10_test_04979,truck,truck,0.9999995231628418,True,True,correct
4980,cifar10_test_04980,automobile,automobile,0.9999998807907104,True,True,correct
4981,cifar10_test_04981,automobile,automobile,1.0,True,True,correct
4982,cifar10_test_04982,cat,cat,0.9999997615814209,True,True,correct
4983,cifar10_test_04983,frog,frog,1.0,True,True,correct
4984,cifar10_test_04984,horse,horse,0.9999997615814209,True,True,correct
4985,cifar10_test_04985,deer,deer,0.9999998807907104,True,True,correct
4986,cifar10_test_04986,ship,ship,0.9999986886978149,True,True,correct
4987,cifar10_test_04987,cat,cat,0.9999998807907104,True,True,correct
4988,cifar10_test_04988,dog,cat,0.9998838901519775,False,True,false_negative_for_dog;false_positive_for_cat
4989,cifar10_test_04989,frog,frog,1.0,True,True,correct
4990,cifar10_test_04990,horse,horse,0.999998927116394,True,True,correct
4991,cifar10_test_04991,airplane,airplane,0.9999988079071045,True,True,correct
4992,cifar10_test_04992,automobile,automobile,1.0,True,True,correct
4993,cifar10_test_04993,horse,horse,0.8712922930717468,True,True,correct
4994,cifar10_test_04994,horse,horse,1.0,True,True,correct
4995,cifar10_test_04995,bird,bird,1.0,True,True,correct
4996,cifar10_test_04996,cat,cat,0.9999923706054688,True,True,correct
4997,cifar10_test_04997,cat,cat,0.9999994039535522,True,True,correct
4998,cifar10_test_04998,dog,dog,0.999997615814209,True,True,correct
4999,cifar10_test_04999,automobile,automobile,0.9999998807907104,True,True,correct
5000,cifar10_test_05000,horse,horse,1.0,True,True,correct
5001,cifar10_test_05001,frog,frog,1.0,True,True,correct
5002,cifar10_test_05002,ship,ship,0.9999997615814209,True,True,correct
5003,cifar10_test_05003,deer,deer,0.9999997615814209,True,True,correct
5004,cifar10_test_05004,deer,deer,0.9999998807907104,True,True,correct
5005,cifar10_test_05005,dog,dog,0.9999998807907104,True,True,correct
5006,cifar10_test_05006,horse,horse,0.9999992847442627,True,True,correct
5007,cifar10_test_05007,cat,cat,0.9999991655349731,True,True,correct
5008,cifar10_test_05008,deer,deer,1.0,True,True,correct
5009,cifar10_test_05009,horse,horse,0.9999997615814209,True,True,correct
5010,cifar10_test_05010,horse,horse,1.0,True,True,correct
5011,cifar10_test_05011,cat,cat,0.9999995231628418,True,True,correct
5012,cifar10_test_05012,frog,frog,1.0,True,True,correct
5013,cifar10_test_05013,airplane,airplane,0.9999994039535522,True,True,correct
5014,cifar10_test_05014,horse,horse,1.0,True,True,correct
5015,cifar10_test_05015,bird,bird,1.0,True,True,correct
5016,cifar10_test_05016,frog,frog,1.0,True,True,correct
5017,cifar10_test_05017,horse,horse,0.9999998807907104,True,True,correct
5018,cifar10_test_05018,deer,deer,1.0,True,True,correct
5019,cifar10_test_05019,automobile,automobile,1.0,True,True,correct
5020,cifar10_test_05020,ship,ship,0.9999998807907104,True,True,correct
5021,cifar10_test_05021,airplane,airplane,0.9999996423721313,True,True,correct
5022,cifar10_test_05022,bird,bird,1.0,True,True,correct
5023,cifar10_test_05023,bird,bird,1.0,True,True,correct
5024,cifar10_test_05024,automobile,automobile,1.0,True,True,correct
5025,cifar10_test_05025,dog,dog,0.9999998807907104,True,True,correct
5026,cifar10_test_05026,deer,deer,0.9999995231628418,True,True,correct
5027,cifar10_test_05027,airplane,airplane,0.9999995231628418,True,True,correct
5028,cifar10_test_05028,truck,truck,1.0,True,True,correct
5029,cifar10_test_05029,cat,cat,0.9999991655349731,True,True,correct
5030,cifar10_test_05030,deer,deer,0.999996542930603,True,True,correct
5031,cifar10_test_05031,deer,deer,0.9999998807907104,True,True,correct
5032,cifar10_test_05032,bird,bird,1.0,True,True,correct
5033,cifar10_test_05033,cat,cat,0.9999998807907104,True,True,correct
5034,cifar10_test_05034,ship,ship,0.9999977350234985,True,True,correct
5035,cifar10_test_05035,dog,dog,0.9999998807907104,True,True,correct
5036,cifar10_test_05036,airplane,airplane,0.9999994039535522,True,True,correct
5037,cifar10_test_05037,airplane,airplane,0.9999998807907104,True,True,correct
5038,cifar10_test_05038,deer,deer,1.0,True,True,correct
5039,cifar10_test_05039,frog,frog,1.0,True,True,correct
5040,cifar10_test_05040,cat,cat,0.9999996423721313,True,True,correct
5041,cifar10_test_05041,truck,truck,0.9999995231628418,True,True,correct
5042,cifar10_test_05042,bird,bird,0.9999998807907104,True,True,correct
5043,cifar10_test_05043,airplane,airplane,0.9999994039535522,True,True,correct
5044,cifar10_test_05044,dog,dog,1.0,True,True,correct
5045,cifar10_test_05045,horse,horse,1.0,True,True,correct
5046,cifar10_test_05046,dog,dog,0.9998019337654114,True,True,correct
5047,cifar10_test_05047,dog,dog,0.9999998807907104,True,True,correct
5048,cifar10_test_05048,automobile,automobile,0.9999998807907104,True,True,correct
5049,cifar10_test_05049,horse,horse,1.0,True,True,correct
5050,cifar10_test_05050,cat,cat,0.9999995231628418,True,True,correct
5051,cifar10_test_05051,automobile,automobile,0.9999998807907104,True,True,correct
5052,cifar10_test_05052,frog,frog,1.0,True,True,correct
5053,cifar10_test_05053,horse,horse,0.9999796152114868,True,True,correct
5054,cifar10_test_05054,truck,truck,1.0,True,True,correct
5055,cifar10_test_05055,airplane,airplane,0.9999984502792358,True,True,correct
5056,cifar10_test_05056,automobile,automobile,1.0,True,True,correct
5057,cifar10_test_05057,bird,bird,0.9999998807907104,True,True,correct
5058,cifar10_test_05058,automobile,automobile,1.0,True,True,correct
5059,cifar10_test_05059,deer,deer,0.9999996423721313,True,True,correct
5060,cifar10_test_05060,frog,frog,1.0,True,True,correct
5061,cifar10_test_05061,automobile,automobile,1.0,True,True,correct
5062,cifar10_test_05062,dog,dog,0.9999998807907104,True,True,correct
5063,cifar10_test_05063,truck,truck,1.0,True,True,correct
5064,cifar10_test_05064,dog,dog,0.9999997615814209,True,True,correct
5065,cifar10_test_05065,airplane,airplane,0.9999986886978149,True,True,correct
5066,cifar10_test_05066,deer,deer,0.9999996423721313,True,True,correct
5067,cifar10_test_05067,truck,truck,1.0,True,True,correct
5068,cifar10_test_05068,deer,deer,0.9999997615814209,True,True,correct
5069,cifar10_test_05069,truck,truck,0.9999998807907104,True,True,correct
5070,cifar10_test_05070,horse,horse,0.9999995231628418,True,True,correct
5071,cifar10_test_05071,automobile,automobile,0.9999939203262329,True,True,correct
5072,cifar10_test_05072,frog,frog,1.0,True,True,correct
5073,cifar10_test_05073,ship,ship,0.9999996423721313,True,True,correct
5074,cifar10_test_05074,airplane,airplane,0.9999980926513672,True,True,correct
5075,cifar10_test_05075,frog,frog,1.0,True,True,correct
5076,cifar10_test_05076,dog,dog,0.9999998807907104,True,True,correct
5077,cifar10_test_05077,airplane,airplane,0.9999896287918091,True,True,correct
5078,cifar10_test_05078,ship,ship,0.9999998807907104,True,True,correct
5079,cifar10_test_05079,automobile,automobile,1.0,True,True,correct
5080,cifar10_test_05080,horse,horse,0.9999995231628418,True,True,correct
5081,cifar10_test_05081,dog,dog,0.9999998807907104,True,True,correct
5082,cifar10_test_05082,frog,frog,1.0,True,True,correct
5083,cifar10_test_05083,truck,truck,0.9999998807907104,True,True,correct
5084,cifar10_test_05084,cat,cat,0.9999969005584717,True,True,correct
5085,cifar10_test_05085,bird,bird,1.0,True,True,correct
5086,cifar10_test_05086,cat,cat,0.9999997615814209,True,True,correct
5087,cifar10_test_05087,truck,truck,0.9999998807907104,True,True,correct
5088,cifar10_test_05088,ship,ship,0.9999998807907104,True,True,correct
5089,cifar10_test_05089,frog,frog,0.9999997615814209,True,True,correct
5090,cifar10_test_05090,automobile,automobile,0.9999990463256836,True,True,correct
5091,cifar10_test_05091,airplane,airplane,0.9999998807907104,True,True,correct
5092,cifar10_test_05092,truck,truck,1.0,True,True,correct
5093,cifar10_test_05093,airplane,airplane,0.9999992847442627,True,True,correct
5094,cifar10_test_05094,truck,truck,0.9999998807907104,True,True,correct
5095,cifar10_test_05095,ship,ship,0.9999998807907104,True,True,correct
5096,cifar10_test_05096,horse,horse,0.9999997615814209,True,True,correct
5097,cifar10_test_05097,horse,horse,0.9999998807907104,True,True,correct
5098,cifar10_test_05098,dog,dog,0.9999985694885254,True,True,correct
5099,cifar10_test_05099,bird,bird,0.9999998807907104,True,True,correct
5100,cifar10_test_05100,cat,cat,0.9999998807907104,True,True,correct
5101,cifar10_test_05101,dog,dog,0.9999997615814209,True,True,correct
5102,cifar10_test_05102,dog,dog,0.9999901056289673,True,True,correct
5103,cifar10_test_05103,horse,horse,0.9999997615814209,True,True,correct
5104,cifar10_test_05104,ship,ship,0.9999996423721313,True,True,correct
5105,cifar10_test_05105,horse,horse,1.0,True,True,correct
5106,cifar10_test_05106,frog,frog,1.0,True,True,correct
5107,cifar10_test_05107,truck,truck,1.0,True,True,correct
5108,cifar10_test_05108,automobile,automobile,0.9999998807907104,True,True,correct
5109,cifar10_test_05109,truck,truck,1.0,True,True,correct
5110,cifar10_test_05110,ship,ship,0.9999984502792358,True,True,correct
5111,cifar10_test_05111,frog,frog,1.0,True,True,correct
5112,cifar10_test_05112,dog,dog,0.9999988079071045,True,True,correct
5113,cifar10_test_05113,frog,frog,0.9999998807907104,True,True,correct
5114,cifar10_test_05114,horse,horse,1.0,True,True,correct
5115,cifar10_test_05115,dog,dog,0.9999986886978149,True,True,correct
5116,cifar10_test_05116,frog,frog,1.0,True,True,correct
5117,cifar10_test_05117,horse,horse,0.9999996423721313,True,True,correct
5118,cifar10_test_05118,bird,bird,0.9999998807907104,True,True,correct
5119,cifar10_test_05119,dog,dog,0.9999953508377075,True,True,correct
5120,cifar10_test_05120,truck,truck,1.0,True,True,correct
5121,cifar10_test_05121,frog,frog,1.0,True,True,correct
5122,cifar10_test_05122,frog,frog,0.9999998807907104,True,True,correct
5123,cifar10_test_05123,horse,horse,0.9999997615814209,True,True,correct
5124,cifar10_test_05124,airplane,airplane,0.9999997615814209,True,True,correct
5125,cifar10_test_05125,automobile,automobile,1.0,True,True,correct
5126,cifar10_test_05126,airplane,airplane,0.9999994039535522,True,True,correct
5127,cifar10_test_05127,automobile,automobile,1.0,True,True,correct
5128,cifar10_test_05128,cat,cat,0.9999996423721313,True,True,correct
5129,cifar10_test_05129,bird,bird,0.9999995231628418,True,True,correct
5130,cifar10_test_05130,dog,dog,0.9999997615814209,True,True,correct
5131,cifar10_test_05131,frog,frog,1.0,True,True,correct
5132,cifar10_test_05132,automobile,automobile,1.0,True,True,correct
5133,cifar10_test_05133,bird,bird,1.0,True,True,correct
5134,cifar10_test_05134,dog,dog,1.0,True,True,correct
5135,cifar10_test_05135,automobile,automobile,1.0,True,True,correct
5136,cifar10_test_05136,truck,truck,1.0,True,True,correct
5137,cifar10_test_05137,truck,truck,1.0,True,True,correct
5138,cifar10_test_05138,ship,ship,0.9999996423721313,True,True,correct
5139,cifar10_test_05139,frog,frog,1.0,True,True,correct
5140,cifar10_test_05140,ship,ship,0.9999998807907104,True,True,correct
5141,cifar10_test_05141,frog,cat,0.9999942779541016,False,True,false_negative_for_frog;false_positive_for_cat
5142,cifar10_test_05142,ship,ship,0.9999998807907104,True,True,correct
5143,cifar10_test_05143,truck,truck,1.0,True,True,correct
5144,cifar10_test_05144,airplane,airplane,0.9999996423721313,True,True,correct
5145,cifar10_test_05145,deer,deer,0.9999996423721313,True,True,correct
5146,cifar10_test_05146,airplane,airplane,0.9999988079071045,True,True,correct
5147,cifar10_test_05147,cat,cat,0.9999992847442627,True,True,correct
5148,cifar10_test_05148,cat,cat,0.9999988079071045,True,True,correct
5149,cifar10_test_05149,frog,frog,1.0,True,True,correct
5150,cifar10_test_05150,deer,deer,0.9999998807907104,True,True,correct
5151,cifar10_test_05151,truck,truck,0.9999998807907104,True,True,correct
5152,cifar10_test_05152,truck,truck,1.0,True,True,correct
5153,cifar10_test_05153,horse,horse,1.0,True,True,correct
5154,cifar10_test_05154,bird,bird,0.9999998807907104,True,True,correct
5155,cifar10_test_05155,cat,cat,0.9999649524688721,True,True,correct
5156,cifar10_test_05156,dog,dog,0.9999997615814209,True,True,correct
5157,cifar10_test_05157,frog,frog,1.0,True,True,correct
5158,cifar10_test_05158,deer,deer,0.9999731779098511,True,True,correct
5159,cifar10_test_05159,frog,frog,0.9999990463256836,True,True,correct
5160,cifar10_test_05160,airplane,airplane,0.9999997615814209,True,True,correct
5161,cifar10_test_05161,cat,cat,0.9999997615814209,True,True,correct
5162,cifar10_test_05162,horse,horse,0.9999990463256836,True,True,correct
5163,cifar10_test_05163,dog,dog,0.9999995231628418,True,True,correct
5164,cifar10_test_05164,airplane,airplane,0.9999991655349731,True,True,correct
5165,cifar10_test_05165,bird,bird,0.9999973773956299,True,True,correct
5166,cifar10_test_05166,truck,ship,0.9959110021591187,False,True,false_negative_for_truck;false_positive_for_ship
5167,cifar10_test_05167,bird,bird,0.9999998807907104,True,True,correct
5168,cifar10_test_05168,horse,horse,0.9999998807907104,True,True,correct
5169,cifar10_test_05169,bird,bird,1.0,True,True,correct
5170,cifar10_test_05170,truck,truck,1.0,True,True,correct
5171,cifar10_test_05171,bird,bird,1.0,True,True,correct
5172,cifar10_test_05172,deer,deer,0.9999994039535522,True,True,correct
5173,cifar10_test_05173,airplane,airplane,0.9999996423721313,True,True,correct
5174,cifar10_test_05174,frog,frog,1.0,True,True,correct
5175,cifar10_test_05175,frog,frog,1.0,True,True,correct
5176,cifar10_test_05176,cat,cat,0.9999985694885254,True,True,correct
5177,cifar10_test_05177,deer,deer,0.9999998807907104,True,True,correct
5178,cifar10_test_05178,dog,dog,0.9999998807907104,True,True,correct
5179,cifar10_test_05179,dog,dog,0.9999996423721313,True,True,correct
5180,cifar10_test_05180,truck,truck,0.9999983310699463,True,True,correct
5181,cifar10_test_05181,automobile,automobile,1.0,True,True,correct
5182,cifar10_test_05182,automobile,automobile,1.0,True,True,correct
5183,cifar10_test_05183,deer,deer,0.9999997615814209,True,True,correct
5184,cifar10_test_05184,deer,deer,0.9999994039535522,True,True,correct
5185,cifar10_test_05185,cat,cat,0.9999809265136719,True,True,correct
5186,cifar10_test_05186,dog,dog,0.9999997615814209,True,True,correct
5187,cifar10_test_05187,deer,deer,0.9999997615814209,True,True,correct
5188,cifar10_test_05188,ship,ship,1.0,True,True,correct
5189,cifar10_test_05189,airplane,airplane,0.9999994039535522,True,True,correct
5190,cifar10_test_05190,airplane,airplane,0.9999995231628418,True,True,correct
5191,cifar10_test_05191,cat,cat,0.9995150566101074,True,True,correct
5192,cifar10_test_05192,truck,truck,0.9999996423721313,True,True,correct
5193,cifar10_test_05193,deer,deer,0.9999973773956299,True,True,correct
5194,cifar10_test_05194,horse,horse,0.9999996423721313,True,True,correct
5195,cifar10_test_05195,deer,deer,0.9999992847442627,True,True,correct
5196,cifar10_test_05196,bird,bird,1.0,True,True,correct
5197,cifar10_test_05197,ship,ship,0.9999997615814209,True,True,correct
5198,cifar10_test_05198,cat,cat,0.9999997615814209,True,True,correct
5199,cifar10_test_05199,frog,frog,1.0,True,True,correct
5200,cifar10_test_05200,cat,dog,0.9935858845710754,False,True,false_negative_for_cat;false_positive_for_dog
5201,cifar10_test_05201,automobile,automobile,1.0,True,True,correct
5202,cifar10_test_05202,truck,truck,1.0,True,True,correct
5203,cifar10_test_05203,frog,frog,0.9998327493667603,True,True,correct
5204,cifar10_test_05204,cat,cat,0.9999998807907104,True,True,correct
5205,cifar10_test_05205,ship,ship,0.9990990161895752,True,True,correct
5206,cifar10_test_05206,cat,cat,0.9999947547912598,True,True,correct
5207,cifar10_test_05207,ship,ship,0.9999973773956299,True,True,correct
5208,cifar10_test_05208,deer,deer,0.9999998807907104,True,True,correct
5209,cifar10_test_05209,horse,horse,1.0,True,True,correct
5210,cifar10_test_05210,dog,dog,0.9999998807907104,True,True,correct
5211,cifar10_test_05211,horse,deer,0.9898786544799805,False,True,false_negative_for_horse;false_positive_for_deer
5212,cifar10_test_05212,dog,dog,0.9999998807907104,True,True,correct
5213,cifar10_test_05213,cat,cat,0.9999963045120239,True,True,correct
5214,cifar10_test_05214,automobile,automobile,1.0,True,True,correct
5215,cifar10_test_05215,bird,bird,0.9999997615814209,True,True,correct
5216,cifar10_test_05216,frog,frog,1.0,True,True,correct
5217,cifar10_test_05217,automobile,automobile,1.0,True,True,correct
5218,cifar10_test_05218,cat,cat,0.999997615814209,True,True,correct
5219,cifar10_test_05219,bird,bird,1.0,True,True,correct
5220,cifar10_test_05220,airplane,airplane,0.9999997615814209,True,True,correct
5221,cifar10_test_05221,horse,horse,0.9999998807907104,True,True,correct
5222,cifar10_test_05222,dog,dog,1.0,True,True,correct
5223,cifar10_test_05223,airplane,airplane,0.9999996423721313,True,True,correct
5224,cifar10_test_05224,airplane,airplane,0.9999983310699463,True,True,correct
5225,cifar10_test_05225,airplane,airplane,0.9999992847442627,True,True,correct
5226,cifar10_test_05226,automobile,automobile,1.0,True,True,correct
5227,cifar10_test_05227,deer,deer,0.9999738931655884,True,True,correct
5228,cifar10_test_05228,cat,cat,0.9999980926513672,True,True,correct
5229,cifar10_test_05229,dog,dog,0.9997381567955017,True,True,correct
5230,cifar10_test_05230,ship,ship,0.9999997615814209,True,True,correct
5231,cifar10_test_05231,deer,deer,0.9999997615814209,True,True,correct
5232,cifar10_test_05232,cat,cat,0.9999816417694092,True,True,correct
5233,cifar10_test_05233,automobile,automobile,0.9999960660934448,True,True,correct
5234,cifar10_test_05234,horse,horse,1.0,True,True,correct
5235,cifar10_test_05235,automobile,automobile,1.0,True,True,correct
5236,cifar10_test_05236,airplane,airplane,0.9999998807907104,True,True,correct
5237,cifar10_test_05237,deer,deer,0.9999997615814209,True,True,correct
5238,cifar10_test_05238,bird,bird,0.9999997615814209,True,True,correct
5239,cifar10_test_05239,deer,deer,0.9999982118606567,True,True,correct
5240,cifar10_test_05240,automobile,automobile,0.9999994039535522,True,True,correct
5241,cifar10_test_05241,deer,deer,0.9999997615814209,True,True,correct
5242,cifar10_test_05242,airplane,airplane,0.9999994039535522,True,True,correct
5243,cifar10_test_05243,automobile,automobile,1.0,True,True,correct
5244,cifar10_test_05244,bird,bird,1.0,True,True,correct
5245,cifar10_test_05245,automobile,automobile,1.0,True,True,correct
5246,cifar10_test_05246,horse,horse,0.9999998807907104,True,True,correct
5247,cifar10_test_05247,horse,horse,0.9999998807907104,True,True,correct
5248,cifar10_test_05248,truck,truck,1.0,True,True,correct
5249,cifar10_test_05249,ship,ship,0.9999998807907104,True,True,correct
5250,cifar10_test_05250,horse,horse,0.9999998807907104,True,True,correct
5251,cifar10_test_05251,dog,dog,0.9999992847442627,True,True,correct
5252,cifar10_test_05252,deer,deer,0.9999996423721313,True,True,correct
5253,cifar10_test_05253,airplane,airplane,0.9999990463256836,True,True,correct
5254,cifar10_test_05254,truck,truck,0.9999997615814209,True,True,correct
5255,cifar10_test_05255,airplane,airplane,1.0,True,True,correct
5256,cifar10_test_05256,airplane,airplane,0.9999992847442627,True,True,correct
5257,cifar10_test_05257,ship,ship,0.9999996423721313,True,True,correct
5258,cifar10_test_05258,bird,bird,0.9999998807907104,True,True,correct
5259,cifar10_test_05259,airplane,airplane,0.9999992847442627,True,True,correct
5260,cifar10_test_05260,airplane,airplane,0.9999990463256836,True,True,correct
5261,cifar10_test_05261,bird,bird,0.9999998807907104,True,True,correct
5262,cifar10_test_05262,deer,deer,1.0,True,True,correct
5263,cifar10_test_05263,ship,ship,0.9999997615814209,True,True,correct
5264,cifar10_test_05264,frog,frog,1.0,True,True,correct
5265,cifar10_test_05265,bird,bird,1.0,True,True,correct
5266,cifar10_test_05266,deer,deer,0.9999175071716309,True,True,correct
5267,cifar10_test_05267,frog,frog,1.0,True,True,correct
5268,cifar10_test_05268,cat,cat,0.9999996423721313,True,True,correct
5269,cifar10_test_05269,dog,dog,0.9999997615814209,True,True,correct
5270,cifar10_test_05270,automobile,automobile,1.0,True,True,correct
5271,cifar10_test_05271,dog,dog,0.9999837875366211,True,True,correct
5272,cifar10_test_05272,cat,cat,0.9999995231628418,True,True,correct
5273,cifar10_test_05273,horse,horse,0.9999997615814209,True,True,correct
5274,cifar10_test_05274,bird,bird,1.0,True,True,correct
5275,cifar10_test_05275,bird,bird,1.0,True,True,correct
5276,cifar10_test_05276,truck,truck,1.0,True,True,correct
5277,cifar10_test_05277,ship,ship,0.9999997615814209,True,True,correct
5278,cifar10_test_05278,airplane,airplane,0.9999994039535522,True,True,correct
5279,cifar10_test_05279,airplane,airplane,0.9999994039535522,True,True,correct
5280,cifar10_test_05280,airplane,airplane,0.9999985694885254,True,True,correct
5281,cifar10_test_05281,cat,cat,0.9999929666519165,True,True,correct
5282,cifar10_test_05282,deer,deer,1.0,True,True,correct
5283,cifar10_test_05283,deer,deer,0.9999997615814209,True,True,correct
5284,cifar10_test_05284,frog,frog,1.0,True,True,correct
5285,cifar10_test_05285,automobile,automobile,1.0,True,True,correct
5286,cifar10_test_05286,frog,frog,0.9999998807907104,True,True,correct
5287,cifar10_test_05287,horse,horse,0.9999998807907104,True,True,correct
5288,cifar10_test_05288,deer,deer,0.9999998807907104,True,True,correct
5289,cifar10_test_05289,deer,deer,0.9999995231628418,True,True,correct
5290,cifar10_test_05290,cat,dog,0.9999871253967285,False,True,false_negative_for_cat;false_positive_for_dog
5291,cifar10_test_05291,truck,truck,1.0,True,True,correct
5292,cifar10_test_05292,deer,deer,0.9999998807907104,True,True,correct
5293,cifar10_test_05293,airplane,airplane,0.9999985694885254,True,True,correct
5294,cifar10_test_05294,ship,ship,0.9999996423721313,True,True,correct
5295,cifar10_test_05295,airplane,airplane,0.9999992847442627,True,True,correct
5296,cifar10_test_05296,deer,deer,0.9999998807907104,True,True,correct
5297,cifar10_test_05297,frog,frog,1.0,True,True,correct
5298,cifar10_test_05298,dog,dog,0.9999998807907104,True,True,correct
5299,cifar10_test_05299,horse,horse,0.9999998807907104,True,True,correct
5300,cifar10_test_05300,truck,truck,0.9999998807907104,True,True,correct
5301,cifar10_test_05301,horse,horse,1.0,True,True,correct
5302,cifar10_test_05302,airplane,airplane,0.9999992847442627,True,True,correct
5303,cifar10_test_05303,dog,dog,0.9999998807907104,True,True,correct
5304,cifar10_test_05304,horse,horse,1.0,True,True,correct
5305,cifar10_test_05305,horse,horse,0.9999998807907104,True,True,correct
5306,cifar10_test_05306,cat,cat,0.9999997615814209,True,True,correct
5307,cifar10_test_05307,automobile,automobile,0.9999998807907104,True,True,correct
5308,cifar10_test_05308,truck,truck,1.0,True,True,correct
5309,cifar10_test_05309,cat,cat,0.9999990463256836,True,True,correct
5310,cifar10_test_05310,airplane,airplane,0.9999998807907104,True,True,correct
5311,cifar10_test_05311,truck,truck,0.9999995231628418,True,True,correct
5312,cifar10_test_05312,dog,dog,0.9999998807907104,True,True,correct
5313,cifar10_test_05313,cat,cat,0.9999998807907104,True,True,correct
5314,cifar10_test_05314,horse,horse,1.0,True,True,correct
5315,cifar10_test_05315,truck,truck,1.0,True,True,correct
5316,cifar10_test_05316,deer,deer,1.0,True,True,correct
5317,cifar10_test_05317,deer,deer,0.9999997615814209,True,True,correct
5318,cifar10_test_05318,automobile,automobile,1.0,True,True,correct
5319,cifar10_test_05319,horse,horse,0.9999998807907104,True,True,correct
5320,cifar10_test_05320,horse,horse,0.9999998807907104,True,True,correct
5321,cifar10_test_05321,automobile,automobile,0.9999998807907104,True,True,correct
5322,cifar10_test_05322,deer,deer,0.9999997615814209,True,True,correct
5323,cifar10_test_05323,automobile,automobile,1.0,True,True,correct
5324,cifar10_test_05324,bird,bird,0.9918558597564697,True,True,correct
5325,cifar10_test_05325,ship,ship,0.9999996423721313,True,True,correct
5326,cifar10_test_05326,horse,horse,1.0,True,True,correct
5327,cifar10_test_05327,airplane,airplane,0.9999977350234985,True,True,correct
5328,cifar10_test_05328,airplane,airplane,0.9999992847442627,True,True,correct
5329,cifar10_test_05329,deer,deer,1.0,True,True,correct
5330,cifar10_test_05330,horse,horse,0.9999997615814209,True,True,correct
5331,cifar10_test_05331,bird,bird,1.0,True,True,correct
5332,cifar10_test_05332,truck,truck,1.0,True,True,correct
5333,cifar10_test_05333,horse,horse,0.9999997615814209,True,True,correct
5334,cifar10_test_05334,frog,frog,1.0,True,True,correct
5335,cifar10_test_05335,truck,truck,0.9999995231628418,True,True,correct
5336,cifar10_test_05336,cat,cat,0.9999998807907104,True,True,correct
5337,cifar10_test_05337,dog,dog,0.9999998807907104,True,True,correct
5338,cifar10_test_05338,ship,ship,0.9999982118606567,True,True,correct
5339,cifar10_test_05339,airplane,airplane,0.9999997615814209,True,True,correct
5340,cifar10_test_05340,cat,cat,0.9999979734420776,True,True,correct
5341,cifar10_test_05341,frog,frog,1.0,True,True,correct
5342,cifar10_test_05342,ship,ship,0.999998927116394,True,True,correct
5343,cifar10_test_05343,cat,cat,0.9999994039535522,True,True,correct
5344,cifar10_test_05344,bird,bird,0.9999998807907104,True,True,correct
5345,cifar10_test_05345,deer,deer,0.9999997615814209,True,True,correct
5346,cifar10_test_05346,horse,horse,1.0,True,True,correct
5347,cifar10_test_05347,automobile,automobile,1.0,True,True,correct
5348,cifar10_test_05348,automobile,automobile,0.9999998807907104,True,True,correct
5349,cifar10_test_05349,cat,cat,0.9999991655349731,True,True,correct
5350,cifar10_test_05350,truck,truck,0.9999998807907104,True,True,correct
5351,cifar10_test_05351,horse,horse,0.9999998807907104,True,True,correct
5352,cifar10_test_05352,dog,dog,0.9999996423721313,True,True,correct
5353,cifar10_test_05353,automobile,automobile,1.0,True,True,correct
5354,cifar10_test_05354,airplane,airplane,0.9999994039535522,True,True,correct
5355,cifar10_test_05355,ship,ship,0.9999990463256836,True,True,correct
5356,cifar10_test_05356,horse,horse,0.9999998807907104,True,True,correct
5357,cifar10_test_05357,airplane,airplane,0.9999996423721313,True,True,correct
5358,cifar10_test_05358,automobile,automobile,1.0,True,True,correct
5359,cifar10_test_05359,frog,frog,1.0,True,True,correct
5360,cifar10_test_05360,truck,truck,1.0,True,True,correct
5361,cifar10_test_05361,cat,cat,0.9999986886978149,True,True,correct
5362,cifar10_test_05362,bird,bird,1.0,True,True,correct
5363,cifar10_test_05363,horse,horse,1.0,True,True,correct
5364,cifar10_test_05364,horse,horse,0.9999998807907104,True,True,correct
5365,cifar10_test_05365,ship,ship,0.9999995231628418,True,True,correct
5366,cifar10_test_05366,automobile,automobile,0.9999990463256836,True,True,correct
5367,cifar10_test_05367,airplane,airplane,0.9999998807907104,True,True,correct
5368,cifar10_test_05368,cat,cat,0.9999998807907104,True,True,correct
5369,cifar10_test_05369,deer,deer,0.9979737401008606,True,True,correct
5370,cifar10_test_05370,frog,frog,0.9999997615814209,True,True,correct
5371,cifar10_test_05371,horse,horse,0.9999995231628418,True,True,correct
5372,cifar10_test_05372,dog,dog,0.9999998807907104,True,True,correct
5373,cifar10_test_05373,bird,bird,0.9999997615814209,True,True,correct
5374,cifar10_test_05374,airplane,airplane,0.9999996423721313,True,True,correct
5375,cifar10_test_05375,automobile,automobile,1.0,True,True,correct
5376,cifar10_test_05376,dog,dog,0.9999998807907104,True,True,correct
5377,cifar10_test_05377,dog,dog,0.9999996423721313,True,True,correct
5378,cifar10_test_05378,automobile,automobile,1.0,True,True,correct
5379,cifar10_test_05379,deer,deer,0.9999998807907104,True,True,correct
5380,cifar10_test_05380,automobile,automobile,0.9999998807907104,True,True,correct
5381,cifar10_test_05381,cat,cat,0.9999996423721313,True,True,correct
5382,cifar10_test_05382,airplane,airplane,0.9999996423721313,True,True,correct
5383,cifar10_test_05383,ship,ship,0.9999998807907104,True,True,correct
5384,cifar10_test_05384,frog,frog,1.0,True,True,correct
5385,cifar10_test_05385,bird,bird,0.9999994039535522,True,True,correct
5386,cifar10_test_05386,automobile,automobile,1.0,True,True,correct
5387,cifar10_test_05387,cat,cat,0.9999892711639404,True,True,correct
5388,cifar10_test_05388,frog,frog,0.9999998807907104,True,True,correct
5389,cifar10_test_05389,deer,deer,0.9999996423721313,True,True,correct
5390,cifar10_test_05390,automobile,automobile,1.0,True,True,correct
5391,cifar10_test_05391,truck,truck,1.0,True,True,correct
5392,cifar10_test_05392,airplane,airplane,0.9999992847442627,True,True,correct
5393,cifar10_test_05393,deer,deer,0.9999996423721313,True,True,correct
5394,cifar10_test_05394,automobile,automobile,1.0,True,True,correct
5395,cifar10_test_05395,airplane,airplane,0.9999994039535522,True,True,correct
5396,cifar10_test_05396,automobile,automobile,1.0,True,True,correct
5397,cifar10_test_05397,truck,truck,1.0,True,True,correct
5398,cifar10_test_05398,ship,ship,0.9999953508377075,True,True,correct
5399,cifar10_test_05399,frog,frog,1.0,True,True,correct
5400,cifar10_test_05400,truck,truck,1.0,True,True,correct
5401,cifar10_test_05401,bird,bird,1.0,True,True,correct
5402,cifar10_test_05402,deer,deer,0.9999998807907104,True,True,correct
5403,cifar10_test_05403,horse,horse,1.0,True,True,correct
5404,cifar10_test_05404,bird,bird,0.9999998807907104,True,True,correct
5405,cifar10_test_05405,bird,bird,0.9999998807907104,True,True,correct
5406,cifar10_test_05406,horse,horse,0.9999998807907104,True,True,correct
5407,cifar10_test_05407,deer,deer,0.9999997615814209,True,True,correct
5408,cifar10_test_05408,truck,truck,1.0,True,True,correct
5409,cifar10_test_05409,automobile,automobile,1.0,True,True,correct
5410,cifar10_test_05410,cat,dog,0.8446547985076904,False,True,false_negative_for_cat;false_positive_for_dog
5411,cifar10_test_05411,bird,bird,1.0,True,True,correct
5412,cifar10_test_05412,frog,frog,1.0,True,True,correct
5413,cifar10_test_05413,cat,cat,0.9998624324798584,True,True,correct
5414,cifar10_test_05414,deer,deer,0.9999992847442627,True,True,correct
5415,cifar10_test_05415,deer,deer,0.9999994039535522,True,True,correct
5416,cifar10_test_05416,truck,automobile,0.9966609477996826,False,True,false_negative_for_truck;false_positive_for_automobile
5417,cifar10_test_05417,deer,deer,1.0,True,True,correct
5418,cifar10_test_05418,ship,ship,1.0,True,True,correct
5419,cifar10_test_05419,bird,bird,1.0,True,True,correct
5420,cifar10_test_05420,frog,frog,1.0,True,True,correct
5421,cifar10_test_05421,frog,frog,1.0,True,True,correct
5422,cifar10_test_05422,automobile,automobile,1.0,True,True,correct
5423,cifar10_test_05423,frog,frog,1.0,True,True,correct
5424,cifar10_test_05424,cat,cat,0.9999990463256836,True,True,correct
5425,cifar10_test_05425,frog,frog,1.0,True,True,correct
5426,cifar10_test_05426,dog,cat,0.9999983310699463,False,True,false_negative_for_dog;false_positive_for_cat
5427,cifar10_test_05427,ship,ship,0.9999998807907104,True,True,correct
5428,cifar10_test_05428,deer,deer,0.9999996423721313,True,True,correct
5429,cifar10_test_05429,frog,frog,1.0,True,True,correct
5430,cifar10_test_05430,horse,deer,0.9999943971633911,False,True,false_negative_for_horse;false_positive_for_deer
5431,cifar10_test_05431,automobile,automobile,0.9999998807907104,True,True,correct
5432,cifar10_test_05432,truck,truck,1.0,True,True,correct
5433,cifar10_test_05433,cat,cat,0.999997615814209,True,True,correct
5434,cifar10_test_05434,frog,frog,1.0,True,True,correct
5435,cifar10_test_05435,horse,horse,1.0,True,True,correct
5436,cifar10_test_05436,frog,frog,0.9999998807907104,True,True,correct
5437,cifar10_test_05437,airplane,airplane,0.9999995231628418,True,True,correct
5438,cifar10_test_05438,horse,horse,0.9999998807907104,True,True,correct
5439,cifar10_test_05439,automobile,automobile,1.0,True,True,correct
5440,cifar10_test_05440,truck,truck,1.0,True,True,correct
5441,cifar10_test_05441,dog,dog,0.9999997615814209,True,True,correct
5442,cifar10_test_05442,bird,bird,1.0,True,True,correct
5443,cifar10_test_05443,frog,frog,0.9999997615814209,True,True,correct
5444,cifar10_test_05444,horse,horse,0.9999998807907104,True,True,correct
5445,cifar10_test_05445,horse,horse,0.9999997615814209,True,True,correct
5446,cifar10_test_05446,frog,frog,1.0,True,True,correct
5447,cifar10_test_05447,dog,dog,0.9999998807907104,True,True,correct
5448,cifar10_test_05448,truck,truck,1.0,True,True,correct
5449,cifar10_test_05449,automobile,automobile,1.0,True,True,correct
5450,cifar10_test_05450,dog,dog,0.9999734163284302,True,True,correct
5451,cifar10_test_05451,frog,frog,1.0,True,True,correct
5452,cifar10_test_05452,airplane,airplane,0.9999994039535522,True,True,correct
5453,cifar10_test_05453,bird,bird,1.0,True,True,correct
5454,cifar10_test_05454,airplane,airplane,0.999998927116394,True,True,correct
5455,cifar10_test_05455,truck,truck,0.9999231100082397,True,True,correct
5456,cifar10_test_05456,automobile,automobile,0.9999983310699463,True,True,correct
5457,cifar10_test_05457,ship,ship,0.9999998807907104,True,True,correct
5458,cifar10_test_05458,cat,cat,0.9999901056289673,True,True,correct
5459,cifar10_test_05459,dog,dog,1.0,True,True,correct
5460,cifar10_test_05460,airplane,airplane,0.9999998807907104,True,True,correct
5461,cifar10_test_05461,airplane,airplane,0.9999996423721313,True,True,correct
5462,cifar10_test_05462,airplane,airplane,0.9999998807907104,True,True,correct
5463,cifar10_test_05463,dog,dog,0.9999997615814209,True,True,correct
5464,cifar10_test_05464,horse,horse,0.9999996423721313,True,True,correct
5465,cifar10_test_05465,horse,horse,0.9999998807907104,True,True,correct
5466,cifar10_test_05466,ship,ship,1.0,True,True,correct
5467,cifar10_test_05467,dog,dog,0.9999995231628418,True,True,correct
5468,cifar10_test_05468,dog,dog,0.9776908755302429,True,True,correct
5469,cifar10_test_05469,dog,dog,0.9999997615814209,True,True,correct
5470,cifar10_test_05470,automobile,automobile,1.0,True,True,correct
5471,cifar10_test_05471,frog,frog,1.0,True,True,correct
5472,cifar10_test_05472,automobile,automobile,0.9999998807907104,True,True,correct
5473,cifar10_test_05473,dog,dog,0.9999998807907104,True,True,correct
5474,cifar10_test_05474,automobile,automobile,1.0,True,True,correct
5475,cifar10_test_05475,airplane,airplane,0.9999995231628418,True,True,correct
5476,cifar10_test_05476,frog,frog,1.0,True,True,correct
5477,cifar10_test_05477,bird,bird,1.0,True,True,correct
5478,cifar10_test_05478,cat,cat,0.9999998807907104,True,True,correct
5479,cifar10_test_05479,bird,bird,0.9999994039535522,True,True,correct
5480,cifar10_test_05480,automobile,automobile,1.0,True,True,correct
5481,cifar10_test_05481,horse,horse,0.9999998807907104,True,True,correct
5482,cifar10_test_05482,dog,dog,0.9999998807907104,True,True,correct
5483,cifar10_test_05483,automobile,automobile,0.9999998807907104,True,True,correct
5484,cifar10_test_05484,truck,truck,1.0,True,True,correct
5485,cifar10_test_05485,ship,ship,0.9999996423721313,True,True,correct
5486,cifar10_test_05486,cat,cat,0.9999997615814209,True,True,correct
5487,cifar10_test_05487,frog,frog,0.9999986886978149,True,True,correct
5488,cifar10_test_05488,truck,truck,0.9999998807907104,True,True,correct
5489,cifar10_test_05489,horse,horse,0.9999998807907104,True,True,correct
5490,cifar10_test_05490,cat,cat,0.9999996423721313,True,True,correct
5491,cifar10_test_05491,airplane,airplane,0.9999995231628418,True,True,correct
5492,cifar10_test_05492,bird,bird,1.0,True,True,correct
5493,cifar10_test_05493,cat,cat,0.9999973773956299,True,True,correct
5494,cifar10_test_05494,truck,truck,1.0,True,True,correct
5495,cifar10_test_05495,deer,deer,0.9999998807907104,True,True,correct
5496,cifar10_test_05496,deer,deer,1.0,True,True,correct
5497,cifar10_test_05497,cat,cat,0.9999996423721313,True,True,correct
5498,cifar10_test_05498,truck,truck,0.999996542930603,True,True,correct
5499,cifar10_test_05499,frog,frog,1.0,True,True,correct
5500,cifar10_test_05500,ship,ship,0.9999992847442627,True,True,correct
5501,cifar10_test_05501,frog,frog,1.0,True,True,correct
5502,cifar10_test_05502,frog,frog,1.0,True,True,correct
5503,cifar10_test_05503,ship,ship,1.0,True,True,correct
5504,cifar10_test_05504,dog,dog,0.9999992847442627,True,True,correct
5505,cifar10_test_05505,deer,deer,0.9999998807907104,True,True,correct
5506,cifar10_test_05506,cat,cat,0.9999991655349731,True,True,correct
5507,cifar10_test_05507,frog,frog,1.0,True,True,correct
5508,cifar10_test_05508,horse,horse,0.9999996423721313,True,True,correct
5509,cifar10_test_05509,horse,horse,0.9999997615814209,True,True,correct
5510,cifar10_test_05510,deer,deer,0.9999997615814209,True,True,correct
5511,cifar10_test_05511,cat,cat,0.9999972581863403,True,True,correct
5512,cifar10_test_05512,truck,truck,1.0,True,True,correct
5513,cifar10_test_05513,frog,frog,1.0,True,True,correct
5514,cifar10_test_05514,bird,bird,1.0,True,True,correct
5515,cifar10_test_05515,deer,deer,0.9999998807907104,True,True,correct
5516,cifar10_test_05516,airplane,airplane,0.9999991655349731,True,True,correct
5517,cifar10_test_05517,automobile,automobile,1.0,True,True,correct
5518,cifar10_test_05518,cat,cat,0.9999982118606567,True,True,correct
5519,cifar10_test_05519,frog,frog,1.0,True,True,correct
5520,cifar10_test_05520,deer,deer,0.9999997615814209,True,True,correct
5521,cifar10_test_05521,truck,truck,0.9999994039535522,True,True,correct
5522,cifar10_test_05522,bird,bird,1.0,True,True,correct
5523,cifar10_test_05523,frog,frog,1.0,True,True,correct
5524,cifar10_test_05524,airplane,airplane,0.9999992847442627,True,True,correct
5525,cifar10_test_05525,cat,cat,0.9999994039535522,True,True,correct
5526,cifar10_test_05526,ship,ship,1.0,True,True,correct
5527,cifar10_test_05527,horse,horse,1.0,True,True,correct
5528,cifar10_test_05528,dog,dog,1.0,True,True,correct
5529,cifar10_test_05529,cat,cat,0.9999997615814209,True,True,correct
5530,cifar10_test_05530,cat,cat,0.9999978542327881,True,True,correct
5531,cifar10_test_05531,ship,ship,0.9999995231628418,True,True,correct
5532,cifar10_test_05532,cat,cat,0.999997615814209,True,True,correct
5533,cifar10_test_05533,bird,bird,1.0,True,True,correct
5534,cifar10_test_05534,frog,frog,1.0,True,True,correct
5535,cifar10_test_05535,cat,cat,0.9999997615814209,True,True,correct
5536,cifar10_test_05536,frog,frog,1.0,True,True,correct
5537,cifar10_test_05537,bird,bird,1.0,True,True,correct
5538,cifar10_test_05538,horse,horse,0.9999998807907104,True,True,correct
5539,cifar10_test_05539,deer,deer,0.9999998807907104,True,True,correct
5540,cifar10_test_05540,dog,dog,0.9999997615814209,True,True,correct
5541,cifar10_test_05541,horse,horse,0.9999998807907104,True,True,correct
5542,cifar10_test_05542,truck,truck,1.0,True,True,correct
5543,cifar10_test_05543,airplane,airplane,0.9999995231628418,True,True,correct
5544,cifar10_test_05544,airplane,airplane,0.9999998807907104,True,True,correct
5545,cifar10_test_05545,frog,frog,1.0,True,True,correct
5546,cifar10_test_05546,horse,horse,0.9999998807907104,True,True,correct
5547,cifar10_test_05547,bird,bird,0.9999998807907104,True,True,correct
5548,cifar10_test_05548,ship,ship,0.999075174331665,True,True,correct
5549,cifar10_test_05549,dog,dog,0.9999996423721313,True,True,correct
5550,cifar10_test_05550,dog,dog,0.9999997615814209,True,True,correct
5551,cifar10_test_05551,horse,horse,0.9999998807907104,True,True,correct
5552,cifar10_test_05552,dog,dog,0.9999997615814209,True,True,correct
5553,cifar10_test_05553,dog,dog,0.9999997615814209,True,True,correct
5554,cifar10_test_05554,truck,truck,1.0,True,True,correct
5555,cifar10_test_05555,deer,deer,0.9999998807907104,True,True,correct
5556,cifar10_test_05556,frog,frog,1.0,True,True,correct
5557,cifar10_test_05557,deer,deer,0.9999998807907104,True,True,correct
5558,cifar10_test_05558,horse,horse,0.9999998807907104,True,True,correct
5559,cifar10_test_05559,cat,cat,0.9999995231628418,True,True,correct
5560,cifar10_test_05560,cat,cat,0.9999967813491821,True,True,correct
5561,cifar10_test_05561,frog,frog,1.0,True,True,correct
5562,cifar10_test_05562,deer,deer,0.9999973773956299,True,True,correct
5563,cifar10_test_05563,automobile,automobile,0.9999988079071045,True,True,correct
5564,cifar10_test_05564,frog,frog,1.0,True,True,correct
5565,cifar10_test_05565,cat,cat,0.9999982118606567,True,True,correct
5566,cifar10_test_05566,automobile,automobile,0.9999998807907104,True,True,correct
5567,cifar10_test_05567,frog,frog,0.9999998807907104,True,True,correct
5568,cifar10_test_05568,horse,horse,0.9999997615814209,True,True,correct
5569,cifar10_test_05569,airplane,airplane,0.9999998807907104,True,True,correct
5570,cifar10_test_05570,dog,dog,0.9999998807907104,True,True,correct
5571,cifar10_test_05571,airplane,airplane,0.9999994039535522,True,True,correct
5572,cifar10_test_05572,automobile,automobile,0.9999996423721313,True,True,correct
5573,cifar10_test_05573,truck,truck,1.0,True,True,correct
5574,cifar10_test_05574,horse,horse,1.0,True,True,correct
5575,cifar10_test_05575,cat,cat,0.9999969005584717,True,True,correct
5576,cifar10_test_05576,dog,dog,0.9999998807907104,True,True,correct
5577,cifar10_test_05577,bird,bird,0.9999997615814209,True,True,correct
5578,cifar10_test_05578,cat,cat,0.9999961853027344,True,True,correct
5579,cifar10_test_05579,truck,truck,1.0,True,True,correct
5580,cifar10_test_05580,dog,dog,1.0,True,True,correct
5581,cifar10_test_05581,frog,frog,1.0,True,True,correct
5582,cifar10_test_05582,deer,deer,0.9999988079071045,True,True,correct
5583,cifar10_test_05583,airplane,airplane,0.999998927116394,True,True,correct
5584,cifar10_test_05584,airplane,airplane,0.9999995231628418,True,True,correct
5585,cifar10_test_05585,airplane,airplane,1.0,True,True,correct
5586,cifar10_test_05586,ship,ship,0.9999972581863403,True,True,correct
5587,cifar10_test_05587,airplane,airplane,0.9999994039535522,True,True,correct
5588,cifar10_test_05588,cat,cat,0.9999995231628418,True,True,correct
5589,cifar10_test_05589,bird,bird,1.0,True,True,correct
5590,cifar10_test_05590,deer,deer,0.9999998807907104,True,True,correct
5591,cifar10_test_05591,dog,dog,0.9999983310699463,True,True,correct
5592,cifar10_test_05592,cat,cat,0.9999998807907104,True,True,correct
5593,cifar10_test_05593,horse,horse,0.9999998807907104,True,True,correct
5594,cifar10_test_05594,truck,truck,1.0,True,True,correct
5595,cifar10_test_05595,frog,frog,1.0,True,True,correct
5596,cifar10_test_05596,truck,truck,1.0,True,True,correct
5597,cifar10_test_05597,cat,cat,0.9999971389770508,True,True,correct
5598,cifar10_test_05598,automobile,automobile,0.9999911785125732,True,True,correct
5599,cifar10_test_05599,bird,bird,1.0,True,True,correct
5600,cifar10_test_05600,frog,frog,0.9999973773956299,True,True,correct
5601,cifar10_test_05601,horse,horse,1.0,True,True,correct
5602,cifar10_test_05602,deer,deer,0.9999997615814209,True,True,correct
5603,cifar10_test_05603,dog,dog,0.999995231628418,True,True,correct
5604,cifar10_test_05604,automobile,automobile,1.0,True,True,correct
5605,cifar10_test_05605,cat,cat,0.9999992847442627,True,True,correct
5606,cifar10_test_05606,horse,horse,1.0,True,True,correct
5607,cifar10_test_05607,frog,frog,1.0,True,True,correct
5608,cifar10_test_05608,truck,truck,1.0,True,True,correct
5609,cifar10_test_05609,dog,dog,0.7651152014732361,True,True,correct
5610,cifar10_test_05610,ship,ship,0.9999990463256836,True,True,correct
5611,cifar10_test_05611,dog,dog,0.9999990463256836,True,True,correct
5612,cifar10_test_05612,ship,ship,0.9999998807907104,True,True,correct
5613,cifar10_test_05613,dog,dog,0.9999998807907104,True,True,correct
5614,cifar10_test_05614,ship,ship,0.9999996423721313,True,True,correct
5615,cifar10_test_05615,dog,dog,0.9999998807907104,True,True,correct
5616,cifar10_test_05616,frog,frog,1.0,True,True,correct
5617,cifar10_test_05617,dog,dog,0.9999996423721313,True,True,correct
5618,cifar10_test_05618,airplane,airplane,0.9999995231628418,True,True,correct
5619,cifar10_test_05619,ship,ship,0.9999998807907104,True,True,correct
5620,cifar10_test_05620,cat,cat,0.9999984502792358,True,True,correct
5621,cifar10_test_05621,ship,ship,0.9999998807907104,True,True,correct
5622,cifar10_test_05622,automobile,automobile,1.0,True,True,correct
5623,cifar10_test_05623,ship,ship,0.9999997615814209,True,True,correct
5624,cifar10_test_05624,automobile,automobile,0.9999998807907104,True,True,correct
5625,cifar10_test_05625,dog,dog,0.9999995231628418,True,True,correct
5626,cifar10_test_05626,airplane,airplane,0.9999996423721313,True,True,correct
5627,cifar10_test_05627,truck,truck,0.9999998807907104,True,True,correct
5628,cifar10_test_05628,ship,ship,0.9999959468841553,True,True,correct
5629,cifar10_test_05629,frog,frog,1.0,True,True,correct
5630,cifar10_test_05630,cat,cat,0.9999933242797852,True,True,correct
5631,cifar10_test_05631,frog,frog,1.0,True,True,correct
5632,cifar10_test_05632,cat,dog,0.7360310554504395,False,True,false_negative_for_cat;false_positive_for_dog
5633,cifar10_test_05633,deer,deer,0.9999996423721313,True,True,correct
5634,cifar10_test_05634,deer,deer,0.999998927116394,True,True,correct
5635,cifar10_test_05635,horse,horse,1.0,True,True,correct
5636,cifar10_test_05636,deer,deer,0.9999994039535522,True,True,correct
5637,cifar10_test_05637,horse,horse,0.9999997615814209,True,True,correct
5638,cifar10_test_05638,deer,deer,0.9999998807907104,True,True,correct
5639,cifar10_test_05639,cat,cat,0.9999992847442627,True,True,correct
5640,cifar10_test_05640,bird,bird,1.0,True,True,correct
5641,cifar10_test_05641,deer,deer,1.0,True,True,correct
5642,cifar10_test_05642,dog,deer,0.9730088710784912,False,True,false_negative_for_dog;false_positive_for_deer
5643,cifar10_test_05643,dog,dog,0.9999984502792358,True,True,correct
5644,cifar10_test_05644,horse,horse,1.0,True,True,correct
5645,cifar10_test_05645,dog,dog,0.9999958276748657,True,True,correct
5646,cifar10_test_05646,deer,deer,0.9999997615814209,True,True,correct
5647,cifar10_test_05647,dog,dog,0.9999998807907104,True,True,correct
5648,cifar10_test_05648,ship,ship,0.9999998807907104,True,True,correct
5649,cifar10_test_05649,airplane,airplane,0.9999995231628418,True,True,correct
5650,cifar10_test_05650,dog,dog,0.9999998807907104,True,True,correct
5651,cifar10_test_05651,deer,deer,0.9999998807907104,True,True,correct
5652,cifar10_test_05652,airplane,airplane,0.999998927116394,True,True,correct
5653,cifar10_test_05653,dog,dog,0.9999995231628418,True,True,correct
5654,cifar10_test_05654,deer,deer,0.9999998807907104,True,True,correct
5655,cifar10_test_05655,cat,cat,0.9999994039535522,True,True,correct
5656,cifar10_test_05656,cat,cat,0.9999992847442627,True,True,correct
5657,cifar10_test_05657,bird,bird,1.0,True,True,correct
5658,cifar10_test_05658,deer,deer,0.9999964237213135,True,True,correct
5659,cifar10_test_05659,bird,bird,0.999992847442627,True,True,correct
5660,cifar10_test_05660,truck,truck,0.9999997615814209,True,True,correct
5661,cifar10_test_05661,deer,deer,1.0,True,True,correct
5662,cifar10_test_05662,ship,ship,0.9999990463256836,True,True,correct
5663,cifar10_test_05663,ship,ship,0.9999998807907104,True,True,correct
5664,cifar10_test_05664,frog,frog,1.0,True,True,correct
5665,cifar10_test_05665,bird,bird,0.9999960660934448,True,True,correct
5666,cifar10_test_05666,frog,frog,0.9999998807907104,True,True,correct
5667,cifar10_test_05667,automobile,automobile,0.9999998807907104,True,True,correct
5668,cifar10_test_05668,horse,horse,1.0,True,True,correct
5669,cifar10_test_05669,airplane,airplane,0.9999996423721313,True,True,correct
5670,cifar10_test_05670,deer,deer,1.0,True,True,correct
5671,cifar10_test_05671,cat,cat,0.9999991655349731,True,True,correct
5672,cifar10_test_05672,ship,ship,0.9999997615814209,True,True,correct
5673,cifar10_test_05673,dog,dog,0.9999998807907104,True,True,correct
5674,cifar10_test_05674,truck,truck,1.0,True,True,correct
5675,cifar10_test_05675,horse,horse,0.9999998807907104,True,True,correct
5676,cifar10_test_05676,frog,frog,1.0,True,True,correct
5677,cifar10_test_05677,horse,horse,0.9999808073043823,True,True,correct
5678,cifar10_test_05678,automobile,automobile,1.0,True,True,correct
5679,cifar10_test_05679,airplane,airplane,0.9999994039535522,True,True,correct
5680,cifar10_test_05680,bird,bird,0.9999997615814209,True,True,correct
5681,cifar10_test_05681,cat,cat,0.9999995231628418,True,True,correct
5682,cifar10_test_05682,dog,dog,0.9999992847442627,True,True,correct
5683,cifar10_test_05683,frog,frog,1.0,True,True,correct
5684,cifar10_test_05684,horse,horse,0.9999986886978149,True,True,correct
5685,cifar10_test_05685,automobile,automobile,1.0,True,True,correct
5686,cifar10_test_05686,frog,frog,1.0,True,True,correct
5687,cifar10_test_05687,bird,bird,1.0,True,True,correct
5688,cifar10_test_05688,ship,ship,0.9999998807907104,True,True,correct
5689,cifar10_test_05689,cat,cat,0.9999998807907104,True,True,correct
5690,cifar10_test_05690,horse,dog,0.9829036593437195,False,True,false_negative_for_horse;false_positive_for_dog
5691,cifar10_test_05691,bird,bird,0.9999996423721313,True,True,correct
5692,cifar10_test_05692,dog,dog,1.0,True,True,correct
5693,cifar10_test_05693,horse,horse,0.9999998807907104,True,True,correct
5694,cifar10_test_05694,dog,dog,0.9999997615814209,True,True,correct
5695,cifar10_test_05695,horse,horse,0.9999997615814209,True,True,correct
5696,cifar10_test_05696,horse,horse,1.0,True,True,correct
5697,cifar10_test_05697,automobile,automobile,1.0,True,True,correct
5698,cifar10_test_05698,horse,horse,0.9999996423721313,True,True,correct
5699,cifar10_test_05699,deer,deer,1.0,True,True,correct
5700,cifar10_test_05700,cat,cat,0.9998372793197632,True,True,correct
5701,cifar10_test_05701,cat,cat,0.9999994039535522,True,True,correct
5702,cifar10_test_05702,deer,deer,1.0,True,True,correct
5703,cifar10_test_05703,airplane,airplane,0.9999995231628418,True,True,correct
5704,cifar10_test_05704,deer,deer,0.9999997615814209,True,True,correct
5705,cifar10_test_05705,bird,bird,1.0,True,True,correct
5706,cifar10_test_05706,horse,horse,0.9999998807907104,True,True,correct
5707,cifar10_test_05707,airplane,airplane,0.9999996423721313,True,True,correct
5708,cifar10_test_05708,bird,dog,0.9988330006599426,False,True,false_negative_for_bird;false_positive_for_dog
5709,cifar10_test_05709,bird,bird,0.9999985694885254,True,True,correct
5710,cifar10_test_05710,frog,frog,1.0,True,True,correct
5711,cifar10_test_05711,frog,frog,1.0,True,True,correct
5712,cifar10_test_05712,bird,bird,1.0,True,True,correct
5713,cifar10_test_05713,dog,dog,0.9999998807907104,True,True,correct
5714,cifar10_test_05714,bird,bird,0.9999998807907104,True,True,correct
5715,cifar10_test_05715,frog,frog,1.0,True,True,correct
5716,cifar10_test_05716,airplane,bird,0.9998422861099243,False,True,false_negative_for_airplane;false_positive_for_bird
5717,cifar10_test_05717,frog,frog,1.0,True,True,correct
5718,cifar10_test_05718,automobile,automobile,0.9999998807907104,True,True,correct
5719,cifar10_test_05719,bird,bird,0.9999998807907104,True,True,correct
5720,cifar10_test_05720,truck,truck,1.0,True,True,correct
5721,cifar10_test_05721,airplane,airplane,0.9999955892562866,True,True,correct
5722,cifar10_test_05722,airplane,airplane,0.9999990463256836,True,True,correct
5723,cifar10_test_05723,automobile,automobile,1.0,True,True,correct
5724,cifar10_test_05724,dog,dog,0.9999995231628418,True,True,correct
5725,cifar10_test_05725,dog,dog,0.9999998807907104,True,True,correct
5726,cifar10_test_05726,automobile,automobile,1.0,True,True,correct
5727,cifar10_test_05727,frog,frog,1.0,True,True,correct
5728,cifar10_test_05728,horse,horse,1.0,True,True,correct
5729,cifar10_test_05729,ship,ship,0.9999995231628418,True,True,correct
5730,cifar10_test_05730,dog,dog,0.9999995231628418,True,True,correct
5731,cifar10_test_05731,frog,frog,1.0,True,True,correct
5732,cifar10_test_05732,cat,cat,0.9999961853027344,True,True,correct
5733,cifar10_test_05733,cat,cat,0.9999868869781494,True,True,correct
5734,cifar10_test_05734,frog,frog,0.9999995231628418,True,True,correct
5735,cifar10_test_05735,airplane,airplane,0.9999995231628418,True,True,correct
5736,cifar10_test_05736,truck,truck,0.9999994039535522,True,True,correct
5737,cifar10_test_05737,truck,truck,0.9999997615814209,True,True,correct
5738,cifar10_test_05738,bird,bird,0.9999998807907104,True,True,correct
5739,cifar10_test_05739,bird,bird,1.0,True,True,correct
5740,cifar10_test_05740,frog,frog,0.9999996423721313,True,True,correct
5741,cifar10_test_05741,automobile,automobile,1.0,True,True,correct
5742,cifar10_test_05742,deer,deer,0.9999988079071045,True,True,correct
5743,cifar10_test_05743,frog,frog,1.0,True,True,correct
5744,cifar10_test_05744,bird,bird,1.0,True,True,correct
5745,cifar10_test_05745,dog,dog,0.9999997615814209,True,True,correct
5746,cifar10_test_05746,horse,horse,0.9999998807907104,True,True,correct
5747,cifar10_test_05747,ship,ship,0.9999974966049194,True,True,correct
5748,cifar10_test_05748,ship,ship,1.0,True,True,correct
5749,cifar10_test_05749,dog,dog,0.9999947547912598,True,True,correct
5750,cifar10_test_05750,frog,frog,1.0,True,True,correct
5751,cifar10_test_05751,deer,deer,0.9999997615814209,True,True,correct
5752,cifar10_test_05752,cat,cat,0.9999986886978149,True,True,correct
5753,cifar10_test_05753,bird,bird,1.0,True,True,correct
5754,cifar10_test_05754,cat,cat,0.9999990463256836,True,True,correct
5755,cifar10_test_05755,deer,deer,0.9999998807907104,True,True,correct
5756,cifar10_test_05756,deer,deer,0.9999998807907104,True,True,correct
5757,cifar10_test_05757,deer,deer,0.9999998807907104,True,True,correct
5758,cifar10_test_05758,ship,ship,0.9999995231628418,True,True,correct
5759,cifar10_test_05759,truck,truck,1.0,True,True,correct
5760,cifar10_test_05760,bird,bird,0.9999998807907104,True,True,correct
5761,cifar10_test_05761,frog,frog,1.0,True,True,correct
5762,cifar10_test_05762,airplane,airplane,0.9999997615814209,True,True,correct
5763,cifar10_test_05763,truck,truck,1.0,True,True,correct
5764,cifar10_test_05764,horse,horse,1.0,True,True,correct
5765,cifar10_test_05765,truck,truck,1.0,True,True,correct
5766,cifar10_test_05766,ship,ship,0.9999998807907104,True,True,correct
5767,cifar10_test_05767,horse,horse,0.9999998807907104,True,True,correct
5768,cifar10_test_05768,horse,horse,1.0,True,True,correct
5769,cifar10_test_05769,cat,cat,1.0,True,True,correct
5770,cifar10_test_05770,ship,ship,1.0,True,True,correct
5771,cifar10_test_05771,bird,bird,1.0,True,True,correct
5772,cifar10_test_05772,truck,truck,1.0,True,True,correct
5773,cifar10_test_05773,cat,cat,0.9999992847442627,True,True,correct
5774,cifar10_test_05774,dog,dog,0.9999986886978149,True,True,correct
5775,cifar10_test_05775,horse,horse,0.9999997615814209,True,True,correct
5776,cifar10_test_05776,dog,dog,0.9999998807907104,True,True,correct
5777,cifar10_test_05777,ship,ship,0.9999998807907104,True,True,correct
5778,cifar10_test_05778,horse,horse,0.9999998807907104,True,True,correct
5779,cifar10_test_05779,cat,cat,0.9999991655349731,True,True,correct
5780,cifar10_test_05780,horse,horse,1.0,True,True,correct
5781,cifar10_test_05781,airplane,airplane,0.9999997615814209,True,True,correct
5782,cifar10_test_05782,horse,horse,1.0,True,True,correct
5783,cifar10_test_05783,automobile,automobile,0.9999998807907104,True,True,correct
5784,cifar10_test_05784,frog,frog,1.0,True,True,correct
5785,cifar10_test_05785,bird,bird,1.0,True,True,correct
5786,cifar10_test_05786,deer,deer,0.9999982118606567,True,True,correct
5787,cifar10_test_05787,airplane,airplane,0.9999997615814209,True,True,correct
5788,cifar10_test_05788,airplane,airplane,0.9999996423721313,True,True,correct
5789,cifar10_test_05789,bird,bird,1.0,True,True,correct
5790,cifar10_test_05790,truck,truck,1.0,True,True,correct
5791,cifar10_test_05791,ship,ship,1.0,True,True,correct
5792,cifar10_test_05792,bird,bird,1.0,True,True,correct
5793,cifar10_test_05793,ship,ship,0.9999998807907104,True,True,correct
5794,cifar10_test_05794,horse,horse,0.9999997615814209,True,True,correct
5795,cifar10_test_05795,horse,horse,0.9999996423721313,True,True,correct
5796,cifar10_test_05796,dog,dog,0.9999998807907104,True,True,correct
5797,cifar10_test_05797,dog,dog,0.9999998807907104,True,True,correct
5798,cifar10_test_05798,airplane,airplane,0.9999998807907104,True,True,correct
5799,cifar10_test_05799,automobile,automobile,0.9999998807907104,True,True,correct
5800,cifar10_test_05800,bird,bird,1.0,True,True,correct
5801,cifar10_test_05801,truck,truck,1.0,True,True,correct
5802,cifar10_test_05802,frog,frog,1.0,True,True,correct
5803,cifar10_test_05803,automobile,automobile,0.9999998807907104,True,True,correct
5804,cifar10_test_05804,airplane,airplane,0.9999992847442627,True,True,correct
5805,cifar10_test_05805,automobile,automobile,1.0,True,True,correct
5806,cifar10_test_05806,airplane,airplane,0.9999386072158813,True,True,correct
5807,cifar10_test_05807,frog,frog,1.0,True,True,correct
5808,cifar10_test_05808,dog,dog,0.999991774559021,True,True,correct
5809,cifar10_test_05809,airplane,airplane,0.9999994039535522,True,True,correct
5810,cifar10_test_05810,dog,dog,0.9999998807907104,True,True,correct
5811,cifar10_test_05811,horse,horse,0.9999998807907104,True,True,correct
5812,cifar10_test_05812,deer,deer,0.9999998807907104,True,True,correct
5813,cifar10_test_05813,deer,deer,0.9999998807907104,True,True,correct
5814,cifar10_test_05814,ship,ship,0.9999970197677612,True,True,correct
5815,cifar10_test_05815,cat,cat,0.9999995231628418,True,True,correct
5816,cifar10_test_05816,dog,dog,0.9999901056289673,True,True,correct
5817,cifar10_test_05817,cat,cat,0.9999996423721313,True,True,correct
5818,cifar10_test_05818,horse,horse,0.9999998807907104,True,True,correct
5819,cifar10_test_05819,bird,bird,1.0,True,True,correct
5820,cifar10_test_05820,dog,dog,0.9999996423721313,True,True,correct
5821,cifar10_test_05821,ship,ship,0.9999997615814209,True,True,correct
5822,cifar10_test_05822,cat,cat,0.9999998807907104,True,True,correct
5823,cifar10_test_05823,dog,dog,0.9999998807907104,True,True,correct
5824,cifar10_test_05824,horse,horse,0.9999998807907104,True,True,correct
5825,cifar10_test_05825,cat,cat,0.9999997615814209,True,True,correct
5826,cifar10_test_05826,horse,horse,0.9999997615814209,True,True,correct
5827,cifar10_test_05827,airplane,airplane,0.9999991655349731,True,True,correct
5828,cifar10_test_05828,dog,dog,0.9999998807907104,True,True,correct
5829,cifar10_test_05829,deer,deer,0.9999998807907104,True,True,correct
5830,cifar10_test_05830,dog,dog,0.9949313998222351,True,True,correct
5831,cifar10_test_05831,frog,frog,1.0,True,True,correct
5832,cifar10_test_05832,truck,truck,1.0,True,True,correct
5833,cifar10_test_05833,cat,cat,0.9999974966049194,True,True,correct
5834,cifar10_test_05834,dog,dog,0.9999998807907104,True,True,correct
5835,cifar10_test_05835,cat,cat,0.9999767541885376,True,True,correct
5836,cifar10_test_05836,ship,ship,0.9999998807907104,True,True,correct
5837,cifar10_test_05837,bird,bird,0.9999995231628418,True,True,correct
5838,cifar10_test_05838,deer,deer,1.0,True,True,correct
5839,cifar10_test_05839,bird,bird,0.9999995231628418,True,True,correct
5840,cifar10_test_05840,bird,bird,0.9999995231628418,True,True,correct
5841,cifar10_test_05841,frog,frog,1.0,True,True,correct
5842,cifar10_test_05842,horse,horse,1.0,True,True,correct
5843,cifar10_test_05843,frog,frog,1.0,True,True,correct
5844,cifar10_test_05844,airplane,airplane,0.9999912977218628,True,True,correct
5845,cifar10_test_05845,dog,dog,0.9999997615814209,True,True,correct
5846,cifar10_test_05846,dog,dog,0.9999998807907104,True,True,correct
5847,cifar10_test_05847,ship,ship,0.9999994039535522,True,True,correct
5848,cifar10_test_05848,deer,deer,0.9999997615814209,True,True,correct
5849,cifar10_test_05849,dog,dog,0.9999996423721313,True,True,correct
5850,cifar10_test_05850,frog,frog,1.0,True,True,correct
5851,cifar10_test_05851,automobile,automobile,1.0,True,True,correct
5852,cifar10_test_05852,cat,cat,0.9999997615814209,True,True,correct
5853,cifar10_test_05853,dog,dog,0.9999992847442627,True,True,correct
5854,cifar10_test_05854,deer,deer,0.9999998807907104,True,True,correct
5855,cifar10_test_05855,horse,horse,0.9999997615814209,True,True,correct
5856,cifar10_test_05856,cat,cat,0.9999947547912598,True,True,correct
5857,cifar10_test_05857,airplane,airplane,0.9999998807907104,True,True,correct
5858,cifar10_test_05858,horse,horse,1.0,True,True,correct
5859,cifar10_test_05859,bird,bird,0.9999991655349731,True,True,correct
5860,cifar10_test_05860,airplane,airplane,0.9999996423721313,True,True,correct
5861,cifar10_test_05861,automobile,automobile,1.0,True,True,correct
5862,cifar10_test_05862,bird,bird,0.9999982118606567,True,True,correct
5863,cifar10_test_05863,deer,deer,1.0,True,True,correct
5864,cifar10_test_05864,truck,automobile,0.9999979734420776,False,True,false_negative_for_truck;false_positive_for_automobile
5865,cifar10_test_05865,frog,frog,1.0,True,True,correct
5866,cifar10_test_05866,deer,deer,0.9999997615814209,True,True,correct
5867,cifar10_test_05867,dog,dog,0.9999998807907104,True,True,correct
5868,cifar10_test_05868,truck,truck,0.9999998807907104,True,True,correct
5869,cifar10_test_05869,horse,horse,1.0,True,True,correct
5870,cifar10_test_05870,horse,horse,0.9999995231628418,True,True,correct
5871,cifar10_test_05871,frog,frog,0.9999998807907104,True,True,correct
5872,cifar10_test_05872,horse,horse,0.9999992847442627,True,True,correct
5873,cifar10_test_05873,deer,deer,0.9999998807907104,True,True,correct
5874,cifar10_test_05874,cat,cat,0.9999995231628418,True,True,correct
5875,cifar10_test_05875,automobile,automobile,1.0,True,True,correct
5876,cifar10_test_05876,frog,frog,0.9999998807907104,True,True,correct
5877,cifar10_test_05877,truck,truck,1.0,True,True,correct
5878,cifar10_test_05878,deer,deer,0.9999998807907104,True,True,correct
5879,cifar10_test_05879,ship,ship,0.9999998807907104,True,True,correct
5880,cifar10_test_05880,airplane,airplane,0.9999991655349731,True,True,correct
5881,cifar10_test_05881,cat,cat,0.9999872446060181,True,True,correct
5882,cifar10_test_05882,automobile,automobile,0.9999979734420776,True,True,correct
5883,cifar10_test_05883,frog,frog,1.0,True,True,correct
5884,cifar10_test_05884,deer,deer,0.9999998807907104,True,True,correct
5885,cifar10_test_05885,deer,deer,0.9999998807907104,True,True,correct
5886,cifar10_test_05886,bird,bird,0.9999996423721313,True,True,correct
5887,cifar10_test_05887,automobile,automobile,1.0,True,True,correct
5888,cifar10_test_05888,deer,deer,0.9999995231628418,True,True,correct
5889,cifar10_test_05889,frog,frog,1.0,True,True,correct
5890,cifar10_test_05890,cat,cat,0.9999533891677856,True,True,correct
5891,cifar10_test_05891,airplane,airplane,0.9999997615814209,True,True,correct
5892,cifar10_test_05892,ship,ship,0.9999979734420776,True,True,correct
5893,cifar10_test_05893,truck,truck,0.9999998807907104,True,True,correct
5894,cifar10_test_05894,horse,horse,1.0,True,True,correct
5895,cifar10_test_05895,frog,frog,1.0,True,True,correct
5896,cifar10_test_05896,ship,ship,0.9989346861839294,True,True,correct
5897,cifar10_test_05897,deer,deer,0.9999997615814209,True,True,correct
5898,cifar10_test_05898,ship,ship,0.9999998807907104,True,True,correct
5899,cifar10_test_05899,automobile,automobile,1.0,True,True,correct
5900,cifar10_test_05900,deer,deer,0.9999994039535522,True,True,correct
5901,cifar10_test_05901,dog,dog,0.9999979734420776,True,True,correct
5902,cifar10_test_05902,truck,truck,1.0,True,True,correct
5903,cifar10_test_05903,deer,deer,0.999998927116394,True,True,correct
5904,cifar10_test_05904,horse,horse,1.0,True,True,correct
5905,cifar10_test_05905,automobile,automobile,0.9999998807907104,True,True,correct
5906,cifar10_test_05906,deer,deer,0.9999998807907104,True,True,correct
5907,cifar10_test_05907,dog,dog,0.9999998807907104,True,True,correct
5908,cifar10_test_05908,cat,cat,0.9999939203262329,True,True,correct
5909,cifar10_test_05909,automobile,automobile,0.9999998807907104,True,True,correct
5910,cifar10_test_05910,bird,bird,0.9999912977218628,True,True,correct
5911,cifar10_test_05911,frog,frog,1.0,True,True,correct
5912,cifar10_test_05912,deer,deer,0.9999998807907104,True,True,correct
5913,cifar10_test_05913,horse,horse,1.0,True,True,correct
5914,cifar10_test_05914,automobile,automobile,1.0,True,True,correct
5915,cifar10_test_05915,dog,dog,0.9999992847442627,True,True,correct
5916,cifar10_test_05916,truck,truck,1.0,True,True,correct
5917,cifar10_test_05917,cat,cat,0.9999991655349731,True,True,correct
5918,cifar10_test_05918,automobile,automobile,1.0,True,True,correct
5919,cifar10_test_05919,deer,deer,0.9999997615814209,True,True,correct
5920,cifar10_test_05920,ship,ship,0.9999998807907104,True,True,correct
5921,cifar10_test_05921,horse,horse,0.9999998807907104,True,True,correct
5922,cifar10_test_05922,horse,horse,0.9999998807907104,True,True,correct
5923,cifar10_test_05923,airplane,airplane,0.9999996423721313,True,True,correct
5924,cifar10_test_05924,deer,deer,1.0,True,True,correct
5925,cifar10_test_05925,cat,cat,0.9999963045120239,True,True,correct
5926,cifar10_test_05926,deer,deer,0.9999998807907104,True,True,correct
5927,cifar10_test_05927,frog,frog,1.0,True,True,correct
5928,cifar10_test_05928,horse,horse,0.9999998807907104,True,True,correct
5929,cifar10_test_05929,horse,horse,0.9999996423721313,True,True,correct
5930,cifar10_test_05930,dog,dog,0.9999997615814209,True,True,correct
5931,cifar10_test_05931,deer,deer,0.9999996423721313,True,True,correct
5932,cifar10_test_05932,deer,deer,0.9999998807907104,True,True,correct
5933,cifar10_test_05933,deer,deer,0.9999986886978149,True,True,correct
5934,cifar10_test_05934,cat,cat,0.9999997615814209,True,True,correct
5935,cifar10_test_05935,frog,frog,1.0,True,True,correct
5936,cifar10_test_05936,frog,frog,1.0,True,True,correct
5937,cifar10_test_05937,automobile,automobile,1.0,True,True,correct
5938,cifar10_test_05938,truck,truck,0.9999997615814209,True,True,correct
5939,cifar10_test_05939,truck,truck,0.9999998807907104,True,True,correct
5940,cifar10_test_05940,horse,horse,0.9999995231628418,True,True,correct
5941,cifar10_test_05941,truck,truck,0.9999995231628418,True,True,correct
5942,cifar10_test_05942,deer,deer,0.9999997615814209,True,True,correct
5943,cifar10_test_05943,cat,cat,0.9999991655349731,True,True,correct
5944,cifar10_test_05944,bird,bird,1.0,True,True,correct
5945,cifar10_test_05945,truck,truck,1.0,True,True,correct
5946,cifar10_test_05946,ship,ship,0.9999988079071045,True,True,correct
5947,cifar10_test_05947,dog,dog,0.9999998807907104,True,True,correct
5948,cifar10_test_05948,airplane,airplane,0.9999991655349731,True,True,correct
5949,cifar10_test_05949,frog,frog,1.0,True,True,correct
5950,cifar10_test_05950,truck,truck,0.9999997615814209,True,True,correct
5951,cifar10_test_05951,airplane,airplane,0.9999996423721313,True,True,correct
5952,cifar10_test_05952,truck,truck,1.0,True,True,correct
5953,cifar10_test_05953,horse,horse,0.9999998807907104,True,True,correct
5954,cifar10_test_05954,ship,ship,0.9999988079071045,True,True,correct
5955,cifar10_test_05955,dog,dog,0.9999995231628418,True,True,correct
5956,cifar10_test_05956,deer,deer,0.9999990463256836,True,True,correct
5957,cifar10_test_05957,deer,deer,0.9999997615814209,True,True,correct
5958,cifar10_test_05958,truck,truck,0.9999998807907104,True,True,correct
5959,cifar10_test_05959,deer,deer,0.9999998807907104,True,True,correct
5960,cifar10_test_05960,bird,bird,0.9987980127334595,True,True,correct
5961,cifar10_test_05961,frog,frog,1.0,True,True,correct
5962,cifar10_test_05962,frog,frog,1.0,True,True,correct
5963,cifar10_test_05963,truck,truck,0.9999990463256836,True,True,correct
5964,cifar10_test_05964,truck,truck,0.9999998807907104,True,True,correct
5965,cifar10_test_05965,horse,horse,1.0,True,True,correct
5966,cifar10_test_05966,truck,truck,0.9999997615814209,True,True,correct
5967,cifar10_test_05967,truck,truck,0.9999998807907104,True,True,correct
5968,cifar10_test_05968,airplane,airplane,0.9999996423721313,True,True,correct
5969,cifar10_test_05969,dog,dog,0.9999998807907104,True,True,correct
5970,cifar10_test_05970,automobile,automobile,1.0,True,True,correct
5971,cifar10_test_05971,automobile,automobile,1.0,True,True,correct
5972,cifar10_test_05972,ship,ship,0.9999998807907104,True,True,correct
5973,cifar10_test_05973,frog,frog,0.9999997615814209,True,True,correct
5974,cifar10_test_05974,truck,truck,0.9999997615814209,True,True,correct
5975,cifar10_test_05975,truck,truck,1.0,True,True,correct
5976,cifar10_test_05976,dog,dog,0.9999998807907104,True,True,correct
5977,cifar10_test_05977,frog,frog,0.9999998807907104,True,True,correct
5978,cifar10_test_05978,dog,dog,0.9999998807907104,True,True,correct
5979,cifar10_test_05979,dog,dog,0.9999986886978149,True,True,correct
5980,cifar10_test_05980,truck,truck,1.0,True,True,correct
5981,cifar10_test_05981,horse,horse,0.9999998807907104,True,True,correct
5982,cifar10_test_05982,truck,truck,0.9999997615814209,True,True,correct
5983,cifar10_test_05983,deer,deer,0.9999997615814209,True,True,correct
5984,cifar10_test_05984,dog,dog,0.9999997615814209,True,True,correct
5985,cifar10_test_05985,deer,deer,0.9999996423721313,True,True,correct
5986,cifar10_test_05986,cat,cat,0.9999905824661255,True,True,correct
5987,cifar10_test_05987,cat,cat,0.999997615814209,True,True,correct
5988,cifar10_test_05988,truck,truck,0.9999998807907104,True,True,correct
5989,cifar10_test_05989,ship,ship,0.9999996423721313,True,True,correct
5990,cifar10_test_05990,ship,ship,0.9999991655349731,True,True,correct
5991,cifar10_test_05991,cat,cat,0.9780001044273376,True,True,correct
5992,cifar10_test_05992,deer,deer,0.9999997615814209,True,True,correct
5993,cifar10_test_05993,ship,ship,1.0,True,True,correct
5994,cifar10_test_05994,deer,deer,0.9999980926513672,True,True,correct
5995,cifar10_test_05995,airplane,airplane,0.9999995231628418,True,True,correct
5996,cifar10_test_05996,deer,deer,0.9999997615814209,True,True,correct
5997,cifar10_test_05997,airplane,airplane,0.9999995231628418,True,True,correct
5998,cifar10_test_05998,horse,horse,1.0,True,True,correct
5999,cifar10_test_05999,bird,bird,1.0,True,True,correct
6000,cifar10_test_06000,ship,ship,0.9999994039535522,True,True,correct
6001,cifar10_test_06001,airplane,airplane,0.9999995231628418,True,True,correct
6002,cifar10_test_06002,bird,bird,0.9999998807907104,True,True,correct
6003,cifar10_test_06003,airplane,airplane,0.9999997615814209,True,True,correct
6004,cifar10_test_06004,horse,horse,0.9999998807907104,True,True,correct
6005,cifar10_test_06005,deer,deer,0.9999998807907104,True,True,correct
6006,cifar10_test_06006,airplane,airplane,0.9999996423721313,True,True,correct
6007,cifar10_test_06007,frog,frog,1.0,True,True,correct
6008,cifar10_test_06008,cat,cat,0.9999997615814209,True,True,correct
6009,cifar10_test_06009,cat,cat,0.9999998807907104,True,True,correct
6010,cifar10_test_06010,automobile,automobile,1.0,True,True,correct
6011,cifar10_test_06011,horse,horse,0.9999997615814209,True,True,correct
6012,cifar10_test_06012,deer,deer,0.9999996423721313,True,True,correct
6013,cifar10_test_06013,frog,frog,0.9999998807907104,True,True,correct
6014,cifar10_test_06014,dog,dog,0.9999958276748657,True,True,correct
6015,cifar10_test_06015,airplane,airplane,0.9999997615814209,True,True,correct
6016,cifar10_test_06016,deer,deer,0.9999995231628418,True,True,correct
6017,cifar10_test_06017,truck,truck,1.0,True,True,correct
6018,cifar10_test_06018,dog,dog,1.0,True,True,correct
6019,cifar10_test_06019,frog,frog,1.0,True,True,correct
6020,cifar10_test_06020,frog,frog,1.0,True,True,correct
6021,cifar10_test_06021,cat,dog,0.9483704566955566,False,True,false_negative_for_cat;false_positive_for_dog
6022,cifar10_test_06022,airplane,airplane,0.9999996423721313,True,True,correct
6023,cifar10_test_06023,dog,dog,0.9999979734420776,True,True,correct
6024,cifar10_test_06024,bird,bird,0.999998927116394,True,True,correct
6025,cifar10_test_06025,frog,frog,1.0,True,True,correct
6026,cifar10_test_06026,cat,cat,0.9999980926513672,True,True,correct
6027,cifar10_test_06027,cat,cat,0.9999997615814209,True,True,correct
6028,cifar10_test_06028,ship,ship,0.9999971389770508,True,True,correct
6029,cifar10_test_06029,airplane,airplane,0.9999992847442627,True,True,correct
6030,cifar10_test_06030,ship,ship,0.9999992847442627,True,True,correct
6031,cifar10_test_06031,dog,dog,0.9999998807907104,True,True,correct
6032,cifar10_test_06032,deer,deer,1.0,True,True,correct
6033,cifar10_test_06033,bird,bird,0.9999998807907104,True,True,correct
6034,cifar10_test_06034,truck,truck,0.9999997615814209,True,True,correct
6035,cifar10_test_06035,dog,dog,0.9999997615814209,True,True,correct
6036,cifar10_test_06036,airplane,airplane,0.9999990463256836,True,True,correct
6037,cifar10_test_06037,dog,dog,0.999995231628418,True,True,correct
6038,cifar10_test_06038,deer,deer,0.9999997615814209,True,True,correct
6039,cifar10_test_06039,ship,ship,0.9999985694885254,True,True,correct
6040,cifar10_test_06040,bird,bird,0.9999996423721313,True,True,correct
6041,cifar10_test_06041,horse,horse,0.9999998807907104,True,True,correct
6042,cifar10_test_06042,frog,frog,1.0,True,True,correct
6043,cifar10_test_06043,dog,dog,0.9999998807907104,True,True,correct
6044,cifar10_test_06044,horse,horse,0.9999997615814209,True,True,correct
6045,cifar10_test_06045,ship,ship,1.0,True,True,correct
6046,cifar10_test_06046,bird,bird,1.0,True,True,correct
6047,cifar10_test_06047,airplane,airplane,0.9999994039535522,True,True,correct
6048,cifar10_test_06048,automobile,automobile,1.0,True,True,correct
6049,cifar10_test_06049,ship,ship,0.9999998807907104,True,True,correct
6050,cifar10_test_06050,bird,bird,0.9999997615814209,True,True,correct
6051,cifar10_test_06051,deer,deer,1.0,True,True,correct
6052,cifar10_test_06052,ship,ship,0.9999997615814209,True,True,correct
6053,cifar10_test_06053,deer,deer,0.9999994039535522,True,True,correct
6054,cifar10_test_06054,cat,cat,0.9999932050704956,True,True,correct
6055,cifar10_test_06055,airplane,airplane,0.999998927116394,True,True,correct
6056,cifar10_test_06056,deer,deer,0.9999996423721313,True,True,correct
6057,cifar10_test_06057,airplane,airplane,0.9999996423721313,True,True,correct
6058,cifar10_test_06058,automobile,automobile,1.0,True,True,correct
6059,cifar10_test_06059,truck,truck,0.9999998807907104,True,True,correct
6060,cifar10_test_06060,cat,cat,0.9999980926513672,True,True,correct
6061,cifar10_test_06061,airplane,airplane,0.9999992847442627,True,True,correct
6062,cifar10_test_06062,cat,frog,0.9985641837120056,False,True,false_negative_for_cat;false_positive_for_frog
6063,cifar10_test_06063,frog,frog,0.9999997615814209,True,True,correct
6064,cifar10_test_06064,dog,dog,0.9999969005584717,True,True,correct
6065,cifar10_test_06065,dog,dog,0.9999929666519165,True,True,correct
6066,cifar10_test_06066,bird,bird,1.0,True,True,correct
6067,cifar10_test_06067,ship,ship,0.9999998807907104,True,True,correct
6068,cifar10_test_06068,dog,dog,0.9999980926513672,True,True,correct
6069,cifar10_test_06069,airplane,airplane,0.9999990463256836,True,True,correct
6070,cifar10_test_06070,ship,ship,0.9999992847442627,True,True,correct
6071,cifar10_test_06071,horse,horse,1.0,True,True,correct
6072,cifar10_test_06072,dog,dog,1.0,True,True,correct
6073,cifar10_test_06073,bird,bird,1.0,True,True,correct
6074,cifar10_test_06074,deer,deer,0.9999619722366333,True,True,correct
6075,cifar10_test_06075,cat,cat,0.9999998807907104,True,True,correct
6076,cifar10_test_06076,horse,horse,0.9999998807907104,True,True,correct
6077,cifar10_test_06077,airplane,airplane,0.9999951124191284,True,True,correct
6078,cifar10_test_06078,bird,bird,1.0,True,True,correct
6079,cifar10_test_06079,cat,cat,0.9999996423721313,True,True,correct
6080,cifar10_test_06080,automobile,automobile,1.0,True,True,correct
6081,cifar10_test_06081,airplane,airplane,1.0,True,True,correct
6082,cifar10_test_06082,airplane,airplane,0.9999994039535522,True,True,correct
6083,cifar10_test_06083,bird,bird,0.9999992847442627,True,True,correct
6084,cifar10_test_06084,automobile,automobile,1.0,True,True,correct
6085,cifar10_test_06085,bird,bird,0.9999997615814209,True,True,correct
6086,cifar10_test_06086,automobile,automobile,1.0,True,True,correct
6087,cifar10_test_06087,deer,deer,0.9999996423721313,True,True,correct
6088,cifar10_test_06088,frog,frog,1.0,True,True,correct
6089,cifar10_test_06089,horse,horse,0.9999998807907104,True,True,correct
6090,cifar10_test_06090,automobile,automobile,1.0,True,True,correct
6091,cifar10_test_06091,airplane,airplane,0.9999992847442627,True,True,correct
6092,cifar10_test_06092,dog,dog,0.9999995231628418,True,True,correct
6093,cifar10_test_06093,bird,bird,1.0,True,True,correct
6094,cifar10_test_06094,dog,dog,0.9999997615814209,True,True,correct
6095,cifar10_test_06095,truck,truck,0.9999997615814209,True,True,correct
6096,cifar10_test_06096,bird,bird,1.0,True,True,correct
6097,cifar10_test_06097,dog,dog,1.0,True,True,correct
6098,cifar10_test_06098,frog,frog,1.0,True,True,correct
6099,cifar10_test_06099,horse,horse,1.0,True,True,correct
6100,cifar10_test_06100,automobile,automobile,1.0,True,True,correct
6101,cifar10_test_06101,truck,truck,0.9991631507873535,True,True,correct
6102,cifar10_test_06102,cat,cat,0.9999997615814209,True,True,correct
6103,cifar10_test_06103,frog,frog,1.0,True,True,correct
6104,cifar10_test_06104,automobile,automobile,1.0,True,True,correct
6105,cifar10_test_06105,airplane,airplane,0.9999977350234985,True,True,correct
6106,cifar10_test_06106,bird,bird,1.0,True,True,correct
6107,cifar10_test_06107,truck,truck,0.9999998807907104,True,True,correct
6108,cifar10_test_06108,deer,deer,0.9999998807907104,True,True,correct
6109,cifar10_test_06109,bird,bird,0.9999998807907104,True,True,correct
6110,cifar10_test_06110,truck,truck,1.0,True,True,correct
6111,cifar10_test_06111,cat,cat,0.7142245769500732,True,True,correct
6112,cifar10_test_06112,ship,ship,0.9999998807907104,True,True,correct
6113,cifar10_test_06113,bird,bird,1.0,True,True,correct
6114,cifar10_test_06114,truck,truck,1.0,True,True,correct
6115,cifar10_test_06115,ship,ship,0.9999998807907104,True,True,correct
6116,cifar10_test_06116,dog,dog,0.9999994039535522,True,True,correct
6117,cifar10_test_06117,automobile,automobile,1.0,True,True,correct
6118,cifar10_test_06118,airplane,airplane,0.9999980926513672,True,True,correct
6119,cifar10_test_06119,automobile,automobile,1.0,True,True,correct
6120,cifar10_test_06120,dog,dog,0.9999998807907104,True,True,correct
6121,cifar10_test_06121,bird,bird,0.9999997615814209,True,True,correct
6122,cifar10_test_06122,dog,dog,0.9999998807907104,True,True,correct
6123,cifar10_test_06123,frog,frog,1.0,True,True,correct
6124,cifar10_test_06124,ship,ship,0.9999998807907104,True,True,correct
6125,cifar10_test_06125,ship,ship,0.9999978542327881,True,True,correct
6126,cifar10_test_06126,cat,cat,0.9999988079071045,True,True,correct
6127,cifar10_test_06127,dog,dog,0.9999580383300781,True,True,correct
6128,cifar10_test_06128,airplane,airplane,0.9999971389770508,True,True,correct
6129,cifar10_test_06129,deer,deer,0.9978585839271545,True,True,correct
6130,cifar10_test_06130,automobile,automobile,0.9999998807907104,True,True,correct
6131,cifar10_test_06131,cat,cat,0.9999997615814209,True,True,correct
6132,cifar10_test_06132,horse,horse,0.9999997615814209,True,True,correct
6133,cifar10_test_06133,airplane,airplane,0.9999994039535522,True,True,correct
6134,cifar10_test_06134,cat,cat,0.9999979734420776,True,True,correct
6135,cifar10_test_06135,cat,cat,0.9999829530715942,True,True,correct
6136,cifar10_test_06136,truck,truck,1.0,True,True,correct
6137,cifar10_test_06137,bird,bird,0.9999998807907104,True,True,correct
6138,cifar10_test_06138,cat,cat,0.9999994039535522,True,True,correct
6139,cifar10_test_06139,truck,truck,1.0,True,True,correct
6140,cifar10_test_06140,truck,truck,0.9999998807907104,True,True,correct
6141,cifar10_test_06141,ship,ship,0.9999998807907104,True,True,correct
6142,cifar10_test_06142,dog,dog,0.9999991655349731,True,True,correct
6143,cifar10_test_06143,truck,truck,0.9999992847442627,True,True,correct
6144,cifar10_test_06144,horse,horse,1.0,True,True,correct
6145,cifar10_test_06145,bird,bird,0.9999990463256836,True,True,correct
6146,cifar10_test_06146,airplane,airplane,0.9999966621398926,True,True,correct
6147,cifar10_test_06147,truck,truck,0.9999997615814209,True,True,correct
6148,cifar10_test_06148,deer,deer,0.9999995231628418,True,True,correct
6149,cifar10_test_06149,horse,horse,1.0,True,True,correct
6150,cifar10_test_06150,automobile,automobile,1.0,True,True,correct
6151,cifar10_test_06151,horse,horse,0.9999043941497803,True,True,correct
6152,cifar10_test_06152,frog,frog,1.0,True,True,correct
6153,cifar10_test_06153,deer,deer,0.999997615814209,True,True,correct
6154,cifar10_test_06154,deer,deer,1.0,True,True,correct
6155,cifar10_test_06155,ship,ship,0.9999997615814209,True,True,correct
6156,cifar10_test_06156,truck,truck,1.0,True,True,correct
6157,cifar10_test_06157,airplane,airplane,0.9999998807907104,True,True,correct
6158,cifar10_test_06158,horse,horse,0.9999998807907104,True,True,correct
6159,cifar10_test_06159,automobile,automobile,0.9999998807907104,True,True,correct
6160,cifar10_test_06160,bird,bird,0.9999998807907104,True,True,correct
6161,cifar10_test_06161,deer,deer,0.9999997615814209,True,True,correct
6162,cifar10_test_06162,airplane,airplane,0.9999986886978149,True,True,correct
6163,cifar10_test_06163,cat,cat,0.9999983310699463,True,True,correct
6164,cifar10_test_06164,horse,horse,0.9999998807907104,True,True,correct
6165,cifar10_test_06165,dog,dog,1.0,True,True,correct
6166,cifar10_test_06166,automobile,automobile,1.0,True,True,correct
6167,cifar10_test_06167,truck,truck,0.9999998807907104,True,True,correct
6168,cifar10_test_06168,cat,cat,0.9999864101409912,True,True,correct
6169,cifar10_test_06169,dog,dog,0.9999998807907104,True,True,correct
6170,cifar10_test_06170,bird,bird,0.9999998807907104,True,True,correct
6171,cifar10_test_06171,deer,deer,0.9999996423721313,True,True,correct
6172,cifar10_test_06172,automobile,automobile,0.9999921321868896,True,True,correct
6173,cifar10_test_06173,automobile,automobile,1.0,True,True,correct
6174,cifar10_test_06174,cat,cat,0.9999984502792358,True,True,correct
6175,cifar10_test_06175,cat,cat,0.9999978542327881,True,True,correct
6176,cifar10_test_06176,truck,truck,1.0,True,True,correct
6177,cifar10_test_06177,bird,bird,1.0,True,True,correct
6178,cifar10_test_06178,dog,dog,0.9999995231628418,True,True,correct
6179,cifar10_test_06179,ship,ship,0.9999991655349731,True,True,correct
6180,cifar10_test_06180,airplane,airplane,0.9998737573623657,True,True,correct
6181,cifar10_test_06181,ship,ship,0.9999998807907104,True,True,correct
6182,cifar10_test_06182,automobile,automobile,1.0,True,True,correct
6183,cifar10_test_06183,dog,dog,0.9999991655349731,True,True,correct
6184,cifar10_test_06184,automobile,automobile,0.9999998807907104,True,True,correct
6185,cifar10_test_06185,dog,dog,0.9999996423721313,True,True,correct
6186,cifar10_test_06186,truck,truck,1.0,True,True,correct
6187,cifar10_test_06187,airplane,airplane,0.9999997615814209,True,True,correct
6188,cifar10_test_06188,truck,truck,0.9999998807907104,True,True,correct
6189,cifar10_test_06189,bird,bird,0.9999997615814209,True,True,correct
6190,cifar10_test_06190,deer,deer,0.9999997615814209,True,True,correct
6191,cifar10_test_06191,airplane,airplane,0.9999994039535522,True,True,correct
6192,cifar10_test_06192,frog,frog,1.0,True,True,correct
6193,cifar10_test_06193,truck,truck,1.0,True,True,correct
6194,cifar10_test_06194,automobile,automobile,0.9999998807907104,True,True,correct
6195,cifar10_test_06195,automobile,automobile,0.9999998807907104,True,True,correct
6196,cifar10_test_06196,cat,cat,0.9999995231628418,True,True,correct
6197,cifar10_test_06197,deer,deer,0.9999910593032837,True,True,correct
6198,cifar10_test_06198,truck,truck,1.0,True,True,correct
6199,cifar10_test_06199,dog,dog,0.9999997615814209,True,True,correct
6200,cifar10_test_06200,cat,cat,0.9999996423721313,True,True,correct
6201,cifar10_test_06201,cat,cat,0.9999996423721313,True,True,correct
6202,cifar10_test_06202,cat,dog,0.9999872446060181,False,True,false_negative_for_cat;false_positive_for_dog
6203,cifar10_test_06203,cat,cat,0.9999998807907104,True,True,correct
6204,cifar10_test_06204,deer,deer,0.9999898672103882,True,True,correct
6205,cifar10_test_06205,automobile,automobile,1.0,True,True,correct
6206,cifar10_test_06206,dog,dog,0.9999929666519165,True,True,correct
6207,cifar10_test_06207,truck,truck,1.0,True,True,correct
6208,cifar10_test_06208,ship,ship,0.9999998807907104,True,True,correct
6209,cifar10_test_06209,horse,horse,0.9999994039535522,True,True,correct
6210,cifar10_test_06210,deer,deer,0.9999923706054688,True,True,correct
6211,cifar10_test_06211,ship,ship,0.9999997615814209,True,True,correct
6212,cifar10_test_06212,horse,horse,0.9999998807907104,True,True,correct
6213,cifar10_test_06213,cat,cat,0.9999997615814209,True,True,correct
6214,cifar10_test_06214,dog,dog,0.9999995231628418,True,True,correct
6215,cifar10_test_06215,bird,bird,0.9999998807907104,True,True,correct
6216,cifar10_test_06216,dog,dog,0.9999997615814209,True,True,correct
6217,cifar10_test_06217,ship,ship,0.9999997615814209,True,True,correct
6218,cifar10_test_06218,truck,truck,0.9999991655349731,True,True,correct
6219,cifar10_test_06219,horse,horse,0.9999998807907104,True,True,correct
6220,cifar10_test_06220,bird,bird,1.0,True,True,correct
6221,cifar10_test_06221,airplane,airplane,0.9999990463256836,True,True,correct
6222,cifar10_test_06222,airplane,airplane,0.9999998807907104,True,True,correct
6223,cifar10_test_06223,horse,horse,1.0,True,True,correct
6224,cifar10_test_06224,dog,dog,0.9999994039535522,True,True,correct
6225,cifar10_test_06225,cat,cat,0.9999998807907104,True,True,correct
6226,cifar10_test_06226,dog,dog,0.9999996423721313,True,True,correct
6227,cifar10_test_06227,horse,horse,0.9999997615814209,True,True,correct
6228,cifar10_test_06228,deer,deer,0.9999995231628418,True,True,correct
6229,cifar10_test_06229,frog,frog,0.9999997615814209,True,True,correct
6230,cifar10_test_06230,bird,bird,1.0,True,True,correct
6231,cifar10_test_06231,ship,ship,0.9999995231628418,True,True,correct
6232,cifar10_test_06232,bird,bird,0.9999997615814209,True,True,correct
6233,cifar10_test_06233,horse,horse,1.0,True,True,correct
6234,cifar10_test_06234,horse,horse,0.9999997615814209,True,True,correct
6235,cifar10_test_06235,frog,frog,1.0,True,True,correct
6236,cifar10_test_06236,automobile,automobile,1.0,True,True,correct
6237,cifar10_test_06237,cat,cat,0.9999995231628418,True,True,correct
6238,cifar10_test_06238,ship,ship,0.9999990463256836,True,True,correct
6239,cifar10_test_06239,frog,frog,1.0,True,True,correct
6240,cifar10_test_06240,bird,bird,0.9999998807907104,True,True,correct
6241,cifar10_test_06241,airplane,airplane,0.9999998807907104,True,True,correct
6242,cifar10_test_06242,deer,deer,0.9999991655349731,True,True,correct
6243,cifar10_test_06243,deer,deer,0.9999998807907104,True,True,correct
6244,cifar10_test_06244,ship,ship,0.9999996423721313,True,True,correct
6245,cifar10_test_06245,frog,frog,1.0,True,True,correct
6246,cifar10_test_06246,deer,deer,0.9999997615814209,True,True,correct
6247,cifar10_test_06247,airplane,airplane,0.9999994039535522,True,True,correct
6248,cifar10_test_06248,bird,bird,0.9999998807907104,True,True,correct
6249,cifar10_test_06249,dog,dog,0.9999994039535522,True,True,correct
6250,cifar10_test_06250,deer,deer,0.9999998807907104,True,True,correct
6251,cifar10_test_06251,automobile,automobile,0.9999974966049194,True,True,correct
6252,cifar10_test_06252,bird,bird,0.9999998807907104,True,True,correct
6253,cifar10_test_06253,dog,dog,0.9999995231628418,True,True,correct
6254,cifar10_test_06254,deer,deer,0.9999997615814209,True,True,correct
6255,cifar10_test_06255,frog,frog,1.0,True,True,correct
6256,cifar10_test_06256,truck,truck,0.9999997615814209,True,True,correct
6257,cifar10_test_06257,dog,cat,0.987453818321228,False,True,false_negative_for_dog;false_positive_for_cat
6258,cifar10_test_06258,airplane,airplane,0.9999992847442627,True,True,correct
6259,cifar10_test_06259,dog,dog,0.9999998807907104,True,True,correct
6260,cifar10_test_06260,bird,bird,0.9999998807907104,True,True,correct
6261,cifar10_test_06261,airplane,airplane,0.999998927116394,True,True,correct
6262,cifar10_test_06262,ship,ship,0.9999991655349731,True,True,correct
6263,cifar10_test_06263,bird,bird,1.0,True,True,correct
6264,cifar10_test_06264,frog,frog,1.0,True,True,correct
6265,cifar10_test_06265,deer,deer,0.9999997615814209,True,True,correct
6266,cifar10_test_06266,horse,horse,0.9999998807907104,True,True,correct
6267,cifar10_test_06267,truck,truck,1.0,True,True,correct
6268,cifar10_test_06268,dog,dog,0.9999998807907104,True,True,correct
6269,cifar10_test_06269,horse,horse,0.9999998807907104,True,True,correct
6270,cifar10_test_06270,bird,bird,0.9999998807907104,True,True,correct
6271,cifar10_test_06271,frog,frog,1.0,True,True,correct
6272,cifar10_test_06272,bird,bird,1.0,True,True,correct
6273,cifar10_test_06273,automobile,automobile,1.0,True,True,correct
6274,cifar10_test_06274,truck,truck,1.0,True,True,correct
6275,cifar10_test_06275,truck,truck,1.0,True,True,correct
6276,cifar10_test_06276,horse,horse,0.9999996423721313,True,True,correct
6277,cifar10_test_06277,bird,bird,1.0,True,True,correct
6278,cifar10_test_06278,dog,dog,0.9999998807907104,True,True,correct
6279,cifar10_test_06279,automobile,automobile,1.0,True,True,correct
6280,cifar10_test_06280,ship,ship,0.9999994039535522,True,True,correct
6281,cifar10_test_06281,automobile,automobile,0.9999998807907104,True,True,correct
6282,cifar10_test_06282,frog,frog,1.0,True,True,correct
6283,cifar10_test_06283,cat,cat,0.9999961853027344,True,True,correct
6284,cifar10_test_06284,airplane,airplane,0.9999992847442627,True,True,correct
6285,cifar10_test_06285,ship,ship,1.0,True,True,correct
6286,cifar10_test_06286,ship,ship,0.9999998807907104,True,True,correct
6287,cifar10_test_06287,dog,dog,0.9999995231628418,True,True,correct
6288,cifar10_test_06288,frog,frog,0.9999998807907104,True,True,correct
6289,cifar10_test_06289,truck,truck,0.9999998807907104,True,True,correct
6290,cifar10_test_06290,truck,truck,1.0,True,True,correct
6291,cifar10_test_06291,truck,truck,1.0,True,True,correct
6292,cifar10_test_06292,frog,frog,1.0,True,True,correct
6293,cifar10_test_06293,cat,cat,0.9999998807907104,True,True,correct
6294,cifar10_test_06294,airplane,airplane,0.9999986886978149,True,True,correct
6295,cifar10_test_06295,ship,ship,0.9999997615814209,True,True,correct
6296,cifar10_test_06296,ship,ship,0.9999998807907104,True,True,correct
6297,cifar10_test_06297,dog,dog,0.9999996423721313,True,True,correct
6298,cifar10_test_06298,cat,cat,0.9999991655349731,True,True,correct
6299,cifar10_test_06299,cat,cat,0.9999979734420776,True,True,correct
6300,cifar10_test_06300,automobile,automobile,1.0,True,True,correct
6301,cifar10_test_06301,automobile,automobile,1.0,True,True,correct
6302,cifar10_test_06302,airplane,airplane,0.9999995231628418,True,True,correct
6303,cifar10_test_06303,horse,horse,0.9999986886978149,True,True,correct
6304,cifar10_test_06304,airplane,airplane,0.9999995231628418,True,True,correct
6305,cifar10_test_06305,frog,frog,1.0,True,True,correct
6306,cifar10_test_06306,airplane,airplane,0.9999996423721313,True,True,correct
6307,cifar10_test_06307,deer,deer,0.9999997615814209,True,True,correct
6308,cifar10_test_06308,deer,deer,0.9999997615814209,True,True,correct
6309,cifar10_test_06309,frog,frog,1.0,True,True,correct
6310,cifar10_test_06310,dog,dog,0.9999997615814209,True,True,correct
6311,cifar10_test_06311,cat,cat,0.9999996423721313,True,True,correct
6312,cifar10_test_06312,bird,bird,1.0,True,True,correct
6313,cifar10_test_06313,truck,truck,1.0,True,True,correct
6314,cifar10_test_06314,frog,frog,1.0,True,True,correct
6315,cifar10_test_06315,frog,frog,1.0,True,True,correct
6316,cifar10_test_06316,horse,horse,0.9999998807907104,True,True,correct
6317,cifar10_test_06317,truck,truck,1.0,True,True,correct
6318,cifar10_test_06318,horse,horse,0.9999998807907104,True,True,correct
6319,cifar10_test_06319,horse,horse,0.9999998807907104,True,True,correct
6320,cifar10_test_06320,airplane,airplane,0.9999992847442627,True,True,correct
6321,cifar10_test_06321,ship,ship,0.9999998807907104,True,True,correct
6322,cifar10_test_06322,deer,deer,0.9999991655349731,True,True,correct
6323,cifar10_test_06323,bird,bird,1.0,True,True,correct
6324,cifar10_test_06324,horse,horse,0.9999998807907104,True,True,correct
6325,cifar10_test_06325,horse,horse,0.9999997615814209,True,True,correct
6326,cifar10_test_06326,horse,horse,0.9999996423721313,True,True,correct
6327,cifar10_test_06327,deer,deer,0.9999996423721313,True,True,correct
6328,cifar10_test_06328,airplane,airplane,0.9999998807907104,True,True,correct
6329,cifar10_test_06329,automobile,automobile,0.9999997615814209,True,True,correct
6330,cifar10_test_06330,frog,frog,1.0,True,True,correct
6331,cifar10_test_06331,airplane,airplane,0.9999996423721313,True,True,correct
6332,cifar10_test_06332,dog,dog,0.9999998807907104,True,True,correct
6333,cifar10_test_06333,cat,cat,0.9999998807907104,True,True,correct
6334,cifar10_test_06334,airplane,airplane,0.9999998807907104,True,True,correct
6335,cifar10_test_06335,bird,bird,0.9999998807907104,True,True,correct
6336,cifar10_test_06336,deer,deer,0.9999998807907104,True,True,correct
6337,cifar10_test_06337,truck,truck,0.9999998807907104,True,True,correct
6338,cifar10_test_06338,horse,horse,1.0,True,True,correct
6339,cifar10_test_06339,cat,cat,0.9999982118606567,True,True,correct
6340,cifar10_test_06340,cat,cat,0.9999997615814209,True,True,correct
6341,cifar10_test_06341,bird,bird,0.9999997615814209,True,True,correct
6342,cifar10_test_06342,ship,ship,0.9999995231628418,True,True,correct
6343,cifar10_test_06343,ship,ship,0.9999997615814209,True,True,correct
6344,cifar10_test_06344,dog,dog,0.999998927116394,True,True,correct
6345,cifar10_test_06345,cat,cat,0.9999948740005493,True,True,correct
6346,cifar10_test_06346,ship,ship,0.9999996423721313,True,True,correct
6347,cifar10_test_06347,airplane,airplane,0.9999996423721313,True,True,correct
6348,cifar10_test_06348,ship,ship,0.9999997615814209,True,True,correct
6349,cifar10_test_06349,airplane,airplane,0.9999985694885254,True,True,correct
6350,cifar10_test_06350,airplane,airplane,0.9999986886978149,True,True,correct
6351,cifar10_test_06351,airplane,airplane,0.9999988079071045,True,True,correct
6352,cifar10_test_06352,bird,bird,1.0,True,True,correct
6353,cifar10_test_06353,bird,bird,0.9999996423721313,True,True,correct
6354,cifar10_test_06354,horse,horse,0.9999998807907104,True,True,correct
6355,cifar10_test_06355,airplane,airplane,0.9999994039535522,True,True,correct
6356,cifar10_test_06356,horse,horse,1.0,True,True,correct
6357,cifar10_test_06357,horse,horse,0.9999998807907104,True,True,correct
6358,cifar10_test_06358,horse,horse,0.9999998807907104,True,True,correct
6359,cifar10_test_06359,bird,bird,1.0,True,True,correct
6360,cifar10_test_06360,bird,bird,1.0,True,True,correct
6361,cifar10_test_06361,airplane,airplane,0.9999974966049194,True,True,correct
6362,cifar10_test_06362,deer,deer,0.9999998807907104,True,True,correct
6363,cifar10_test_06363,airplane,airplane,0.9999996423721313,True,True,correct
6364,cifar10_test_06364,cat,cat,0.9907152652740479,True,True,correct
6365,cifar10_test_06365,horse,horse,0.9999998807907104,True,True,correct
6366,cifar10_test_06366,ship,ship,0.9999973773956299,True,True,correct
6367,cifar10_test_06367,deer,deer,0.9999996423721313,True,True,correct
6368,cifar10_test_06368,horse,horse,0.9999998807907104,True,True,correct
6369,cifar10_test_06369,truck,truck,0.9999995231628418,True,True,correct
6370,cifar10_test_06370,frog,frog,1.0,True,True,correct
6371,cifar10_test_06371,automobile,automobile,0.9999997615814209,True,True,correct
6372,cifar10_test_06372,automobile,automobile,1.0,True,True,correct
6373,cifar10_test_06373,frog,frog,1.0,True,True,correct
6374,cifar10_test_06374,truck,truck,0.9999998807907104,True,True,correct
6375,cifar10_test_06375,cat,cat,0.9999946355819702,True,True,correct
6376,cifar10_test_06376,ship,ship,1.0,True,True,correct
6377,cifar10_test_06377,truck,truck,1.0,True,True,correct
6378,cifar10_test_06378,dog,dog,0.9999998807907104,True,True,correct
6379,cifar10_test_06379,ship,ship,0.9999995231628418,True,True,correct
6380,cifar10_test_06380,cat,cat,0.9999991655349731,True,True,correct
6381,cifar10_test_06381,truck,automobile,0.9960450530052185,False,True,false_negative_for_truck;false_positive_for_automobile
6382,cifar10_test_06382,deer,deer,0.9999998807907104,True,True,correct
6383,cifar10_test_06383,cat,cat,0.9999982118606567,True,True,correct
6384,cifar10_test_06384,horse,horse,0.9999997615814209,True,True,correct
6385,cifar10_test_06385,dog,dog,0.9999966621398926,True,True,correct
6386,cifar10_test_06386,dog,dog,0.9999997615814209,True,True,correct
6387,cifar10_test_06387,bird,bird,0.9999990463256836,True,True,correct
6388,cifar10_test_06388,horse,horse,1.0,True,True,correct
6389,cifar10_test_06389,dog,dog,0.9999995231628418,True,True,correct
6390,cifar10_test_06390,horse,horse,1.0,True,True,correct
6391,cifar10_test_06391,truck,truck,0.9999994039535522,True,True,correct
6392,cifar10_test_06392,frog,frog,1.0,True,True,correct
6393,cifar10_test_06393,cat,cat,0.9995325803756714,True,True,correct
6394,cifar10_test_06394,airplane,airplane,0.9999990463256836,True,True,correct
6395,cifar10_test_06395,ship,ship,0.9999996423721313,True,True,correct
6396,cifar10_test_06396,deer,deer,0.9999997615814209,True,True,correct
6397,cifar10_test_06397,dog,dog,0.9999997615814209,True,True,correct
6398,cifar10_test_06398,frog,frog,1.0,True,True,correct
6399,cifar10_test_06399,automobile,automobile,1.0,True,True,correct
6400,cifar10_test_06400,airplane,airplane,0.9999986886978149,True,True,correct
6401,cifar10_test_06401,deer,deer,0.9999896287918091,True,True,correct
6402,cifar10_test_06402,ship,ship,0.9999997615814209,True,True,correct
6403,cifar10_test_06403,deer,deer,0.9999998807907104,True,True,correct
6404,cifar10_test_06404,horse,horse,1.0,True,True,correct
6405,cifar10_test_06405,automobile,automobile,0.9999998807907104,True,True,correct
6406,cifar10_test_06406,cat,cat,0.9999972581863403,True,True,correct
6407,cifar10_test_06407,bird,bird,1.0,True,True,correct
6408,cifar10_test_06408,airplane,airplane,0.9999990463256836,True,True,correct
6409,cifar10_test_06409,truck,truck,0.9999996423721313,True,True,correct
6410,cifar10_test_06410,automobile,automobile,1.0,True,True,correct
6411,cifar10_test_06411,ship,ship,0.9999996423721313,True,True,correct
6412,cifar10_test_06412,ship,ship,0.9999982118606567,True,True,correct
6413,cifar10_test_06413,frog,frog,1.0,True,True,correct
6414,cifar10_test_06414,ship,ship,1.0,True,True,correct
6415,cifar10_test_06415,automobile,automobile,0.9999998807907104,True,True,correct
6416,cifar10_test_06416,horse,horse,1.0,True,True,correct
6417,cifar10_test_06417,automobile,automobile,0.9999998807907104,True,True,correct
6418,cifar10_test_06418,airplane,airplane,0.9999998807907104,True,True,correct
6419,cifar10_test_06419,truck,truck,0.9999923706054688,True,True,correct
6420,cifar10_test_06420,horse,horse,0.9999997615814209,True,True,correct
6421,cifar10_test_06421,frog,frog,0.9999998807907104,True,True,correct
6422,cifar10_test_06422,deer,deer,0.9999998807907104,True,True,correct
6423,cifar10_test_06423,dog,dog,0.9999998807907104,True,True,correct
6424,cifar10_test_06424,ship,ship,0.999997615814209,True,True,correct
6425,cifar10_test_06425,bird,bird,0.9999998807907104,True,True,correct
6426,cifar10_test_06426,automobile,automobile,1.0,True,True,correct
6427,cifar10_test_06427,bird,bird,1.0,True,True,correct
6428,cifar10_test_06428,dog,dog,0.9999982118606567,True,True,correct
6429,cifar10_test_06429,ship,ship,0.9999984502792358,True,True,correct
6430,cifar10_test_06430,automobile,automobile,1.0,True,True,correct
6431,cifar10_test_06431,automobile,automobile,1.0,True,True,correct
6432,cifar10_test_06432,ship,ship,0.9999996423721313,True,True,correct
6433,cifar10_test_06433,ship,ship,0.9999997615814209,True,True,correct
6434,cifar10_test_06434,airplane,airplane,0.9999990463256836,True,True,correct
6435,cifar10_test_06435,truck,truck,1.0,True,True,correct
6436,cifar10_test_06436,airplane,airplane,0.999998927116394,True,True,correct
6437,cifar10_test_06437,airplane,airplane,0.9999992847442627,True,True,correct
6438,cifar10_test_06438,deer,deer,0.9999997615814209,True,True,correct
6439,cifar10_test_06439,cat,cat,0.9999986886978149,True,True,correct
6440,cifar10_test_06440,cat,cat,0.9999995231628418,True,True,correct
6441,cifar10_test_06441,dog,dog,0.9999994039535522,True,True,correct
6442,cifar10_test_06442,frog,frog,1.0,True,True,correct
6443,cifar10_test_06443,frog,frog,0.9999991655349731,True,True,correct
6444,cifar10_test_06444,cat,cat,0.9999992847442627,True,True,correct
6445,cifar10_test_06445,automobile,automobile,1.0,True,True,correct
6446,cifar10_test_06446,deer,deer,0.9999998807907104,True,True,correct
6447,cifar10_test_06447,deer,deer,0.9999997615814209,True,True,correct
6448,cifar10_test_06448,horse,horse,0.9999997615814209,True,True,correct
6449,cifar10_test_06449,ship,ship,0.9999998807907104,True,True,correct
6450,cifar10_test_06450,airplane,airplane,0.9999996423721313,True,True,correct
6451,cifar10_test_06451,automobile,automobile,1.0,True,True,correct
6452,cifar10_test_06452,deer,deer,1.0,True,True,correct
6453,cifar10_test_06453,ship,ship,0.9999970197677612,True,True,correct
6454,cifar10_test_06454,deer,deer,0.9999998807907104,True,True,correct
6455,cifar10_test_06455,frog,frog,1.0,True,True,correct
6456,cifar10_test_06456,bird,bird,1.0,True,True,correct
6457,cifar10_test_06457,bird,bird,1.0,True,True,correct
6458,cifar10_test_06458,bird,bird,0.9999998807907104,True,True,correct
6459,cifar10_test_06459,frog,frog,1.0,True,True,correct
6460,cifar10_test_06460,cat,cat,0.9999996423721313,True,True,correct
6461,cifar10_test_06461,deer,deer,0.9999998807907104,True,True,correct
6462,cifar10_test_06462,airplane,airplane,0.9999994039535522,True,True,correct
6463,cifar10_test_06463,ship,ship,0.9999991655349731,True,True,correct
6464,cifar10_test_06464,automobile,automobile,0.9999997615814209,True,True,correct
6465,cifar10_test_06465,cat,cat,0.9999996423721313,True,True,correct
6466,cifar10_test_06466,ship,ship,0.9999998807907104,True,True,correct
6467,cifar10_test_06467,cat,cat,0.9999998807907104,True,True,correct
6468,cifar10_test_06468,ship,ship,0.9999998807907104,True,True,correct
6469,cifar10_test_06469,truck,truck,0.9999998807907104,True,True,correct
6470,cifar10_test_06470,automobile,automobile,1.0,True,True,correct
6471,cifar10_test_06471,frog,frog,1.0,True,True,correct
6472,cifar10_test_06472,automobile,automobile,1.0,True,True,correct
6473,cifar10_test_06473,truck,truck,1.0,True,True,correct
6474,cifar10_test_06474,ship,ship,0.9999997615814209,True,True,correct
6475,cifar10_test_06475,bird,bird,0.9999996423721313,True,True,correct
6476,cifar10_test_06476,airplane,airplane,0.9999996423721313,True,True,correct
6477,cifar10_test_06477,deer,deer,0.9999997615814209,True,True,correct
6478,cifar10_test_06478,horse,horse,0.9999997615814209,True,True,correct
6479,cifar10_test_06479,deer,deer,0.9999996423721313,True,True,correct
6480,cifar10_test_06480,airplane,airplane,0.9999992847442627,True,True,correct
6481,cifar10_test_06481,airplane,airplane,0.9999992847442627,True,True,correct
6482,cifar10_test_06482,horse,horse,0.9999998807907104,True,True,correct
6483,cifar10_test_06483,frog,frog,1.0,True,True,correct
6484,cifar10_test_06484,ship,ship,0.9999997615814209,True,True,correct
6485,cifar10_test_06485,truck,truck,1.0,True,True,correct
6486,cifar10_test_06486,ship,ship,0.9999988079071045,True,True,correct
6487,cifar10_test_06487,frog,frog,1.0,True,True,correct
6488,cifar10_test_06488,bird,bird,0.9999998807907104,True,True,correct
6489,cifar10_test_06489,ship,ship,0.9999998807907104,True,True,correct
6490,cifar10_test_06490,ship,ship,0.9999997615814209,True,True,correct
6491,cifar10_test_06491,airplane,airplane,0.9999995231628418,True,True,correct
6492,cifar10_test_06492,automobile,automobile,1.0,True,True,correct
6493,cifar10_test_06493,automobile,automobile,1.0,True,True,correct
6494,cifar10_test_06494,airplane,airplane,0.9999998807907104,True,True,correct
6495,cifar10_test_06495,horse,horse,0.9999998807907104,True,True,correct
6496,cifar10_test_06496,horse,horse,0.9999978542327881,True,True,correct
6497,cifar10_test_06497,deer,deer,0.9999868869781494,True,True,correct
6498,cifar10_test_06498,deer,deer,0.9999997615814209,True,True,correct
6499,cifar10_test_06499,horse,horse,0.9999998807907104,True,True,correct
6500,cifar10_test_06500,horse,horse,0.9999994039535522,True,True,correct
6501,cifar10_test_06501,bird,bird,1.0,True,True,correct
6502,cifar10_test_06502,frog,frog,0.9999998807907104,True,True,correct
6503,cifar10_test_06503,frog,frog,1.0,True,True,correct
6504,cifar10_test_06504,horse,horse,1.0,True,True,correct
6505,cifar10_test_06505,deer,deer,0.9999997615814209,True,True,correct
6506,cifar10_test_06506,dog,dog,0.9999978542327881,True,True,correct
6507,cifar10_test_06507,deer,deer,0.9999996423721313,True,True,correct
6508,cifar10_test_06508,airplane,airplane,0.9999997615814209,True,True,correct
6509,cifar10_test_06509,truck,truck,0.9999998807907104,True,True,correct
6510,cifar10_test_06510,deer,deer,0.9999998807907104,True,True,correct
6511,cifar10_test_06511,horse,horse,1.0,True,True,correct
6512,cifar10_test_06512,bird,bird,1.0,True,True,correct
6513,cifar10_test_06513,dog,dog,0.9999958276748657,True,True,correct
6514,cifar10_test_06514,cat,cat,0.9999992847442627,True,True,correct
6515,cifar10_test_06515,bird,bird,0.9999991655349731,True,True,correct
6516,cifar10_test_06516,bird,bird,1.0,True,True,correct
6517,cifar10_test_06517,horse,horse,0.9999996423721313,True,True,correct
6518,cifar10_test_06518,frog,frog,1.0,True,True,correct
6519,cifar10_test_06519,bird,bird,1.0,True,True,correct
6520,cifar10_test_06520,frog,frog,1.0,True,True,correct
6521,cifar10_test_06521,deer,deer,0.9999998807907104,True,True,correct
6522,cifar10_test_06522,truck,truck,0.9999967813491821,True,True,correct
6523,cifar10_test_06523,frog,frog,1.0,True,True,correct
6524,cifar10_test_06524,ship,ship,0.9999996423721313,True,True,correct
6525,cifar10_test_06525,cat,cat,0.9999997615814209,True,True,correct
6526,cifar10_test_06526,ship,ship,0.9999996423721313,True,True,correct
6527,cifar10_test_06527,dog,dog,1.0,True,True,correct
6528,cifar10_test_06528,dog,dog,0.9999998807907104,True,True,correct
6529,cifar10_test_06529,bird,bird,1.0,True,True,correct
6530,cifar10_test_06530,cat,cat,0.9999990463256836,True,True,correct
6531,cifar10_test_06531,deer,deer,0.9999995231628418,True,True,correct
6532,cifar10_test_06532,dog,dog,0.9999998807907104,True,True,correct
6533,cifar10_test_06533,bird,bird,0.9999980926513672,True,True,correct
6534,cifar10_test_06534,horse,horse,1.0,True,True,correct
6535,cifar10_test_06535,dog,dog,0.9999997615814209,True,True,correct
6536,cifar10_test_06536,automobile,automobile,0.9999974966049194,True,True,correct
6537,cifar10_test_06537,dog,dog,0.9999998807907104,True,True,correct
6538,cifar10_test_06538,cat,cat,0.9999996423721313,True,True,correct
6539,cifar10_test_06539,horse,horse,1.0,True,True,correct
6540,cifar10_test_06540,ship,ship,0.9999998807907104,True,True,correct
6541,cifar10_test_06541,ship,ship,0.9999994039535522,True,True,correct
6542,cifar10_test_06542,truck,truck,1.0,True,True,correct
6543,cifar10_test_06543,frog,frog,0.9999998807907104,True,True,correct
6544,cifar10_test_06544,airplane,airplane,0.9999992847442627,True,True,correct
6545,cifar10_test_06545,truck,truck,0.9506661891937256,True,True,correct
6546,cifar10_test_06546,bird,bird,1.0,True,True,correct
6547,cifar10_test_06547,frog,frog,1.0,True,True,correct
6548,cifar10_test_06548,airplane,airplane,0.9999998807907104,True,True,correct
6549,cifar10_test_06549,airplane,airplane,0.9999887943267822,True,True,correct
6550,cifar10_test_06550,automobile,automobile,1.0,True,True,correct
6551,cifar10_test_06551,deer,deer,0.9999997615814209,True,True,correct
6552,cifar10_test_06552,automobile,automobile,1.0,True,True,correct
6553,cifar10_test_06553,cat,cat,0.9998635053634644,True,True,correct
6554,cifar10_test_06554,dog,dog,0.9999997615814209,True,True,correct
6555,cifar10_test_06555,automobile,automobile,1.0,True,True,correct
6556,cifar10_test_06556,ship,ship,0.9999988079071045,True,True,correct
6557,cifar10_test_06557,truck,truck,1.0,True,True,correct
6558,cifar10_test_06558,frog,frog,1.0,True,True,correct
6559,cifar10_test_06559,bird,bird,0.9999994039535522,True,True,correct
6560,cifar10_test_06560,frog,frog,0.9999998807907104,True,True,correct
6561,cifar10_test_06561,truck,truck,0.9999997615814209,True,True,correct
6562,cifar10_test_06562,dog,dog,0.9999994039535522,True,True,correct
6563,cifar10_test_06563,frog,frog,1.0,True,True,correct
6564,cifar10_test_06564,dog,dog,0.9999998807907104,True,True,correct
6565,cifar10_test_06565,truck,truck,0.9999998807907104,True,True,correct
6566,cifar10_test_06566,automobile,automobile,1.0,True,True,correct
6567,cifar10_test_06567,deer,deer,0.9999998807907104,True,True,correct
6568,cifar10_test_06568,bird,bird,0.9999996423721313,True,True,correct
6569,cifar10_test_06569,ship,ship,0.9999836683273315,True,True,correct
6570,cifar10_test_06570,truck,truck,0.9999998807907104,True,True,correct
6571,cifar10_test_06571,dog,dog,0.9999998807907104,True,True,correct
6572,cifar10_test_06572,deer,deer,0.9999998807907104,True,True,correct
6573,cifar10_test_06573,horse,horse,0.9999996423721313,True,True,correct
6574,cifar10_test_06574,airplane,airplane,0.9999923706054688,True,True,correct
6575,cifar10_test_06575,cat,cat,0.9999995231628418,True,True,correct
6576,cifar10_test_06576,horse,horse,0.9999998807907104,True,True,correct
6577,cifar10_test_06577,automobile,automobile,1.0,True,True,correct
6578,cifar10_test_06578,frog,frog,1.0,True,True,correct
6579,cifar10_test_06579,truck,truck,0.9999998807907104,True,True,correct
6580,cifar10_test_06580,automobile,automobile,0.9999998807907104,True,True,correct
6581,cifar10_test_06581,automobile,automobile,0.9999997615814209,True,True,correct
6582,cifar10_test_06582,deer,deer,0.9999998807907104,True,True,correct
6583,cifar10_test_06583,airplane,airplane,0.9999996423721313,True,True,correct
6584,cifar10_test_06584,dog,dog,0.9999992847442627,True,True,correct
6585,cifar10_test_06585,automobile,automobile,1.0,True,True,correct
6586,cifar10_test_06586,frog,frog,1.0,True,True,correct
6587,cifar10_test_06587,cat,cat,0.9999996423721313,True,True,correct
6588,cifar10_test_06588,airplane,airplane,0.9999831914901733,True,True,correct
6589,cifar10_test_06589,bird,bird,1.0,True,True,correct
6590,cifar10_test_06590,dog,dog,0.9999985694885254,True,True,correct
6591,cifar10_test_06591,dog,dog,0.9999996423721313,True,True,correct
6592,cifar10_test_06592,dog,dog,0.9999998807907104,True,True,correct
6593,cifar10_test_06593,bird,bird,1.0,True,True,correct
6594,cifar10_test_06594,ship,ship,0.9999992847442627,True,True,correct
6595,cifar10_test_06595,bird,bird,1.0,True,True,correct
6596,cifar10_test_06596,cat,cat,0.9999991655349731,True,True,correct
6597,cifar10_test_06597,automobile,automobile,1.0,True,True,correct
6598,cifar10_test_06598,frog,frog,1.0,True,True,correct
6599,cifar10_test_06599,bird,bird,1.0,True,True,correct
6600,cifar10_test_06600,horse,horse,1.0,True,True,correct
6601,cifar10_test_06601,airplane,airplane,0.9999983310699463,True,True,correct
6602,cifar10_test_06602,ship,ship,0.9999998807907104,True,True,correct
6603,cifar10_test_06603,truck,truck,1.0,True,True,correct
6604,cifar10_test_06604,bird,bird,0.9999998807907104,True,True,correct
6605,cifar10_test_06605,frog,frog,1.0,True,True,correct
6606,cifar10_test_06606,deer,deer,0.9999998807907104,True,True,correct
6607,cifar10_test_06607,horse,horse,0.9999998807907104,True,True,correct
6608,cifar10_test_06608,dog,dog,0.9999996423721313,True,True,correct
6609,cifar10_test_06609,dog,dog,0.9999978542327881,True,True,correct
6610,cifar10_test_06610,ship,ship,0.9999997615814209,True,True,correct
6611,cifar10_test_06611,ship,ship,0.9999998807907104,True,True,correct
6612,cifar10_test_06612,horse,horse,1.0,True,True,correct
6613,cifar10_test_06613,ship,ship,0.9999988079071045,True,True,correct
6614,cifar10_test_06614,dog,dog,0.9999996423721313,True,True,correct
6615,cifar10_test_06615,horse,horse,1.0,True,True,correct
6616,cifar10_test_06616,deer,deer,1.0,True,True,correct
6617,cifar10_test_06617,deer,deer,0.9999998807907104,True,True,correct
6618,cifar10_test_06618,airplane,airplane,0.9999995231628418,True,True,correct
6619,cifar10_test_06619,airplane,airplane,0.9999996423721313,True,True,correct
6620,cifar10_test_06620,horse,horse,1.0,True,True,correct
6621,cifar10_test_06621,airplane,airplane,0.9999998807907104,True,True,correct
6622,cifar10_test_06622,deer,deer,1.0,True,True,correct
6623,cifar10_test_06623,airplane,airplane,0.9999992847442627,True,True,correct
6624,cifar10_test_06624,deer,deer,0.9999996423721313,True,True,correct
6625,cifar10_test_06625,deer,deer,0.9999997615814209,True,True,correct
6626,cifar10_test_06626,bird,bird,1.0,True,True,correct
6627,cifar10_test_06627,dog,dog,0.9999980926513672,True,True,correct
6628,cifar10_test_06628,deer,deer,0.9656238555908203,True,True,correct
6629,cifar10_test_06629,airplane,airplane,1.0,True,True,correct
6630,cifar10_test_06630,horse,horse,0.9999978542327881,True,True,correct
6631,cifar10_test_06631,horse,horse,0.9999998807907104,True,True,correct
6632,cifar10_test_06632,horse,horse,1.0,True,True,correct
6633,cifar10_test_06633,airplane,airplane,0.9999998807907104,True,True,correct
6634,cifar10_test_06634,deer,deer,0.9999998807907104,True,True,correct
6635,cifar10_test_06635,frog,frog,1.0,True,True,correct
6636,cifar10_test_06636,bird,bird,0.9999998807907104,True,True,correct
6637,cifar10_test_06637,truck,truck,1.0,True,True,correct
6638,cifar10_test_06638,automobile,automobile,1.0,True,True,correct
6639,cifar10_test_06639,automobile,automobile,1.0,True,True,correct
6640,cifar10_test_06640,dog,dog,0.9999948740005493,True,True,correct
6641,cifar10_test_06641,airplane,airplane,0.9999994039535522,True,True,correct
6642,cifar10_test_06642,truck,truck,1.0,True,True,correct
6643,cifar10_test_06643,automobile,automobile,0.9999994039535522,True,True,correct
6644,cifar10_test_06644,airplane,airplane,0.9999990463256836,True,True,correct
6645,cifar10_test_06645,frog,frog,1.0,True,True,correct
6646,cifar10_test_06646,dog,dog,0.9999967813491821,True,True,correct
6647,cifar10_test_06647,cat,cat,0.9999630451202393,True,True,correct
6648,cifar10_test_06648,airplane,airplane,0.9999994039535522,True,True,correct
6649,cifar10_test_06649,truck,truck,0.9999997615814209,True,True,correct
6650,cifar10_test_06650,airplane,airplane,0.9999992847442627,True,True,correct
6651,cifar10_test_06651,frog,frog,1.0,True,True,correct
6652,cifar10_test_06652,bird,bird,0.9999998807907104,True,True,correct
6653,cifar10_test_06653,airplane,airplane,0.9999996423721313,True,True,correct
6654,cifar10_test_06654,deer,deer,0.9999994039535522,True,True,correct
6655,cifar10_test_06655,automobile,automobile,0.9999998807907104,True,True,correct
6656,cifar10_test_06656,frog,frog,1.0,True,True,correct
6657,cifar10_test_06657,horse,horse,0.9999998807907104,True,True,correct
6658,cifar10_test_06658,frog,frog,1.0,True,True,correct
6659,cifar10_test_06659,automobile,automobile,1.0,True,True,correct
6660,cifar10_test_06660,airplane,airplane,0.9999995231628418,True,True,correct
6661,cifar10_test_06661,deer,deer,1.0,True,True,correct
6662,cifar10_test_06662,frog,frog,1.0,True,True,correct
6663,cifar10_test_06663,airplane,airplane,0.9999997615814209,True,True,correct
6664,cifar10_test_06664,deer,deer,0.9999998807907104,True,True,correct
6665,cifar10_test_06665,deer,deer,0.9999997615814209,True,True,correct
6666,cifar10_test_06666,bird,bird,0.9999998807907104,True,True,correct
6667,cifar10_test_06667,horse,horse,0.9999997615814209,True,True,correct
6668,cifar10_test_06668,frog,frog,1.0,True,True,correct
6669,cifar10_test_06669,dog,deer,0.9999619722366333,False,True,false_negative_for_dog;false_positive_for_deer
6670,cifar10_test_06670,cat,cat,0.9999687671661377,True,True,correct
6671,cifar10_test_06671,dog,dog,0.9999939203262329,True,True,correct
6672,cifar10_test_06672,truck,truck,0.9999998807907104,True,True,correct
6673,cifar10_test_06673,deer,deer,0.9999998807907104,True,True,correct
6674,cifar10_test_06674,dog,dog,0.9999998807907104,True,True,correct
6675,cifar10_test_06675,bird,bird,0.9999997615814209,True,True,correct
6676,cifar10_test_06676,airplane,airplane,0.9999997615814209,True,True,correct
6677,cifar10_test_06677,dog,dog,0.9999988079071045,True,True,correct
6678,cifar10_test_06678,horse,horse,0.9999990463256836,True,True,correct
6679,cifar10_test_06679,bird,bird,0.9999998807907104,True,True,correct
6680,cifar10_test_06680,cat,cat,0.9999974966049194,True,True,correct
6681,cifar10_test_06681,truck,truck,1.0,True,True,correct
6682,cifar10_test_06682,deer,deer,0.9999997615814209,True,True,correct
6683,cifar10_test_06683,dog,dog,0.9999997615814209,True,True,correct
6684,cifar10_test_06684,ship,ship,0.9999983310699463,True,True,correct
6685,cifar10_test_06685,automobile,automobile,0.9999998807907104,True,True,correct
6686,cifar10_test_06686,truck,truck,1.0,True,True,correct
6687,cifar10_test_06687,cat,cat,0.9999996423721313,True,True,correct
6688,cifar10_test_06688,automobile,automobile,1.0,True,True,correct
6689,cifar10_test_06689,ship,ship,0.9999997615814209,True,True,correct
6690,cifar10_test_06690,dog,dog,0.9999998807907104,True,True,correct
6691,cifar10_test_06691,ship,ship,0.9999998807907104,True,True,correct
6692,cifar10_test_06692,frog,frog,1.0,True,True,correct
6693,cifar10_test_06693,frog,frog,1.0,True,True,correct
6694,cifar10_test_06694,cat,cat,0.9999995231628418,True,True,correct
6695,cifar10_test_06695,deer,deer,0.9999996423721313,True,True,correct
6696,cifar10_test_06696,airplane,airplane,0.9999982118606567,True,True,correct
6697,cifar10_test_06697,bird,bird,0.9999946355819702,True,True,correct
6698,cifar10_test_06698,cat,cat,0.9999998807907104,True,True,correct
6699,cifar10_test_06699,bird,bird,1.0,True,True,correct
6700,cifar10_test_06700,frog,frog,1.0,True,True,correct
6701,cifar10_test_06701,automobile,automobile,1.0,True,True,correct
6702,cifar10_test_06702,ship,ship,0.9999997615814209,True,True,correct
6703,cifar10_test_06703,bird,bird,0.9999994039535522,True,True,correct
6704,cifar10_test_06704,automobile,automobile,1.0,True,True,correct
6705,cifar10_test_06705,cat,cat,0.9999996423721313,True,True,correct
6706,cifar10_test_06706,frog,frog,0.9999761581420898,True,True,correct
6707,cifar10_test_06707,bird,bird,1.0,True,True,correct
6708,cifar10_test_06708,bird,bird,0.9999998807907104,True,True,correct
6709,cifar10_test_06709,cat,cat,0.9999982118606567,True,True,correct
6710,cifar10_test_06710,cat,cat,0.9999996423721313,True,True,correct
6711,cifar10_test_06711,dog,dog,0.9999998807907104,True,True,correct
6712,cifar10_test_06712,airplane,airplane,0.9999995231628418,True,True,correct
6713,cifar10_test_06713,bird,bird,1.0,True,True,correct
6714,cifar10_test_06714,automobile,automobile,1.0,True,True,correct
6715,cifar10_test_06715,bird,bird,1.0,True,True,correct
6716,cifar10_test_06716,ship,ship,0.9999998807907104,True,True,correct
6717,cifar10_test_06717,airplane,airplane,0.9999992847442627,True,True,correct
6718,cifar10_test_06718,ship,ship,0.9999998807907104,True,True,correct
6719,cifar10_test_06719,bird,bird,0.9999998807907104,True,True,correct
6720,cifar10_test_06720,bird,bird,1.0,True,True,correct
6721,cifar10_test_06721,horse,horse,0.9999990463256836,True,True,correct
6722,cifar10_test_06722,cat,cat,0.9999994039535522,True,True,correct
6723,cifar10_test_06723,dog,dog,0.9999998807907104,True,True,correct
6724,cifar10_test_06724,truck,truck,1.0,True,True,correct
6725,cifar10_test_06725,ship,ship,0.9999998807907104,True,True,correct
6726,cifar10_test_06726,cat,cat,0.9999996423721313,True,True,correct
6727,cifar10_test_06727,frog,frog,1.0,True,True,correct
6728,cifar10_test_06728,automobile,automobile,1.0,True,True,correct
6729,cifar10_test_06729,airplane,airplane,0.9999996423721313,True,True,correct
6730,cifar10_test_06730,ship,ship,0.9999998807907104,True,True,correct
6731,cifar10_test_06731,frog,frog,1.0,True,True,correct
6732,cifar10_test_06732,cat,cat,0.9999979734420776,True,True,correct
6733,cifar10_test_06733,dog,dog,0.9999995231628418,True,True,correct
6734,cifar10_test_06734,ship,ship,0.9999997615814209,True,True,correct
6735,cifar10_test_06735,truck,truck,1.0,True,True,correct
6736,cifar10_test_06736,deer,deer,0.9999998807907104,True,True,correct
6737,cifar10_test_06737,ship,ship,0.9999997615814209,True,True,correct
6738,cifar10_test_06738,airplane,airplane,0.9999997615814209,True,True,correct
6739,cifar10_test_06739,airplane,airplane,0.9999995231628418,True,True,correct
6740,cifar10_test_06740,bird,bird,1.0,True,True,correct
6741,cifar10_test_06741,truck,truck,0.9999998807907104,True,True,correct
6742,cifar10_test_06742,automobile,automobile,1.0,True,True,correct
6743,cifar10_test_06743,ship,ship,0.9999998807907104,True,True,correct
6744,cifar10_test_06744,cat,cat,0.9999996423721313,True,True,correct
6745,cifar10_test_06745,horse,horse,0.9999997615814209,True,True,correct
6746,cifar10_test_06746,bird,bird,0.9999998807907104,True,True,correct
6747,cifar10_test_06747,ship,ship,0.9999998807907104,True,True,correct
6748,cifar10_test_06748,airplane,airplane,0.9999998807907104,True,True,correct
6749,cifar10_test_06749,truck,truck,0.9999998807907104,True,True,correct
6750,cifar10_test_06750,deer,cat,0.70218825340271,False,True,false_negative_for_deer;false_positive_for_cat
6751,cifar10_test_06751,ship,ship,0.9999997615814209,True,True,correct
6752,cifar10_test_06752,truck,truck,1.0,True,True,correct
6753,cifar10_test_06753,deer,deer,0.9999988079071045,True,True,correct
6754,cifar10_test_06754,ship,ship,1.0,True,True,correct
6755,cifar10_test_06755,truck,truck,1.0,True,True,correct
6756,cifar10_test_06756,dog,dog,0.9999980926513672,True,True,correct
6757,cifar10_test_06757,deer,deer,1.0,True,True,correct
6758,cifar10_test_06758,ship,ship,0.9999998807907104,True,True,correct
6759,cifar10_test_06759,automobile,truck,0.9999914169311523,False,True,false_negative_for_automobile;false_positive_for_truck
6760,cifar10_test_06760,dog,dog,0.9999998807907104,True,True,correct
6761,cifar10_test_06761,dog,dog,0.9999998807907104,True,True,correct
6762,cifar10_test_06762,horse,horse,0.9999610185623169,True,True,correct
6763,cifar10_test_06763,bird,bird,0.9999914169311523,True,True,correct
6764,cifar10_test_06764,dog,dog,0.9999983310699463,True,True,correct
6765,cifar10_test_06765,ship,ship,0.9999994039535522,True,True,correct
6766,cifar10_test_06766,ship,ship,0.9999997615814209,True,True,correct
6767,cifar10_test_06767,automobile,automobile,1.0,True,True,correct
6768,cifar10_test_06768,bird,bird,0.9999998807907104,True,True,correct
6769,cifar10_test_06769,cat,cat,0.9999996423721313,True,True,correct
6770,cifar10_test_06770,automobile,automobile,1.0,True,True,correct
6771,cifar10_test_06771,dog,dog,0.9999996423721313,True,True,correct
6772,cifar10_test_06772,airplane,airplane,0.9999994039535522,True,True,correct
6773,cifar10_test_06773,bird,bird,1.0,True,True,correct
6774,cifar10_test_06774,cat,cat,0.9988284707069397,True,True,correct
6775,cifar10_test_06775,airplane,airplane,0.9999995231628418,True,True,correct
6776,cifar10_test_06776,ship,ship,0.9999998807907104,True,True,correct
6777,cifar10_test_06777,bird,bird,1.0,True,True,correct
6778,cifar10_test_06778,bird,bird,0.9999990463256836,True,True,correct
6779,cifar10_test_06779,ship,ship,0.9999990463256836,True,True,correct
6780,cifar10_test_06780,horse,horse,1.0,True,True,correct
6781,cifar10_test_06781,cat,cat,0.9999994039535522,True,True,correct
6782,cifar10_test_06782,dog,dog,0.9999998807907104,True,True,correct
6783,cifar10_test_06783,cat,cat,0.9999995231628418,True,True,correct
6784,cifar10_test_06784,truck,truck,0.9999998807907104,True,True,correct
6785,cifar10_test_06785,frog,frog,0.9999998807907104,True,True,correct
6786,cifar10_test_06786,cat,cat,0.9999958276748657,True,True,correct
6787,cifar10_test_06787,dog,dog,0.999998927116394,True,True,correct
6788,cifar10_test_06788,automobile,automobile,1.0,True,True,correct
6789,cifar10_test_06789,automobile,automobile,1.0,True,True,correct
6790,cifar10_test_06790,horse,horse,0.9999995231628418,True,True,correct
6791,cifar10_test_06791,horse,horse,0.9999997615814209,True,True,correct
6792,cifar10_test_06792,cat,ship,0.9999291896820068,False,True,false_negative_for_cat;false_positive_for_ship
6793,cifar10_test_06793,cat,cat,0.9999979734420776,True,True,correct
6794,cifar10_test_06794,ship,ship,0.9999998807907104,True,True,correct
6795,cifar10_test_06795,truck,truck,0.9999979734420776,True,True,correct
6796,cifar10_test_06796,frog,frog,1.0,True,True,correct
6797,cifar10_test_06797,airplane,airplane,0.9999994039535522,True,True,correct
6798,cifar10_test_06798,ship,ship,0.9999998807907104,True,True,correct
6799,cifar10_test_06799,airplane,airplane,0.9999985694885254,True,True,correct
6800,cifar10_test_06800,frog,frog,1.0,True,True,correct
6801,cifar10_test_06801,frog,frog,1.0,True,True,correct
6802,cifar10_test_06802,deer,deer,0.9999998807907104,True,True,correct
6803,cifar10_test_06803,frog,frog,1.0,True,True,correct
6804,cifar10_test_06804,truck,truck,0.9999998807907104,True,True,correct
6805,cifar10_test_06805,automobile,automobile,1.0,True,True,correct
6806,cifar10_test_06806,automobile,automobile,1.0,True,True,correct
6807,cifar10_test_06807,horse,horse,0.9999998807907104,True,True,correct
6808,cifar10_test_06808,airplane,airplane,0.9999992847442627,True,True,correct
6809,cifar10_test_06809,frog,frog,0.9999998807907104,True,True,correct
6810,cifar10_test_06810,ship,ship,0.9999998807907104,True,True,correct
6811,cifar10_test_06811,truck,truck,0.9999995231628418,True,True,correct
6812,cifar10_test_06812,airplane,airplane,0.9999997615814209,True,True,correct
6813,cifar10_test_06813,frog,frog,1.0,True,True,correct
6814,cifar10_test_06814,truck,truck,0.9999995231628418,True,True,correct
6815,cifar10_test_06815,airplane,airplane,0.9999990463256836,True,True,correct
6816,cifar10_test_06816,automobile,automobile,1.0,True,True,correct
6817,cifar10_test_06817,automobile,automobile,1.0,True,True,correct
6818,cifar10_test_06818,horse,horse,1.0,True,True,correct
6819,cifar10_test_06819,bird,bird,0.9999997615814209,True,True,correct
6820,cifar10_test_06820,automobile,automobile,1.0,True,True,correct
6821,cifar10_test_06821,airplane,airplane,0.9999996423721313,True,True,correct
6822,cifar10_test_06822,deer,deer,0.9999996423721313,True,True,correct
6823,cifar10_test_06823,dog,dog,0.9999998807907104,True,True,correct
6824,cifar10_test_06824,airplane,airplane,0.9999996423721313,True,True,correct
6825,cifar10_test_06825,cat,deer,0.9997770190238953,False,True,false_negative_for_cat;false_positive_for_deer
6826,cifar10_test_06826,frog,frog,0.9999997615814209,True,True,correct
6827,cifar10_test_06827,cat,cat,0.9999994039535522,True,True,correct
6828,cifar10_test_06828,cat,dog,0.9876015782356262,False,True,false_negative_for_cat;false_positive_for_dog
6829,cifar10_test_06829,ship,ship,0.9999986886978149,True,True,correct
6830,cifar10_test_06830,automobile,automobile,0.9999998807907104,True,True,correct
6831,cifar10_test_06831,ship,ship,0.9999997615814209,True,True,correct
6832,cifar10_test_06832,automobile,automobile,1.0,True,True,correct
6833,cifar10_test_06833,cat,cat,0.9999995231628418,True,True,correct
6834,cifar10_test_06834,automobile,automobile,1.0,True,True,correct
6835,cifar10_test_06835,dog,dog,1.0,True,True,correct
6836,cifar10_test_06836,deer,deer,0.9999996423721313,True,True,correct
6837,cifar10_test_06837,dog,dog,0.9995636343955994,True,True,correct
6838,cifar10_test_06838,automobile,automobile,1.0,True,True,correct
6839,cifar10_test_06839,ship,ship,0.9999997615814209,True,True,correct
6840,cifar10_test_06840,truck,truck,0.9999998807907104,True,True,correct
6841,cifar10_test_06841,automobile,automobile,0.9999995231628418,True,True,correct
6842,cifar10_test_06842,cat,cat,0.9998708963394165,True,True,correct
6843,cifar10_test_06843,automobile,automobile,1.0,True,True,correct
6844,cifar10_test_06844,horse,horse,0.9999998807907104,True,True,correct
6845,cifar10_test_06845,bird,bird,0.9999996423721313,True,True,correct
6846,cifar10_test_06846,truck,truck,0.9999997615814209,True,True,correct
6847,cifar10_test_06847,ship,ship,0.9999998807907104,True,True,correct
6848,cifar10_test_06848,truck,truck,0.9999997615814209,True,True,correct
6849,cifar10_test_06849,deer,deer,0.9999994039535522,True,True,correct
6850,cifar10_test_06850,frog,frog,1.0,True,True,correct
6851,cifar10_test_06851,airplane,airplane,0.9999991655349731,True,True,correct
6852,cifar10_test_06852,truck,truck,1.0,True,True,correct
6853,cifar10_test_06853,deer,deer,0.9999984502792358,True,True,correct
6854,cifar10_test_06854,airplane,airplane,0.999998927116394,True,True,correct
6855,cifar10_test_06855,deer,deer,0.9999997615814209,True,True,correct
6856,cifar10_test_06856,frog,frog,1.0,True,True,correct
6857,cifar10_test_06857,bird,bird,0.9999998807907104,True,True,correct
6858,cifar10_test_06858,automobile,automobile,1.0,True,True,correct
6859,cifar10_test_06859,cat,automobile,0.9992825388908386,False,True,false_negative_for_cat;false_positive_for_automobile
6860,cifar10_test_06860,airplane,airplane,0.9999997615814209,True,True,correct
6861,cifar10_test_06861,ship,ship,0.9999971389770508,True,True,correct
6862,cifar10_test_06862,dog,dog,0.9999994039535522,True,True,correct
6863,cifar10_test_06863,frog,frog,1.0,True,True,correct
6864,cifar10_test_06864,airplane,airplane,0.9999996423721313,True,True,correct
6865,cifar10_test_06865,cat,cat,0.9999765157699585,True,True,correct
6866,cifar10_test_06866,deer,deer,0.9999997615814209,True,True,correct
6867,cifar10_test_06867,frog,frog,1.0,True,True,correct
6868,cifar10_test_06868,truck,truck,0.9999998807907104,True,True,correct
6869,cifar10_test_06869,dog,dog,0.9999415874481201,True,True,correct
6870,cifar10_test_06870,horse,horse,0.9999996423721313,True,True,correct
6871,cifar10_test_06871,truck,truck,0.9999998807907104,True,True,correct
6872,cifar10_test_06872,airplane,airplane,0.9999998807907104,True,True,correct
6873,cifar10_test_06873,cat,cat,0.9999966621398926,True,True,correct
6874,cifar10_test_06874,frog,frog,1.0,True,True,correct
6875,cifar10_test_06875,dog,dog,0.9999998807907104,True,True,correct
6876,cifar10_test_06876,horse,horse,0.9999998807907104,True,True,correct
6877,cifar10_test_06877,airplane,ship,0.9955329895019531,False,True,false_negative_for_airplane;false_positive_for_ship
6878,cifar10_test_06878,dog,dog,0.9999998807907104,True,True,correct
6879,cifar10_test_06879,automobile,automobile,0.9999996423721313,True,True,correct
6880,cifar10_test_06880,bird,bird,1.0,True,True,correct
6881,cifar10_test_06881,bird,bird,1.0,True,True,correct
6882,cifar10_test_06882,truck,truck,1.0,True,True,correct
6883,cifar10_test_06883,horse,horse,0.9999986886978149,True,True,correct
6884,cifar10_test_06884,airplane,airplane,0.999998927116394,True,True,correct
6885,cifar10_test_06885,airplane,airplane,0.9999994039535522,True,True,correct
6886,cifar10_test_06886,automobile,automobile,1.0,True,True,correct
6887,cifar10_test_06887,deer,deer,0.9999996423721313,True,True,correct
6888,cifar10_test_06888,deer,deer,0.9999998807907104,True,True,correct
6889,cifar10_test_06889,dog,dog,0.9999998807907104,True,True,correct
6890,cifar10_test_06890,dog,dog,0.9999998807907104,True,True,correct
6891,cifar10_test_06891,truck,truck,1.0,True,True,correct
6892,cifar10_test_06892,frog,frog,1.0,True,True,correct
6893,cifar10_test_06893,cat,cat,1.0,True,True,correct
6894,cifar10_test_06894,frog,frog,1.0,True,True,correct
6895,cifar10_test_06895,bird,bird,0.9999998807907104,True,True,correct
6896,cifar10_test_06896,frog,frog,1.0,True,True,correct
6897,cifar10_test_06897,truck,truck,0.9999998807907104,True,True,correct
6898,cifar10_test_06898,cat,cat,0.9999991655349731,True,True,correct
6899,cifar10_test_06899,bird,bird,0.9999997615814209,True,True,correct
6900,cifar10_test_06900,cat,cat,0.9999831914901733,True,True,correct
6901,cifar10_test_06901,bird,bird,1.0,True,True,correct
6902,cifar10_test_06902,deer,deer,1.0,True,True,correct
6903,cifar10_test_06903,truck,truck,1.0,True,True,correct
6904,cifar10_test_06904,dog,dog,0.9999998807907104,True,True,correct
6905,cifar10_test_06905,bird,bird,1.0,True,True,correct
6906,cifar10_test_06906,automobile,automobile,0.9999998807907104,True,True,correct
6907,cifar10_test_06907,frog,frog,1.0,True,True,correct
6908,cifar10_test_06908,frog,frog,1.0,True,True,correct
6909,cifar10_test_06909,deer,deer,1.0,True,True,correct
6910,cifar10_test_06910,horse,horse,0.9999998807907104,True,True,correct
6911,cifar10_test_06911,frog,frog,1.0,True,True,correct
6912,cifar10_test_06912,cat,cat,0.9999071359634399,True,True,correct
6913,cifar10_test_06913,cat,cat,0.9999978542327881,True,True,correct
6914,cifar10_test_06914,ship,ship,0.9999996423721313,True,True,correct
6915,cifar10_test_06915,automobile,automobile,1.0,True,True,correct
6916,cifar10_test_06916,deer,deer,0.9999996423721313,True,True,correct
6917,cifar10_test_06917,frog,frog,0.9999998807907104,True,True,correct
6918,cifar10_test_06918,deer,deer,1.0,True,True,correct
6919,cifar10_test_06919,deer,deer,0.9999988079071045,True,True,correct
6920,cifar10_test_06920,dog,dog,0.9999998807907104,True,True,correct
6921,cifar10_test_06921,frog,frog,0.9999997615814209,True,True,correct
6922,cifar10_test_06922,bird,bird,1.0,True,True,correct
6923,cifar10_test_06923,airplane,airplane,0.9999991655349731,True,True,correct
6924,cifar10_test_06924,dog,dog,0.9999997615814209,True,True,correct
6925,cifar10_test_06925,bird,bird,1.0,True,True,correct
6926,cifar10_test_06926,horse,horse,1.0,True,True,correct
6927,cifar10_test_06927,dog,dog,0.9999998807907104,True,True,correct
6928,cifar10_test_06928,bird,bird,1.0,True,True,correct
6929,cifar10_test_06929,dog,dog,1.0,True,True,correct
6930,cifar10_test_06930,bird,bird,1.0,True,True,correct
6931,cifar10_test_06931,dog,dog,0.9999996423721313,True,True,correct
6932,cifar10_test_06932,truck,truck,0.9999998807907104,True,True,correct
6933,cifar10_test_06933,airplane,airplane,0.9999939203262329,True,True,correct
6934,cifar10_test_06934,frog,frog,1.0,True,True,correct
6935,cifar10_test_06935,horse,horse,0.9999998807907104,True,True,correct
6936,cifar10_test_06936,truck,truck,1.0,True,True,correct
6937,cifar10_test_06937,ship,ship,0.9999996423721313,True,True,correct
6938,cifar10_test_06938,cat,cat,0.9999994039535522,True,True,correct
6939,cifar10_test_06939,bird,bird,1.0,True,True,correct
6940,cifar10_test_06940,automobile,automobile,1.0,True,True,correct
6941,cifar10_test_06941,deer,deer,0.9999996423721313,True,True,correct
6942,cifar10_test_06942,cat,cat,0.9998693466186523,True,True,correct
6943,cifar10_test_06943,deer,deer,0.9999998807907104,True,True,correct
6944,cifar10_test_06944,dog,dog,0.9999998807907104,True,True,correct
6945,cifar10_test_06945,dog,dog,0.9999998807907104,True,True,correct
6946,cifar10_test_06946,frog,frog,0.9999998807907104,True,True,correct
6947,cifar10_test_06947,ship,ship,0.9999997615814209,True,True,correct
6948,cifar10_test_06948,frog,frog,0.9999998807907104,True,True,correct
6949,cifar10_test_06949,airplane,airplane,0.9999997615814209,True,True,correct
6950,cifar10_test_06950,ship,ship,0.9999974966049194,True,True,correct
6951,cifar10_test_06951,truck,truck,0.9999998807907104,True,True,correct
6952,cifar10_test_06952,ship,ship,0.9999991655349731,True,True,correct
6953,cifar10_test_06953,airplane,airplane,0.9999994039535522,True,True,correct
6954,cifar10_test_06954,horse,horse,0.9999997615814209,True,True,correct
6955,cifar10_test_06955,horse,horse,1.0,True,True,correct
6956,cifar10_test_06956,frog,frog,1.0,True,True,correct
6957,cifar10_test_06957,frog,frog,0.9999998807907104,True,True,correct
6958,cifar10_test_06958,horse,horse,0.9999998807907104,True,True,correct
6959,cifar10_test_06959,dog,dog,0.9998983144760132,True,True,correct
6960,cifar10_test_06960,truck,truck,1.0,True,True,correct
6961,cifar10_test_06961,ship,ship,0.9999992847442627,True,True,correct
6962,cifar10_test_06962,horse,horse,0.9999967813491821,True,True,correct
6963,cifar10_test_06963,truck,truck,1.0,True,True,correct
6964,cifar10_test_06964,dog,dog,0.9999998807907104,True,True,correct
6965,cifar10_test_06965,frog,frog,0.9999995231628418,True,True,correct
6966,cifar10_test_06966,airplane,airplane,0.9999977350234985,True,True,correct
6967,cifar10_test_06967,deer,deer,0.9999997615814209,True,True,correct
6968,cifar10_test_06968,ship,ship,0.9999992847442627,True,True,correct
6969,cifar10_test_06969,bird,bird,0.9999998807907104,True,True,correct
6970,cifar10_test_06970,airplane,bird,0.9977282881736755,False,True,false_negative_for_airplane;false_positive_for_bird
6971,cifar10_test_06971,truck,truck,1.0,True,True,correct
6972,cifar10_test_06972,automobile,automobile,0.9999998807907104,True,True,correct
6973,cifar10_test_06973,cat,dog,0.9989804625511169,False,True,false_negative_for_cat;false_positive_for_dog
6974,cifar10_test_06974,truck,truck,0.9999998807907104,True,True,correct
6975,cifar10_test_06975,ship,ship,0.9999991655349731,True,True,correct
6976,cifar10_test_06976,cat,cat,0.9999998807907104,True,True,correct
6977,cifar10_test_06977,horse,horse,0.9999998807907104,True,True,correct
6978,cifar10_test_06978,deer,deer,0.9999996423721313,True,True,correct
6979,cifar10_test_06979,dog,dog,1.0,True,True,correct
6980,cifar10_test_06980,airplane,airplane,0.9999892711639404,True,True,correct
6981,cifar10_test_06981,bird,bird,1.0,True,True,correct
6982,cifar10_test_06982,automobile,automobile,1.0,True,True,correct
6983,cifar10_test_06983,truck,truck,0.9993612170219421,True,True,correct
6984,cifar10_test_06984,automobile,automobile,1.0,True,True,correct
6985,cifar10_test_06985,airplane,airplane,0.9999985694885254,True,True,correct
6986,cifar10_test_06986,dog,dog,0.9999990463256836,True,True,correct
6987,cifar10_test_06987,ship,ship,0.9999997615814209,True,True,correct
6988,cifar10_test_06988,deer,deer,0.9999998807907104,True,True,correct
6989,cifar10_test_06989,horse,horse,1.0,True,True,correct
6990,cifar10_test_06990,cat,cat,0.9999996423721313,True,True,correct
6991,cifar10_test_06991,automobile,automobile,1.0,True,True,correct
6992,cifar10_test_06992,deer,deer,0.9999998807907104,True,True,correct
6993,cifar10_test_06993,dog,dog,0.9999994039535522,True,True,correct
6994,cifar10_test_06994,cat,cat,0.9962083101272583,True,True,correct
6995,cifar10_test_06995,automobile,automobile,0.9999998807907104,True,True,correct
6996,cifar10_test_06996,airplane,airplane,0.9999997615814209,True,True,correct
6997,cifar10_test_06997,ship,ship,0.9999998807907104,True,True,correct
6998,cifar10_test_06998,ship,ship,0.9999997615814209,True,True,correct
6999,cifar10_test_06999,ship,ship,0.9999998807907104,True,True,correct
7000,cifar10_test_07000,bird,ship,0.9999969005584717,False,True,false_negative_for_bird;false_positive_for_ship
7001,cifar10_test_07001,automobile,automobile,0.9999998807907104,True,True,correct
7002,cifar10_test_07002,cat,dog,0.9999995231628418,False,True,false_negative_for_cat;false_positive_for_dog
7003,cifar10_test_07003,horse,horse,0.9999998807907104,True,True,correct
7004,cifar10_test_07004,cat,cat,0.999998927116394,True,True,correct
7005,cifar10_test_07005,automobile,automobile,0.9999812841415405,True,True,correct
7006,cifar10_test_07006,frog,frog,1.0,True,True,correct
7007,cifar10_test_07007,truck,truck,0.9999995231628418,True,True,correct
7008,cifar10_test_07008,automobile,automobile,1.0,True,True,correct
7009,cifar10_test_07009,frog,frog,1.0,True,True,correct
7010,cifar10_test_07010,airplane,airplane,0.9999991655349731,True,True,correct
7011,cifar10_test_07011,horse,horse,0.9999996423721313,True,True,correct
7012,cifar10_test_07012,horse,horse,0.9999997615814209,True,True,correct
7013,cifar10_test_07013,automobile,automobile,1.0,True,True,correct
7014,cifar10_test_07014,cat,cat,0.9999995231628418,True,True,correct
7015,cifar10_test_07015,cat,cat,0.9999995231628418,True,True,correct
7016,cifar10_test_07016,cat,cat,0.9999992847442627,True,True,correct
7017,cifar10_test_07017,automobile,automobile,0.9999996423721313,True,True,correct
7018,cifar10_test_07018,airplane,airplane,0.9999998807907104,True,True,correct
7019,cifar10_test_07019,bird,bird,1.0,True,True,correct
7020,cifar10_test_07020,horse,horse,1.0,True,True,correct
7021,cifar10_test_07021,automobile,automobile,0.9999998807907104,True,True,correct
7022,cifar10_test_07022,bird,bird,0.9999998807907104,True,True,correct
7023,cifar10_test_07023,bird,bird,1.0,True,True,correct
7024,cifar10_test_07024,truck,truck,0.9999998807907104,True,True,correct
7025,cifar10_test_07025,frog,frog,1.0,True,True,correct
7026,cifar10_test_07026,cat,cat,0.9999990463256836,True,True,correct
7027,cifar10_test_07027,dog,dog,0.9999998807907104,True,True,correct
7028,cifar10_test_07028,truck,truck,0.9999998807907104,True,True,correct
7029,cifar10_test_07029,deer,deer,0.9999998807907104,True,True,correct
7030,cifar10_test_07030,ship,ship,0.9999992847442627,True,True,correct
7031,cifar10_test_07031,airplane,airplane,0.9999995231628418,True,True,correct
7032,cifar10_test_07032,deer,deer,0.9999994039535522,True,True,correct
7033,cifar10_test_07033,ship,ship,0.9999998807907104,True,True,correct
7034,cifar10_test_07034,airplane,airplane,0.9999996423721313,True,True,correct
7035,cifar10_test_07035,automobile,automobile,0.9999998807907104,True,True,correct
7036,cifar10_test_07036,cat,cat,0.9999992847442627,True,True,correct
7037,cifar10_test_07037,horse,horse,0.9999997615814209,True,True,correct
7038,cifar10_test_07038,airplane,airplane,0.9999995231628418,True,True,correct
7039,cifar10_test_07039,deer,deer,0.9999998807907104,True,True,correct
7040,cifar10_test_07040,horse,horse,0.9806082248687744,True,True,correct
7041,cifar10_test_07041,deer,deer,1.0,True,True,correct
7042,cifar10_test_07042,ship,ship,0.9999994039535522,True,True,correct
7043,cifar10_test_07043,frog,frog,1.0,True,True,correct
7044,cifar10_test_07044,deer,deer,0.9999997615814209,True,True,correct
7045,cifar10_test_07045,cat,cat,0.9999998807907104,True,True,correct
7046,cifar10_test_07046,truck,truck,0.9999998807907104,True,True,correct
7047,cifar10_test_07047,ship,ship,0.9999998807907104,True,True,correct
7048,cifar10_test_07048,bird,bird,0.9999996423721313,True,True,correct
7049,cifar10_test_07049,bird,bird,1.0,True,True,correct
7050,cifar10_test_07050,ship,ship,0.9999990463256836,True,True,correct
7051,cifar10_test_07051,cat,cat,0.9999998807907104,True,True,correct
7052,cifar10_test_07052,automobile,automobile,1.0,True,True,correct
7053,cifar10_test_07053,automobile,automobile,1.0,True,True,correct
7054,cifar10_test_07054,bird,bird,0.9999998807907104,True,True,correct
7055,cifar10_test_07055,ship,ship,1.0,True,True,correct
7056,cifar10_test_07056,bird,bird,1.0,True,True,correct
7057,cifar10_test_07057,frog,frog,0.9999998807907104,True,True,correct
7058,cifar10_test_07058,truck,truck,1.0,True,True,correct
7059,cifar10_test_07059,deer,deer,0.9999995231628418,True,True,correct
7060,cifar10_test_07060,ship,ship,0.9999991655349731,True,True,correct
7061,cifar10_test_07061,deer,deer,0.9999996423721313,True,True,correct
7062,cifar10_test_07062,deer,deer,0.9999997615814209,True,True,correct
7063,cifar10_test_07063,automobile,automobile,1.0,True,True,correct
7064,cifar10_test_07064,dog,dog,0.9999998807907104,True,True,correct
7065,cifar10_test_07065,bird,bird,0.9999997615814209,True,True,correct
7066,cifar10_test_07066,frog,frog,1.0,True,True,correct
7067,cifar10_test_07067,truck,truck,1.0,True,True,correct
7068,cifar10_test_07068,bird,bird,0.9999967813491821,True,True,correct
7069,cifar10_test_07069,airplane,airplane,0.9999995231628418,True,True,correct
7070,cifar10_test_07070,horse,horse,1.0,True,True,correct
7071,cifar10_test_07071,automobile,automobile,1.0,True,True,correct
7072,cifar10_test_07072,ship,ship,0.9999995231628418,True,True,correct
7073,cifar10_test_07073,truck,truck,1.0,True,True,correct
7074,cifar10_test_07074,cat,cat,0.99998939037323,True,True,correct
7075,cifar10_test_07075,truck,truck,0.9999990463256836,True,True,correct
7076,cifar10_test_07076,truck,truck,1.0,True,True,correct
7077,cifar10_test_07077,airplane,airplane,0.9999996423721313,True,True,correct
7078,cifar10_test_07078,horse,horse,0.9999996423721313,True,True,correct
7079,cifar10_test_07079,horse,horse,1.0,True,True,correct
7080,cifar10_test_07080,dog,dog,0.9999959468841553,True,True,correct
7081,cifar10_test_07081,deer,deer,0.9999997615814209,True,True,correct
7082,cifar10_test_07082,bird,bird,0.9999995231628418,True,True,correct
7083,cifar10_test_07083,frog,frog,0.9999998807907104,True,True,correct
7084,cifar10_test_07084,deer,deer,0.9999996423721313,True,True,correct
7085,cifar10_test_07085,dog,dog,0.9999998807907104,True,True,correct
7086,cifar10_test_07086,horse,horse,0.9999998807907104,True,True,correct
7087,cifar10_test_07087,horse,horse,0.9999996423721313,True,True,correct
7088,cifar10_test_07088,ship,ship,0.9999997615814209,True,True,correct
7089,cifar10_test_07089,horse,horse,1.0,True,True,correct
7090,cifar10_test_07090,bird,bird,0.9992051720619202,True,True,correct
7091,cifar10_test_07091,frog,frog,1.0,True,True,correct
7092,cifar10_test_07092,bird,bird,1.0,True,True,correct
7093,cifar10_test_07093,bird,bird,0.9999998807907104,True,True,correct
7094,cifar10_test_07094,deer,deer,0.9999998807907104,True,True,correct
7095,cifar10_test_07095,deer,deer,0.9999997615814209,True,True,correct
7096,cifar10_test_07096,airplane,airplane,0.9999996423721313,True,True,correct
7097,cifar10_test_07097,horse,horse,0.9999998807907104,True,True,correct
7098,cifar10_test_07098,automobile,automobile,1.0,True,True,correct
7099,cifar10_test_07099,cat,dog,0.9999994039535522,False,True,false_negative_for_cat;false_positive_for_dog
7100,cifar10_test_07100,truck,truck,1.0,True,True,correct
7101,cifar10_test_07101,frog,frog,1.0,True,True,correct
7102,cifar10_test_07102,airplane,airplane,0.9999990463256836,True,True,correct
7103,cifar10_test_07103,airplane,airplane,0.9999994039535522,True,True,correct
7104,cifar10_test_07104,bird,bird,1.0,True,True,correct
7105,cifar10_test_07105,cat,cat,0.9999994039535522,True,True,correct
7106,cifar10_test_07106,ship,ship,0.9999997615814209,True,True,correct
7107,cifar10_test_07107,bird,bird,0.8954553604125977,True,True,correct
7108,cifar10_test_07108,bird,bird,1.0,True,True,correct
7109,cifar10_test_07109,deer,deer,0.9999997615814209,True,True,correct
7110,cifar10_test_07110,cat,cat,0.9999995231628418,True,True,correct
7111,cifar10_test_07111,dog,dog,0.9999998807907104,True,True,correct
7112,cifar10_test_07112,bird,bird,0.9999998807907104,True,True,correct
7113,cifar10_test_07113,truck,truck,0.999998927116394,True,True,correct
7114,cifar10_test_07114,automobile,automobile,0.9999998807907104,True,True,correct
7115,cifar10_test_07115,airplane,airplane,0.9999988079071045,True,True,correct
7116,cifar10_test_07116,airplane,airplane,0.9999995231628418,True,True,correct
7117,cifar10_test_07117,frog,frog,1.0,True,True,correct
7118,cifar10_test_07118,dog,dog,0.9999998807907104,True,True,correct
7119,cifar10_test_07119,dog,dog,0.9999997615814209,True,True,correct
7120,cifar10_test_07120,horse,horse,0.9999997615814209,True,True,correct
7121,cifar10_test_07121,truck,truck,0.9999998807907104,True,True,correct
7122,cifar10_test_07122,truck,truck,0.9999997615814209,True,True,correct
7123,cifar10_test_07123,frog,frog,1.0,True,True,correct
7124,cifar10_test_07124,dog,dog,0.9999997615814209,True,True,correct
7125,cifar10_test_07125,dog,dog,0.9999997615814209,True,True,correct
7126,cifar10_test_07126,airplane,airplane,0.9999997615814209,True,True,correct
7127,cifar10_test_07127,dog,dog,0.9999997615814209,True,True,correct
7128,cifar10_test_07128,horse,horse,0.9999998807907104,True,True,correct
7129,cifar10_test_07129,automobile,automobile,1.0,True,True,correct
7130,cifar10_test_07130,frog,frog,1.0,True,True,correct
7131,cifar10_test_07131,frog,frog,1.0,True,True,correct
7132,cifar10_test_07132,deer,deer,0.9999996423721313,True,True,correct
7133,cifar10_test_07133,automobile,automobile,1.0,True,True,correct
7134,cifar10_test_07134,deer,deer,0.9999997615814209,True,True,correct
7135,cifar10_test_07135,deer,deer,0.9999990463256836,True,True,correct
7136,cifar10_test_07136,automobile,automobile,0.9999998807907104,True,True,correct
7137,cifar10_test_07137,dog,dog,0.9999998807907104,True,True,correct
7138,cifar10_test_07138,airplane,airplane,0.9999994039535522,True,True,correct
7139,cifar10_test_07139,airplane,airplane,0.9999990463256836,True,True,correct
7140,cifar10_test_07140,deer,deer,0.9999998807907104,True,True,correct
7141,cifar10_test_07141,dog,dog,0.9999995231628418,True,True,correct
7142,cifar10_test_07142,ship,ship,0.9999988079071045,True,True,correct
7143,cifar10_test_07143,deer,deer,0.9999998807907104,True,True,correct
7144,cifar10_test_07144,ship,ship,0.9999998807907104,True,True,correct
7145,cifar10_test_07145,cat,cat,0.9999992847442627,True,True,correct
7146,cifar10_test_07146,airplane,airplane,0.9999998807907104,True,True,correct
7147,cifar10_test_07147,dog,dog,0.9999998807907104,True,True,correct
7148,cifar10_test_07148,airplane,airplane,0.9999998807907104,True,True,correct
7149,cifar10_test_07149,dog,dog,0.9999992847442627,True,True,correct
7150,cifar10_test_07150,cat,horse,0.7634356617927551,False,True,false_negative_for_cat;false_positive_for_horse
7151,cifar10_test_07151,automobile,automobile,1.0,True,True,correct
7152,cifar10_test_07152,frog,frog,0.9999998807907104,True,True,correct
7153,cifar10_test_07153,horse,horse,1.0,True,True,correct
7154,cifar10_test_07154,airplane,airplane,0.9999992847442627,True,True,correct
7155,cifar10_test_07155,truck,truck,1.0,True,True,correct
7156,cifar10_test_07156,automobile,automobile,1.0,True,True,correct
7157,cifar10_test_07157,dog,dog,0.9999997615814209,True,True,correct
7158,cifar10_test_07158,horse,horse,1.0,True,True,correct
7159,cifar10_test_07159,frog,frog,1.0,True,True,correct
7160,cifar10_test_07160,dog,dog,0.9999998807907104,True,True,correct
7161,cifar10_test_07161,dog,dog,0.9999998807907104,True,True,correct
7162,cifar10_test_07162,dog,dog,0.9999992847442627,True,True,correct
7163,cifar10_test_07163,frog,frog,1.0,True,True,correct
7164,cifar10_test_07164,airplane,airplane,0.9999992847442627,True,True,correct
7165,cifar10_test_07165,airplane,airplane,0.9999997615814209,True,True,correct
7166,cifar10_test_07166,automobile,automobile,1.0,True,True,correct
7167,cifar10_test_07167,horse,horse,0.9999997615814209,True,True,correct
7168,cifar10_test_07168,dog,dog,0.999990701675415,True,True,correct
7169,cifar10_test_07169,automobile,automobile,0.9999998807907104,True,True,correct
7170,cifar10_test_07170,truck,truck,0.9999992847442627,True,True,correct
7171,cifar10_test_07171,bird,bird,1.0,True,True,correct
7172,cifar10_test_07172,deer,deer,0.9999997615814209,True,True,correct
7173,cifar10_test_07173,automobile,automobile,0.9999998807907104,True,True,correct
7174,cifar10_test_07174,cat,cat,0.9999994039535522,True,True,correct
7175,cifar10_test_07175,horse,horse,0.9999997615814209,True,True,correct
7176,cifar10_test_07176,ship,ship,1.0,True,True,correct
7177,cifar10_test_07177,bird,bird,0.9999984502792358,True,True,correct
7178,cifar10_test_07178,airplane,airplane,0.9999998807907104,True,True,correct
7179,cifar10_test_07179,truck,truck,0.9999998807907104,True,True,correct
7180,cifar10_test_07180,frog,frog,1.0,True,True,correct
7181,cifar10_test_07181,frog,frog,1.0,True,True,correct
7182,cifar10_test_07182,airplane,airplane,0.9999998807907104,True,True,correct
7183,cifar10_test_07183,frog,frog,0.9999969005584717,True,True,correct
7184,cifar10_test_07184,dog,dog,0.9999998807907104,True,True,correct
7185,cifar10_test_07185,ship,ship,0.9999998807907104,True,True,correct
7186,cifar10_test_07186,bird,bird,0.9999992847442627,True,True,correct
7187,cifar10_test_07187,horse,horse,0.9999996423721313,True,True,correct
7188,cifar10_test_07188,deer,deer,0.9999996423721313,True,True,correct
7189,cifar10_test_07189,airplane,airplane,0.9999995231628418,True,True,correct
7190,cifar10_test_07190,bird,bird,1.0,True,True,correct
7191,cifar10_test_07191,horse,horse,0.9999994039535522,True,True,correct
7192,cifar10_test_07192,horse,horse,1.0,True,True,correct
7193,cifar10_test_07193,ship,ship,0.9999998807907104,True,True,correct
7194,cifar10_test_07194,ship,ship,0.9999997615814209,True,True,correct
7195,cifar10_test_07195,horse,horse,0.9999997615814209,True,True,correct
7196,cifar10_test_07196,airplane,airplane,0.9999966621398926,True,True,correct
7197,cifar10_test_07197,deer,deer,0.9999998807907104,True,True,correct
7198,cifar10_test_07198,truck,truck,1.0,True,True,correct
7199,cifar10_test_07199,automobile,automobile,0.9999998807907104,True,True,correct
7200,cifar10_test_07200,deer,deer,0.9999998807907104,True,True,correct
7201,cifar10_test_07201,deer,deer,1.0,True,True,correct
7202,cifar10_test_07202,cat,cat,0.9999302625656128,True,True,correct
7203,cifar10_test_07203,dog,dog,1.0,True,True,correct
7204,cifar10_test_07204,deer,deer,1.0,True,True,correct
7205,cifar10_test_07205,frog,frog,1.0,True,True,correct
7206,cifar10_test_07206,bird,bird,1.0,True,True,correct
7207,cifar10_test_07207,cat,cat,0.9999995231628418,True,True,correct
7208,cifar10_test_07208,automobile,automobile,1.0,True,True,correct
7209,cifar10_test_07209,airplane,airplane,0.999998927116394,True,True,correct
7210,cifar10_test_07210,cat,cat,0.9999997615814209,True,True,correct
7211,cifar10_test_07211,cat,cat,0.9999994039535522,True,True,correct
7212,cifar10_test_07212,cat,cat,0.9999997615814209,True,True,correct
7213,cifar10_test_07213,frog,frog,1.0,True,True,correct
7214,cifar10_test_07214,cat,cat,0.9999964237213135,True,True,correct
7215,cifar10_test_07215,automobile,automobile,1.0,True,True,correct
7216,cifar10_test_07216,bird,bird,1.0,True,True,correct
7217,cifar10_test_07217,ship,ship,0.9999986886978149,True,True,correct
7218,cifar10_test_07218,truck,truck,1.0,True,True,correct
7219,cifar10_test_07219,horse,horse,0.9999997615814209,True,True,correct
7220,cifar10_test_07220,truck,truck,1.0,True,True,correct
7221,cifar10_test_07221,cat,cat,0.9999997615814209,True,True,correct
7222,cifar10_test_07222,ship,ship,0.9999998807907104,True,True,correct
7223,cifar10_test_07223,horse,horse,1.0,True,True,correct
7224,cifar10_test_07224,cat,cat,0.9999996423721313,True,True,correct
7225,cifar10_test_07225,automobile,automobile,1.0,True,True,correct
7226,cifar10_test_07226,horse,horse,0.9999998807907104,True,True,correct
7227,cifar10_test_07227,horse,horse,1.0,True,True,correct
7228,cifar10_test_07228,cat,cat,0.9999667406082153,True,True,correct
7229,cifar10_test_07229,bird,bird,0.9999998807907104,True,True,correct
7230,cifar10_test_07230,bird,bird,1.0,True,True,correct
7231,cifar10_test_07231,ship,ship,0.999998927116394,True,True,correct
7232,cifar10_test_07232,truck,truck,0.9999951124191284,True,True,correct
7233,cifar10_test_07233,dog,dog,0.9999998807907104,True,True,correct
7234,cifar10_test_07234,truck,truck,1.0,True,True,correct
7235,cifar10_test_07235,bird,bird,0.9999998807907104,True,True,correct
7236,cifar10_test_07236,automobile,automobile,0.9999998807907104,True,True,correct
7237,cifar10_test_07237,horse,horse,0.9999998807907104,True,True,correct
7238,cifar10_test_07238,deer,deer,0.9999998807907104,True,True,correct
7239,cifar10_test_07239,deer,deer,1.0,True,True,correct
7240,cifar10_test_07240,airplane,airplane,0.9999992847442627,True,True,correct
7241,cifar10_test_07241,dog,dog,0.9999995231628418,True,True,correct
7242,cifar10_test_07242,horse,horse,0.9999988079071045,True,True,correct
7243,cifar10_test_07243,automobile,automobile,0.9999992847442627,True,True,correct
7244,cifar10_test_07244,dog,dog,0.9999996423721313,True,True,correct
7245,cifar10_test_07245,deer,deer,0.9999998807907104,True,True,correct
7246,cifar10_test_07246,airplane,airplane,0.9999722242355347,True,True,correct
7247,cifar10_test_07247,ship,ship,0.9999997615814209,True,True,correct
7248,cifar10_test_07248,deer,deer,0.9999951124191284,True,True,correct
7249,cifar10_test_07249,truck,truck,0.9999998807907104,True,True,correct
7250,cifar10_test_07250,ship,ship,0.9999985694885254,True,True,correct
7251,cifar10_test_07251,horse,horse,1.0,True,True,correct
7252,cifar10_test_07252,ship,ship,1.0,True,True,correct
7253,cifar10_test_07253,deer,deer,1.0,True,True,correct
7254,cifar10_test_07254,bird,bird,1.0,True,True,correct
7255,cifar10_test_07255,cat,cat,0.9999992847442627,True,True,correct
7256,cifar10_test_07256,deer,deer,0.9999998807907104,True,True,correct
7257,cifar10_test_07257,airplane,airplane,0.9999986886978149,True,True,correct
7258,cifar10_test_07258,dog,dog,0.9999998807907104,True,True,correct
7259,cifar10_test_07259,deer,deer,0.9999997615814209,True,True,correct
7260,cifar10_test_07260,automobile,automobile,1.0,True,True,correct
7261,cifar10_test_07261,ship,ship,1.0,True,True,correct
7262,cifar10_test_07262,bird,bird,1.0,True,True,correct
7263,cifar10_test_07263,dog,dog,0.9999998807907104,True,True,correct
7264,cifar10_test_07264,deer,deer,0.9999998807907104,True,True,correct
7265,cifar10_test_07265,dog,dog,0.9999998807907104,True,True,correct
7266,cifar10_test_07266,bird,bird,1.0,True,True,correct
7267,cifar10_test_07267,dog,dog,0.9999997615814209,True,True,correct
7268,cifar10_test_07268,cat,cat,0.9999997615814209,True,True,correct
7269,cifar10_test_07269,horse,horse,1.0,True,True,correct
7270,cifar10_test_07270,truck,truck,1.0,True,True,correct
7271,cifar10_test_07271,horse,horse,0.9999995231628418,True,True,correct
7272,cifar10_test_07272,automobile,automobile,1.0,True,True,correct
7273,cifar10_test_07273,deer,deer,1.0,True,True,correct
7274,cifar10_test_07274,automobile,automobile,0.9999995231628418,True,True,correct
7275,cifar10_test_07275,cat,cat,0.9999996423721313,True,True,correct
7276,cifar10_test_07276,automobile,automobile,1.0,True,True,correct
7277,cifar10_test_07277,deer,deer,0.9999998807907104,True,True,correct
7278,cifar10_test_07278,dog,dog,1.0,True,True,correct
7279,cifar10_test_07279,dog,dog,1.0,True,True,correct
7280,cifar10_test_07280,automobile,automobile,0.9999997615814209,True,True,correct
7281,cifar10_test_07281,horse,horse,1.0,True,True,correct
7282,cifar10_test_07282,automobile,automobile,1.0,True,True,correct
7283,cifar10_test_07283,cat,cat,0.9999991655349731,True,True,correct
7284,cifar10_test_07284,airplane,airplane,0.9999992847442627,True,True,correct
7285,cifar10_test_07285,automobile,automobile,0.9999998807907104,True,True,correct
7286,cifar10_test_07286,bird,bird,0.9999998807907104,True,True,correct
7287,cifar10_test_07287,dog,dog,0.9999998807907104,True,True,correct
7288,cifar10_test_07288,horse,horse,0.9999994039535522,True,True,correct
7289,cifar10_test_07289,airplane,airplane,0.9999983310699463,True,True,correct
7290,cifar10_test_07290,frog,frog,1.0,True,True,correct
7291,cifar10_test_07291,cat,cat,0.9999998807907104,True,True,correct
7292,cifar10_test_07292,dog,dog,0.9999998807907104,True,True,correct
7293,cifar10_test_07293,horse,horse,0.9999997615814209,True,True,correct
7294,cifar10_test_07294,dog,dog,0.9999997615814209,True,True,correct
7295,cifar10_test_07295,dog,dog,0.9999998807907104,True,True,correct
7296,cifar10_test_07296,ship,ship,0.9999997615814209,True,True,correct
7297,cifar10_test_07297,truck,truck,0.9999998807907104,True,True,correct
7298,cifar10_test_07298,deer,deer,0.9999994039535522,True,True,correct
7299,cifar10_test_07299,frog,frog,1.0,True,True,correct
7300,cifar10_test_07300,cat,cat,0.9999994039535522,True,True,correct
7301,cifar10_test_07301,frog,frog,1.0,True,True,correct
7302,cifar10_test_07302,frog,frog,1.0,True,True,correct
7303,cifar10_test_07303,ship,ship,0.9999998807907104,True,True,correct
7304,cifar10_test_07304,bird,bird,1.0,True,True,correct
7305,cifar10_test_07305,frog,frog,1.0,True,True,correct
7306,cifar10_test_07306,deer,deer,0.9999998807907104,True,True,correct
7307,cifar10_test_07307,ship,ship,1.0,True,True,correct
7308,cifar10_test_07308,deer,deer,0.9999998807907104,True,True,correct
7309,cifar10_test_07309,automobile,automobile,1.0,True,True,correct
7310,cifar10_test_07310,cat,cat,0.9999985694885254,True,True,correct
7311,cifar10_test_07311,automobile,truck,0.9999994039535522,False,True,false_negative_for_automobile;false_positive_for_truck
7312,cifar10_test_07312,bird,bird,0.9999995231628418,True,True,correct
7313,cifar10_test_07313,cat,cat,0.9999974966049194,True,True,correct
7314,cifar10_test_07314,cat,cat,0.9999964237213135,True,True,correct
7315,cifar10_test_07315,airplane,airplane,0.9999995231628418,True,True,correct
7316,cifar10_test_07316,automobile,automobile,0.9999997615814209,True,True,correct
7317,cifar10_test_07317,frog,frog,0.9999998807907104,True,True,correct
7318,cifar10_test_07318,deer,deer,0.9999998807907104,True,True,correct
7319,cifar10_test_07319,bird,bird,1.0,True,True,correct
7320,cifar10_test_07320,ship,ship,0.9999936819076538,True,True,correct
7321,cifar10_test_07321,bird,bird,1.0,True,True,correct
7322,cifar10_test_07322,deer,deer,0.9999997615814209,True,True,correct
7323,cifar10_test_07323,cat,cat,0.9999986886978149,True,True,correct
7324,cifar10_test_07324,automobile,automobile,0.9999995231628418,True,True,correct
7325,cifar10_test_07325,deer,deer,0.9999995231628418,True,True,correct
7326,cifar10_test_07326,deer,deer,0.9999998807907104,True,True,correct
7327,cifar10_test_07327,deer,deer,1.0,True,True,correct
7328,cifar10_test_07328,deer,deer,0.9999997615814209,True,True,correct
7329,cifar10_test_07329,automobile,automobile,1.0,True,True,correct
7330,cifar10_test_07330,dog,dog,1.0,True,True,correct
7331,cifar10_test_07331,dog,dog,0.9999997615814209,True,True,correct
7332,cifar10_test_07332,horse,horse,0.9999998807907104,True,True,correct
7333,cifar10_test_07333,frog,frog,1.0,True,True,correct
7334,cifar10_test_07334,dog,dog,0.9999998807907104,True,True,correct
7335,cifar10_test_07335,deer,deer,1.0,True,True,correct
7336,cifar10_test_07336,dog,dog,0.9999998807907104,True,True,correct
7337,cifar10_test_07337,frog,frog,1.0,True,True,correct
7338,cifar10_test_07338,dog,dog,0.9999996423721313,True,True,correct
7339,cifar10_test_07339,frog,frog,1.0,True,True,correct
7340,cifar10_test_07340,bird,bird,1.0,True,True,correct
7341,cifar10_test_07341,deer,deer,0.9999997615814209,True,True,correct
7342,cifar10_test_07342,horse,horse,1.0,True,True,correct
7343,cifar10_test_07343,horse,horse,0.9999994039535522,True,True,correct
7344,cifar10_test_07344,deer,deer,0.9999995231628418,True,True,correct
7345,cifar10_test_07345,frog,frog,1.0,True,True,correct
7346,cifar10_test_07346,dog,dog,0.9999998807907104,True,True,correct
7347,cifar10_test_07347,airplane,airplane,0.9999985694885254,True,True,correct
7348,cifar10_test_07348,bird,bird,1.0,True,True,correct
7349,cifar10_test_07349,cat,cat,0.9999998807907104,True,True,correct
7350,cifar10_test_07350,truck,truck,0.9999998807907104,True,True,correct
7351,cifar10_test_07351,bird,bird,0.9999994039535522,True,True,correct
7352,cifar10_test_07352,cat,cat,0.999964714050293,True,True,correct
7353,cifar10_test_07353,ship,ship,0.9999996423721313,True,True,correct
7354,cifar10_test_07354,airplane,airplane,0.9999986886978149,True,True,correct
7355,cifar10_test_07355,horse,horse,0.9999998807907104,True,True,correct
7356,cifar10_test_07356,airplane,airplane,0.9999970197677612,True,True,correct
7357,cifar10_test_07357,frog,frog,1.0,True,True,correct
7358,cifar10_test_07358,ship,ship,0.9999998807907104,True,True,correct
7359,cifar10_test_07359,automobile,automobile,1.0,True,True,correct
7360,cifar10_test_07360,bird,bird,1.0,True,True,correct
7361,cifar10_test_07361,ship,ship,0.9999998807907104,True,True,correct
7362,cifar10_test_07362,truck,truck,0.9999998807907104,True,True,correct
7363,cifar10_test_07363,automobile,automobile,0.9999998807907104,True,True,correct
7364,cifar10_test_07364,dog,dog,1.0,True,True,correct
7365,cifar10_test_07365,deer,deer,0.9999998807907104,True,True,correct
7366,cifar10_test_07366,bird,bird,1.0,True,True,correct
7367,cifar10_test_07367,cat,cat,0.9999932050704956,True,True,correct
7368,cifar10_test_07368,dog,dog,1.0,True,True,correct
7369,cifar10_test_07369,dog,dog,0.9999996423721313,True,True,correct
7370,cifar10_test_07370,cat,cat,0.999998927116394,True,True,correct
7371,cifar10_test_07371,frog,frog,1.0,True,True,correct
7372,cifar10_test_07372,dog,dog,0.9999996423721313,True,True,correct
7373,cifar10_test_07373,airplane,airplane,0.9999991655349731,True,True,correct
7374,cifar10_test_07374,cat,cat,0.9999983310699463,True,True,correct
7375,cifar10_test_07375,bird,bird,0.9999997615814209,True,True,correct
7376,cifar10_test_07376,automobile,automobile,0.9999998807907104,True,True,correct
7377,cifar10_test_07377,cat,cat,0.9999996423721313,True,True,correct
7378,cifar10_test_07378,cat,cat,0.9999830722808838,True,True,correct
7379,cifar10_test_07379,horse,horse,0.9999996423721313,True,True,correct
7380,cifar10_test_07380,horse,horse,0.9999990463256836,True,True,correct
7381,cifar10_test_07381,deer,deer,0.9999997615814209,True,True,correct
7382,cifar10_test_07382,truck,truck,1.0,True,True,correct
7383,cifar10_test_07383,deer,deer,1.0,True,True,correct
7384,cifar10_test_07384,cat,cat,0.9999908208847046,True,True,correct
7385,cifar10_test_07385,truck,truck,0.9999998807907104,True,True,correct
7386,cifar10_test_07386,dog,dog,0.9999998807907104,True,True,correct
7387,cifar10_test_07387,automobile,automobile,1.0,True,True,correct
7388,cifar10_test_07388,horse,horse,0.9999998807907104,True,True,correct
7389,cifar10_test_07389,frog,frog,1.0,True,True,correct
7390,cifar10_test_07390,frog,frog,1.0,True,True,correct
7391,cifar10_test_07391,deer,deer,0.9999998807907104,True,True,correct
7392,cifar10_test_07392,ship,ship,0.9999996423721313,True,True,correct
7393,cifar10_test_07393,dog,dog,1.0,True,True,correct
7394,cifar10_test_07394,automobile,automobile,0.9999998807907104,True,True,correct
7395,cifar10_test_07395,bird,bird,0.9999995231628418,True,True,correct
7396,cifar10_test_07396,ship,ship,0.9999997615814209,True,True,correct
7397,cifar10_test_07397,deer,deer,0.9999990463256836,True,True,correct
7398,cifar10_test_07398,dog,dog,0.9956854581832886,True,True,correct
7399,cifar10_test_07399,cat,cat,0.9999995231628418,True,True,correct
7400,cifar10_test_07400,cat,cat,0.9997761845588684,True,True,correct
7401,cifar10_test_07401,cat,cat,0.9999892711639404,True,True,correct
7402,cifar10_test_07402,airplane,truck,0.9999938011169434,False,True,false_negative_for_airplane;false_positive_for_truck
7403,cifar10_test_07403,deer,deer,0.9999974966049194,True,True,correct
7404,cifar10_test_07404,ship,ship,0.9999990463256836,True,True,correct
7405,cifar10_test_07405,horse,horse,0.9999997615814209,True,True,correct
7406,cifar10_test_07406,horse,horse,0.9999998807907104,True,True,correct
7407,cifar10_test_07407,truck,truck,0.9999998807907104,True,True,correct
7408,cifar10_test_07408,deer,cat,0.9999741315841675,False,True,false_negative_for_deer;false_positive_for_cat
7409,cifar10_test_07409,ship,ship,1.0,True,True,correct
7410,cifar10_test_07410,deer,deer,0.9999997615814209,True,True,correct
7411,cifar10_test_07411,dog,dog,0.9999991655349731,True,True,correct
7412,cifar10_test_07412,truck,truck,1.0,True,True,correct
7413,cifar10_test_07413,automobile,automobile,0.9999998807907104,True,True,correct
7414,cifar10_test_07414,ship,ship,0.9999985694885254,True,True,correct
7415,cifar10_test_07415,cat,cat,0.9999986886978149,True,True,correct
7416,cifar10_test_07416,automobile,automobile,0.9999988079071045,True,True,correct
7417,cifar10_test_07417,cat,cat,0.9999998807907104,True,True,correct
7418,cifar10_test_07418,ship,ship,0.9999997615814209,True,True,correct
7419,cifar10_test_07419,airplane,airplane,0.9999992847442627,True,True,correct
7420,cifar10_test_07420,cat,cat,0.9999934434890747,True,True,correct
7421,cifar10_test_07421,dog,dog,0.9999997615814209,True,True,correct
7422,cifar10_test_07422,deer,deer,0.9999997615814209,True,True,correct
7423,cifar10_test_07423,frog,frog,1.0,True,True,correct
7424,cifar10_test_07424,truck,truck,1.0,True,True,correct
7425,cifar10_test_07425,bird,bird,1.0,True,True,correct
7426,cifar10_test_07426,horse,horse,1.0,True,True,correct
7427,cifar10_test_07427,bird,bird,0.9999996423721313,True,True,correct
7428,cifar10_test_07428,airplane,airplane,0.9999992847442627,True,True,correct
7429,cifar10_test_07429,dog,cat,0.9652373194694519,False,True,false_negative_for_dog;false_positive_for_cat
7430,cifar10_test_07430,bird,bird,0.9999998807907104,True,True,correct
7431,cifar10_test_07431,truck,truck,1.0,True,True,correct
7432,cifar10_test_07432,horse,horse,1.0,True,True,correct
7433,cifar10_test_07433,dog,dog,0.9999997615814209,True,True,correct
7434,cifar10_test_07434,airplane,airplane,0.9999996423721313,True,True,correct
7435,cifar10_test_07435,horse,horse,0.9999998807907104,True,True,correct
7436,cifar10_test_07436,airplane,airplane,0.9999985694885254,True,True,correct
7437,cifar10_test_07437,cat,cat,0.9999983310699463,True,True,correct
7438,cifar10_test_07438,dog,dog,0.9999997615814209,True,True,correct
7439,cifar10_test_07439,dog,cat,0.9999988079071045,False,True,false_negative_for_dog;false_positive_for_cat
7440,cifar10_test_07440,cat,cat,0.9999997615814209,True,True,correct
7441,cifar10_test_07441,ship,ship,0.9999994039535522,True,True,correct
7442,cifar10_test_07442,horse,horse,0.9999997615814209,True,True,correct
7443,cifar10_test_07443,horse,horse,0.9999995231628418,True,True,correct
7444,cifar10_test_07444,truck,automobile,0.9999854564666748,False,True,false_negative_for_truck;false_positive_for_automobile
7445,cifar10_test_07445,frog,frog,1.0,True,True,correct
7446,cifar10_test_07446,dog,dog,0.9999998807907104,True,True,correct
7447,cifar10_test_07447,ship,ship,0.9999992847442627,True,True,correct
7448,cifar10_test_07448,truck,truck,0.9999998807907104,True,True,correct
7449,cifar10_test_07449,airplane,airplane,0.9999997615814209,True,True,correct
7450,cifar10_test_07450,automobile,automobile,1.0,True,True,correct
7451,cifar10_test_07451,truck,truck,0.9999997615814209,True,True,correct
7452,cifar10_test_07452,deer,deer,0.9999997615814209,True,True,correct
7453,cifar10_test_07453,airplane,airplane,0.9999996423721313,True,True,correct
7454,cifar10_test_07454,airplane,airplane,0.999998927116394,True,True,correct
7455,cifar10_test_07455,automobile,automobile,0.9999995231628418,True,True,correct
7456,cifar10_test_07456,horse,horse,0.9998722076416016,True,True,correct
7457,cifar10_test_07457,bird,bird,0.9999998807907104,True,True,correct
7458,cifar10_test_07458,bird,bird,0.9999996423721313,True,True,correct
7459,cifar10_test_07459,ship,ship,0.9999990463256836,True,True,correct
7460,cifar10_test_07460,dog,dog,0.9999997615814209,True,True,correct
7461,cifar10_test_07461,truck,truck,1.0,True,True,correct
7462,cifar10_test_07462,ship,ship,0.9999997615814209,True,True,correct
7463,cifar10_test_07463,bird,bird,1.0,True,True,correct
7464,cifar10_test_07464,ship,ship,0.9999998807907104,True,True,correct
7465,cifar10_test_07465,airplane,airplane,0.9999984502792358,True,True,correct
7466,cifar10_test_07466,frog,frog,1.0,True,True,correct
7467,cifar10_test_07467,frog,frog,1.0,True,True,correct
7468,cifar10_test_07468,ship,ship,0.9999997615814209,True,True,correct
7469,cifar10_test_07469,frog,frog,0.9999998807907104,True,True,correct
7470,cifar10_test_07470,truck,truck,0.9999996423721313,True,True,correct
7471,cifar10_test_07471,frog,frog,1.0,True,True,correct
7472,cifar10_test_07472,automobile,automobile,1.0,True,True,correct
7473,cifar10_test_07473,automobile,automobile,1.0,True,True,correct
7474,cifar10_test_07474,dog,dog,0.9999991655349731,True,True,correct
7475,cifar10_test_07475,cat,cat,0.9999982118606567,True,True,correct
7476,cifar10_test_07476,dog,dog,0.9999998807907104,True,True,correct
7477,cifar10_test_07477,airplane,airplane,0.9999994039535522,True,True,correct
7478,cifar10_test_07478,horse,horse,1.0,True,True,correct
7479,cifar10_test_07479,frog,frog,1.0,True,True,correct
7480,cifar10_test_07480,automobile,automobile,1.0,True,True,correct
7481,cifar10_test_07481,deer,deer,0.9999997615814209,True,True,correct
7482,cifar10_test_07482,deer,deer,0.9999996423721313,True,True,correct
7483,cifar10_test_07483,automobile,automobile,1.0,True,True,correct
7484,cifar10_test_07484,automobile,automobile,1.0,True,True,correct
7485,cifar10_test_07485,ship,ship,0.9999991655349731,True,True,correct
7486,cifar10_test_07486,automobile,automobile,0.9999997615814209,True,True,correct
7487,cifar10_test_07487,automobile,automobile,1.0,True,True,correct
7488,cifar10_test_07488,bird,bird,1.0,True,True,correct
7489,cifar10_test_07489,cat,cat,0.9999994039535522,True,True,correct
7490,cifar10_test_07490,deer,deer,1.0,True,True,correct
7491,cifar10_test_07491,truck,truck,0.9999972581863403,True,True,correct
7492,cifar10_test_07492,truck,truck,0.9999592304229736,True,True,correct
7493,cifar10_test_07493,dog,dog,0.9999982118606567,True,True,correct
7494,cifar10_test_07494,bird,bird,1.0,True,True,correct
7495,cifar10_test_07495,horse,horse,0.9999998807907104,True,True,correct
7496,cifar10_test_07496,cat,cat,0.999992847442627,True,True,correct
7497,cifar10_test_07497,cat,cat,0.9999779462814331,True,True,correct
7498,cifar10_test_07498,frog,frog,0.9999998807907104,True,True,correct
7499,cifar10_test_07499,truck,truck,0.9999921321868896,True,True,correct
7500,cifar10_test_07500,frog,frog,1.0,True,True,correct
7501,cifar10_test_07501,truck,truck,0.9999998807907104,True,True,correct
7502,cifar10_test_07502,ship,ship,0.9999983310699463,True,True,correct
7503,cifar10_test_07503,ship,ship,0.9999998807907104,True,True,correct
7504,cifar10_test_07504,frog,frog,1.0,True,True,correct
7505,cifar10_test_07505,horse,horse,0.9999998807907104,True,True,correct
7506,cifar10_test_07506,deer,deer,0.9999998807907104,True,True,correct
7507,cifar10_test_07507,horse,horse,0.9999998807907104,True,True,correct
7508,cifar10_test_07508,bird,bird,1.0,True,True,correct
7509,cifar10_test_07509,cat,cat,0.9997801184654236,True,True,correct
7510,cifar10_test_07510,ship,ship,0.9999998807907104,True,True,correct
7511,cifar10_test_07511,airplane,airplane,0.9999994039535522,True,True,correct
7512,cifar10_test_07512,truck,truck,0.9999996423721313,True,True,correct
7513,cifar10_test_07513,airplane,airplane,0.999998927116394,True,True,correct
7514,cifar10_test_07514,horse,horse,1.0,True,True,correct
7515,cifar10_test_07515,ship,ship,0.9999998807907104,True,True,correct
7516,cifar10_test_07516,automobile,automobile,1.0,True,True,correct
7517,cifar10_test_07517,bird,bird,0.9999998807907104,True,True,correct
7518,cifar10_test_07518,cat,cat,0.9999996423721313,True,True,correct
7519,cifar10_test_07519,bird,bird,1.0,True,True,correct
7520,cifar10_test_07520,deer,deer,0.9999991655349731,True,True,correct
7521,cifar10_test_07521,bird,bird,1.0,True,True,correct
7522,cifar10_test_07522,truck,truck,0.9999997615814209,True,True,correct
7523,cifar10_test_07523,airplane,airplane,0.9999992847442627,True,True,correct
7524,cifar10_test_07524,cat,ship,0.9999942779541016,False,False,false_negative_for_cat;false_positive_for_ship
7525,cifar10_test_07525,ship,ship,0.9999998807907104,True,True,correct
7526,cifar10_test_07526,truck,truck,0.9999997615814209,True,True,correct
7527,cifar10_test_07527,frog,frog,1.0,True,True,correct
7528,cifar10_test_07528,dog,dog,1.0,True,True,correct
7529,cifar10_test_07529,dog,dog,0.9999998807907104,True,True,correct
7530,cifar10_test_07530,bird,bird,0.9999998807907104,True,True,correct
7531,cifar10_test_07531,deer,deer,0.9999998807907104,True,True,correct
7532,cifar10_test_07532,automobile,automobile,1.0,True,True,correct
7533,cifar10_test_07533,airplane,airplane,0.9999996423721313,True,True,correct
7534,cifar10_test_07534,frog,frog,1.0,True,True,correct
7535,cifar10_test_07535,automobile,automobile,1.0,True,True,correct
7536,cifar10_test_07536,ship,ship,0.9999994039535522,True,True,correct
7537,cifar10_test_07537,deer,deer,0.9999992847442627,True,True,correct
7538,cifar10_test_07538,dog,dog,0.9999998807907104,True,True,correct
7539,cifar10_test_07539,dog,dog,0.9999995231628418,True,True,correct
7540,cifar10_test_07540,dog,dog,0.9999998807907104,True,True,correct
7541,cifar10_test_07541,airplane,airplane,0.9999995231628418,True,True,correct
7542,cifar10_test_07542,ship,ship,0.9999986886978149,True,True,correct
7543,cifar10_test_07543,truck,truck,0.9999998807907104,True,True,correct
7544,cifar10_test_07544,airplane,airplane,0.9999991655349731,True,True,correct
7545,cifar10_test_07545,dog,dog,0.9999908208847046,True,True,correct
7546,cifar10_test_07546,horse,horse,0.9999998807907104,True,True,correct
7547,cifar10_test_07547,truck,truck,1.0,True,True,correct
7548,cifar10_test_07548,frog,frog,1.0,True,True,correct
7549,cifar10_test_07549,cat,cat,0.9999979734420776,True,True,correct
7550,cifar10_test_07550,deer,deer,1.0,True,True,correct
7551,cifar10_test_07551,frog,frog,1.0,True,True,correct
7552,cifar10_test_07552,deer,deer,1.0,True,True,correct
7553,cifar10_test_07553,truck,truck,0.9999998807907104,True,True,correct
7554,cifar10_test_07554,horse,horse,0.999998927116394,True,True,correct
7555,cifar10_test_07555,automobile,automobile,1.0,True,True,correct
7556,cifar10_test_07556,bird,bird,0.9999998807907104,True,True,correct
7557,cifar10_test_07557,dog,dog,0.9999998807907104,True,True,correct
7558,cifar10_test_07558,bird,bird,1.0,True,True,correct
7559,cifar10_test_07559,ship,ship,0.9999986886978149,True,True,correct
7560,cifar10_test_07560,airplane,airplane,0.9999995231628418,True,True,correct
7561,cifar10_test_07561,bird,bird,0.9999985694885254,True,True,correct
7562,cifar10_test_07562,bird,bird,0.9999997615814209,True,True,correct
7563,cifar10_test_07563,truck,truck,1.0,True,True,correct
7564,cifar10_test_07564,ship,ship,0.9999996423721313,True,True,correct
7565,cifar10_test_07565,automobile,automobile,1.0,True,True,correct
7566,cifar10_test_07566,truck,truck,1.0,True,True,correct
7567,cifar10_test_07567,horse,horse,0.9999998807907104,True,True,correct
7568,cifar10_test_07568,horse,horse,0.9999998807907104,True,True,correct
7569,cifar10_test_07569,cat,cat,0.9999996423721313,True,True,correct
7570,cifar10_test_07570,automobile,automobile,1.0,True,True,correct
7571,cifar10_test_07571,deer,deer,0.9999984502792358,True,True,correct
7572,cifar10_test_07572,automobile,automobile,0.9999998807907104,True,True,correct
7573,cifar10_test_07573,automobile,automobile,0.9999998807907104,True,True,correct
7574,cifar10_test_07574,cat,cat,0.9999997615814209,True,True,correct
7575,cifar10_test_07575,ship,ship,1.0,True,True,correct
7576,cifar10_test_07576,ship,ship,0.9999998807907104,True,True,correct
7577,cifar10_test_07577,automobile,automobile,1.0,True,True,correct
7578,cifar10_test_07578,truck,truck,0.9999998807907104,True,True,correct
7579,cifar10_test_07579,cat,cat,0.9999998807907104,True,True,correct
7580,cifar10_test_07580,ship,ship,0.9999991655349731,True,True,correct
7581,cifar10_test_07581,truck,truck,0.9999996423721313,True,True,correct
7582,cifar10_test_07582,dog,dog,0.9999948740005493,True,True,correct
7583,cifar10_test_07583,automobile,automobile,0.9999996423721313,True,True,correct
7584,cifar10_test_07584,automobile,automobile,1.0,True,True,correct
7585,cifar10_test_07585,frog,frog,1.0,True,True,correct
7586,cifar10_test_07586,bird,bird,0.9999994039535522,True,True,correct
7587,cifar10_test_07587,horse,horse,1.0,True,True,correct
7588,cifar10_test_07588,bird,bird,1.0,True,True,correct
7589,cifar10_test_07589,frog,frog,0.9999998807907104,True,True,correct
7590,cifar10_test_07590,bird,bird,0.9996352195739746,True,True,correct
7591,cifar10_test_07591,frog,frog,1.0,True,True,correct
7592,cifar10_test_07592,truck,truck,1.0,True,True,correct
7593,cifar10_test_07593,frog,frog,1.0,True,True,correct
7594,cifar10_test_07594,airplane,airplane,0.9999998807907104,True,True,correct
7595,cifar10_test_07595,automobile,automobile,1.0,True,True,correct
7596,cifar10_test_07596,cat,cat,0.9999983310699463,True,True,correct
7597,cifar10_test_07597,truck,truck,1.0,True,True,correct
7598,cifar10_test_07598,cat,cat,0.9999996423721313,True,True,correct
7599,cifar10_test_07599,ship,ship,0.9999997615814209,True,True,correct
7600,cifar10_test_07600,ship,ship,0.9999954700469971,True,True,correct
7601,cifar10_test_07601,ship,ship,0.999998927116394,True,True,correct
7602,cifar10_test_07602,bird,bird,1.0,True,True,correct
7603,cifar10_test_07603,truck,truck,1.0,True,True,correct
7604,cifar10_test_07604,automobile,automobile,1.0,True,True,correct
7605,cifar10_test_07605,bird,bird,0.9999997615814209,True,True,correct
7606,cifar10_test_07606,frog,frog,0.9999998807907104,True,True,correct
7607,cifar10_test_07607,airplane,airplane,0.9999995231628418,True,True,correct
7608,cifar10_test_07608,dog,dog,0.9999998807907104,True,True,correct
7609,cifar10_test_07609,airplane,airplane,0.9999990463256836,True,True,correct
7610,cifar10_test_07610,horse,horse,0.9999998807907104,True,True,correct
7611,cifar10_test_07611,horse,horse,0.9993327260017395,True,True,correct
7612,cifar10_test_07612,horse,horse,0.9999998807907104,True,True,correct
7613,cifar10_test_07613,truck,truck,0.9999998807907104,True,True,correct
7614,cifar10_test_07614,deer,deer,0.9999998807907104,True,True,correct
7615,cifar10_test_07615,dog,dog,0.9999998807907104,True,True,correct
7616,cifar10_test_07616,airplane,airplane,0.9999997615814209,True,True,correct
7617,cifar10_test_07617,bird,airplane,0.7624590396881104,False,True,false_negative_for_bird;false_positive_for_airplane
7618,cifar10_test_07618,cat,cat,0.9999998807907104,True,True,correct
7619,cifar10_test_07619,dog,dog,0.9999994039535522,True,True,correct
7620,cifar10_test_07620,dog,dog,0.9999992847442627,True,True,correct
7621,cifar10_test_07621,ship,ship,1.0,True,True,correct
7622,cifar10_test_07622,truck,truck,1.0,True,True,correct
7623,cifar10_test_07623,automobile,automobile,1.0,True,True,correct
7624,cifar10_test_07624,bird,bird,0.9999998807907104,True,True,correct
7625,cifar10_test_07625,horse,horse,0.9999998807907104,True,True,correct
7626,cifar10_test_07626,automobile,automobile,1.0,True,True,correct
7627,cifar10_test_07627,cat,cat,0.9999998807907104,True,True,correct
7628,cifar10_test_07628,deer,deer,0.9999997615814209,True,True,correct
7629,cifar10_test_07629,frog,frog,1.0,True,True,correct
7630,cifar10_test_07630,truck,truck,1.0,True,True,correct
7631,cifar10_test_07631,automobile,automobile,1.0,True,True,correct
7632,cifar10_test_07632,airplane,airplane,0.9999984502792358,True,True,correct
7633,cifar10_test_07633,horse,horse,0.9999998807907104,True,True,correct
7634,cifar10_test_07634,automobile,automobile,1.0,True,True,correct
7635,cifar10_test_07635,truck,truck,1.0,True,True,correct
7636,cifar10_test_07636,dog,dog,0.9999998807907104,True,True,correct
7637,cifar10_test_07637,ship,ship,0.9999980926513672,True,True,correct
7638,cifar10_test_07638,automobile,automobile,0.9999998807907104,True,True,correct
7639,cifar10_test_07639,truck,truck,1.0,True,True,correct
7640,cifar10_test_07640,truck,truck,0.999998927116394,True,True,correct
7641,cifar10_test_07641,horse,horse,0.9999996423721313,True,True,correct
7642,cifar10_test_07642,truck,truck,0.9999998807907104,True,True,correct
7643,cifar10_test_07643,ship,ship,0.9999996423721313,True,True,correct
7644,cifar10_test_07644,cat,cat,0.9999706745147705,True,True,correct
7645,cifar10_test_07645,airplane,airplane,0.9999995231628418,True,True,correct
7646,cifar10_test_07646,bird,bird,1.0,True,True,correct
7647,cifar10_test_07647,frog,frog,1.0,True,True,correct
7648,cifar10_test_07648,airplane,airplane,0.9919375777244568,True,True,correct
7649,cifar10_test_07649,bird,bird,1.0,True,True,correct
7650,cifar10_test_07650,bird,bird,0.9999995231628418,True,True,correct
7651,cifar10_test_07651,deer,deer,0.9999996423721313,True,True,correct
7652,cifar10_test_07652,airplane,airplane,0.9999994039535522,True,True,correct
7653,cifar10_test_07653,ship,ship,0.9999998807907104,True,True,correct
7654,cifar10_test_07654,deer,deer,0.9999996423721313,True,True,correct
7655,cifar10_test_07655,ship,ship,0.9999969005584717,True,True,correct
7656,cifar10_test_07656,automobile,automobile,1.0,True,True,correct
7657,cifar10_test_07657,bird,horse,0.9020273685455322,False,False,false_negative_for_bird;false_positive_for_horse
7658,cifar10_test_07658,horse,horse,1.0,True,True,correct
7659,cifar10_test_07659,bird,bird,1.0,True,True,correct
7660,cifar10_test_07660,horse,horse,0.9999998807907104,True,True,correct
7661,cifar10_test_07661,truck,truck,1.0,True,True,correct
7662,cifar10_test_07662,dog,dog,0.9999998807907104,True,True,correct
7663,cifar10_test_07663,bird,bird,1.0,True,True,correct
7664,cifar10_test_07664,bird,bird,1.0,True,True,correct
7665,cifar10_test_07665,truck,truck,0.9999991655349731,True,True,correct
7666,cifar10_test_07666,bird,bird,0.9999998807907104,True,True,correct
7667,cifar10_test_07667,frog,frog,0.9999998807907104,True,True,correct
7668,cifar10_test_07668,dog,dog,0.9985566735267639,True,True,correct
7669,cifar10_test_07669,horse,horse,0.9999997615814209,True,True,correct
7670,cifar10_test_07670,bird,bird,1.0,True,True,correct
7671,cifar10_test_07671,dog,dog,0.9999992847442627,True,True,correct
7672,cifar10_test_07672,frog,frog,1.0,True,True,correct
7673,cifar10_test_07673,dog,dog,0.9999991655349731,True,True,correct
7674,cifar10_test_07674,automobile,automobile,0.9999998807907104,True,True,correct
7675,cifar10_test_07675,ship,ship,0.9999979734420776,True,True,correct
7676,cifar10_test_07676,bird,bird,1.0,True,True,correct
7677,cifar10_test_07677,frog,frog,1.0,True,True,correct
7678,cifar10_test_07678,ship,ship,0.9999998807907104,True,True,correct
7679,cifar10_test_07679,frog,frog,1.0,True,True,correct
7680,cifar10_test_07680,cat,cat,0.9998613595962524,True,True,correct
7681,cifar10_test_07681,airplane,airplane,0.9999994039535522,True,True,correct
7682,cifar10_test_07682,ship,ship,0.9999997615814209,True,True,correct
7683,cifar10_test_07683,airplane,airplane,0.9999986886978149,True,True,correct
7684,cifar10_test_07684,airplane,airplane,0.9999996423721313,True,True,correct
7685,cifar10_test_07685,truck,truck,0.9999995231628418,True,True,correct
7686,cifar10_test_07686,truck,truck,1.0,True,True,correct
7687,cifar10_test_07687,frog,frog,1.0,True,True,correct
7688,cifar10_test_07688,ship,ship,0.9999988079071045,True,True,correct
7689,cifar10_test_07689,airplane,airplane,0.9999994039535522,True,True,correct
7690,cifar10_test_07690,frog,frog,1.0,True,True,correct
7691,cifar10_test_07691,frog,frog,1.0,True,True,correct
7692,cifar10_test_07692,airplane,airplane,0.9999983310699463,True,True,correct
7693,cifar10_test_07693,horse,horse,1.0,True,True,correct
7694,cifar10_test_07694,truck,truck,0.9999998807907104,True,True,correct
7695,cifar10_test_07695,ship,ship,0.9999997615814209,True,True,correct
7696,cifar10_test_07696,airplane,airplane,0.9999995231628418,True,True,correct
7697,cifar10_test_07697,dog,dog,1.0,True,True,correct
7698,cifar10_test_07698,airplane,airplane,0.9999996423721313,True,True,correct
7699,cifar10_test_07699,truck,truck,1.0,True,True,correct
7700,cifar10_test_07700,frog,frog,1.0,True,True,correct
7701,cifar10_test_07701,airplane,airplane,0.9999995231628418,True,True,correct
7702,cifar10_test_07702,deer,deer,0.9999998807907104,True,True,correct
7703,cifar10_test_07703,horse,horse,1.0,True,True,correct
7704,cifar10_test_07704,automobile,automobile,1.0,True,True,correct
7705,cifar10_test_07705,horse,horse,0.9999998807907104,True,True,correct
7706,cifar10_test_07706,ship,ship,0.9999997615814209,True,True,correct
7707,cifar10_test_07707,ship,ship,0.9999996423721313,True,True,correct
7708,cifar10_test_07708,bird,bird,0.9999992847442627,True,True,correct
7709,cifar10_test_07709,cat,cat,0.9999971389770508,True,True,correct
7710,cifar10_test_07710,truck,truck,0.9999998807907104,True,True,correct
7711,cifar10_test_07711,frog,frog,0.9999998807907104,True,True,correct
7712,cifar10_test_07712,dog,dog,0.9999998807907104,True,True,correct
7713,cifar10_test_07713,dog,dog,0.9999972581863403,True,True,correct
7714,cifar10_test_07714,cat,cat,0.9999961853027344,True,True,correct
7715,cifar10_test_07715,automobile,automobile,1.0,True,True,correct
7716,cifar10_test_07716,dog,dog,0.9999996423721313,True,True,correct
7717,cifar10_test_07717,cat,cat,0.9999961853027344,True,True,correct
7718,cifar10_test_07718,airplane,airplane,0.9999991655349731,True,True,correct
7719,cifar10_test_07719,bird,bird,0.9999998807907104,True,True,correct
7720,cifar10_test_07720,dog,dog,0.9999995231628418,True,True,correct
7721,cifar10_test_07721,bird,bird,0.9999998807907104,True,True,correct
7722,cifar10_test_07722,horse,horse,0.9999995231628418,True,True,correct
7723,cifar10_test_07723,cat,cat,0.9999994039535522,True,True,correct
7724,cifar10_test_07724,ship,ship,1.0,True,True,correct
7725,cifar10_test_07725,deer,deer,1.0,True,True,correct
7726,cifar10_test_07726,deer,deer,0.9999997615814209,True,True,correct
7727,cifar10_test_07727,frog,frog,1.0,True,True,correct
7728,cifar10_test_07728,automobile,automobile,1.0,True,True,correct
7729,cifar10_test_07729,truck,truck,0.9999998807907104,True,True,correct
7730,cifar10_test_07730,deer,deer,0.9999986886978149,True,True,correct
7731,cifar10_test_07731,automobile,automobile,1.0,True,True,correct
7732,cifar10_test_07732,horse,horse,0.9999996423721313,True,True,correct
7733,cifar10_test_07733,airplane,airplane,0.9999996423721313,True,True,correct
7734,cifar10_test_07734,automobile,automobile,0.9999998807907104,True,True,correct
7735,cifar10_test_07735,deer,deer,0.9999998807907104,True,True,correct
7736,cifar10_test_07736,cat,cat,0.9996381998062134,True,True,correct
7737,cifar10_test_07737,airplane,airplane,0.9999994039535522,True,True,correct
7738,cifar10_test_07738,bird,bird,1.0,True,True,correct
7739,cifar10_test_07739,truck,truck,1.0,True,True,correct
7740,cifar10_test_07740,deer,deer,0.9999998807907104,True,True,correct
7741,cifar10_test_07741,dog,dog,0.9967014193534851,True,True,correct
7742,cifar10_test_07742,airplane,airplane,0.9999983310699463,True,True,correct
7743,cifar10_test_07743,cat,cat,0.9999995231628418,True,True,correct
7744,cifar10_test_07744,deer,deer,0.9999998807907104,True,True,correct
7745,cifar10_test_07745,horse,horse,0.9999998807907104,True,True,correct
7746,cifar10_test_07746,bird,bird,1.0,True,True,correct
7747,cifar10_test_07747,cat,cat,0.9999992847442627,True,True,correct
7748,cifar10_test_07748,airplane,airplane,0.9999990463256836,True,True,correct
7749,cifar10_test_07749,automobile,automobile,1.0,True,True,correct
7750,cifar10_test_07750,cat,cat,0.9999986886978149,True,True,correct
7751,cifar10_test_07751,horse,horse,1.0,True,True,correct
7752,cifar10_test_07752,truck,truck,1.0,True,True,correct
7753,cifar10_test_07753,truck,truck,1.0,True,True,correct
7754,cifar10_test_07754,airplane,airplane,0.9999985694885254,True,True,correct
7755,cifar10_test_07755,horse,horse,0.9999998807907104,True,True,correct
7756,cifar10_test_07756,dog,dog,0.9999998807907104,True,True,correct
7757,cifar10_test_07757,frog,frog,1.0,True,True,correct
7758,cifar10_test_07758,horse,horse,1.0,True,True,correct
7759,cifar10_test_07759,automobile,automobile,1.0,True,True,correct
7760,cifar10_test_07760,bird,bird,0.9999991655349731,True,True,correct
7761,cifar10_test_07761,bird,cat,0.9998825788497925,False,True,false_negative_for_bird;false_positive_for_cat
7762,cifar10_test_07762,horse,horse,1.0,True,True,correct
7763,cifar10_test_07763,deer,deer,0.9999996423721313,True,True,correct
7764,cifar10_test_07764,frog,frog,1.0,True,True,correct
7765,cifar10_test_07765,ship,ship,0.9999997615814209,True,True,correct
7766,cifar10_test_07766,deer,deer,0.9999997615814209,True,True,correct
7767,cifar10_test_07767,truck,truck,0.9999998807907104,True,True,correct
7768,cifar10_test_07768,ship,ship,0.9999995231628418,True,True,correct
7769,cifar10_test_07769,deer,deer,0.9999992847442627,True,True,correct
7770,cifar10_test_07770,truck,truck,1.0,True,True,correct
7771,cifar10_test_07771,bird,bird,0.9999997615814209,True,True,correct
7772,cifar10_test_07772,cat,cat,0.9999998807907104,True,True,correct
7773,cifar10_test_07773,deer,deer,0.9999997615814209,True,True,correct
7774,cifar10_test_07774,airplane,airplane,0.9999995231628418,True,True,correct
7775,cifar10_test_07775,bird,bird,0.9999998807907104,True,True,correct
7776,cifar10_test_07776,dog,dog,0.9999996423721313,True,True,correct
7777,cifar10_test_07777,frog,frog,1.0,True,True,correct
7778,cifar10_test_07778,airplane,airplane,0.9999991655349731,True,True,correct
7779,cifar10_test_07779,dog,dog,0.999998927116394,True,True,correct
7780,cifar10_test_07780,cat,cat,0.999998927116394,True,True,correct
7781,cifar10_test_07781,dog,dog,1.0,True,True,correct
7782,cifar10_test_07782,ship,ship,1.0,True,True,correct
7783,cifar10_test_07783,cat,cat,0.9999997615814209,True,True,correct
7784,cifar10_test_07784,horse,frog,0.9999254941940308,False,True,false_negative_for_horse;false_positive_for_frog
7785,cifar10_test_07785,deer,deer,1.0,True,True,correct
7786,cifar10_test_07786,truck,truck,0.9999998807907104,True,True,correct
7787,cifar10_test_07787,dog,dog,0.9999997615814209,True,True,correct
7788,cifar10_test_07788,frog,frog,1.0,True,True,correct
7789,cifar10_test_07789,cat,cat,0.999996542930603,True,True,correct
7790,cifar10_test_07790,ship,ship,0.9999998807907104,True,True,correct
7791,cifar10_test_07791,frog,frog,0.9999998807907104,True,True,correct
7792,cifar10_test_07792,truck,truck,0.9999874830245972,True,True,correct
7793,cifar10_test_07793,ship,ship,0.9999998807907104,True,True,correct
7794,cifar10_test_07794,dog,dog,0.9999998807907104,True,True,correct
7795,cifar10_test_07795,dog,dog,1.0,True,True,correct
7796,cifar10_test_07796,ship,ship,0.9999997615814209,True,True,correct
7797,cifar10_test_07797,cat,cat,0.9999982118606567,True,True,correct
7798,cifar10_test_07798,dog,dog,0.9999991655349731,True,True,correct
7799,cifar10_test_07799,truck,truck,0.9999998807907104,True,True,correct
7800,cifar10_test_07800,airplane,airplane,0.9999980926513672,True,True,correct
7801,cifar10_test_07801,deer,deer,0.9999998807907104,True,True,correct
7802,cifar10_test_07802,bird,bird,0.9999996423721313,True,True,correct
7803,cifar10_test_07803,airplane,airplane,0.9999979734420776,True,True,correct
7804,cifar10_test_07804,dog,dog,0.9999998807907104,True,True,correct
7805,cifar10_test_07805,truck,truck,0.9999995231628418,True,True,correct
7806,cifar10_test_07806,truck,truck,0.9999979734420776,True,True,correct
7807,cifar10_test_07807,cat,cat,0.9999997615814209,True,True,correct
7808,cifar10_test_07808,ship,ship,0.9999998807907104,True,True,correct
7809,cifar10_test_07809,airplane,airplane,0.9999996423721313,True,True,correct
7810,cifar10_test_07810,frog,frog,1.0,True,True,correct
7811,cifar10_test_07811,airplane,airplane,0.9999994039535522,True,True,correct
7812,cifar10_test_07812,bird,bird,0.9999995231628418,True,True,correct
7813,cifar10_test_07813,cat,cat,0.9999980926513672,True,True,correct
7814,cifar10_test_07814,horse,horse,1.0,True,True,correct
7815,cifar10_test_07815,airplane,airplane,0.9999986886978149,True,True,correct
7816,cifar10_test_07816,airplane,airplane,0.9999879598617554,True,True,correct
7817,cifar10_test_07817,frog,frog,1.0,True,True,correct
7818,cifar10_test_07818,truck,truck,1.0,True,True,correct
7819,cifar10_test_07819,automobile,automobile,1.0,True,True,correct
7820,cifar10_test_07820,dog,dog,0.9999957084655762,True,True,correct
7821,cifar10_test_07821,bird,bird,0.9999998807907104,True,True,correct
7822,cifar10_test_07822,bird,bird,1.0,True,True,correct
7823,cifar10_test_07823,horse,horse,1.0,True,True,correct
7824,cifar10_test_07824,truck,truck,0.9999997615814209,True,True,correct
7825,cifar10_test_07825,cat,cat,1.0,True,True,correct
7826,cifar10_test_07826,truck,truck,0.9999997615814209,True,True,correct
7827,cifar10_test_07827,cat,cat,0.9999452829360962,True,True,correct
7828,cifar10_test_07828,dog,dog,0.9999998807907104,True,True,correct
7829,cifar10_test_07829,bird,bird,1.0,True,True,correct
7830,cifar10_test_07830,bird,bird,0.9999997615814209,True,True,correct
7831,cifar10_test_07831,bird,bird,0.9999997615814209,True,True,correct
7832,cifar10_test_07832,ship,ship,0.9999998807907104,True,True,correct
7833,cifar10_test_07833,ship,ship,0.9999997615814209,True,True,correct
7834,cifar10_test_07834,dog,dog,0.9999998807907104,True,True,correct
7835,cifar10_test_07835,airplane,airplane,0.9999997615814209,True,True,correct
7836,cifar10_test_07836,airplane,airplane,0.9999997615814209,True,True,correct
7837,cifar10_test_07837,horse,horse,1.0,True,True,correct
7838,cifar10_test_07838,airplane,airplane,0.9999997615814209,True,True,correct
7839,cifar10_test_07839,cat,cat,0.999944806098938,True,True,correct
7840,cifar10_test_07840,automobile,automobile,1.0,True,True,correct
7841,cifar10_test_07841,frog,frog,0.9999998807907104,True,True,correct
7842,cifar10_test_07842,dog,dog,0.9938868880271912,True,True,correct
7843,cifar10_test_07843,airplane,airplane,0.9999977350234985,True,True,correct
7844,cifar10_test_07844,truck,truck,1.0,True,True,correct
7845,cifar10_test_07845,bird,bird,1.0,True,True,correct
7846,cifar10_test_07846,frog,frog,0.9999998807907104,True,True,correct
7847,cifar10_test_07847,horse,horse,0.9999997615814209,True,True,correct
7848,cifar10_test_07848,deer,deer,0.9999996423721313,True,True,correct
7849,cifar10_test_07849,bird,bird,0.9999998807907104,True,True,correct
7850,cifar10_test_07850,airplane,airplane,0.9999995231628418,True,True,correct
7851,cifar10_test_07851,airplane,airplane,0.9999990463256836,True,True,correct
7852,cifar10_test_07852,dog,dog,0.9999986886978149,True,True,correct
7853,cifar10_test_07853,cat,deer,0.9976385831832886,False,True,false_negative_for_cat;false_positive_for_deer
7854,cifar10_test_07854,cat,cat,0.9999997615814209,True,True,correct
7855,cifar10_test_07855,bird,bird,0.9999997615814209,True,True,correct
7856,cifar10_test_07856,frog,frog,1.0,True,True,correct
7857,cifar10_test_07857,deer,deer,0.9999997615814209,True,True,correct
7858,cifar10_test_07858,bird,bird,0.9999998807907104,True,True,correct
7859,cifar10_test_07859,horse,horse,1.0,True,True,correct
7860,cifar10_test_07860,ship,ship,0.9999998807907104,True,True,correct
7861,cifar10_test_07861,airplane,airplane,0.9999997615814209,True,True,correct
7862,cifar10_test_07862,automobile,automobile,1.0,True,True,correct
7863,cifar10_test_07863,airplane,airplane,0.9999991655349731,True,True,correct
7864,cifar10_test_07864,automobile,automobile,0.9999998807907104,True,True,correct
7865,cifar10_test_07865,cat,cat,0.9999998807907104,True,True,correct
7866,cifar10_test_07866,frog,frog,1.0,True,True,correct
7867,cifar10_test_07867,deer,deer,1.0,True,True,correct
7868,cifar10_test_07868,ship,ship,0.9999995231628418,True,True,correct
7869,cifar10_test_07869,airplane,airplane,0.999998927116394,True,True,correct
7870,cifar10_test_07870,frog,frog,0.9999998807907104,True,True,correct
7871,cifar10_test_07871,airplane,airplane,0.9999998807907104,True,True,correct
7872,cifar10_test_07872,truck,truck,1.0,True,True,correct
7873,cifar10_test_07873,automobile,automobile,1.0,True,True,correct
7874,cifar10_test_07874,frog,frog,1.0,True,True,correct
7875,cifar10_test_07875,bird,bird,0.9999995231628418,True,True,correct
7876,cifar10_test_07876,automobile,automobile,1.0,True,True,correct
7877,cifar10_test_07877,airplane,airplane,0.9999997615814209,True,True,correct
7878,cifar10_test_07878,automobile,automobile,1.0,True,True,correct
7879,cifar10_test_07879,cat,cat,0.9999996423721313,True,True,correct
7880,cifar10_test_07880,airplane,airplane,0.9999985694885254,True,True,correct
7881,cifar10_test_07881,cat,cat,0.999996542930603,True,True,correct
7882,cifar10_test_07882,horse,horse,1.0,True,True,correct
7883,cifar10_test_07883,truck,truck,0.9999997615814209,True,True,correct
7884,cifar10_test_07884,truck,truck,1.0,True,True,correct
7885,cifar10_test_07885,cat,cat,0.9999997615814209,True,True,correct
7886,cifar10_test_07886,horse,horse,1.0,True,True,correct
7887,cifar10_test_07887,dog,dog,0.9999998807907104,True,True,correct
7888,cifar10_test_07888,horse,horse,0.9999997615814209,True,True,correct
7889,cifar10_test_07889,automobile,automobile,1.0,True,True,correct
7890,cifar10_test_07890,frog,frog,1.0,True,True,correct
7891,cifar10_test_07891,frog,frog,1.0,True,True,correct
7892,cifar10_test_07892,automobile,truck,0.9989608526229858,False,True,false_negative_for_automobile;false_positive_for_truck
7893,cifar10_test_07893,automobile,automobile,1.0,True,True,correct
7894,cifar10_test_07894,automobile,automobile,0.9999998807907104,True,True,correct
7895,cifar10_test_07895,deer,deer,0.9999997615814209,True,True,correct
7896,cifar10_test_07896,deer,deer,0.5265778303146362,True,True,correct
7897,cifar10_test_07897,bird,bird,1.0,True,True,correct
7898,cifar10_test_07898,automobile,automobile,1.0,True,True,correct
7899,cifar10_test_07899,horse,horse,0.9999994039535522,True,True,correct
7900,cifar10_test_07900,airplane,airplane,0.9999994039535522,True,True,correct
7901,cifar10_test_07901,automobile,automobile,0.9999998807907104,True,True,correct
7902,cifar10_test_07902,bird,bird,0.9999998807907104,True,True,correct
7903,cifar10_test_07903,automobile,automobile,1.0,True,True,correct
7904,cifar10_test_07904,automobile,automobile,1.0,True,True,correct
7905,cifar10_test_07905,cat,cat,0.9999998807907104,True,True,correct
7906,cifar10_test_07906,bird,bird,0.9999926090240479,True,True,correct
7907,cifar10_test_07907,frog,frog,1.0,True,True,correct
7908,cifar10_test_07908,truck,truck,1.0,True,True,correct
7909,cifar10_test_07909,automobile,automobile,0.9999957084655762,True,True,correct
7910,cifar10_test_07910,cat,cat,0.9999998807907104,True,True,correct
7911,cifar10_test_07911,bird,bird,1.0,True,True,correct
7912,cifar10_test_07912,airplane,airplane,0.9999998807907104,True,True,correct
7913,cifar10_test_07913,ship,ship,0.9999995231628418,True,True,correct
7914,cifar10_test_07914,horse,horse,0.9999998807907104,True,True,correct
7915,cifar10_test_07915,cat,cat,0.9999996423721313,True,True,correct
7916,cifar10_test_07916,deer,deer,1.0,True,True,correct
7917,cifar10_test_07917,frog,frog,1.0,True,True,correct
7918,cifar10_test_07918,deer,deer,0.9999995231628418,True,True,correct
7919,cifar10_test_07919,frog,frog,1.0,True,True,correct
7920,cifar10_test_07920,truck,truck,1.0,True,True,correct
7921,cifar10_test_07921,deer,deer,0.9999995231628418,True,True,correct
7922,cifar10_test_07922,ship,ship,0.9999998807907104,True,True,correct
7923,cifar10_test_07923,truck,truck,0.9999998807907104,True,True,correct
7924,cifar10_test_07924,cat,cat,0.9999994039535522,True,True,correct
7925,cifar10_test_07925,airplane,airplane,0.9999994039535522,True,True,correct
7926,cifar10_test_07926,dog,dog,0.9999998807907104,True,True,correct
7927,cifar10_test_07927,horse,horse,1.0,True,True,correct
7928,cifar10_test_07928,bird,bird,1.0,True,True,correct
7929,cifar10_test_07929,airplane,airplane,0.9999983310699463,True,True,correct
7930,cifar10_test_07930,bird,bird,1.0,True,True,correct
7931,cifar10_test_07931,truck,truck,0.9999943971633911,True,True,correct
7932,cifar10_test_07932,truck,truck,1.0,True,True,correct
7933,cifar10_test_07933,cat,cat,0.9999990463256836,True,True,correct
7934,cifar10_test_07934,ship,ship,0.9999998807907104,True,True,correct
7935,cifar10_test_07935,horse,horse,0.9999998807907104,True,True,correct
7936,cifar10_test_07936,automobile,automobile,1.0,True,True,correct
7937,cifar10_test_07937,automobile,automobile,1.0,True,True,correct
7938,cifar10_test_07938,bird,bird,0.9999998807907104,True,True,correct
7939,cifar10_test_07939,bird,bird,0.9999998807907104,True,True,correct
7940,cifar10_test_07940,bird,bird,1.0,True,True,correct
7941,cifar10_test_07941,dog,dog,0.9891588091850281,True,True,correct
7942,cifar10_test_07942,truck,truck,1.0,True,True,correct
7943,cifar10_test_07943,automobile,automobile,1.0,True,True,correct
7944,cifar10_test_07944,bird,bird,1.0,True,True,correct
7945,cifar10_test_07945,frog,frog,1.0,True,True,correct
7946,cifar10_test_07946,automobile,automobile,1.0,True,True,correct
7947,cifar10_test_07947,bird,bird,1.0,True,True,correct
7948,cifar10_test_07948,automobile,automobile,1.0,True,True,correct
7949,cifar10_test_07949,ship,ship,0.9999997615814209,True,True,correct
7950,cifar10_test_07950,truck,truck,1.0,True,True,correct
7951,cifar10_test_07951,bird,bird,1.0,True,True,correct
7952,cifar10_test_07952,cat,cat,0.9999984502792358,True,True,correct
7953,cifar10_test_07953,automobile,automobile,1.0,True,True,correct
7954,cifar10_test_07954,truck,truck,0.9999997615814209,True,True,correct
7955,cifar10_test_07955,truck,truck,1.0,True,True,correct
7956,cifar10_test_07956,deer,deer,0.9999994039535522,True,True,correct
7957,cifar10_test_07957,deer,deer,0.9999998807907104,True,True,correct
7958,cifar10_test_07958,dog,dog,0.9999997615814209,True,True,correct
7959,cifar10_test_07959,dog,dog,1.0,True,True,correct
7960,cifar10_test_07960,airplane,airplane,0.9999990463256836,True,True,correct
7961,cifar10_test_07961,cat,cat,0.9999997615814209,True,True,correct
7962,cifar10_test_07962,cat,cat,0.9999995231628418,True,True,correct
7963,cifar10_test_07963,horse,horse,1.0,True,True,correct
7964,cifar10_test_07964,automobile,automobile,1.0,True,True,correct
7965,cifar10_test_07965,horse,horse,1.0,True,True,correct
7966,cifar10_test_07966,horse,horse,0.9999998807907104,True,True,correct
7967,cifar10_test_07967,truck,automobile,0.9999916553497314,False,True,false_negative_for_truck;false_positive_for_automobile
7968,cifar10_test_07968,ship,ship,0.9999998807907104,True,True,correct
7969,cifar10_test_07969,frog,frog,1.0,True,True,correct
7970,cifar10_test_07970,cat,cat,0.9999991655349731,True,True,correct
7971,cifar10_test_07971,dog,dog,0.9999998807907104,True,True,correct
7972,cifar10_test_07972,dog,dog,0.9999972581863403,True,True,correct
7973,cifar10_test_07973,automobile,automobile,1.0,True,True,correct
7974,cifar10_test_07974,frog,frog,1.0,True,True,correct
7975,cifar10_test_07975,bird,bird,0.9999998807907104,True,True,correct
7976,cifar10_test_07976,horse,horse,1.0,True,True,correct
7977,cifar10_test_07977,ship,ship,1.0,True,True,correct
7978,cifar10_test_07978,deer,deer,0.9999998807907104,True,True,correct
7979,cifar10_test_07979,cat,cat,0.9999992847442627,True,True,correct
7980,cifar10_test_07980,cat,cat,0.9999994039535522,True,True,correct
7981,cifar10_test_07981,dog,dog,0.9999998807907104,True,True,correct
7982,cifar10_test_07982,truck,truck,0.9999998807907104,True,True,correct
7983,cifar10_test_07983,frog,frog,1.0,True,True,correct
7984,cifar10_test_07984,ship,ship,0.9999998807907104,True,True,correct
7985,cifar10_test_07985,dog,dog,0.9999995231628418,True,True,correct
7986,cifar10_test_07986,automobile,automobile,1.0,True,True,correct
7987,cifar10_test_07987,airplane,airplane,0.9999997615814209,True,True,correct
7988,cifar10_test_07988,frog,frog,1.0,True,True,correct
7989,cifar10_test_07989,horse,horse,0.9999997615814209,True,True,correct
7990,cifar10_test_07990,airplane,airplane,0.9999992847442627,True,True,correct
7991,cifar10_test_07991,truck,truck,0.9999997615814209,True,True,correct
7992,cifar10_test_07992,frog,frog,1.0,True,True,correct
7993,cifar10_test_07993,bird,bird,1.0,True,True,correct
7994,cifar10_test_07994,airplane,airplane,0.999998927116394,True,True,correct
7995,cifar10_test_07995,ship,ship,0.9999997615814209,True,True,correct
7996,cifar10_test_07996,horse,horse,0.9999998807907104,True,True,correct
7997,cifar10_test_07997,automobile,automobile,1.0,True,True,correct
7998,cifar10_test_07998,bird,bird,1.0,True,True,correct
7999,cifar10_test_07999,frog,bird,0.9998995065689087,False,True,false_negative_for_frog;false_positive_for_bird
8000,cifar10_test_08000,truck,truck,0.9999998807907104,True,True,correct
8001,cifar10_test_08001,automobile,automobile,1.0,True,True,correct
8002,cifar10_test_08002,frog,frog,1.0,True,True,correct
8003,cifar10_test_08003,deer,deer,0.9999997615814209,True,True,correct
8004,cifar10_test_08004,horse,horse,0.9999998807907104,True,True,correct
8005,cifar10_test_08005,automobile,automobile,1.0,True,True,correct
8006,cifar10_test_08006,truck,truck,0.999998927116394,True,True,correct
8007,cifar10_test_08007,airplane,airplane,1.0,True,True,correct
8008,cifar10_test_08008,airplane,airplane,0.9999995231628418,True,True,correct
8009,cifar10_test_08009,dog,dog,1.0,True,True,correct
8010,cifar10_test_08010,bird,bird,0.9999997615814209,True,True,correct
8011,cifar10_test_08011,ship,ship,0.9999998807907104,True,True,correct
8012,cifar10_test_08012,cat,cat,0.9999998807907104,True,True,correct
8013,cifar10_test_08013,ship,ship,0.9999998807907104,True,True,correct
8014,cifar10_test_08014,bird,bird,0.9995169639587402,True,True,correct
8015,cifar10_test_08015,ship,ship,0.9999998807907104,True,True,correct
8016,cifar10_test_08016,deer,deer,0.9999998807907104,True,True,correct
8017,cifar10_test_08017,airplane,airplane,0.9999997615814209,True,True,correct
8018,cifar10_test_08018,ship,ship,0.9999997615814209,True,True,correct
8019,cifar10_test_08019,cat,cat,0.9999998807907104,True,True,correct
8020,cifar10_test_08020,frog,frog,0.9999988079071045,True,True,correct
8021,cifar10_test_08021,automobile,automobile,1.0,True,True,correct
8022,cifar10_test_08022,bird,bird,0.9983332753181458,True,True,correct
8023,cifar10_test_08023,cat,cat,0.9999996423721313,True,True,correct
8024,cifar10_test_08024,airplane,airplane,0.9999998807907104,True,True,correct
8025,cifar10_test_08025,dog,dog,0.9999998807907104,True,True,correct
8026,cifar10_test_08026,airplane,airplane,0.9999995231628418,True,True,correct
8027,cifar10_test_08027,deer,deer,0.9999997615814209,True,True,correct
8028,cifar10_test_08028,automobile,automobile,1.0,True,True,correct
8029,cifar10_test_08029,horse,horse,1.0,True,True,correct
8030,cifar10_test_08030,bird,bird,1.0,True,True,correct
8031,cifar10_test_08031,airplane,airplane,0.9999986886978149,True,True,correct
8032,cifar10_test_08032,automobile,automobile,1.0,True,True,correct
8033,cifar10_test_08033,cat,cat,0.9999438524246216,True,True,correct
8034,cifar10_test_08034,truck,truck,1.0,True,True,correct
8035,cifar10_test_08035,automobile,automobile,1.0,True,True,correct
8036,cifar10_test_08036,frog,frog,1.0,True,True,correct
8037,cifar10_test_08037,automobile,automobile,1.0,True,True,correct
8038,cifar10_test_08038,frog,frog,1.0,True,True,correct
8039,cifar10_test_08039,automobile,automobile,1.0,True,True,correct
8040,cifar10_test_08040,bird,bird,0.9999997615814209,True,True,correct
8041,cifar10_test_08041,ship,ship,0.99979168176651,True,True,correct
8042,cifar10_test_08042,horse,horse,1.0,True,True,correct
8043,cifar10_test_08043,airplane,airplane,0.9999998807907104,True,True,correct
8044,cifar10_test_08044,truck,truck,1.0,True,True,correct
8045,cifar10_test_08045,dog,dog,0.9999998807907104,True,True,correct
8046,cifar10_test_08046,ship,ship,0.9999382495880127,True,True,correct
8047,cifar10_test_08047,airplane,airplane,1.0,True,True,correct
8048,cifar10_test_08048,airplane,airplane,0.9999783039093018,True,True,correct
8049,cifar10_test_08049,automobile,automobile,1.0,True,True,correct
8050,cifar10_test_08050,horse,horse,0.9999996423721313,True,True,correct
8051,cifar10_test_08051,truck,truck,1.0,True,True,correct
8052,cifar10_test_08052,horse,horse,0.9999991655349731,True,True,correct
8053,cifar10_test_08053,automobile,automobile,1.0,True,True,correct
8054,cifar10_test_08054,truck,truck,0.9999998807907104,True,True,correct
8055,cifar10_test_08055,bird,bird,1.0,True,True,correct
8056,cifar10_test_08056,automobile,automobile,0.9999998807907104,True,True,correct
8057,cifar10_test_08057,truck,truck,0.9999984502792358,True,True,correct
8058,cifar10_test_08058,deer,deer,0.9998406171798706,True,True,correct
8059,cifar10_test_08059,cat,cat,0.9999997615814209,True,True,correct
8060,cifar10_test_08060,frog,frog,1.0,True,True,correct
8061,cifar10_test_08061,airplane,airplane,0.9999995231628418,True,True,correct
8062,cifar10_test_08062,bird,bird,1.0,True,True,correct
8063,cifar10_test_08063,airplane,airplane,0.9999997615814209,True,True,correct
8064,cifar10_test_08064,airplane,airplane,0.9999983310699463,True,True,correct
8065,cifar10_test_08065,truck,truck,1.0,True,True,correct
8066,cifar10_test_08066,truck,truck,0.9999997615814209,True,True,correct
8067,cifar10_test_08067,ship,ship,0.9999998807907104,True,True,correct
8068,cifar10_test_08068,truck,truck,0.9999998807907104,True,True,correct
8069,cifar10_test_08069,deer,deer,0.9999994039535522,True,True,correct
8070,cifar10_test_08070,dog,dog,1.0,True,True,correct
8071,cifar10_test_08071,deer,deer,1.0,True,True,correct
8072,cifar10_test_08072,cat,cat,0.9999996423721313,True,True,correct
8073,cifar10_test_08073,airplane,airplane,0.9999992847442627,True,True,correct
8074,cifar10_test_08074,horse,horse,0.9999998807907104,True,True,correct
8075,cifar10_test_08075,ship,ship,0.9999996423721313,True,True,correct
8076,cifar10_test_08076,horse,horse,1.0,True,True,correct
8077,cifar10_test_08077,cat,cat,0.9999997615814209,True,True,correct
8078,cifar10_test_08078,horse,horse,1.0,True,True,correct
8079,cifar10_test_08079,dog,dog,0.9999988079071045,True,True,correct
8080,cifar10_test_08080,deer,deer,0.9999997615814209,True,True,correct
8081,cifar10_test_08081,frog,frog,1.0,True,True,correct
8082,cifar10_test_08082,dog,dog,0.9999998807907104,True,True,correct
8083,cifar10_test_08083,truck,truck,1.0,True,True,correct
8084,cifar10_test_08084,dog,dog,0.9999998807907104,True,True,correct
8085,cifar10_test_08085,bird,bird,1.0,True,True,correct
8086,cifar10_test_08086,deer,deer,1.0,True,True,correct
8087,cifar10_test_08087,bird,bird,1.0,True,True,correct
8088,cifar10_test_08088,horse,horse,0.9999998807907104,True,True,correct
8089,cifar10_test_08089,truck,truck,1.0,True,True,correct
8090,cifar10_test_08090,frog,frog,0.9999979734420776,True,True,correct
8091,cifar10_test_08091,horse,horse,1.0,True,True,correct
8092,cifar10_test_08092,deer,deer,0.9999998807907104,True,True,correct
8093,cifar10_test_08093,horse,horse,0.9999995231628418,True,True,correct
8094,cifar10_test_08094,automobile,automobile,0.9999998807907104,True,True,correct
8095,cifar10_test_08095,bird,bird,1.0,True,True,correct
8096,cifar10_test_08096,cat,cat,0.9999997615814209,True,True,correct
8097,cifar10_test_08097,automobile,automobile,1.0,True,True,correct
8098,cifar10_test_08098,automobile,automobile,0.9999994039535522,True,True,correct
8099,cifar10_test_08099,cat,cat,0.9999998807907104,True,True,correct
8100,cifar10_test_08100,frog,frog,0.9999998807907104,True,True,correct
8101,cifar10_test_08101,ship,ship,1.0,True,True,correct
8102,cifar10_test_08102,cat,cat,0.9999959468841553,True,True,correct
8103,cifar10_test_08103,horse,horse,0.9999992847442627,True,True,correct
8104,cifar10_test_08104,horse,horse,0.9999984502792358,True,True,correct
8105,cifar10_test_08105,airplane,airplane,0.9999997615814209,True,True,correct
8106,cifar10_test_08106,ship,ship,0.9999994039535522,True,True,correct
8107,cifar10_test_08107,automobile,automobile,1.0,True,True,correct
8108,cifar10_test_08108,dog,dog,0.9999998807907104,True,True,correct
8109,cifar10_test_08109,bird,bird,1.0,True,True,correct
8110,cifar10_test_08110,dog,dog,0.9997925162315369,True,True,correct
8111,cifar10_test_08111,dog,dog,0.9999996423721313,True,True,correct
8112,cifar10_test_08112,cat,cat,0.9999996423721313,True,True,correct
8113,cifar10_test_08113,frog,frog,1.0,True,True,correct
8114,cifar10_test_08114,cat,cat,0.9999973773956299,True,True,correct
8115,cifar10_test_08115,dog,dog,0.9999998807907104,True,True,correct
8116,cifar10_test_08116,truck,truck,1.0,True,True,correct
8117,cifar10_test_08117,ship,ship,0.9999998807907104,True,True,correct
8118,cifar10_test_08118,deer,deer,0.9999997615814209,True,True,correct
8119,cifar10_test_08119,frog,frog,0.9999998807907104,True,True,correct
8120,cifar10_test_08120,ship,ship,0.9999998807907104,True,True,correct
8121,cifar10_test_08121,airplane,airplane,0.9999996423721313,True,True,correct
8122,cifar10_test_08122,deer,deer,0.9999997615814209,True,True,correct
8123,cifar10_test_08123,automobile,automobile,1.0,True,True,correct
8124,cifar10_test_08124,horse,horse,0.9999998807907104,True,True,correct
8125,cifar10_test_08125,ship,ship,0.9999997615814209,True,True,correct
8126,cifar10_test_08126,deer,deer,0.9999996423721313,True,True,correct
8127,cifar10_test_08127,truck,truck,0.9999998807907104,True,True,correct
8128,cifar10_test_08128,horse,horse,0.9784265756607056,True,True,correct
8129,cifar10_test_08129,bird,bird,0.9999997615814209,True,True,correct
8130,cifar10_test_08130,frog,frog,1.0,True,True,correct
8131,cifar10_test_08131,cat,cat,0.9999997615814209,True,True,correct
8132,cifar10_test_08132,ship,ship,0.9999998807907104,True,True,correct
8133,cifar10_test_08133,ship,ship,0.9999998807907104,True,True,correct
8134,cifar10_test_08134,frog,frog,1.0,True,True,correct
8135,cifar10_test_08135,horse,horse,0.9999998807907104,True,True,correct
8136,cifar10_test_08136,cat,cat,0.9999998807907104,True,True,correct
8137,cifar10_test_08137,ship,ship,0.9999998807907104,True,True,correct
8138,cifar10_test_08138,automobile,automobile,0.9999996423721313,True,True,correct
8139,cifar10_test_08139,automobile,automobile,1.0,True,True,correct
8140,cifar10_test_08140,dog,dog,0.9999997615814209,True,True,correct
8141,cifar10_test_08141,cat,cat,0.9999998807907104,True,True,correct
8142,cifar10_test_08142,horse,horse,0.9999996423721313,True,True,correct
8143,cifar10_test_08143,truck,truck,1.0,True,True,correct
8144,cifar10_test_08144,truck,truck,0.9999992847442627,True,True,correct
8145,cifar10_test_08145,truck,truck,1.0,True,True,correct
8146,cifar10_test_08146,ship,ship,0.9999998807907104,True,True,correct
8147,cifar10_test_08147,dog,dog,0.9999997615814209,True,True,correct
8148,cifar10_test_08148,truck,truck,1.0,True,True,correct
8149,cifar10_test_08149,truck,truck,1.0,True,True,correct
8150,cifar10_test_08150,frog,frog,1.0,True,True,correct
8151,cifar10_test_08151,ship,ship,0.9999998807907104,True,True,correct
8152,cifar10_test_08152,ship,ship,0.9999998807907104,True,True,correct
8153,cifar10_test_08153,deer,deer,0.9999992847442627,True,True,correct
8154,cifar10_test_08154,ship,ship,0.9999998807907104,True,True,correct
8155,cifar10_test_08155,automobile,automobile,1.0,True,True,correct
8156,cifar10_test_08156,airplane,airplane,0.9999984502792358,True,True,correct
8157,cifar10_test_08157,automobile,automobile,1.0,True,True,correct
8158,cifar10_test_08158,ship,ship,1.0,True,True,correct
8159,cifar10_test_08159,ship,ship,0.9999998807907104,True,True,correct
8160,cifar10_test_08160,frog,frog,1.0,True,True,correct
8161,cifar10_test_08161,dog,dog,0.9999991655349731,True,True,correct
8162,cifar10_test_08162,truck,truck,0.9999998807907104,True,True,correct
8163,cifar10_test_08163,airplane,airplane,0.9999992847442627,True,True,correct
8164,cifar10_test_08164,frog,frog,1.0,True,True,correct
8165,cifar10_test_08165,automobile,automobile,0.9999998807907104,True,True,correct
8166,cifar10_test_08166,bird,bird,0.9880785346031189,True,True,correct
8167,cifar10_test_08167,frog,frog,0.9999998807907104,True,True,correct
8168,cifar10_test_08168,frog,frog,0.9999998807907104,True,True,correct
8169,cifar10_test_08169,cat,cat,0.9999997615814209,True,True,correct
8170,cifar10_test_08170,dog,dog,1.0,True,True,correct
8171,cifar10_test_08171,frog,frog,1.0,True,True,correct
8172,cifar10_test_08172,dog,dog,0.5988525748252869,True,True,correct
8173,cifar10_test_08173,dog,dog,0.9999949932098389,True,True,correct
8174,cifar10_test_08174,cat,cat,0.9999974966049194,True,True,correct
8175,cifar10_test_08175,cat,cat,0.9999997615814209,True,True,correct
8176,cifar10_test_08176,frog,frog,1.0,True,True,correct
8177,cifar10_test_08177,ship,ship,0.9999996423721313,True,True,correct
8178,cifar10_test_08178,truck,truck,0.9999977350234985,True,True,correct
8179,cifar10_test_08179,deer,deer,0.9999997615814209,True,True,correct
8180,cifar10_test_08180,deer,deer,0.9999922513961792,True,True,correct
8181,cifar10_test_08181,cat,cat,0.9999997615814209,True,True,correct
8182,cifar10_test_08182,ship,ship,0.9999998807907104,True,True,correct
8183,cifar10_test_08183,cat,cat,0.9781094789505005,True,True,correct
8184,cifar10_test_08184,frog,frog,1.0,True,True,correct
8185,cifar10_test_08185,airplane,airplane,0.9999985694885254,True,True,correct
8186,cifar10_test_08186,ship,ship,0.9999997615814209,True,True,correct
8187,cifar10_test_08187,dog,dog,0.999998927116394,True,True,correct
8188,cifar10_test_08188,horse,horse,1.0,True,True,correct
8189,cifar10_test_08189,ship,ship,0.9999969005584717,True,True,correct
8190,cifar10_test_08190,deer,deer,0.999998927116394,True,True,correct
8191,cifar10_test_08191,frog,frog,0.9999998807907104,True,True,correct
8192,cifar10_test_08192,dog,dog,0.9999998807907104,True,True,correct
8193,cifar10_test_08193,cat,cat,0.9999971389770508,True,True,correct
8194,cifar10_test_08194,automobile,automobile,0.9999998807907104,True,True,correct
8195,cifar10_test_08195,ship,ship,0.9999998807907104,True,True,correct
8196,cifar10_test_08196,cat,cat,0.9999943971633911,True,True,correct
8197,cifar10_test_08197,airplane,airplane,0.9999995231628418,True,True,correct
8198,cifar10_test_08198,deer,deer,1.0,True,True,correct
8199,cifar10_test_08199,deer,deer,0.9999998807907104,True,True,correct
8200,cifar10_test_08200,cat,cat,0.9998729228973389,True,True,correct
8201,cifar10_test_08201,cat,cat,0.9999996423721313,True,True,correct
8202,cifar10_test_08202,dog,dog,0.9999992847442627,True,True,correct
8203,cifar10_test_08203,cat,cat,0.9999998807907104,True,True,correct
8204,cifar10_test_08204,cat,cat,1.0,True,True,correct
8205,cifar10_test_08205,bird,bird,0.9999998807907104,True,True,correct
8206,cifar10_test_08206,horse,horse,0.9999998807907104,True,True,correct
8207,cifar10_test_08207,horse,horse,1.0,True,True,correct
8208,cifar10_test_08208,ship,ship,0.9999997615814209,True,True,correct
8209,cifar10_test_08209,bird,bird,0.9999998807907104,True,True,correct
8210,cifar10_test_08210,airplane,airplane,0.9999996423721313,True,True,correct
8211,cifar10_test_08211,dog,dog,0.9999998807907104,True,True,correct
8212,cifar10_test_08212,dog,dog,0.9999983310699463,True,True,correct
8213,cifar10_test_08213,frog,frog,1.0,True,True,correct
8214,cifar10_test_08214,automobile,automobile,1.0,True,True,correct
8215,cifar10_test_08215,automobile,automobile,1.0,True,True,correct
8216,cifar10_test_08216,cat,cat,0.9999995231628418,True,True,correct
8217,cifar10_test_08217,truck,truck,0.9999998807907104,True,True,correct
8218,cifar10_test_08218,truck,truck,1.0,True,True,correct
8219,cifar10_test_08219,cat,cat,0.9999992847442627,True,True,correct
8220,cifar10_test_08220,frog,frog,0.9999998807907104,True,True,correct
8221,cifar10_test_08221,horse,horse,1.0,True,True,correct
8222,cifar10_test_08222,automobile,automobile,0.9999990463256836,True,True,correct
8223,cifar10_test_08223,ship,ship,0.9999996423721313,True,True,correct
8224,cifar10_test_08224,cat,cat,0.9999990463256836,True,True,correct
8225,cifar10_test_08225,truck,truck,0.9999998807907104,True,True,correct
8226,cifar10_test_08226,ship,ship,0.9999998807907104,True,True,correct
8227,cifar10_test_08227,horse,horse,1.0,True,True,correct
8228,cifar10_test_08228,ship,ship,0.9999997615814209,True,True,correct
8229,cifar10_test_08229,ship,ship,0.9999998807907104,True,True,correct
8230,cifar10_test_08230,airplane,airplane,0.9999995231628418,True,True,correct
8231,cifar10_test_08231,cat,cat,0.9999990463256836,True,True,correct
8232,cifar10_test_08232,bird,bird,1.0,True,True,correct
8233,cifar10_test_08233,deer,deer,0.9999996423721313,True,True,correct
8234,cifar10_test_08234,ship,ship,0.9999985694885254,True,True,correct
8235,cifar10_test_08235,horse,horse,0.9999998807907104,True,True,correct
8236,cifar10_test_08236,dog,dog,0.999998927116394,True,True,correct
8237,cifar10_test_08237,horse,horse,0.9999996423721313,True,True,correct
8238,cifar10_test_08238,automobile,automobile,0.9999998807907104,True,True,correct
8239,cifar10_test_08239,ship,ship,0.9999998807907104,True,True,correct
8240,cifar10_test_08240,horse,horse,0.9999998807907104,True,True,correct
8241,cifar10_test_08241,cat,cat,0.9999997615814209,True,True,correct
8242,cifar10_test_08242,dog,dog,1.0,True,True,correct
8243,cifar10_test_08243,deer,deer,0.9999998807907104,True,True,correct
8244,cifar10_test_08244,deer,deer,0.9999997615814209,True,True,correct
8245,cifar10_test_08245,cat,cat,0.9999667406082153,True,True,correct
8246,cifar10_test_08246,ship,ship,0.9999996423721313,True,True,correct
8247,cifar10_test_08247,frog,frog,1.0,True,True,correct
8248,cifar10_test_08248,automobile,automobile,1.0,True,True,correct
8249,cifar10_test_08249,automobile,automobile,1.0,True,True,correct
8250,cifar10_test_08250,frog,frog,1.0,True,True,correct
8251,cifar10_test_08251,cat,cat,0.9999996423721313,True,True,correct
8252,cifar10_test_08252,bird,bird,0.9999998807907104,True,True,correct
8253,cifar10_test_08253,bird,bird,1.0,True,True,correct
8254,cifar10_test_08254,ship,ship,0.9999991655349731,True,True,correct
8255,cifar10_test_08255,truck,truck,0.9999998807907104,True,True,correct
8256,cifar10_test_08256,ship,ship,0.9999997615814209,True,True,correct
8257,cifar10_test_08257,cat,cat,0.9999991655349731,True,True,correct
8258,cifar10_test_08258,cat,cat,0.9999986886978149,True,True,correct
8259,cifar10_test_08259,ship,ship,0.9999997615814209,True,True,correct
8260,cifar10_test_08260,automobile,automobile,0.9999998807907104,True,True,correct
8261,cifar10_test_08261,automobile,automobile,1.0,True,True,correct
8262,cifar10_test_08262,airplane,airplane,0.9999991655349731,True,True,correct
8263,cifar10_test_08263,dog,dog,0.9999998807907104,True,True,correct
8264,cifar10_test_08264,bird,bird,1.0,True,True,correct
8265,cifar10_test_08265,airplane,airplane,0.9999996423721313,True,True,correct
8266,cifar10_test_08266,dog,dog,0.9999986886978149,True,True,correct
8267,cifar10_test_08267,airplane,airplane,0.9999990463256836,True,True,correct
8268,cifar10_test_08268,dog,dog,0.9999959468841553,True,True,correct
8269,cifar10_test_08269,ship,ship,0.9999991655349731,True,True,correct
8270,cifar10_test_08270,frog,frog,1.0,True,True,correct
8271,cifar10_test_08271,cat,cat,0.9999997615814209,True,True,correct
8272,cifar10_test_08272,truck,truck,0.9999842643737793,True,True,correct
8273,cifar10_test_08273,frog,frog,1.0,True,True,correct
8274,cifar10_test_08274,frog,frog,1.0,True,True,correct
8275,cifar10_test_08275,cat,cat,0.999998927116394,True,True,correct
8276,cifar10_test_08276,truck,truck,0.9999998807907104,True,True,correct
8277,cifar10_test_08277,deer,deer,0.9999995231628418,True,True,correct
8278,cifar10_test_08278,ship,ship,0.9999998807907104,True,True,correct
8279,cifar10_test_08279,cat,cat,0.9999977350234985,True,True,correct
8280,cifar10_test_08280,deer,deer,0.9999997615814209,True,True,correct
8281,cifar10_test_08281,cat,dog,0.8791564702987671,False,True,false_negative_for_cat;false_positive_for_dog
8282,cifar10_test_08282,automobile,automobile,1.0,True,True,correct
8283,cifar10_test_08283,automobile,automobile,0.9999997615814209,True,True,correct
8284,cifar10_test_08284,bird,bird,1.0,True,True,correct
8285,cifar10_test_08285,truck,truck,1.0,True,True,correct
8286,cifar10_test_08286,horse,horse,0.9999992847442627,True,True,correct
8287,cifar10_test_08287,ship,ship,0.9999995231628418,True,True,correct
8288,cifar10_test_08288,dog,dog,0.9999998807907104,True,True,correct
8289,cifar10_test_08289,dog,dog,0.9999997615814209,True,True,correct
8290,cifar10_test_08290,ship,ship,0.9999932050704956,True,True,correct
8291,cifar10_test_08291,frog,frog,1.0,True,True,correct
8292,cifar10_test_08292,truck,truck,0.9999991655349731,True,True,correct
8293,cifar10_test_08293,airplane,airplane,1.0,True,True,correct
8294,cifar10_test_08294,ship,ship,0.9999998807907104,True,True,correct
8295,cifar10_test_08295,cat,cat,0.9999988079071045,True,True,correct
8296,cifar10_test_08296,dog,dog,0.9941934943199158,True,True,correct
8297,cifar10_test_08297,automobile,automobile,1.0,True,True,correct
8298,cifar10_test_08298,cat,cat,0.9999876022338867,True,True,correct
8299,cifar10_test_08299,cat,cat,0.9999998807907104,True,True,correct
8300,cifar10_test_08300,dog,dog,0.9999997615814209,True,True,correct
8301,cifar10_test_08301,dog,dog,0.9999998807907104,True,True,correct
8302,cifar10_test_08302,cat,cat,0.9999998807907104,True,True,correct
8303,cifar10_test_08303,ship,ship,0.9999998807907104,True,True,correct
8304,cifar10_test_08304,automobile,automobile,0.9999866485595703,True,True,correct
8305,cifar10_test_08305,deer,deer,0.9999998807907104,True,True,correct
8306,cifar10_test_08306,frog,frog,1.0,True,True,correct
8307,cifar10_test_08307,deer,deer,1.0,True,True,correct
8308,cifar10_test_08308,bird,bird,0.9999998807907104,True,True,correct
8309,cifar10_test_08309,deer,deer,0.9999998807907104,True,True,correct
8310,cifar10_test_08310,cat,cat,0.9999994039535522,True,True,correct
8311,cifar10_test_08311,ship,ship,0.9999997615814209,True,True,correct
8312,cifar10_test_08312,truck,truck,0.9999997615814209,True,True,correct
8313,cifar10_test_08313,frog,frog,1.0,True,True,correct
8314,cifar10_test_08314,frog,frog,0.9999994039535522,True,True,correct
8315,cifar10_test_08315,frog,frog,0.9999991655349731,True,True,correct
8316,cifar10_test_08316,dog,dog,0.9993261098861694,True,True,correct
8317,cifar10_test_08317,dog,dog,0.999996542930603,True,True,correct
8318,cifar10_test_08318,bird,bird,0.9999990463256836,True,True,correct
8319,cifar10_test_08319,horse,horse,0.9999997615814209,True,True,correct
8320,cifar10_test_08320,horse,horse,1.0,True,True,correct
8321,cifar10_test_08321,deer,deer,0.9999992847442627,True,True,correct
8322,cifar10_test_08322,deer,deer,0.9999998807907104,True,True,correct
8323,cifar10_test_08323,truck,truck,1.0,True,True,correct
8324,cifar10_test_08324,cat,cat,0.9999994039535522,True,True,correct
8325,cifar10_test_08325,ship,ship,0.9999996423721313,True,True,correct
8326,cifar10_test_08326,cat,cat,0.999998927116394,True,True,correct
8327,cifar10_test_08327,horse,horse,1.0,True,True,correct
8328,cifar10_test_08328,horse,horse,0.9999998807907104,True,True,correct
8329,cifar10_test_08329,ship,ship,0.9999996423721313,True,True,correct
8330,cifar10_test_08330,dog,dog,0.9999998807907104,True,True,correct
8331,cifar10_test_08331,cat,cat,0.9999995231628418,True,True,correct
8332,cifar10_test_08332,truck,truck,1.0,True,True,correct
8333,cifar10_test_08333,automobile,automobile,0.9999997615814209,True,True,correct
8334,cifar10_test_08334,frog,frog,1.0,True,True,correct
8335,cifar10_test_08335,horse,horse,0.9999995231628418,True,True,correct
8336,cifar10_test_08336,cat,cat,0.9999997615814209,True,True,correct
8337,cifar10_test_08337,cat,cat,0.9999985694885254,True,True,correct
8338,cifar10_test_08338,cat,cat,0.9999996423721313,True,True,correct
8339,cifar10_test_08339,ship,ship,0.9999994039535522,True,True,correct
8340,cifar10_test_08340,dog,dog,0.9999997615814209,True,True,correct
8341,cifar10_test_08341,frog,frog,0.9999997615814209,True,True,correct
8342,cifar10_test_08342,automobile,automobile,0.9999997615814209,True,True,correct
8343,cifar10_test_08343,cat,cat,0.9999998807907104,True,True,correct
8344,cifar10_test_08344,horse,horse,1.0,True,True,correct
8345,cifar10_test_08345,truck,truck,0.9999998807907104,True,True,correct
8346,cifar10_test_08346,frog,frog,1.0,True,True,correct
8347,cifar10_test_08347,automobile,automobile,0.9999998807907104,True,True,correct
8348,cifar10_test_08348,frog,frog,1.0,True,True,correct
8349,cifar10_test_08349,deer,deer,1.0,True,True,correct
8350,cifar10_test_08350,truck,truck,0.9999071359634399,True,True,correct
8351,cifar10_test_08351,airplane,airplane,0.9999996423721313,True,True,correct
8352,cifar10_test_08352,dog,dog,0.9999990463256836,True,True,correct
8353,cifar10_test_08353,horse,horse,1.0,True,True,correct
8354,cifar10_test_08354,deer,deer,0.5911766290664673,True,True,correct
8355,cifar10_test_08355,truck,truck,1.0,True,True,correct
8356,cifar10_test_08356,automobile,automobile,1.0,True,True,correct
8357,cifar10_test_08357,airplane,airplane,0.9999997615814209,True,True,correct
8358,cifar10_test_08358,airplane,airplane,0.9999995231628418,True,True,correct
8359,cifar10_test_08359,bird,bird,0.9999991655349731,True,True,correct
8360,cifar10_test_08360,horse,horse,1.0,True,True,correct
8361,cifar10_test_08361,ship,ship,0.9999992847442627,True,True,correct
8362,cifar10_test_08362,cat,cat,0.9999983310699463,True,True,correct
8363,cifar10_test_08363,bird,bird,0.9999998807907104,True,True,correct
8364,cifar10_test_08364,horse,horse,0.9999994039535522,True,True,correct
8365,cifar10_test_08365,frog,frog,1.0,True,True,correct
8366,cifar10_test_08366,automobile,automobile,0.9999994039535522,True,True,correct
8367,cifar10_test_08367,frog,frog,1.0,True,True,correct
8368,cifar10_test_08368,frog,frog,1.0,True,True,correct
8369,cifar10_test_08369,deer,deer,0.9999994039535522,True,True,correct
8370,cifar10_test_08370,deer,deer,1.0,True,True,correct
8371,cifar10_test_08371,bird,bird,1.0,True,True,correct
8372,cifar10_test_08372,automobile,automobile,0.9999998807907104,True,True,correct
8373,cifar10_test_08373,ship,ship,0.9999997615814209,True,True,correct
8374,cifar10_test_08374,deer,deer,0.9999997615814209,True,True,correct
8375,cifar10_test_08375,deer,deer,0.9999995231628418,True,True,correct
8376,cifar10_test_08376,horse,horse,0.9999997615814209,True,True,correct
8377,cifar10_test_08377,ship,ship,1.0,True,True,correct
8378,cifar10_test_08378,dog,dog,0.9999994039535522,True,True,correct
8379,cifar10_test_08379,ship,ship,0.9999998807907104,True,True,correct
8380,cifar10_test_08380,truck,truck,0.9999997615814209,True,True,correct
8381,cifar10_test_08381,deer,deer,0.9999998807907104,True,True,correct
8382,cifar10_test_08382,cat,cat,0.9999986886978149,True,True,correct
8383,cifar10_test_08383,bird,bird,0.9999997615814209,True,True,correct
8384,cifar10_test_08384,bird,bird,0.9999997615814209,True,True,correct
8385,cifar10_test_08385,truck,truck,0.9999997615814209,True,True,correct
8386,cifar10_test_08386,cat,cat,0.9999990463256836,True,True,correct
8387,cifar10_test_08387,airplane,airplane,0.9999980926513672,True,True,correct
8388,cifar10_test_08388,automobile,automobile,0.9999992847442627,True,True,correct
8389,cifar10_test_08389,automobile,automobile,1.0,True,True,correct
8390,cifar10_test_08390,automobile,automobile,1.0,True,True,correct
8391,cifar10_test_08391,automobile,automobile,1.0,True,True,correct
8392,cifar10_test_08392,frog,frog,1.0,True,True,correct
8393,cifar10_test_08393,ship,ship,0.9999998807907104,True,True,correct
8394,cifar10_test_08394,horse,horse,0.7596545815467834,True,True,correct
8395,cifar10_test_08395,automobile,automobile,1.0,True,True,correct
8396,cifar10_test_08396,cat,cat,0.9999973773956299,True,True,correct
8397,cifar10_test_08397,airplane,airplane,0.9999986886978149,True,True,correct
8398,cifar10_test_08398,deer,deer,0.9999997615814209,True,True,correct
8399,cifar10_test_08399,dog,dog,0.9999997615814209,True,True,correct
8400,cifar10_test_08400,airplane,airplane,0.9999995231628418,True,True,correct
8401,cifar10_test_08401,cat,cat,0.9999940395355225,True,True,correct
8402,cifar10_test_08402,airplane,airplane,0.9999988079071045,True,True,correct
8403,cifar10_test_08403,frog,frog,1.0,True,True,correct
8404,cifar10_test_08404,bird,bird,1.0,True,True,correct
8405,cifar10_test_08405,airplane,airplane,0.9999990463256836,True,True,correct
8406,cifar10_test_08406,truck,truck,1.0,True,True,correct
8407,cifar10_test_08407,ship,ship,0.9999998807907104,True,True,correct
8408,cifar10_test_08408,frog,frog,0.9999998807907104,True,True,correct
8409,cifar10_test_08409,ship,ship,0.9999986886978149,True,True,correct
8410,cifar10_test_08410,dog,dog,0.9999322891235352,True,True,correct
8411,cifar10_test_08411,ship,ship,0.9999998807907104,True,True,correct
8412,cifar10_test_08412,bird,bird,1.0,True,True,correct
8413,cifar10_test_08413,truck,truck,0.9999974966049194,True,True,correct
8414,cifar10_test_08414,frog,frog,1.0,True,True,correct
8415,cifar10_test_08415,airplane,airplane,0.9999995231628418,True,True,correct
8416,cifar10_test_08416,frog,frog,1.0,True,True,correct
8417,cifar10_test_08417,automobile,automobile,1.0,True,True,correct
8418,cifar10_test_08418,ship,ship,0.9999998807907104,True,True,correct
8419,cifar10_test_08419,horse,horse,0.9999997615814209,True,True,correct
8420,cifar10_test_08420,cat,cat,0.9999996423721313,True,True,correct
8421,cifar10_test_08421,bird,bird,1.0,True,True,correct
8422,cifar10_test_08422,bird,bird,1.0,True,True,correct
8423,cifar10_test_08423,frog,frog,1.0,True,True,correct
8424,cifar10_test_08424,dog,dog,0.9999994039535522,True,True,correct
8425,cifar10_test_08425,frog,frog,0.9999997615814209,True,True,correct
8426,cifar10_test_08426,truck,truck,1.0,True,True,correct
8427,cifar10_test_08427,bird,bird,1.0,True,True,correct
8428,cifar10_test_08428,dog,dog,0.9999994039535522,True,True,correct
8429,cifar10_test_08429,deer,deer,0.9999997615814209,True,True,correct
8430,cifar10_test_08430,truck,truck,1.0,True,True,correct
8431,cifar10_test_08431,ship,ship,0.9999983310699463,True,True,correct
8432,cifar10_test_08432,dog,dog,0.995451033115387,True,True,correct
8433,cifar10_test_08433,cat,cat,0.9999991655349731,True,True,correct
8434,cifar10_test_08434,truck,truck,1.0,True,True,correct
8435,cifar10_test_08435,cat,cat,0.9999996423721313,True,True,correct
8436,cifar10_test_08436,dog,dog,0.9999998807907104,True,True,correct
8437,cifar10_test_08437,horse,horse,1.0,True,True,correct
8438,cifar10_test_08438,automobile,automobile,1.0,True,True,correct
8439,cifar10_test_08439,ship,ship,0.9999996423721313,True,True,correct
8440,cifar10_test_08440,dog,dog,0.9999972581863403,True,True,correct
8441,cifar10_test_08441,ship,ship,0.9999996423721313,True,True,correct
8442,cifar10_test_08442,frog,frog,1.0,True,True,correct
8443,cifar10_test_08443,bird,bird,0.9999998807907104,True,True,correct
8444,cifar10_test_08444,dog,dog,1.0,True,True,correct
8445,cifar10_test_08445,automobile,automobile,1.0,True,True,correct
8446,cifar10_test_08446,cat,cat,0.999992847442627,True,True,correct
8447,cifar10_test_08447,airplane,airplane,0.9999997615814209,True,True,correct
8448,cifar10_test_08448,deer,deer,0.9999997615814209,True,True,correct
8449,cifar10_test_08449,automobile,automobile,0.9999988079071045,True,True,correct
8450,cifar10_test_08450,truck,truck,0.9999990463256836,True,True,correct
8451,cifar10_test_08451,dog,dog,0.999937891960144,True,True,correct
8452,cifar10_test_08452,deer,deer,0.9999996423721313,True,True,correct
8453,cifar10_test_08453,truck,truck,0.9999995231628418,True,True,correct
8454,cifar10_test_08454,bird,bird,0.9999997615814209,True,True,correct
8455,cifar10_test_08455,automobile,automobile,1.0,True,True,correct
8456,cifar10_test_08456,deer,deer,0.9999994039535522,True,True,correct
8457,cifar10_test_08457,bird,bird,0.9999997615814209,True,True,correct
8458,cifar10_test_08458,dog,dog,0.9999998807907104,True,True,correct
8459,cifar10_test_08459,truck,truck,1.0,True,True,correct
8460,cifar10_test_08460,ship,ship,0.9999994039535522,True,True,correct
8461,cifar10_test_08461,horse,horse,0.9999998807907104,True,True,correct
8462,cifar10_test_08462,bird,bird,1.0,True,True,correct
8463,cifar10_test_08463,automobile,automobile,0.9999998807907104,True,True,correct
8464,cifar10_test_08464,frog,frog,1.0,True,True,correct
8465,cifar10_test_08465,truck,truck,0.999998927116394,True,True,correct
8466,cifar10_test_08466,horse,horse,1.0,True,True,correct
8467,cifar10_test_08467,cat,cat,0.9999998807907104,True,True,correct
8468,cifar10_test_08468,frog,frog,0.9999998807907104,True,True,correct
8469,cifar10_test_08469,dog,dog,0.9998846054077148,True,True,correct
8470,cifar10_test_08470,ship,ship,0.9999998807907104,True,True,correct
8471,cifar10_test_08471,airplane,airplane,0.9999992847442627,True,True,correct
8472,cifar10_test_08472,bird,bird,1.0,True,True,correct
8473,cifar10_test_08473,bird,bird,0.7124207019805908,True,True,correct
8474,cifar10_test_08474,deer,deer,1.0,True,True,correct
8475,cifar10_test_08475,truck,truck,1.0,True,True,correct
8476,cifar10_test_08476,airplane,airplane,0.9999996423721313,True,True,correct
8477,cifar10_test_08477,dog,dog,0.9999995231628418,True,True,correct
8478,cifar10_test_08478,dog,dog,1.0,True,True,correct
8479,cifar10_test_08479,deer,deer,0.9999998807907104,True,True,correct
8480,cifar10_test_08480,bird,bird,0.9999983310699463,True,True,correct
8481,cifar10_test_08481,cat,cat,0.9999980926513672,True,True,correct
8482,cifar10_test_08482,automobile,automobile,1.0,True,True,correct
8483,cifar10_test_08483,airplane,airplane,0.9999986886978149,True,True,correct
8484,cifar10_test_08484,cat,frog,0.8468852639198303,False,True,false_negative_for_cat;false_positive_for_frog
8485,cifar10_test_08485,airplane,airplane,0.9999991655349731,True,True,correct
8486,cifar10_test_08486,deer,deer,0.9999995231628418,True,True,correct
8487,cifar10_test_08487,deer,deer,0.9999994039535522,True,True,correct
8488,cifar10_test_08488,truck,truck,0.9999997615814209,True,True,correct
8489,cifar10_test_08489,automobile,automobile,1.0,True,True,correct
8490,cifar10_test_08490,cat,cat,0.999970555305481,True,True,correct
8491,cifar10_test_08491,cat,cat,0.9999997615814209,True,True,correct
8492,cifar10_test_08492,airplane,airplane,0.9999994039535522,True,True,correct
8493,cifar10_test_08493,bird,bird,0.9999983310699463,True,True,correct
8494,cifar10_test_08494,automobile,automobile,1.0,True,True,correct
8495,cifar10_test_08495,automobile,automobile,1.0,True,True,correct
8496,cifar10_test_08496,airplane,airplane,0.9999995231628418,True,True,correct
8497,cifar10_test_08497,deer,deer,0.9999998807907104,True,True,correct
8498,cifar10_test_08498,automobile,automobile,1.0,True,True,correct
8499,cifar10_test_08499,truck,truck,1.0,True,True,correct
8500,cifar10_test_08500,deer,deer,1.0,True,True,correct
8501,cifar10_test_08501,ship,ship,0.9999998807907104,True,True,correct
8502,cifar10_test_08502,automobile,automobile,1.0,True,True,correct
8503,cifar10_test_08503,automobile,automobile,1.0,True,True,correct
8504,cifar10_test_08504,automobile,automobile,1.0,True,True,correct
8505,cifar10_test_08505,dog,dog,0.9999997615814209,True,True,correct
8506,cifar10_test_08506,truck,truck,1.0,True,True,correct
8507,cifar10_test_08507,ship,ship,0.9999997615814209,True,True,correct
8508,cifar10_test_08508,automobile,automobile,1.0,True,True,correct
8509,cifar10_test_08509,frog,frog,0.9999998807907104,True,True,correct
8510,cifar10_test_08510,horse,horse,1.0,True,True,correct
8511,cifar10_test_08511,bird,bird,1.0,True,True,correct
8512,cifar10_test_08512,truck,truck,0.9999998807907104,True,True,correct
8513,cifar10_test_08513,truck,truck,0.9999998807907104,True,True,correct
8514,cifar10_test_08514,horse,dog,0.99986732006073,False,True,false_negative_for_horse;false_positive_for_dog
8515,cifar10_test_08515,ship,ship,0.9999998807907104,True,True,correct
8516,cifar10_test_08516,ship,ship,0.9999998807907104,True,True,correct
8517,cifar10_test_08517,automobile,automobile,1.0,True,True,correct
8518,cifar10_test_08518,truck,ship,0.9999964237213135,False,True,false_negative_for_truck;false_positive_for_ship
8519,cifar10_test_08519,horse,horse,0.9999996423721313,True,True,correct
8520,cifar10_test_08520,ship,ship,0.9999998807907104,True,True,correct
8521,cifar10_test_08521,truck,truck,0.999974250793457,True,True,correct
8522,cifar10_test_08522,automobile,automobile,1.0,True,True,correct
8523,cifar10_test_08523,frog,frog,1.0,True,True,correct
8524,cifar10_test_08524,frog,frog,1.0,True,True,correct
8525,cifar10_test_08525,cat,cat,0.9999994039535522,True,True,correct
8526,cifar10_test_08526,cat,cat,0.9999980926513672,True,True,correct
8527,cifar10_test_08527,automobile,automobile,1.0,True,True,correct
8528,cifar10_test_08528,cat,cat,0.9999996423721313,True,True,correct
8529,cifar10_test_08529,airplane,airplane,0.999984860420227,True,True,correct
8530,cifar10_test_08530,ship,ship,0.9999998807907104,True,True,correct
8531,cifar10_test_08531,ship,ship,0.9999991655349731,True,True,correct
8532,cifar10_test_08532,cat,cat,0.9999995231628418,True,True,correct
8533,cifar10_test_08533,frog,frog,1.0,True,True,correct
8534,cifar10_test_08534,frog,frog,0.9999998807907104,True,True,correct
8535,cifar10_test_08535,horse,horse,0.9999988079071045,True,True,correct
8536,cifar10_test_08536,automobile,automobile,0.9999997615814209,True,True,correct
8537,cifar10_test_08537,airplane,airplane,0.9999997615814209,True,True,correct
8538,cifar10_test_08538,horse,horse,0.9999998807907104,True,True,correct
8539,cifar10_test_08539,frog,frog,1.0,True,True,correct
8540,cifar10_test_08540,deer,deer,0.9999990463256836,True,True,correct
8541,cifar10_test_08541,ship,ship,1.0,True,True,correct
8542,cifar10_test_08542,bird,bird,0.9999997615814209,True,True,correct
8543,cifar10_test_08543,airplane,airplane,1.0,True,True,correct
8544,cifar10_test_08544,frog,frog,1.0,True,True,correct
8545,cifar10_test_08545,frog,frog,0.9999997615814209,True,True,correct
8546,cifar10_test_08546,ship,ship,0.9999994039535522,True,True,correct
8547,cifar10_test_08547,frog,frog,0.9999998807907104,True,True,correct
8548,cifar10_test_08548,cat,cat,0.9999963045120239,True,True,correct
8549,cifar10_test_08549,automobile,automobile,0.9999997615814209,True,True,correct
8550,cifar10_test_08550,automobile,automobile,1.0,True,True,correct
8551,cifar10_test_08551,ship,ship,0.9999974966049194,True,True,correct
8552,cifar10_test_08552,frog,frog,1.0,True,True,correct
8553,cifar10_test_08553,horse,horse,0.9999997615814209,True,True,correct
8554,cifar10_test_08554,airplane,airplane,0.9999990463256836,True,True,correct
8555,cifar10_test_08555,dog,dog,0.9999998807907104,True,True,correct
8556,cifar10_test_08556,deer,deer,1.0,True,True,correct
8557,cifar10_test_08557,cat,cat,0.9999996423721313,True,True,correct
8558,cifar10_test_08558,bird,bird,0.9999992847442627,True,True,correct
8559,cifar10_test_08559,automobile,automobile,0.9999971389770508,True,True,correct
8560,cifar10_test_08560,horse,horse,0.9999998807907104,True,True,correct
8561,cifar10_test_08561,ship,ship,0.9999996423721313,True,True,correct
8562,cifar10_test_08562,bird,bird,0.9999746084213257,True,True,correct
8563,cifar10_test_08563,airplane,airplane,0.9999997615814209,True,True,correct
8564,cifar10_test_08564,automobile,automobile,1.0,True,True,correct
8565,cifar10_test_08565,horse,horse,0.9999998807907104,True,True,correct
8566,cifar10_test_08566,deer,deer,0.9999998807907104,True,True,correct
8567,cifar10_test_08567,ship,ship,0.9999998807907104,True,True,correct
8568,cifar10_test_08568,horse,horse,0.9999998807907104,True,True,correct
8569,cifar10_test_08569,frog,frog,1.0,True,True,correct
8570,cifar10_test_08570,frog,frog,1.0,True,True,correct
8571,cifar10_test_08571,horse,horse,0.9999997615814209,True,True,correct
8572,cifar10_test_08572,airplane,airplane,0.9999991655349731,True,True,correct
8573,cifar10_test_08573,frog,frog,1.0,True,True,correct
8574,cifar10_test_08574,deer,deer,0.9999997615814209,True,True,correct
8575,cifar10_test_08575,truck,truck,1.0,True,True,correct
8576,cifar10_test_08576,bird,airplane,0.9999858140945435,False,True,false_negative_for_bird;false_positive_for_airplane
8577,cifar10_test_08577,cat,cat,0.9999982118606567,True,True,correct
8578,cifar10_test_08578,bird,bird,0.9999980926513672,True,True,correct
8579,cifar10_test_08579,automobile,automobile,1.0,True,True,correct
8580,cifar10_test_08580,cat,dog,0.9998111128807068,False,True,false_negative_for_cat;false_positive_for_dog
8581,cifar10_test_08581,ship,ship,0.9999994039535522,True,True,correct
8582,cifar10_test_08582,frog,frog,1.0,True,True,correct
8583,cifar10_test_08583,ship,ship,0.9999998807907104,True,True,correct
8584,cifar10_test_08584,automobile,automobile,1.0,True,True,correct
8585,cifar10_test_08585,truck,truck,0.9999995231628418,True,True,correct
8586,cifar10_test_08586,frog,frog,1.0,True,True,correct
8587,cifar10_test_08587,horse,horse,0.9999998807907104,True,True,correct
8588,cifar10_test_08588,frog,frog,1.0,True,True,correct
8589,cifar10_test_08589,dog,cat,0.9995014667510986,False,True,false_negative_for_dog;false_positive_for_cat
8590,cifar10_test_08590,airplane,airplane,0.9999990463256836,True,True,correct
8591,cifar10_test_08591,frog,frog,1.0,True,True,correct
8592,cifar10_test_08592,airplane,airplane,0.9999995231628418,True,True,correct
8593,cifar10_test_08593,automobile,automobile,1.0,True,True,correct
8594,cifar10_test_08594,cat,cat,1.0,True,True,correct
8595,cifar10_test_08595,automobile,automobile,0.9999998807907104,True,True,correct
8596,cifar10_test_08596,automobile,automobile,1.0,True,True,correct
8597,cifar10_test_08597,dog,dog,0.9999998807907104,True,True,correct
8598,cifar10_test_08598,cat,cat,0.9999754428863525,True,True,correct
8599,cifar10_test_08599,deer,deer,0.9999995231628418,True,True,correct
8600,cifar10_test_08600,cat,cat,0.9999992847442627,True,True,correct
8601,cifar10_test_08601,cat,cat,0.9999995231628418,True,True,correct
8602,cifar10_test_08602,ship,ship,0.9999997615814209,True,True,correct
8603,cifar10_test_08603,automobile,automobile,0.999998927116394,True,True,correct
8604,cifar10_test_08604,frog,frog,1.0,True,True,correct
8605,cifar10_test_08605,frog,frog,1.0,True,True,correct
8606,cifar10_test_08606,automobile,automobile,0.9999998807907104,True,True,correct
8607,cifar10_test_08607,ship,ship,0.9999998807907104,True,True,correct
8608,cifar10_test_08608,ship,ship,0.9999997615814209,True,True,correct
8609,cifar10_test_08609,frog,frog,1.0,True,True,correct
8610,cifar10_test_08610,bird,bird,0.9999996423721313,True,True,correct
8611,cifar10_test_08611,horse,horse,0.9999997615814209,True,True,correct
8612,cifar10_test_08612,deer,deer,1.0,True,True,correct
8613,cifar10_test_08613,frog,frog,1.0,True,True,correct
8614,cifar10_test_08614,ship,ship,0.9999998807907104,True,True,correct
8615,cifar10_test_08615,truck,truck,0.9999997615814209,True,True,correct
8616,cifar10_test_08616,cat,cat,0.9999849796295166,True,True,correct
8617,cifar10_test_08617,cat,cat,0.9999960660934448,True,True,correct
8618,cifar10_test_08618,dog,dog,1.0,True,True,correct
8619,cifar10_test_08619,dog,dog,0.9999995231628418,True,True,correct
8620,cifar10_test_08620,cat,cat,0.9999936819076538,True,True,correct
8621,cifar10_test_08621,automobile,automobile,1.0,True,True,correct
8622,cifar10_test_08622,deer,deer,0.9999997615814209,True,True,correct
8623,cifar10_test_08623,automobile,automobile,0.9999998807907104,True,True,correct
8624,cifar10_test_08624,truck,truck,0.9999986886978149,True,True,correct
8625,cifar10_test_08625,dog,dog,0.9999997615814209,True,True,correct
8626,cifar10_test_08626,automobile,automobile,0.9999998807907104,True,True,correct
8627,cifar10_test_08627,horse,horse,0.9999998807907104,True,True,correct
8628,cifar10_test_08628,horse,horse,0.9999997615814209,True,True,correct
8629,cifar10_test_08629,horse,horse,0.9999997615814209,True,True,correct
8630,cifar10_test_08630,dog,dog,0.9999998807907104,True,True,correct
8631,cifar10_test_08631,bird,bird,1.0,True,True,correct
8632,cifar10_test_08632,cat,cat,0.9999995231628418,True,True,correct
8633,cifar10_test_08633,cat,cat,0.9999983310699463,True,True,correct
8634,cifar10_test_08634,frog,frog,1.0,True,True,correct
8635,cifar10_test_08635,frog,frog,0.999998927116394,True,True,correct
8636,cifar10_test_08636,frog,frog,1.0,True,True,correct
8637,cifar10_test_08637,deer,deer,0.9999995231628418,True,True,correct
8638,cifar10_test_08638,airplane,airplane,0.999998927116394,True,True,correct
8639,cifar10_test_08639,horse,horse,1.0,True,True,correct
8640,cifar10_test_08640,automobile,automobile,0.9999998807907104,True,True,correct
8641,cifar10_test_08641,horse,horse,0.9999998807907104,True,True,correct
8642,cifar10_test_08642,cat,cat,0.9999852180480957,True,True,correct
8643,cifar10_test_08643,airplane,airplane,0.9999991655349731,True,True,correct
8644,cifar10_test_08644,ship,ship,0.999988317489624,True,True,correct
8645,cifar10_test_08645,automobile,automobile,1.0,True,True,correct
8646,cifar10_test_08646,bird,bird,0.9999997615814209,True,True,correct
8647,cifar10_test_08647,deer,deer,0.9999992847442627,True,True,correct
8648,cifar10_test_08648,automobile,automobile,1.0,True,True,correct
8649,cifar10_test_08649,bird,bird,1.0,True,True,correct
8650,cifar10_test_08650,bird,bird,0.9999996423721313,True,True,correct
8651,cifar10_test_08651,deer,deer,0.9999998807907104,True,True,correct
8652,cifar10_test_08652,truck,truck,1.0,True,True,correct
8653,cifar10_test_08653,ship,ship,0.9999996423721313,True,True,correct
8654,cifar10_test_08654,bird,bird,0.9999997615814209,True,True,correct
8655,cifar10_test_08655,ship,ship,0.9999998807907104,True,True,correct
8656,cifar10_test_08656,horse,horse,0.7518030405044556,True,True,correct
8657,cifar10_test_08657,frog,frog,1.0,True,True,correct
8658,cifar10_test_08658,cat,cat,0.9999995231628418,True,True,correct
8659,cifar10_test_08659,deer,deer,1.0,True,True,correct
8660,cifar10_test_08660,horse,horse,0.9999998807907104,True,True,correct
8661,cifar10_test_08661,bird,bird,1.0,True,True,correct
8662,cifar10_test_08662,cat,cat,0.9999994039535522,True,True,correct
8663,cifar10_test_08663,automobile,automobile,1.0,True,True,correct
8664,cifar10_test_08664,dog,dog,0.999998927116394,True,True,correct
8665,cifar10_test_08665,cat,cat,0.9999998807907104,True,True,correct
8666,cifar10_test_08666,airplane,airplane,0.9999998807907104,True,True,correct
8667,cifar10_test_08667,deer,deer,0.9999992847442627,True,True,correct
8668,cifar10_test_08668,cat,cat,0.9999998807907104,True,True,correct
8669,cifar10_test_08669,deer,deer,0.9999996423721313,True,True,correct
8670,cifar10_test_08670,truck,truck,0.9999998807907104,True,True,correct
8671,cifar10_test_08671,deer,deer,0.9999996423721313,True,True,correct
8672,cifar10_test_08672,horse,horse,0.9999997615814209,True,True,correct
8673,cifar10_test_08673,truck,truck,1.0,True,True,correct
8674,cifar10_test_08674,automobile,automobile,1.0,True,True,correct
8675,cifar10_test_08675,horse,horse,0.9999998807907104,True,True,correct
8676,cifar10_test_08676,ship,ship,0.9999995231628418,True,True,correct
8677,cifar10_test_08677,cat,cat,0.9999843835830688,True,True,correct
8678,cifar10_test_08678,automobile,automobile,1.0,True,True,correct
8679,cifar10_test_08679,ship,ship,0.9999964237213135,True,True,correct
8680,cifar10_test_08680,cat,cat,0.9999998807907104,True,True,correct
8681,cifar10_test_08681,bird,bird,0.9999997615814209,True,True,correct
8682,cifar10_test_08682,dog,dog,0.9999998807907104,True,True,correct
8683,cifar10_test_08683,horse,horse,0.9999997615814209,True,True,correct
8684,cifar10_test_08684,bird,bird,0.9999997615814209,True,True,correct
8685,cifar10_test_08685,horse,horse,1.0,True,True,correct
8686,cifar10_test_08686,truck,truck,0.9999996423721313,True,True,correct
8687,cifar10_test_08687,frog,frog,1.0,True,True,correct
8688,cifar10_test_08688,ship,ship,1.0,True,True,correct
8689,cifar10_test_08689,frog,frog,1.0,True,True,correct
8690,cifar10_test_08690,ship,ship,0.9999910593032837,True,True,correct
8691,cifar10_test_08691,frog,frog,0.9999994039535522,True,True,correct
8692,cifar10_test_08692,dog,dog,0.9999998807907104,True,True,correct
8693,cifar10_test_08693,truck,truck,1.0,True,True,correct
8694,cifar10_test_08694,airplane,airplane,0.9999994039535522,True,True,correct
8695,cifar10_test_08695,deer,deer,0.9999997615814209,True,True,correct
8696,cifar10_test_08696,ship,ship,0.9999996423721313,True,True,correct
8697,cifar10_test_08697,dog,dog,0.9999998807907104,True,True,correct
8698,cifar10_test_08698,frog,frog,1.0,True,True,correct
8699,cifar10_test_08699,deer,deer,0.9999998807907104,True,True,correct
8700,cifar10_test_08700,cat,cat,0.9999996423721313,True,True,correct
8701,cifar10_test_08701,ship,ship,0.9999997615814209,True,True,correct
8702,cifar10_test_08702,airplane,airplane,0.9999995231628418,True,True,correct
8703,cifar10_test_08703,deer,deer,0.9999995231628418,True,True,correct
8704,cifar10_test_08704,ship,ship,0.9999990463256836,True,True,correct
8705,cifar10_test_08705,frog,frog,0.9999998807907104,True,True,correct
8706,cifar10_test_08706,horse,horse,1.0,True,True,correct
8707,cifar10_test_08707,bird,bird,1.0,True,True,correct
8708,cifar10_test_08708,horse,horse,0.9999998807907104,True,True,correct
8709,cifar10_test_08709,automobile,automobile,1.0,True,True,correct
8710,cifar10_test_08710,horse,horse,1.0,True,True,correct
8711,cifar10_test_08711,deer,deer,0.9999997615814209,True,True,correct
8712,cifar10_test_08712,automobile,automobile,1.0,True,True,correct
8713,cifar10_test_08713,bird,bird,1.0,True,True,correct
8714,cifar10_test_08714,deer,deer,0.9999998807907104,True,True,correct
8715,cifar10_test_08715,bird,bird,0.9999997615814209,True,True,correct
8716,cifar10_test_08716,bird,bird,1.0,True,True,correct
8717,cifar10_test_08717,ship,ship,0.9999998807907104,True,True,correct
8718,cifar10_test_08718,horse,horse,1.0,True,True,correct
8719,cifar10_test_08719,bird,bird,1.0,True,True,correct
8720,cifar10_test_08720,bird,bird,0.9999997615814209,True,True,correct
8721,cifar10_test_08721,frog,frog,0.9999996423721313,True,True,correct
8722,cifar10_test_08722,horse,horse,1.0,True,True,correct
8723,cifar10_test_08723,dog,dog,0.9999920129776001,True,True,correct
8724,cifar10_test_08724,frog,frog,1.0,True,True,correct
8725,cifar10_test_08725,ship,ship,0.9999994039535522,True,True,correct
8726,cifar10_test_08726,truck,truck,1.0,True,True,correct
8727,cifar10_test_08727,truck,truck,0.9999998807907104,True,True,correct
8728,cifar10_test_08728,frog,frog,0.9999996423721313,True,True,correct
8729,cifar10_test_08729,dog,dog,0.9999998807907104,True,True,correct
8730,cifar10_test_08730,bird,bird,1.0,True,True,correct
8731,cifar10_test_08731,truck,truck,0.9999996423721313,True,True,correct
8732,cifar10_test_08732,ship,ship,0.9999996423721313,True,True,correct
8733,cifar10_test_08733,horse,horse,0.9999998807907104,True,True,correct
8734,cifar10_test_08734,bird,bird,0.9999998807907104,True,True,correct
8735,cifar10_test_08735,cat,cat,0.9999995231628418,True,True,correct
8736,cifar10_test_08736,cat,cat,0.9999997615814209,True,True,correct
8737,cifar10_test_08737,horse,horse,1.0,True,True,correct
8738,cifar10_test_08738,deer,deer,0.9999998807907104,True,True,correct
8739,cifar10_test_08739,cat,cat,0.9999998807907104,True,True,correct
8740,cifar10_test_08740,bird,bird,1.0,True,True,correct
8741,cifar10_test_08741,automobile,automobile,0.9999998807907104,True,True,correct
8742,cifar10_test_08742,truck,truck,1.0,True,True,correct
8743,cifar10_test_08743,airplane,airplane,0.9999997615814209,True,True,correct
8744,cifar10_test_08744,automobile,automobile,0.9999998807907104,True,True,correct
8745,cifar10_test_08745,dog,dog,0.9999978542327881,True,True,correct
8746,cifar10_test_08746,cat,cat,0.9999699592590332,True,True,correct
8747,cifar10_test_08747,bird,bird,1.0,True,True,correct
8748,cifar10_test_08748,frog,frog,1.0,True,True,correct
8749,cifar10_test_08749,dog,dog,0.9999994039535522,True,True,correct
8750,cifar10_test_08750,truck,truck,1.0,True,True,correct
8751,cifar10_test_08751,automobile,automobile,1.0,True,True,correct
8752,cifar10_test_08752,dog,dog,0.999724805355072,True,True,correct
8753,cifar10_test_08753,deer,deer,0.9999998807907104,True,True,correct
8754,cifar10_test_08754,cat,cat,0.9999998807907104,True,True,correct
8755,cifar10_test_08755,frog,frog,1.0,True,True,correct
8756,cifar10_test_08756,bird,bird,0.9999997615814209,True,True,correct
8757,cifar10_test_08757,ship,ship,0.9999991655349731,True,True,correct
8758,cifar10_test_08758,truck,truck,0.9999998807907104,True,True,correct
8759,cifar10_test_08759,horse,horse,0.9999949932098389,True,True,correct
8760,cifar10_test_08760,ship,ship,0.9999998807907104,True,True,correct
8761,cifar10_test_08761,airplane,airplane,0.9999994039535522,True,True,correct
8762,cifar10_test_08762,ship,ship,0.9999998807907104,True,True,correct
8763,cifar10_test_08763,truck,truck,0.9999979734420776,True,True,correct
8764,cifar10_test_08764,automobile,automobile,1.0,True,True,correct
8765,cifar10_test_08765,bird,bird,0.9999994039535522,True,True,correct
8766,cifar10_test_08766,dog,dog,0.9999998807907104,True,True,correct
8767,cifar10_test_08767,horse,horse,0.9999998807907104,True,True,correct
8768,cifar10_test_08768,bird,bird,0.9999996423721313,True,True,correct
8769,cifar10_test_08769,airplane,airplane,0.9999997615814209,True,True,correct
8770,cifar10_test_08770,frog,frog,1.0,True,True,correct
8771,cifar10_test_08771,frog,frog,1.0,True,True,correct
8772,cifar10_test_08772,automobile,automobile,1.0,True,True,correct
8773,cifar10_test_08773,frog,frog,1.0,True,True,correct
8774,cifar10_test_08774,cat,cat,0.9999346733093262,True,True,correct
8775,cifar10_test_08775,automobile,automobile,0.9999997615814209,True,True,correct
8776,cifar10_test_08776,dog,dog,0.9994577765464783,True,True,correct
8777,cifar10_test_08777,airplane,airplane,0.9999990463256836,True,True,correct
8778,cifar10_test_08778,cat,cat,0.9981379508972168,True,True,correct
8779,cifar10_test_08779,horse,horse,0.9999992847442627,True,True,correct
8780,cifar10_test_08780,deer,deer,0.9999996423721313,True,True,correct
8781,cifar10_test_08781,frog,frog,0.9999997615814209,True,True,correct
8782,cifar10_test_08782,dog,dog,0.9999998807907104,True,True,correct
8783,cifar10_test_08783,frog,frog,0.9999998807907104,True,True,correct
8784,cifar10_test_08784,deer,deer,0.9999998807907104,True,True,correct
8785,cifar10_test_08785,ship,ship,0.9999998807907104,True,True,correct
8786,cifar10_test_08786,cat,cat,0.9999998807907104,True,True,correct
8787,cifar10_test_08787,deer,deer,0.9999997615814209,True,True,correct
8788,cifar10_test_08788,dog,dog,0.9999995231628418,True,True,correct
8789,cifar10_test_08789,dog,dog,0.9999998807907104,True,True,correct
8790,cifar10_test_08790,airplane,airplane,0.9999997615814209,True,True,correct
8791,cifar10_test_08791,frog,frog,1.0,True,True,correct
8792,cifar10_test_08792,frog,frog,0.9999998807907104,True,True,correct
8793,cifar10_test_08793,horse,horse,1.0,True,True,correct
8794,cifar10_test_08794,dog,dog,0.9999990463256836,True,True,correct
8795,cifar10_test_08795,airplane,airplane,0.9999994039535522,True,True,correct
8796,cifar10_test_08796,truck,truck,1.0,True,True,correct
8797,cifar10_test_08797,truck,truck,1.0,True,True,correct
8798,cifar10_test_08798,frog,frog,1.0,True,True,correct
8799,cifar10_test_08799,automobile,automobile,1.0,True,True,correct
8800,cifar10_test_08800,airplane,airplane,0.9999994039535522,True,True,correct
8801,cifar10_test_08801,deer,deer,0.9999997615814209,True,True,correct
8802,cifar10_test_08802,frog,frog,1.0,True,True,correct
8803,cifar10_test_08803,cat,dog,0.9999340772628784,False,True,false_negative_for_cat;false_positive_for_dog
8804,cifar10_test_08804,frog,frog,0.9999995231628418,True,True,correct
8805,cifar10_test_08805,truck,truck,1.0,True,True,correct
8806,cifar10_test_08806,cat,cat,0.9999969005584717,True,True,correct
8807,cifar10_test_08807,frog,frog,1.0,True,True,correct
8808,cifar10_test_08808,frog,frog,1.0,True,True,correct
8809,cifar10_test_08809,ship,ship,0.9999985694885254,True,True,correct
8810,cifar10_test_08810,bird,bird,1.0,True,True,correct
8811,cifar10_test_08811,automobile,automobile,0.9999997615814209,True,True,correct
8812,cifar10_test_08812,airplane,airplane,0.9999994039535522,True,True,correct
8813,cifar10_test_08813,automobile,automobile,0.9999998807907104,True,True,correct
8814,cifar10_test_08814,truck,truck,0.9999997615814209,True,True,correct
8815,cifar10_test_08815,cat,cat,0.9999988079071045,True,True,correct
8816,cifar10_test_08816,horse,horse,0.9999996423721313,True,True,correct
8817,cifar10_test_08817,deer,deer,0.999998927116394,True,True,correct
8818,cifar10_test_08818,cat,cat,0.9999995231628418,True,True,correct
8819,cifar10_test_08819,airplane,airplane,0.9999996423721313,True,True,correct
8820,cifar10_test_08820,bird,bird,1.0,True,True,correct
8821,cifar10_test_08821,horse,horse,0.9999998807907104,True,True,correct
8822,cifar10_test_08822,frog,frog,1.0,True,True,correct
8823,cifar10_test_08823,deer,deer,1.0,True,True,correct
8824,cifar10_test_08824,cat,cat,0.9999986886978149,True,True,correct
8825,cifar10_test_08825,airplane,airplane,0.9999998807907104,True,True,correct
8826,cifar10_test_08826,ship,ship,0.9999992847442627,True,True,correct
8827,cifar10_test_08827,bird,bird,1.0,True,True,correct
8828,cifar10_test_08828,airplane,airplane,0.999998927116394,True,True,correct
8829,cifar10_test_08829,airplane,airplane,0.9999995231628418,True,True,correct
8830,cifar10_test_08830,truck,truck,1.0,True,True,correct
8831,cifar10_test_08831,frog,frog,1.0,True,True,correct
8832,cifar10_test_08832,frog,frog,1.0,True,True,correct
8833,cifar10_test_08833,frog,frog,1.0,True,True,correct
8834,cifar10_test_08834,ship,ship,0.9999995231628418,True,True,correct
8835,cifar10_test_08835,horse,horse,1.0,True,True,correct
8836,cifar10_test_08836,deer,deer,0.9999998807907104,True,True,correct
8837,cifar10_test_08837,automobile,automobile,1.0,True,True,correct
8838,cifar10_test_08838,ship,ship,0.9999998807907104,True,True,correct
8839,cifar10_test_08839,automobile,automobile,1.0,True,True,correct
8840,cifar10_test_08840,bird,bird,1.0,True,True,correct
8841,cifar10_test_08841,bird,bird,1.0,True,True,correct
8842,cifar10_test_08842,deer,deer,0.9999998807907104,True,True,correct
8843,cifar10_test_08843,ship,ship,0.9999998807907104,True,True,correct
8844,cifar10_test_08844,dog,dog,0.9999997615814209,True,True,correct
8845,cifar10_test_08845,bird,bird,1.0,True,True,correct
8846,cifar10_test_08846,frog,frog,1.0,True,True,correct
8847,cifar10_test_08847,dog,dog,0.9999901056289673,True,True,correct
8848,cifar10_test_08848,cat,cat,0.9999985694885254,True,True,correct
8849,cifar10_test_08849,truck,truck,1.0,True,True,correct
8850,cifar10_test_08850,automobile,automobile,0.9999833106994629,True,True,correct
8851,cifar10_test_08851,airplane,airplane,0.9999998807907104,True,True,correct
8852,cifar10_test_08852,horse,horse,0.9999997615814209,True,True,correct
8853,cifar10_test_08853,bird,bird,1.0,True,True,correct
8854,cifar10_test_08854,deer,deer,1.0,True,True,correct
8855,cifar10_test_08855,deer,deer,0.9999995231628418,True,True,correct
8856,cifar10_test_08856,airplane,airplane,0.9999992847442627,True,True,correct
8857,cifar10_test_08857,airplane,airplane,0.9999991655349731,True,True,correct
8858,cifar10_test_08858,frog,frog,0.9999998807907104,True,True,correct
8859,cifar10_test_08859,bird,bird,0.9999998807907104,True,True,correct
8860,cifar10_test_08860,bird,bird,1.0,True,True,correct
8861,cifar10_test_08861,deer,deer,0.9999978542327881,True,True,correct
8862,cifar10_test_08862,airplane,airplane,0.9999992847442627,True,True,correct
8863,cifar10_test_08863,dog,dog,0.9999974966049194,True,True,correct
8864,cifar10_test_08864,truck,truck,1.0,True,True,correct
8865,cifar10_test_08865,horse,horse,0.9999990463256836,True,True,correct
8866,cifar10_test_08866,automobile,automobile,1.0,True,True,correct
8867,cifar10_test_08867,ship,ship,0.9999997615814209,True,True,correct
8868,cifar10_test_08868,deer,deer,0.9288991689682007,True,True,correct
8869,cifar10_test_08869,dog,dog,0.9999574422836304,True,True,correct
8870,cifar10_test_08870,dog,dog,0.9999994039535522,True,True,correct
8871,cifar10_test_08871,truck,truck,1.0,True,True,correct
8872,cifar10_test_08872,ship,ship,0.9999996423721313,True,True,correct
8873,cifar10_test_08873,dog,dog,0.9999998807907104,True,True,correct
8874,cifar10_test_08874,horse,horse,0.9999997615814209,True,True,correct
8875,cifar10_test_08875,ship,ship,0.9999998807907104,True,True,correct
8876,cifar10_test_08876,airplane,airplane,0.9999990463256836,True,True,correct
8877,cifar10_test_08877,truck,truck,0.9792870283126831,True,True,correct
8878,cifar10_test_08878,ship,ship,1.0,True,True,correct
8879,cifar10_test_08879,truck,truck,0.9999997615814209,True,True,correct
8880,cifar10_test_08880,automobile,automobile,1.0,True,True,correct
8881,cifar10_test_08881,frog,frog,1.0,True,True,correct
8882,cifar10_test_08882,cat,cat,0.9999983310699463,True,True,correct
8883,cifar10_test_08883,ship,ship,0.9999973773956299,True,True,correct
8884,cifar10_test_08884,airplane,airplane,0.9999997615814209,True,True,correct
8885,cifar10_test_08885,cat,cat,0.9999994039535522,True,True,correct
8886,cifar10_test_08886,deer,deer,0.9999997615814209,True,True,correct
8887,cifar10_test_08887,deer,deer,0.9999996423721313,True,True,correct
8888,cifar10_test_08888,ship,ship,1.0,True,True,correct
8889,cifar10_test_08889,deer,deer,0.9999998807907104,True,True,correct
8890,cifar10_test_08890,ship,ship,0.9999998807907104,True,True,correct
8891,cifar10_test_08891,truck,truck,0.9999994039535522,True,True,correct
8892,cifar10_test_08892,ship,ship,0.9999994039535522,True,True,correct
8893,cifar10_test_08893,frog,frog,1.0,True,True,correct
8894,cifar10_test_08894,airplane,airplane,0.9999998807907104,True,True,correct
8895,cifar10_test_08895,airplane,airplane,0.9999998807907104,True,True,correct
8896,cifar10_test_08896,ship,ship,0.9999996423721313,True,True,correct
8897,cifar10_test_08897,bird,bird,0.9999998807907104,True,True,correct
8898,cifar10_test_08898,horse,horse,0.9999997615814209,True,True,correct
8899,cifar10_test_08899,deer,deer,0.9999998807907104,True,True,correct
8900,cifar10_test_08900,bird,bird,1.0,True,True,correct
8901,cifar10_test_08901,dog,dog,1.0,True,True,correct
8902,cifar10_test_08902,frog,frog,1.0,True,True,correct
8903,cifar10_test_08903,airplane,airplane,0.9999996423721313,True,True,correct
8904,cifar10_test_08904,dog,dog,0.9999997615814209,True,True,correct
8905,cifar10_test_08905,ship,ship,0.9999998807907104,True,True,correct
8906,cifar10_test_08906,deer,deer,0.9999998807907104,True,True,correct
8907,cifar10_test_08907,automobile,automobile,1.0,True,True,correct
8908,cifar10_test_08908,truck,truck,0.9999997615814209,True,True,correct
8909,cifar10_test_08909,airplane,airplane,0.9999998807907104,True,True,correct
8910,cifar10_test_08910,automobile,automobile,1.0,True,True,correct
8911,cifar10_test_08911,deer,deer,1.0,True,True,correct
8912,cifar10_test_08912,deer,deer,0.9999998807907104,True,True,correct
8913,cifar10_test_08913,ship,ship,0.9999998807907104,True,True,correct
8914,cifar10_test_08914,deer,deer,1.0,True,True,correct
8915,cifar10_test_08915,truck,truck,1.0,True,True,correct
8916,cifar10_test_08916,frog,frog,1.0,True,True,correct
8917,cifar10_test_08917,airplane,airplane,0.9999992847442627,True,True,correct
8918,cifar10_test_08918,horse,horse,0.9999997615814209,True,True,correct
8919,cifar10_test_08919,horse,horse,0.9999920129776001,True,True,correct
8920,cifar10_test_08920,frog,frog,1.0,True,True,correct
8921,cifar10_test_08921,ship,ship,0.9999996423721313,True,True,correct
8922,cifar10_test_08922,truck,truck,1.0,True,True,correct
8923,cifar10_test_08923,frog,frog,1.0,True,True,correct
8924,cifar10_test_08924,bird,bird,1.0,True,True,correct
8925,cifar10_test_08925,airplane,airplane,0.9999980926513672,True,True,correct
8926,cifar10_test_08926,deer,deer,0.9999998807907104,True,True,correct
8927,cifar10_test_08927,truck,truck,1.0,True,True,correct
8928,cifar10_test_08928,deer,deer,0.9999988079071045,True,True,correct
8929,cifar10_test_08929,truck,truck,1.0,True,True,correct
8930,cifar10_test_08930,cat,cat,0.9999978542327881,True,True,correct
8931,cifar10_test_08931,truck,truck,1.0,True,True,correct
8932,cifar10_test_08932,frog,frog,0.9999998807907104,True,True,correct
8933,cifar10_test_08933,frog,frog,1.0,True,True,correct
8934,cifar10_test_08934,horse,horse,0.9999992847442627,True,True,correct
8935,cifar10_test_08935,airplane,airplane,0.9999992847442627,True,True,correct
8936,cifar10_test_08936,truck,truck,1.0,True,True,correct
8937,cifar10_test_08937,horse,horse,0.9999997615814209,True,True,correct
8938,cifar10_test_08938,automobile,automobile,1.0,True,True,correct
8939,cifar10_test_08939,ship,ship,0.9999997615814209,True,True,correct
8940,cifar10_test_08940,frog,frog,1.0,True,True,correct
8941,cifar10_test_08941,airplane,airplane,0.999998927116394,True,True,correct
8942,cifar10_test_08942,frog,frog,1.0,True,True,correct
8943,cifar10_test_08943,horse,deer,0.8462112545967102,False,True,false_negative_for_horse;false_positive_for_deer
8944,cifar10_test_08944,deer,deer,0.9999996423721313,True,True,correct
8945,cifar10_test_08945,automobile,automobile,1.0,True,True,correct
8946,cifar10_test_08946,truck,truck,0.9999996423721313,True,True,correct
8947,cifar10_test_08947,deer,deer,0.9999998807907104,True,True,correct
8948,cifar10_test_08948,frog,frog,0.9999998807907104,True,True,correct
8949,cifar10_test_08949,horse,horse,0.9999998807907104,True,True,correct
8950,cifar10_test_08950,truck,truck,1.0,True,True,correct
8951,cifar10_test_08951,ship,ship,0.9999998807907104,True,True,correct
8952,cifar10_test_08952,cat,cat,0.9998854398727417,True,True,correct
8953,cifar10_test_08953,truck,truck,0.9999997615814209,True,True,correct
8954,cifar10_test_08954,bird,bird,1.0,True,True,correct
8955,cifar10_test_08955,automobile,automobile,1.0,True,True,correct
8956,cifar10_test_08956,bird,bird,1.0,True,True,correct
8957,cifar10_test_08957,horse,horse,0.9999998807907104,True,True,correct
8958,cifar10_test_08958,frog,frog,0.9999998807907104,True,True,correct
8959,cifar10_test_08959,automobile,automobile,0.9999998807907104,True,True,correct
8960,cifar10_test_08960,airplane,airplane,0.999997615814209,True,True,correct
8961,cifar10_test_08961,airplane,airplane,0.9999998807907104,True,True,correct
8962,cifar10_test_08962,dog,dog,0.9999997615814209,True,True,correct
8963,cifar10_test_08963,frog,frog,1.0,True,True,correct
8964,cifar10_test_08964,airplane,airplane,0.9999998807907104,True,True,correct
8965,cifar10_test_08965,deer,deer,0.9999998807907104,True,True,correct
8966,cifar10_test_08966,cat,cat,0.999998927116394,True,True,correct
8967,cifar10_test_08967,bird,bird,0.9999998807907104,True,True,correct
8968,cifar10_test_08968,ship,ship,0.9999997615814209,True,True,correct
8969,cifar10_test_08969,ship,ship,0.9999998807907104,True,True,correct
8970,cifar10_test_08970,airplane,airplane,0.9999996423721313,True,True,correct
8971,cifar10_test_08971,frog,frog,1.0,True,True,correct
8972,cifar10_test_08972,truck,truck,1.0,True,True,correct
8973,cifar10_test_08973,dog,dog,0.9999997615814209,True,True,correct
8974,cifar10_test_08974,bird,bird,1.0,True,True,correct
8975,cifar10_test_08975,ship,ship,1.0,True,True,correct
8976,cifar10_test_08976,horse,horse,0.9999998807907104,True,True,correct
8977,cifar10_test_08977,airplane,airplane,0.9999985694885254,True,True,correct
8978,cifar10_test_08978,frog,frog,1.0,True,True,correct
8979,cifar10_test_08979,dog,dog,0.9999997615814209,True,True,correct
8980,cifar10_test_08980,truck,truck,1.0,True,True,correct
8981,cifar10_test_08981,horse,horse,0.9999998807907104,True,True,correct
8982,cifar10_test_08982,bird,bird,0.9999998807907104,True,True,correct
8983,cifar10_test_08983,cat,cat,0.9999849796295166,True,True,correct
8984,cifar10_test_08984,frog,frog,1.0,True,True,correct
8985,cifar10_test_08985,truck,truck,0.9999995231628418,True,True,correct
8986,cifar10_test_08986,frog,frog,1.0,True,True,correct
8987,cifar10_test_08987,bird,bird,0.9999996423721313,True,True,correct
8988,cifar10_test_08988,bird,bird,1.0,True,True,correct
8989,cifar10_test_08989,deer,deer,0.9999997615814209,True,True,correct
8990,cifar10_test_08990,automobile,automobile,1.0,True,True,correct
8991,cifar10_test_08991,airplane,airplane,0.9999994039535522,True,True,correct
8992,cifar10_test_08992,dog,dog,0.9999996423721313,True,True,correct
8993,cifar10_test_08993,airplane,airplane,0.9999994039535522,True,True,correct
8994,cifar10_test_08994,ship,ship,0.9999998807907104,True,True,correct
8995,cifar10_test_08995,truck,truck,1.0,True,True,correct
8996,cifar10_test_08996,cat,cat,0.9999991655349731,True,True,correct
8997,cifar10_test_08997,dog,dog,0.9999995231628418,True,True,correct
8998,cifar10_test_08998,truck,truck,1.0,True,True,correct
8999,cifar10_test_08999,cat,cat,0.9999997615814209,True,True,correct
9000,cifar10_test_09000,ship,ship,1.0,True,True,correct
9001,cifar10_test_09001,automobile,automobile,1.0,True,True,correct
9002,cifar10_test_09002,frog,frog,1.0,True,True,correct
9003,cifar10_test_09003,cat,cat,0.9999997615814209,True,True,correct
9004,cifar10_test_09004,horse,horse,1.0,True,True,correct
9005,cifar10_test_09005,dog,dog,0.9999954700469971,True,True,correct
9006,cifar10_test_09006,frog,frog,1.0,True,True,correct
9007,cifar10_test_09007,bird,bird,0.9999998807907104,True,True,correct
9008,cifar10_test_09008,airplane,airplane,0.9999992847442627,True,True,correct
9009,cifar10_test_09009,bird,bird,1.0,True,True,correct
9010,cifar10_test_09010,ship,ship,0.9999997615814209,True,True,correct
9011,cifar10_test_09011,bird,bird,1.0,True,True,correct
9012,cifar10_test_09012,ship,ship,0.9999997615814209,True,True,correct
9013,cifar10_test_09013,horse,horse,0.9999998807907104,True,True,correct
9014,cifar10_test_09014,horse,horse,0.9999985694885254,True,True,correct
9015,cifar10_test_09015,ship,ship,0.9999998807907104,True,True,correct
9016,cifar10_test_09016,automobile,automobile,1.0,True,True,correct
9017,cifar10_test_09017,airplane,airplane,0.9999997615814209,True,True,correct
9018,cifar10_test_09018,ship,ship,0.9999998807907104,True,True,correct
9019,cifar10_test_09019,truck,truck,1.0,True,True,correct
9020,cifar10_test_09020,horse,horse,1.0,True,True,correct
9021,cifar10_test_09021,airplane,airplane,0.9999995231628418,True,True,correct
9022,cifar10_test_09022,cat,cat,0.9999996423721313,True,True,correct
9023,cifar10_test_09023,ship,ship,0.999998927116394,True,True,correct
9024,cifar10_test_09024,airplane,airplane,0.9999997615814209,True,True,correct
9025,cifar10_test_09025,dog,dog,0.9999969005584717,True,True,correct
9026,cifar10_test_09026,truck,truck,1.0,True,True,correct
9027,cifar10_test_09027,dog,dog,0.9999998807907104,True,True,correct
9028,cifar10_test_09028,ship,ship,0.9999986886978149,True,True,correct
9029,cifar10_test_09029,deer,deer,0.9999997615814209,True,True,correct
9030,cifar10_test_09030,bird,bird,1.0,True,True,correct
9031,cifar10_test_09031,airplane,airplane,0.9999996423721313,True,True,correct
9032,cifar10_test_09032,truck,truck,0.9999997615814209,True,True,correct
9033,cifar10_test_09033,bird,bird,1.0,True,True,correct
9034,cifar10_test_09034,bird,bird,0.9916415214538574,True,True,correct
9035,cifar10_test_09035,deer,deer,1.0,True,True,correct
9036,cifar10_test_09036,deer,deer,0.9999991655349731,True,True,correct
9037,cifar10_test_09037,truck,truck,1.0,True,True,correct
9038,cifar10_test_09038,bird,bird,1.0,True,True,correct
9039,cifar10_test_09039,bird,bird,0.9943537712097168,True,True,correct
9040,cifar10_test_09040,bird,bird,1.0,True,True,correct
9041,cifar10_test_09041,dog,dog,0.9999953508377075,True,True,correct
9042,cifar10_test_09042,automobile,automobile,1.0,True,True,correct
9043,cifar10_test_09043,cat,cat,0.9999994039535522,True,True,correct
9044,cifar10_test_09044,bird,bird,1.0,True,True,correct
9045,cifar10_test_09045,airplane,airplane,0.9999998807907104,True,True,correct
9046,cifar10_test_09046,airplane,airplane,0.9999995231628418,True,True,correct
9047,cifar10_test_09047,deer,deer,0.9999998807907104,True,True,correct
9048,cifar10_test_09048,airplane,airplane,0.9999995231628418,True,True,correct
9049,cifar10_test_09049,frog,frog,1.0,True,True,correct
9050,cifar10_test_09050,dog,dog,0.9999958276748657,True,True,correct
9051,cifar10_test_09051,ship,ship,0.9999998807907104,True,True,correct
9052,cifar10_test_09052,airplane,airplane,0.9999998807907104,True,True,correct
9053,cifar10_test_09053,dog,dog,0.9999991655349731,True,True,correct
9054,cifar10_test_09054,ship,ship,1.0,True,True,correct
9055,cifar10_test_09055,frog,frog,1.0,True,True,correct
9056,cifar10_test_09056,deer,deer,0.9999998807907104,True,True,correct
9057,cifar10_test_09057,ship,ship,0.9999997615814209,True,True,correct
9058,cifar10_test_09058,dog,dog,0.9999998807907104,True,True,correct
9059,cifar10_test_09059,bird,bird,1.0,True,True,correct
9060,cifar10_test_09060,truck,truck,0.9999998807907104,True,True,correct
9061,cifar10_test_09061,horse,horse,0.9999998807907104,True,True,correct
9062,cifar10_test_09062,truck,truck,0.9999988079071045,True,True,correct
9063,cifar10_test_09063,horse,horse,1.0,True,True,correct
9064,cifar10_test_09064,automobile,automobile,1.0,True,True,correct
9065,cifar10_test_09065,airplane,airplane,0.9999996423721313,True,True,correct
9066,cifar10_test_09066,automobile,automobile,0.9999998807907104,True,True,correct
9067,cifar10_test_09067,truck,truck,0.9999998807907104,True,True,correct
9068,cifar10_test_09068,frog,frog,0.9999747276306152,True,True,correct
9069,cifar10_test_09069,truck,truck,0.9999998807907104,True,True,correct
9070,cifar10_test_09070,bird,bird,1.0,True,True,correct
9071,cifar10_test_09071,horse,horse,1.0,True,True,correct
9072,cifar10_test_09072,truck,truck,1.0,True,True,correct
9073,cifar10_test_09073,deer,deer,0.9999994039535522,True,True,correct
9074,cifar10_test_09074,deer,deer,0.9999998807907104,True,True,correct
9075,cifar10_test_09075,airplane,airplane,0.9999980926513672,True,True,correct
9076,cifar10_test_09076,frog,frog,1.0,True,True,correct
9077,cifar10_test_09077,bird,bird,1.0,True,True,correct
9078,cifar10_test_09078,deer,deer,0.9999992847442627,True,True,correct
9079,cifar10_test_09079,automobile,automobile,1.0,True,True,correct
9080,cifar10_test_09080,cat,cat,0.9999905824661255,True,True,correct
9081,cifar10_test_09081,horse,horse,0.9999998807907104,True,True,correct
9082,cifar10_test_09082,bird,cat,0.9531604647636414,False,True,false_negative_for_bird;false_positive_for_cat
9083,cifar10_test_09083,ship,ship,0.9999994039535522,True,True,correct
9084,cifar10_test_09084,dog,dog,0.9999995231628418,True,True,correct
9085,cifar10_test_09085,truck,truck,1.0,True,True,correct
9086,cifar10_test_09086,airplane,airplane,0.9999996423721313,True,True,correct
9087,cifar10_test_09087,cat,cat,0.9999997615814209,True,True,correct
9088,cifar10_test_09088,bird,bird,1.0,True,True,correct
9089,cifar10_test_09089,cat,cat,0.9999996423721313,True,True,correct
9090,cifar10_test_09090,bird,bird,0.9999998807907104,True,True,correct
9091,cifar10_test_09091,horse,horse,0.9999997615814209,True,True,correct
9092,cifar10_test_09092,frog,frog,1.0,True,True,correct
9093,cifar10_test_09093,cat,cat,0.9999994039535522,True,True,correct
9094,cifar10_test_09094,bird,bird,1.0,True,True,correct
9095,cifar10_test_09095,dog,dog,0.9999997615814209,True,True,correct
9096,cifar10_test_09096,truck,truck,1.0,True,True,correct
9097,cifar10_test_09097,airplane,airplane,0.9999990463256836,True,True,correct
9098,cifar10_test_09098,dog,dog,0.9999998807907104,True,True,correct
9099,cifar10_test_09099,truck,truck,0.9999971389770508,True,True,correct
9100,cifar10_test_09100,truck,truck,0.9999995231628418,True,True,correct
9101,cifar10_test_09101,ship,ship,0.9999998807907104,True,True,correct
9102,cifar10_test_09102,horse,horse,0.9999995231628418,True,True,correct
9103,cifar10_test_09103,horse,horse,0.9994649291038513,True,True,correct
9104,cifar10_test_09104,deer,deer,1.0,True,True,correct
9105,cifar10_test_09105,ship,ship,0.999998927116394,True,True,correct
9106,cifar10_test_09106,frog,frog,1.0,True,True,correct
9107,cifar10_test_09107,dog,dog,0.9999998807907104,True,True,correct
9108,cifar10_test_09108,bird,bird,1.0,True,True,correct
9109,cifar10_test_09109,cat,cat,0.9999995231628418,True,True,correct
9110,cifar10_test_09110,automobile,automobile,0.9999998807907104,True,True,correct
9111,cifar10_test_09111,airplane,airplane,0.9999992847442627,True,True,correct
9112,cifar10_test_09112,deer,deer,1.0,True,True,correct
9113,cifar10_test_09113,automobile,automobile,1.0,True,True,correct
9114,cifar10_test_09114,ship,ship,0.9999996423721313,True,True,correct
9115,cifar10_test_09115,ship,ship,0.9999998807907104,True,True,correct
9116,cifar10_test_09116,deer,deer,1.0,True,True,correct
9117,cifar10_test_09117,truck,truck,0.9999998807907104,True,True,correct
9118,cifar10_test_09118,deer,deer,0.9999998807907104,True,True,correct
9119,cifar10_test_09119,deer,deer,1.0,True,True,correct
9120,cifar10_test_09120,cat,cat,0.9999991655349731,True,True,correct
9121,cifar10_test_09121,cat,cat,0.9999954700469971,True,True,correct
9122,cifar10_test_09122,truck,truck,0.9999988079071045,True,True,correct
9123,cifar10_test_09123,bird,bird,0.9999998807907104,True,True,correct
9124,cifar10_test_09124,airplane,airplane,0.9999996423721313,True,True,correct
9125,cifar10_test_09125,automobile,automobile,1.0,True,True,correct
9126,cifar10_test_09126,automobile,automobile,1.0,True,True,correct
9127,cifar10_test_09127,ship,ship,0.9999991655349731,True,True,correct
9128,cifar10_test_09128,deer,deer,1.0,True,True,correct
9129,cifar10_test_09129,deer,deer,0.9999998807907104,True,True,correct
9130,cifar10_test_09130,ship,ship,0.9999997615814209,True,True,correct
9131,cifar10_test_09131,cat,cat,0.9999997615814209,True,True,correct
9132,cifar10_test_09132,bird,bird,0.9245725870132446,True,True,correct
9133,cifar10_test_09133,truck,truck,0.9999996423721313,True,True,correct
9134,cifar10_test_09134,dog,dog,0.9999997615814209,True,True,correct
9135,cifar10_test_09135,horse,horse,0.9999997615814209,True,True,correct
9136,cifar10_test_09136,frog,frog,1.0,True,True,correct
9137,cifar10_test_09137,bird,bird,1.0,True,True,correct
9138,cifar10_test_09138,dog,dog,1.0,True,True,correct
9139,cifar10_test_09139,deer,deer,1.0,True,True,correct
9140,cifar10_test_09140,horse,horse,0.9999995231628418,True,True,correct
9141,cifar10_test_09141,cat,cat,0.9999992847442627,True,True,correct
9142,cifar10_test_09142,cat,cat,0.9999988079071045,True,True,correct
9143,cifar10_test_09143,truck,truck,0.9999998807907104,True,True,correct
9144,cifar10_test_09144,airplane,airplane,0.9999995231628418,True,True,correct
9145,cifar10_test_09145,automobile,truck,0.9445270299911499,False,True,false_negative_for_automobile;false_positive_for_truck
9146,cifar10_test_09146,dog,dog,0.9999997615814209,True,True,correct
9147,cifar10_test_09147,truck,truck,0.9999996423721313,True,True,correct
9148,cifar10_test_09148,cat,cat,0.9999758005142212,True,True,correct
9149,cifar10_test_09149,horse,horse,0.9999998807907104,True,True,correct
9150,cifar10_test_09150,frog,frog,1.0,True,True,correct
9151,cifar10_test_09151,airplane,airplane,0.9999996423721313,True,True,correct
9152,cifar10_test_09152,deer,deer,1.0,True,True,correct
9153,cifar10_test_09153,bird,bird,0.9999997615814209,True,True,correct
9154,cifar10_test_09154,bird,bird,1.0,True,True,correct
9155,cifar10_test_09155,dog,dog,0.9999998807907104,True,True,correct
9156,cifar10_test_09156,frog,frog,1.0,True,True,correct
9157,cifar10_test_09157,cat,cat,0.999996542930603,True,True,correct
9158,cifar10_test_09158,ship,ship,0.9999995231628418,True,True,correct
9159,cifar10_test_09159,truck,truck,0.9999998807907104,True,True,correct
9160,cifar10_test_09160,dog,dog,0.9999915361404419,True,True,correct
9161,cifar10_test_09161,frog,frog,0.9999998807907104,True,True,correct
9162,cifar10_test_09162,automobile,automobile,1.0,True,True,correct
9163,cifar10_test_09163,deer,deer,1.0,True,True,correct
9164,cifar10_test_09164,dog,dog,0.9999997615814209,True,True,correct
9165,cifar10_test_09165,deer,deer,1.0,True,True,correct
9166,cifar10_test_09166,frog,frog,1.0,True,True,correct
9167,cifar10_test_09167,horse,horse,1.0,True,True,correct
9168,cifar10_test_09168,bird,bird,1.0,True,True,correct
9169,cifar10_test_09169,automobile,automobile,0.9999991655349731,True,True,correct
9170,cifar10_test_09170,airplane,airplane,0.9999997615814209,True,True,correct
9171,cifar10_test_09171,bird,bird,1.0,True,True,correct
9172,cifar10_test_09172,airplane,airplane,0.9999994039535522,True,True,correct
9173,cifar10_test_09173,deer,deer,1.0,True,True,correct
9174,cifar10_test_09174,truck,truck,0.9999982118606567,True,True,correct
9175,cifar10_test_09175,ship,ship,0.9999998807907104,True,True,correct
9176,cifar10_test_09176,ship,ship,0.9999983310699463,True,True,correct
9177,cifar10_test_09177,truck,truck,1.0,True,True,correct
9178,cifar10_test_09178,automobile,automobile,1.0,True,True,correct
9179,cifar10_test_09179,automobile,automobile,1.0,True,True,correct
9180,cifar10_test_09180,dog,dog,0.9999998807907104,True,True,correct
9181,cifar10_test_09181,airplane,airplane,0.9999990463256836,True,True,correct
9182,cifar10_test_09182,airplane,airplane,0.9999992847442627,True,True,correct
9183,cifar10_test_09183,ship,ship,0.9999992847442627,True,True,correct
9184,cifar10_test_09184,horse,horse,0.9999991655349731,True,True,correct
9185,cifar10_test_09185,automobile,automobile,0.9999979734420776,True,True,correct
9186,cifar10_test_09186,horse,horse,0.9999997615814209,True,True,correct
9187,cifar10_test_09187,deer,deer,0.9999998807907104,True,True,correct
9188,cifar10_test_09188,dog,dog,0.9999998807907104,True,True,correct
9189,cifar10_test_09189,deer,deer,0.9999997615814209,True,True,correct
9190,cifar10_test_09190,cat,cat,0.9999973773956299,True,True,correct
9191,cifar10_test_09191,cat,cat,0.9999988079071045,True,True,correct
9192,cifar10_test_09192,bird,bird,1.0,True,True,correct
9193,cifar10_test_09193,airplane,airplane,0.9999997615814209,True,True,correct
9194,cifar10_test_09194,frog,frog,1.0,True,True,correct
9195,cifar10_test_09195,frog,frog,1.0,True,True,correct
9196,cifar10_test_09196,airplane,airplane,0.9999990463256836,True,True,correct
9197,cifar10_test_09197,automobile,automobile,1.0,True,True,correct
9198,cifar10_test_09198,cat,cat,0.9999997615814209,True,True,correct
9199,cifar10_test_09199,truck,truck,0.9999998807907104,True,True,correct
9200,cifar10_test_09200,ship,ship,0.9999997615814209,True,True,correct
9201,cifar10_test_09201,cat,cat,0.9999995231628418,True,True,correct
9202,cifar10_test_09202,horse,horse,0.9999998807907104,True,True,correct
9203,cifar10_test_09203,ship,ship,0.9999998807907104,True,True,correct
9204,cifar10_test_09204,truck,truck,0.9999998807907104,True,True,correct
9205,cifar10_test_09205,deer,deer,0.9999998807907104,True,True,correct
9206,cifar10_test_09206,ship,ship,0.999998927116394,True,True,correct
9207,cifar10_test_09207,truck,truck,1.0,True,True,correct
9208,cifar10_test_09208,airplane,airplane,0.9999985694885254,True,True,correct
9209,cifar10_test_09209,truck,truck,0.9999980926513672,True,True,correct
9210,cifar10_test_09210,horse,horse,0.9999996423721313,True,True,correct
9211,cifar10_test_09211,automobile,automobile,1.0,True,True,correct
9212,cifar10_test_09212,frog,frog,1.0,True,True,correct
9213,cifar10_test_09213,bird,bird,0.9999998807907104,True,True,correct
9214,cifar10_test_09214,truck,truck,1.0,True,True,correct
9215,cifar10_test_09215,dog,dog,0.9999996423721313,True,True,correct
9216,cifar10_test_09216,frog,frog,0.999996542930603,True,True,correct
9217,cifar10_test_09217,truck,truck,0.9999998807907104,True,True,correct
9218,cifar10_test_09218,cat,cat,0.9999920129776001,True,True,correct
9219,cifar10_test_09219,truck,truck,1.0,True,True,correct
9220,cifar10_test_09220,ship,ship,0.9999998807907104,True,True,correct
9221,cifar10_test_09221,horse,horse,1.0,True,True,correct
9222,cifar10_test_09222,horse,horse,0.9999992847442627,True,True,correct
9223,cifar10_test_09223,automobile,automobile,0.9999966621398926,True,True,correct
9224,cifar10_test_09224,frog,frog,0.9999997615814209,True,True,correct
9225,cifar10_test_09225,dog,cat,0.9962908029556274,False,True,false_negative_for_dog;false_positive_for_cat
9226,cifar10_test_09226,cat,cat,0.9999991655349731,True,True,correct
9227,cifar10_test_09227,automobile,truck,0.9999977350234985,False,True,false_negative_for_automobile;false_positive_for_truck
9228,cifar10_test_09228,cat,cat,0.9999998807907104,True,True,correct
9229,cifar10_test_09229,automobile,automobile,0.9999996423721313,True,True,correct
9230,cifar10_test_09230,bird,bird,0.9999825954437256,True,True,correct
9231,cifar10_test_09231,horse,horse,0.9999995231628418,True,True,correct
9232,cifar10_test_09232,automobile,automobile,1.0,True,True,correct
9233,cifar10_test_09233,ship,ship,0.9999998807907104,True,True,correct
9234,cifar10_test_09234,bird,bird,0.9999998807907104,True,True,correct
9235,cifar10_test_09235,airplane,airplane,0.999998927116394,True,True,correct
9236,cifar10_test_09236,truck,truck,1.0,True,True,correct
9237,cifar10_test_09237,horse,horse,0.9999994039535522,True,True,correct
9238,cifar10_test_09238,truck,truck,0.9999991655349731,True,True,correct
9239,cifar10_test_09239,ship,ship,0.9999998807907104,True,True,correct
9240,cifar10_test_09240,ship,ship,0.9999997615814209,True,True,correct
9241,cifar10_test_09241,frog,frog,1.0,True,True,correct
9242,cifar10_test_09242,horse,horse,1.0,True,True,correct
9243,cifar10_test_09243,cat,cat,0.9999997615814209,True,True,correct
9244,cifar10_test_09244,horse,horse,0.9999997615814209,True,True,correct
9245,cifar10_test_09245,automobile,automobile,1.0,True,True,correct
9246,cifar10_test_09246,cat,cat,0.9999849796295166,True,True,correct
9247,cifar10_test_09247,truck,truck,1.0,True,True,correct
9248,cifar10_test_09248,airplane,airplane,0.9999977350234985,True,True,correct
9249,cifar10_test_09249,truck,truck,0.9999998807907104,True,True,correct
9250,cifar10_test_09250,cat,cat,0.9999779462814331,True,True,correct
9251,cifar10_test_09251,frog,frog,1.0,True,True,correct
9252,cifar10_test_09252,horse,horse,0.9999998807907104,True,True,correct
9253,cifar10_test_09253,bird,bird,1.0,True,True,correct
9254,cifar10_test_09254,horse,horse,0.999996542930603,True,True,correct
9255,cifar10_test_09255,cat,cat,0.9999945163726807,True,True,correct
9256,cifar10_test_09256,airplane,airplane,0.9999995231628418,True,True,correct
9257,cifar10_test_09257,dog,dog,0.9999998807907104,True,True,correct
9258,cifar10_test_09258,truck,truck,0.9999996423721313,True,True,correct
9259,cifar10_test_09259,horse,horse,0.9999998807907104,True,True,correct
9260,cifar10_test_09260,dog,cat,0.9994162321090698,False,True,false_negative_for_dog;false_positive_for_cat
9261,cifar10_test_09261,dog,dog,1.0,True,True,correct
9262,cifar10_test_09262,airplane,airplane,0.9999991655349731,True,True,correct
9263,cifar10_test_09263,frog,frog,0.9999998807907104,True,True,correct
9264,cifar10_test_09264,dog,dog,0.9999992847442627,True,True,correct
9265,cifar10_test_09265,automobile,automobile,1.0,True,True,correct
9266,cifar10_test_09266,ship,ship,0.9999995231628418,True,True,correct
9267,cifar10_test_09267,bird,bird,0.9999994039535522,True,True,correct
9268,cifar10_test_09268,horse,horse,0.9999996423721313,True,True,correct
9269,cifar10_test_09269,dog,dog,0.9999984502792358,True,True,correct
9270,cifar10_test_09270,truck,truck,1.0,True,True,correct
9271,cifar10_test_09271,airplane,airplane,0.9999996423721313,True,True,correct
9272,cifar10_test_09272,airplane,airplane,0.9999994039535522,True,True,correct
9273,cifar10_test_09273,airplane,airplane,0.9999996423721313,True,True,correct
9274,cifar10_test_09274,ship,ship,0.9999903440475464,True,True,correct
9275,cifar10_test_09275,ship,ship,0.9999994039535522,True,True,correct
9276,cifar10_test_09276,horse,horse,1.0,True,True,correct
9277,cifar10_test_09277,cat,cat,0.999985933303833,True,True,correct
9278,cifar10_test_09278,horse,horse,0.9999992847442627,True,True,correct
9279,cifar10_test_09279,ship,ship,0.9999998807907104,True,True,correct
9280,cifar10_test_09280,truck,truck,0.9999998807907104,True,True,correct
9281,cifar10_test_09281,cat,cat,0.9999997615814209,True,True,correct
9282,cifar10_test_09282,horse,horse,0.9999997615814209,True,True,correct
9283,cifar10_test_09283,truck,truck,0.9999998807907104,True,True,correct
9284,cifar10_test_09284,horse,horse,1.0,True,True,correct
9285,cifar10_test_09285,ship,ship,0.9999998807907104,True,True,correct
9286,cifar10_test_09286,horse,horse,1.0,True,True,correct
9287,cifar10_test_09287,truck,truck,0.9999998807907104,True,True,correct
9288,cifar10_test_09288,ship,ship,0.9999996423721313,True,True,correct
9289,cifar10_test_09289,dog,dog,0.999998927116394,True,True,correct
9290,cifar10_test_09290,deer,deer,0.9999997615814209,True,True,correct
9291,cifar10_test_09291,ship,ship,0.9999992847442627,True,True,correct
9292,cifar10_test_09292,cat,cat,0.9999843835830688,True,True,correct
9293,cifar10_test_09293,horse,horse,0.9999998807907104,True,True,correct
9294,cifar10_test_09294,frog,frog,0.9999998807907104,True,True,correct
9295,cifar10_test_09295,cat,cat,0.999997615814209,True,True,correct
9296,cifar10_test_09296,ship,ship,0.9999998807907104,True,True,correct
9297,cifar10_test_09297,bird,bird,1.0,True,True,correct
9298,cifar10_test_09298,automobile,automobile,1.0,True,True,correct
9299,cifar10_test_09299,truck,truck,0.9999998807907104,True,True,correct
9300,cifar10_test_09300,dog,dog,0.9999452829360962,True,True,correct
9301,cifar10_test_09301,horse,horse,0.9999840259552002,True,True,correct
9302,cifar10_test_09302,cat,cat,0.9999986886978149,True,True,correct
9303,cifar10_test_09303,truck,truck,0.9999988079071045,True,True,correct
9304,cifar10_test_09304,dog,dog,0.9999996423721313,True,True,correct
9305,cifar10_test_09305,dog,dog,0.9999998807907104,True,True,correct
9306,cifar10_test_09306,ship,ship,0.9999998807907104,True,True,correct
9307,cifar10_test_09307,horse,horse,0.9999998807907104,True,True,correct
9308,cifar10_test_09308,cat,cat,0.9999990463256836,True,True,correct
9309,cifar10_test_09309,dog,dog,0.9999995231628418,True,True,correct
9310,cifar10_test_09310,cat,cat,0.9999998807907104,True,True,correct
9311,cifar10_test_09311,dog,dog,0.9999998807907104,True,True,correct
9312,cifar10_test_09312,truck,truck,1.0,True,True,correct
9313,cifar10_test_09313,horse,horse,1.0,True,True,correct
9314,cifar10_test_09314,frog,frog,0.9999998807907104,True,True,correct
9315,cifar10_test_09315,horse,dog,0.9856530427932739,False,True,false_negative_for_horse;false_positive_for_dog
9316,cifar10_test_09316,cat,cat,0.9999997615814209,True,True,correct
9317,cifar10_test_09317,frog,frog,0.9999995231628418,True,True,correct
9318,cifar10_test_09318,deer,deer,0.9999998807907104,True,True,correct
9319,cifar10_test_09319,cat,cat,0.9999881982803345,True,True,correct
9320,cifar10_test_09320,truck,truck,1.0,True,True,correct
9321,cifar10_test_09321,deer,deer,0.9999998807907104,True,True,correct
9322,cifar10_test_09322,bird,bird,1.0,True,True,correct
9323,cifar10_test_09323,automobile,automobile,1.0,True,True,correct
9324,cifar10_test_09324,truck,truck,0.9999991655349731,True,True,correct
9325,cifar10_test_09325,frog,frog,1.0,True,True,correct
9326,cifar10_test_09326,airplane,airplane,0.9999994039535522,True,True,correct
9327,cifar10_test_09327,bird,bird,1.0,True,True,correct
9328,cifar10_test_09328,frog,frog,0.9999997615814209,True,True,correct
9329,cifar10_test_09329,horse,horse,0.9999996423721313,True,True,correct
9330,cifar10_test_09330,deer,deer,0.9999996423721313,True,True,correct
9331,cifar10_test_09331,horse,horse,1.0,True,True,correct
9332,cifar10_test_09332,truck,truck,1.0,True,True,correct
9333,cifar10_test_09333,airplane,airplane,0.9999991655349731,True,True,correct
9334,cifar10_test_09334,horse,horse,1.0,True,True,correct
9335,cifar10_test_09335,deer,deer,1.0,True,True,correct
9336,cifar10_test_09336,cat,cat,0.9998300075531006,True,True,correct
9337,cifar10_test_09337,dog,dog,0.9999997615814209,True,True,correct
9338,cifar10_test_09338,cat,cat,0.9999996423721313,True,True,correct
9339,cifar10_test_09339,automobile,automobile,1.0,True,True,correct
9340,cifar10_test_09340,automobile,automobile,1.0,True,True,correct
9341,cifar10_test_09341,bird,bird,0.9999998807907104,True,True,correct
9342,cifar10_test_09342,frog,frog,1.0,True,True,correct
9343,cifar10_test_09343,ship,ship,0.9999997615814209,True,True,correct
9344,cifar10_test_09344,bird,bird,1.0,True,True,correct
9345,cifar10_test_09345,automobile,automobile,1.0,True,True,correct
9346,cifar10_test_09346,horse,horse,0.9999964237213135,True,True,correct
9347,cifar10_test_09347,ship,ship,0.9999996423721313,True,True,correct
9348,cifar10_test_09348,dog,dog,0.9999998807907104,True,True,correct
9349,cifar10_test_09349,truck,truck,1.0,True,True,correct
9350,cifar10_test_09350,frog,frog,0.9999998807907104,True,True,correct
9351,cifar10_test_09351,automobile,automobile,0.9999995231628418,True,True,correct
9352,cifar10_test_09352,automobile,automobile,0.9976224303245544,True,True,correct
9353,cifar10_test_09353,dog,dog,0.9999990463256836,True,True,correct
9354,cifar10_test_09354,airplane,airplane,0.9999992847442627,True,True,correct
9355,cifar10_test_09355,frog,frog,1.0,True,True,correct
9356,cifar10_test_09356,airplane,airplane,0.9999992847442627,True,True,correct
9357,cifar10_test_09357,truck,truck,1.0,True,True,correct
9358,cifar10_test_09358,bird,bird,1.0,True,True,correct
9359,cifar10_test_09359,frog,frog,1.0,True,True,correct
9360,cifar10_test_09360,dog,dog,0.9999951124191284,True,True,correct
9361,cifar10_test_09361,ship,ship,0.9999997615814209,True,True,correct
9362,cifar10_test_09362,truck,truck,1.0,True,True,correct
9363,cifar10_test_09363,dog,dog,0.9999994039535522,True,True,correct
9364,cifar10_test_09364,dog,dog,0.9999997615814209,True,True,correct
9365,cifar10_test_09365,frog,frog,1.0,True,True,correct
9366,cifar10_test_09366,bird,bird,1.0,True,True,correct
9367,cifar10_test_09367,truck,truck,0.9999997615814209,True,True,correct
9368,cifar10_test_09368,automobile,automobile,1.0,True,True,correct
9369,cifar10_test_09369,dog,dog,0.9999949932098389,True,True,correct
9370,cifar10_test_09370,ship,ship,0.9999997615814209,True,True,correct
9371,cifar10_test_09371,ship,ship,0.9999992847442627,True,True,correct
9372,cifar10_test_09372,horse,horse,0.9999997615814209,True,True,correct
9373,cifar10_test_09373,automobile,automobile,1.0,True,True,correct
9374,cifar10_test_09374,horse,horse,1.0,True,True,correct
9375,cifar10_test_09375,cat,cat,0.9999969005584717,True,True,correct
9376,cifar10_test_09376,dog,dog,0.9999669790267944,True,True,correct
9377,cifar10_test_09377,deer,deer,0.9999997615814209,True,True,correct
9378,cifar10_test_09378,truck,truck,0.9999997615814209,True,True,correct
9379,cifar10_test_09379,horse,horse,1.0,True,True,correct
9380,cifar10_test_09380,dog,cat,0.9987686276435852,False,True,false_negative_for_dog;false_positive_for_cat
9381,cifar10_test_09381,bird,bird,1.0,True,True,correct
9382,cifar10_test_09382,truck,truck,1.0,True,True,correct
9383,cifar10_test_09383,truck,truck,1.0,True,True,correct
9384,cifar10_test_09384,deer,deer,0.9999996423721313,True,True,correct
9385,cifar10_test_09385,horse,horse,0.9999991655349731,True,True,correct
9386,cifar10_test_09386,deer,deer,0.9637337923049927,True,True,correct
9387,cifar10_test_09387,automobile,automobile,1.0,True,True,correct
9388,cifar10_test_09388,cat,cat,0.9999996423721313,True,True,correct
9389,cifar10_test_09389,ship,ship,0.9999998807907104,True,True,correct
9390,cifar10_test_09390,horse,horse,1.0,True,True,correct
9391,cifar10_test_09391,truck,truck,1.0,True,True,correct
9392,cifar10_test_09392,airplane,airplane,0.9999997615814209,True,True,correct
9393,cifar10_test_09393,deer,deer,0.9999991655349731,True,True,correct
9394,cifar10_test_09394,dog,dog,0.9999998807907104,True,True,correct
9395,cifar10_test_09395,horse,horse,0.9999998807907104,True,True,correct
9396,cifar10_test_09396,dog,dog,0.9999998807907104,True,True,correct
9397,cifar10_test_09397,bird,bird,1.0,True,True,correct
9398,cifar10_test_09398,ship,ship,0.9999998807907104,True,True,correct
9399,cifar10_test_09399,horse,horse,0.9999998807907104,True,True,correct
9400,cifar10_test_09400,frog,frog,1.0,True,True,correct
9401,cifar10_test_09401,truck,truck,1.0,True,True,correct
9402,cifar10_test_09402,frog,frog,0.9993884563446045,True,True,correct
9403,cifar10_test_09403,truck,truck,0.9999998807907104,True,True,correct
9404,cifar10_test_09404,cat,cat,0.9999995231628418,True,True,correct
9405,cifar10_test_09405,ship,ship,0.9999995231628418,True,True,correct
9406,cifar10_test_09406,dog,dog,0.9999991655349731,True,True,correct
9407,cifar10_test_09407,frog,frog,1.0,True,True,correct
9408,cifar10_test_09408,frog,frog,1.0,True,True,correct
9409,cifar10_test_09409,truck,truck,1.0,True,True,correct
9410,cifar10_test_09410,dog,dog,0.9999998807907104,True,True,correct
9411,cifar10_test_09411,horse,horse,0.9999997615814209,True,True,correct
9412,cifar10_test_09412,ship,ship,0.9999997615814209,True,True,correct
9413,cifar10_test_09413,airplane,airplane,0.9999998807907104,True,True,correct
9414,cifar10_test_09414,dog,cat,0.9998983144760132,False,True,false_negative_for_dog;false_positive_for_cat
9415,cifar10_test_09415,airplane,airplane,0.9999986886978149,True,True,correct
9416,cifar10_test_09416,horse,horse,1.0,True,True,correct
9417,cifar10_test_09417,deer,deer,1.0,True,True,correct
9418,cifar10_test_09418,ship,ship,0.9999998807907104,True,True,correct
9419,cifar10_test_09419,bird,bird,1.0,True,True,correct
9420,cifar10_test_09420,dog,dog,0.9999998807907104,True,True,correct
9421,cifar10_test_09421,automobile,automobile,0.9981560111045837,True,True,correct
9422,cifar10_test_09422,cat,cat,0.9998717308044434,True,True,correct
9423,cifar10_test_09423,bird,bird,1.0,True,True,correct
9424,cifar10_test_09424,bird,bird,1.0,True,True,correct
9425,cifar10_test_09425,frog,frog,1.0,True,True,correct
9426,cifar10_test_09426,bird,bird,0.9999995231628418,True,True,correct
9427,cifar10_test_09427,automobile,automobile,1.0,True,True,correct
9428,cifar10_test_09428,horse,horse,0.9999998807907104,True,True,correct
9429,cifar10_test_09429,deer,deer,0.9999996423721313,True,True,correct
9430,cifar10_test_09430,frog,frog,1.0,True,True,correct
9431,cifar10_test_09431,cat,cat,0.9999856948852539,True,True,correct
9432,cifar10_test_09432,automobile,automobile,1.0,True,True,correct
9433,cifar10_test_09433,cat,cat,0.9999998807907104,True,True,correct
9434,cifar10_test_09434,horse,horse,1.0,True,True,correct
9435,cifar10_test_09435,bird,bird,0.9999998807907104,True,True,correct
9436,cifar10_test_09436,automobile,automobile,0.9999998807907104,True,True,correct
9437,cifar10_test_09437,cat,cat,0.9999992847442627,True,True,correct
9438,cifar10_test_09438,horse,horse,0.9999998807907104,True,True,correct
9439,cifar10_test_09439,airplane,airplane,0.9999992847442627,True,True,correct
9440,cifar10_test_09440,ship,ship,0.9999995231628418,True,True,correct
9441,cifar10_test_09441,deer,deer,0.9999998807907104,True,True,correct
9442,cifar10_test_09442,deer,deer,0.9999997615814209,True,True,correct
9443,cifar10_test_09443,dog,dog,0.9999997615814209,True,True,correct
9444,cifar10_test_09444,horse,horse,1.0,True,True,correct
9445,cifar10_test_09445,truck,truck,1.0,True,True,correct
9446,cifar10_test_09446,dog,dog,0.9999997615814209,True,True,correct
9447,cifar10_test_09447,deer,deer,0.9999996423721313,True,True,correct
9448,cifar10_test_09448,cat,cat,0.9999991655349731,True,True,correct
9449,cifar10_test_09449,truck,truck,0.9999998807907104,True,True,correct
9450,cifar10_test_09450,frog,frog,0.9999998807907104,True,True,correct
9451,cifar10_test_09451,ship,ship,1.0,True,True,correct
9452,cifar10_test_09452,bird,bird,1.0,True,True,correct
9453,cifar10_test_09453,cat,cat,0.9999995231628418,True,True,correct
9454,cifar10_test_09454,cat,cat,0.9999996423721313,True,True,correct
9455,cifar10_test_09455,automobile,automobile,1.0,True,True,correct
9456,cifar10_test_09456,frog,frog,1.0,True,True,correct
9457,cifar10_test_09457,automobile,automobile,1.0,True,True,correct
9458,cifar10_test_09458,horse,horse,1.0,True,True,correct
9459,cifar10_test_09459,airplane,airplane,0.9999995231628418,True,True,correct
9460,cifar10_test_09460,cat,cat,0.9999997615814209,True,True,correct
9461,cifar10_test_09461,deer,deer,0.9999991655349731,True,True,correct
9462,cifar10_test_09462,bird,bird,0.9999998807907104,True,True,correct
9463,cifar10_test_09463,truck,truck,0.9999994039535522,True,True,correct
9464,cifar10_test_09464,deer,deer,0.9999994039535522,True,True,correct
9465,cifar10_test_09465,dog,dog,0.9999997615814209,True,True,correct
9466,cifar10_test_09466,ship,ship,0.9999991655349731,True,True,correct
9467,cifar10_test_09467,bird,bird,0.9999998807907104,True,True,correct
9468,cifar10_test_09468,horse,horse,0.9999997615814209,True,True,correct
9469,cifar10_test_09469,airplane,airplane,0.9999995231628418,True,True,correct
9470,cifar10_test_09470,truck,truck,1.0,True,True,correct
9471,cifar10_test_09471,frog,frog,0.9999978542327881,True,True,correct
9472,cifar10_test_09472,ship,ship,0.9999997615814209,True,True,correct
9473,cifar10_test_09473,airplane,airplane,0.9999991655349731,True,True,correct
9474,cifar10_test_09474,ship,ship,0.9999996423721313,True,True,correct
9475,cifar10_test_09475,bird,bird,0.9999998807907104,True,True,correct
9476,cifar10_test_09476,ship,ship,0.9999998807907104,True,True,correct
9477,cifar10_test_09477,dog,dog,1.0,True,True,correct
9478,cifar10_test_09478,horse,horse,1.0,True,True,correct
9479,cifar10_test_09479,horse,horse,0.9999998807907104,True,True,correct
9480,cifar10_test_09480,bird,bird,1.0,True,True,correct
9481,cifar10_test_09481,bird,bird,1.0,True,True,correct
9482,cifar10_test_09482,airplane,airplane,0.9999997615814209,True,True,correct
9483,cifar10_test_09483,airplane,airplane,0.9999985694885254,True,True,correct
9484,cifar10_test_09484,airplane,airplane,0.9999996423721313,True,True,correct
9485,cifar10_test_09485,horse,horse,0.9999995231628418,True,True,correct
9486,cifar10_test_09486,deer,deer,0.9999998807907104,True,True,correct
9487,cifar10_test_09487,automobile,automobile,1.0,True,True,correct
9488,cifar10_test_09488,frog,frog,1.0,True,True,correct
9489,cifar10_test_09489,frog,frog,1.0,True,True,correct
9490,cifar10_test_09490,ship,ship,0.9999716281890869,True,True,correct
9491,cifar10_test_09491,ship,ship,0.9999997615814209,True,True,correct
9492,cifar10_test_09492,truck,truck,0.9999992847442627,True,True,correct
9493,cifar10_test_09493,airplane,airplane,0.9999988079071045,True,True,correct
9494,cifar10_test_09494,truck,truck,1.0,True,True,correct
9495,cifar10_test_09495,airplane,airplane,0.999998927116394,True,True,correct
9496,cifar10_test_09496,automobile,automobile,1.0,True,True,correct
9497,cifar10_test_09497,cat,cat,0.9999982118606567,True,True,correct
9498,cifar10_test_09498,cat,cat,0.9999998807907104,True,True,correct
9499,cifar10_test_09499,airplane,airplane,0.9999997615814209,True,True,correct
9500,cifar10_test_09500,truck,truck,1.0,True,True,correct
9501,cifar10_test_09501,frog,frog,0.9999988079071045,True,True,correct
9502,cifar10_test_09502,frog,frog,1.0,True,True,correct
9503,cifar10_test_09503,bird,bird,0.9999963045120239,True,True,correct
9504,cifar10_test_09504,frog,frog,1.0,True,True,correct
9505,cifar10_test_09505,cat,cat,0.9999996423721313,True,True,correct
9506,cifar10_test_09506,deer,deer,0.9999997615814209,True,True,correct
9507,cifar10_test_09507,airplane,airplane,0.9999964237213135,True,True,correct
9508,cifar10_test_09508,ship,ship,0.9999998807907104,True,True,correct
9509,cifar10_test_09509,deer,deer,0.9999997615814209,True,True,correct
9510,cifar10_test_09510,automobile,automobile,0.9999998807907104,True,True,correct
9511,cifar10_test_09511,deer,deer,0.9999997615814209,True,True,correct
9512,cifar10_test_09512,airplane,airplane,0.9999996423721313,True,True,correct
9513,cifar10_test_09513,frog,frog,0.9999997615814209,True,True,correct
9514,cifar10_test_09514,dog,dog,0.9999997615814209,True,True,correct
9515,cifar10_test_09515,airplane,airplane,0.9999998807907104,True,True,correct
9516,cifar10_test_09516,truck,truck,1.0,True,True,correct
9517,cifar10_test_09517,truck,truck,0.9999998807907104,True,True,correct
9518,cifar10_test_09518,truck,automobile,0.9997662901878357,False,True,false_negative_for_truck;false_positive_for_automobile
9519,cifar10_test_09519,truck,truck,1.0,True,True,correct
9520,cifar10_test_09520,automobile,automobile,1.0,True,True,correct
9521,cifar10_test_09521,bird,bird,1.0,True,True,correct
9522,cifar10_test_09522,cat,cat,0.9997817873954773,True,True,correct
9523,cifar10_test_09523,dog,dog,0.9999988079071045,True,True,correct
9524,cifar10_test_09524,deer,deer,0.9999998807907104,True,True,correct
9525,cifar10_test_09525,bird,bird,0.9999998807907104,True,True,correct
9526,cifar10_test_09526,truck,truck,1.0,True,True,correct
9527,cifar10_test_09527,frog,frog,1.0,True,True,correct
9528,cifar10_test_09528,airplane,airplane,0.9998704195022583,True,True,correct
9529,cifar10_test_09529,truck,truck,0.9999994039535522,True,True,correct
9530,cifar10_test_09530,frog,frog,1.0,True,True,correct
9531,cifar10_test_09531,frog,frog,0.9999998807907104,True,True,correct
9532,cifar10_test_09532,ship,ship,0.9999996423721313,True,True,correct
9533,cifar10_test_09533,airplane,airplane,0.9999996423721313,True,True,correct
9534,cifar10_test_09534,frog,frog,1.0,True,True,correct
9535,cifar10_test_09535,automobile,truck,0.9999955892562866,False,True,false_negative_for_automobile;false_positive_for_truck
9536,cifar10_test_09536,deer,deer,1.0,True,True,correct
9537,cifar10_test_09537,frog,frog,1.0,True,True,correct
9538,cifar10_test_09538,ship,ship,0.9999998807907104,True,True,correct
9539,cifar10_test_09539,airplane,airplane,0.9999994039535522,True,True,correct
9540,cifar10_test_09540,dog,dog,1.0,True,True,correct
9541,cifar10_test_09541,deer,deer,0.9999997615814209,True,True,correct
9542,cifar10_test_09542,automobile,automobile,0.9999995231628418,True,True,correct
9543,cifar10_test_09543,bird,bird,1.0,True,True,correct
9544,cifar10_test_09544,airplane,airplane,0.9999997615814209,True,True,correct
9545,cifar10_test_09545,truck,truck,1.0,True,True,correct
9546,cifar10_test_09546,frog,frog,1.0,True,True,correct
9547,cifar10_test_09547,deer,deer,0.9999998807907104,True,True,correct
9548,cifar10_test_09548,bird,bird,1.0,True,True,correct
9549,cifar10_test_09549,deer,deer,0.9999998807907104,True,True,correct
9550,cifar10_test_09550,frog,frog,1.0,True,True,correct
9551,cifar10_test_09551,dog,dog,0.9925819635391235,True,True,correct
9552,cifar10_test_09552,truck,truck,1.0,True,True,correct
9553,cifar10_test_09553,horse,horse,0.9999992847442627,True,True,correct
9554,cifar10_test_09554,horse,horse,1.0,True,True,correct
9555,cifar10_test_09555,deer,deer,0.9999991655349731,True,True,correct
9556,cifar10_test_09556,frog,frog,1.0,True,True,correct
9557,cifar10_test_09557,dog,dog,0.9999998807907104,True,True,correct
9558,cifar10_test_09558,airplane,airplane,0.9999990463256836,True,True,correct
9559,cifar10_test_09559,automobile,automobile,0.9999983310699463,True,True,correct
9560,cifar10_test_09560,truck,truck,0.9999998807907104,True,True,correct
9561,cifar10_test_09561,airplane,airplane,0.9999996423721313,True,True,correct
9562,cifar10_test_09562,cat,cat,0.9999945163726807,True,True,correct
9563,cifar10_test_09563,automobile,automobile,0.9999996423721313,True,True,correct
9564,cifar10_test_09564,truck,truck,1.0,True,True,correct
9565,cifar10_test_09565,airplane,airplane,0.9999985694885254,True,True,correct
9566,cifar10_test_09566,truck,truck,1.0,True,True,correct
9567,cifar10_test_09567,horse,horse,0.9999998807907104,True,True,correct
9568,cifar10_test_09568,ship,ship,0.9999998807907104,True,True,correct
9569,cifar10_test_09569,frog,frog,0.9999998807907104,True,True,correct
9570,cifar10_test_09570,horse,horse,0.9999997615814209,True,True,correct
9571,cifar10_test_09571,frog,frog,0.9999998807907104,True,True,correct
9572,cifar10_test_09572,ship,ship,0.9999998807907104,True,True,correct
9573,cifar10_test_09573,bird,bird,0.9999991655349731,True,True,correct
9574,cifar10_test_09574,deer,deer,0.9999997615814209,True,True,correct
9575,cifar10_test_09575,dog,dog,0.9999998807907104,True,True,correct
9576,cifar10_test_09576,cat,cat,0.9999289512634277,True,True,correct
9577,cifar10_test_09577,airplane,airplane,0.9999994039535522,True,True,correct
9578,cifar10_test_09578,cat,cat,0.9999996423721313,True,True,correct
9579,cifar10_test_09579,bird,bird,1.0,True,True,correct
9580,cifar10_test_09580,automobile,automobile,1.0,True,True,correct
9581,cifar10_test_09581,horse,horse,1.0,True,True,correct
9582,cifar10_test_09582,dog,dog,0.9999997615814209,True,True,correct
9583,cifar10_test_09583,truck,truck,1.0,True,True,correct
9584,cifar10_test_09584,cat,cat,0.9999991655349731,True,True,correct
9585,cifar10_test_09585,deer,deer,1.0,True,True,correct
9586,cifar10_test_09586,dog,dog,0.9999998807907104,True,True,correct
9587,cifar10_test_09587,horse,horse,0.9998472929000854,True,True,correct
9588,cifar10_test_09588,automobile,automobile,1.0,True,True,correct
9589,cifar10_test_09589,dog,dog,0.9999996423721313,True,True,correct
9590,cifar10_test_09590,airplane,airplane,0.9999980926513672,True,True,correct
9591,cifar10_test_09591,automobile,automobile,1.0,True,True,correct
9592,cifar10_test_09592,automobile,automobile,1.0,True,True,correct
9593,cifar10_test_09593,automobile,automobile,0.998991072177887,True,True,correct
9594,cifar10_test_09594,truck,truck,1.0,True,True,correct
9595,cifar10_test_09595,horse,horse,0.9999998807907104,True,True,correct
9596,cifar10_test_09596,dog,dog,0.9999994039535522,True,True,correct
9597,cifar10_test_09597,deer,deer,0.9999998807907104,True,True,correct
9598,cifar10_test_09598,truck,truck,0.9999994039535522,True,True,correct
9599,cifar10_test_09599,horse,horse,0.9999998807907104,True,True,correct
9600,cifar10_test_09600,ship,ship,0.9999994039535522,True,True,correct
9601,cifar10_test_09601,automobile,automobile,0.9999997615814209,True,True,correct
9602,cifar10_test_09602,airplane,airplane,0.9999997615814209,True,True,correct
9603,cifar10_test_09603,bird,bird,0.9999998807907104,True,True,correct
9604,cifar10_test_09604,ship,ship,0.9999996423721313,True,True,correct
9605,cifar10_test_09605,dog,dog,0.9999995231628418,True,True,correct
9606,cifar10_test_09606,frog,frog,1.0,True,True,correct
9607,cifar10_test_09607,horse,horse,0.9999997615814209,True,True,correct
9608,cifar10_test_09608,airplane,airplane,0.9999994039535522,True,True,correct
9609,cifar10_test_09609,automobile,automobile,0.9999988079071045,True,True,correct
9610,cifar10_test_09610,deer,deer,1.0,True,True,correct
9611,cifar10_test_09611,ship,ship,0.9999998807907104,True,True,correct
9612,cifar10_test_09612,deer,deer,0.9999998807907104,True,True,correct
9613,cifar10_test_09613,deer,deer,1.0,True,True,correct
9614,cifar10_test_09614,frog,frog,1.0,True,True,correct
9615,cifar10_test_09615,frog,frog,1.0,True,True,correct
9616,cifar10_test_09616,dog,dog,1.0,True,True,correct
9617,cifar10_test_09617,ship,ship,0.9999998807907104,True,True,correct
9618,cifar10_test_09618,automobile,automobile,1.0,True,True,correct
9619,cifar10_test_09619,ship,ship,0.9999998807907104,True,True,correct
9620,cifar10_test_09620,deer,deer,0.9999998807907104,True,True,correct
9621,cifar10_test_09621,frog,frog,1.0,True,True,correct
9622,cifar10_test_09622,dog,dog,0.9999986886978149,True,True,correct
9623,cifar10_test_09623,truck,truck,0.9999998807907104,True,True,correct
9624,cifar10_test_09624,bird,bird,0.9999998807907104,True,True,correct
9625,cifar10_test_09625,bird,bird,0.9999994039535522,True,True,correct
9626,cifar10_test_09626,automobile,automobile,0.9999979734420776,True,True,correct
9627,cifar10_test_09627,deer,deer,0.9999998807907104,True,True,correct
9628,cifar10_test_09628,truck,truck,1.0,True,True,correct
9629,cifar10_test_09629,automobile,automobile,0.9999998807907104,True,True,correct
9630,cifar10_test_09630,frog,frog,1.0,True,True,correct
9631,cifar10_test_09631,horse,horse,1.0,True,True,correct
9632,cifar10_test_09632,bird,bird,1.0,True,True,correct
9633,cifar10_test_09633,airplane,airplane,0.9999990463256836,True,True,correct
9634,cifar10_test_09634,automobile,automobile,0.9999996423721313,True,True,correct
9635,cifar10_test_09635,horse,horse,0.9999998807907104,True,True,correct
9636,cifar10_test_09636,frog,frog,1.0,True,True,correct
9637,cifar10_test_09637,dog,dog,0.9999985694885254,True,True,correct
9638,cifar10_test_09638,bird,bird,1.0,True,True,correct
9639,cifar10_test_09639,bird,bird,0.9999998807907104,True,True,correct
9640,cifar10_test_09640,dog,dog,0.9999998807907104,True,True,correct
9641,cifar10_test_09641,frog,frog,0.9999992847442627,True,True,correct
9642,cifar10_test_09642,airplane,airplane,0.9999992847442627,True,True,correct
9643,cifar10_test_09643,truck,ship,0.6760360598564148,False,True,false_negative_for_truck;false_positive_for_ship
9644,cifar10_test_09644,airplane,airplane,0.9999986886978149,True,True,correct
9645,cifar10_test_09645,automobile,automobile,1.0,True,True,correct
9646,cifar10_test_09646,dog,dog,0.9999980926513672,True,True,correct
9647,cifar10_test_09647,cat,cat,0.9999998807907104,True,True,correct
9648,cifar10_test_09648,cat,cat,0.9999955892562866,True,True,correct
9649,cifar10_test_09649,dog,dog,0.9999994039535522,True,True,correct
9650,cifar10_test_09650,ship,ship,0.9999998807907104,True,True,correct
9651,cifar10_test_09651,horse,horse,1.0,True,True,correct
9652,cifar10_test_09652,dog,dog,1.0,True,True,correct
9653,cifar10_test_09653,frog,frog,1.0,True,True,correct
9654,cifar10_test_09654,dog,dog,0.9999995231628418,True,True,correct
9655,cifar10_test_09655,ship,ship,0.9999998807907104,True,True,correct
9656,cifar10_test_09656,airplane,airplane,0.9999984502792358,True,True,correct
9657,cifar10_test_09657,dog,dog,0.9999949932098389,True,True,correct
9658,cifar10_test_09658,truck,truck,1.0,True,True,correct
9659,cifar10_test_09659,deer,deer,0.9999997615814209,True,True,correct
9660,cifar10_test_09660,frog,frog,1.0,True,True,correct
9661,cifar10_test_09661,dog,dog,0.9999998807907104,True,True,correct
9662,cifar10_test_09662,automobile,automobile,1.0,True,True,correct
9663,cifar10_test_09663,automobile,automobile,1.0,True,True,correct
9664,cifar10_test_09664,airplane,airplane,0.9999986886978149,True,True,correct
9665,cifar10_test_09665,cat,cat,0.9999979734420776,True,True,correct
9666,cifar10_test_09666,cat,cat,0.9999873638153076,True,True,correct
9667,cifar10_test_09667,truck,truck,0.9999997615814209,True,True,correct
9668,cifar10_test_09668,deer,deer,1.0,True,True,correct
9669,cifar10_test_09669,ship,ship,0.9999995231628418,True,True,correct
9670,cifar10_test_09670,automobile,automobile,1.0,True,True,correct
9671,cifar10_test_09671,horse,horse,0.9999998807907104,True,True,correct
9672,cifar10_test_09672,horse,horse,1.0,True,True,correct
9673,cifar10_test_09673,truck,truck,0.9999997615814209,True,True,correct
9674,cifar10_test_09674,truck,truck,1.0,True,True,correct
9675,cifar10_test_09675,deer,deer,0.9990467429161072,True,True,correct
9676,cifar10_test_09676,cat,cat,0.9999995231628418,True,True,correct
9677,cifar10_test_09677,frog,frog,1.0,True,True,correct
9678,cifar10_test_09678,cat,cat,0.9999958276748657,True,True,correct
9679,cifar10_test_09679,bird,bird,1.0,True,True,correct
9680,cifar10_test_09680,ship,ship,0.9999979734420776,True,True,correct
9681,cifar10_test_09681,bird,bird,0.9999986886978149,True,True,correct
9682,cifar10_test_09682,horse,horse,0.9999998807907104,True,True,correct
9683,cifar10_test_09683,frog,frog,0.9999996423721313,True,True,correct
9684,cifar10_test_09684,horse,horse,0.9999997615814209,True,True,correct
9685,cifar10_test_09685,airplane,airplane,0.9999986886978149,True,True,correct
9686,cifar10_test_09686,bird,bird,0.9999996423721313,True,True,correct
9687,cifar10_test_09687,automobile,automobile,1.0,True,True,correct
9688,cifar10_test_09688,bird,bird,1.0,True,True,correct
9689,cifar10_test_09689,truck,truck,0.9983212351799011,True,True,correct
9690,cifar10_test_09690,deer,deer,0.9999997615814209,True,True,correct
9691,cifar10_test_09691,frog,frog,1.0,True,True,correct
9692,cifar10_test_09692,truck,truck,0.9999994039535522,True,True,correct
9693,cifar10_test_09693,frog,frog,1.0,True,True,correct
9694,cifar10_test_09694,automobile,automobile,0.9999995231628418,True,True,correct
9695,cifar10_test_09695,airplane,airplane,0.9999992847442627,True,True,correct
9696,cifar10_test_09696,automobile,automobile,1.0,True,True,correct
9697,cifar10_test_09697,ship,ship,0.9999995231628418,True,True,correct
9698,cifar10_test_09698,horse,horse,0.9999998807907104,True,True,correct
9699,cifar10_test_09699,airplane,airplane,0.9999995231628418,True,True,correct
9700,cifar10_test_09700,airplane,airplane,0.9999992847442627,True,True,correct
9701,cifar10_test_09701,deer,deer,1.0,True,True,correct
9702,cifar10_test_09702,horse,horse,0.9999998807907104,True,True,correct
9703,cifar10_test_09703,deer,deer,1.0,True,True,correct
9704,cifar10_test_09704,bird,frog,0.5208773612976074,False,True,false_negative_for_bird;false_positive_for_frog
9705,cifar10_test_09705,frog,frog,1.0,True,True,correct
9706,cifar10_test_09706,truck,truck,1.0,True,True,correct
9707,cifar10_test_09707,dog,dog,0.9999991655349731,True,True,correct
9708,cifar10_test_09708,truck,truck,1.0,True,True,correct
9709,cifar10_test_09709,airplane,airplane,0.9999988079071045,True,True,correct
9710,cifar10_test_09710,horse,horse,0.9999997615814209,True,True,correct
9711,cifar10_test_09711,deer,deer,0.9999998807907104,True,True,correct
9712,cifar10_test_09712,dog,dog,0.9999997615814209,True,True,correct
9713,cifar10_test_09713,ship,ship,0.9999998807907104,True,True,correct
9714,cifar10_test_09714,automobile,automobile,1.0,True,True,correct
9715,cifar10_test_09715,deer,deer,1.0,True,True,correct
9716,cifar10_test_09716,horse,horse,0.9999997615814209,True,True,correct
9717,cifar10_test_09717,truck,truck,0.9999998807907104,True,True,correct
9718,cifar10_test_09718,truck,truck,0.9999995231628418,True,True,correct
9719,cifar10_test_09719,ship,ship,0.9999997615814209,True,True,correct
9720,cifar10_test_09720,ship,ship,0.9999986886978149,True,True,correct
9721,cifar10_test_09721,frog,frog,1.0,True,True,correct
9722,cifar10_test_09722,cat,cat,0.9999997615814209,True,True,correct
9723,cifar10_test_09723,horse,horse,0.9999997615814209,True,True,correct
9724,cifar10_test_09724,airplane,airplane,0.9999996423721313,True,True,correct
9725,cifar10_test_09725,ship,ship,0.9999998807907104,True,True,correct
9726,cifar10_test_09726,truck,truck,0.9999998807907104,True,True,correct
9727,cifar10_test_09727,frog,frog,1.0,True,True,correct
9728,cifar10_test_09728,bird,bird,0.9999988079071045,True,True,correct
9729,cifar10_test_09729,deer,deer,0.9999996423721313,True,True,correct
9730,cifar10_test_09730,frog,frog,0.9999998807907104,True,True,correct
9731,cifar10_test_09731,bird,bird,1.0,True,True,correct
9732,cifar10_test_09732,truck,truck,0.9999979734420776,True,True,correct
9733,cifar10_test_09733,horse,horse,1.0,True,True,correct
9734,cifar10_test_09734,deer,deer,0.9999997615814209,True,True,correct
9735,cifar10_test_09735,frog,frog,1.0,True,True,correct
9736,cifar10_test_09736,ship,ship,0.9999998807907104,True,True,correct
9737,cifar10_test_09737,dog,dog,0.9999998807907104,True,True,correct
9738,cifar10_test_09738,frog,frog,1.0,True,True,correct
9739,cifar10_test_09739,automobile,automobile,0.9999998807907104,True,True,correct
9740,cifar10_test_09740,cat,cat,0.9999998807907104,True,True,correct
9741,cifar10_test_09741,dog,dog,0.9999996423721313,True,True,correct
9742,cifar10_test_09742,truck,truck,0.9999998807907104,True,True,correct
9743,cifar10_test_09743,truck,truck,0.9999988079071045,True,True,correct
9744,cifar10_test_09744,automobile,automobile,0.9999995231628418,True,True,correct
9745,cifar10_test_09745,cat,cat,0.9999998807907104,True,True,correct
9746,cifar10_test_09746,bird,bird,1.0,True,True,correct
9747,cifar10_test_09747,airplane,airplane,0.9999996423721313,True,True,correct
9748,cifar10_test_09748,cat,cat,0.9999997615814209,True,True,correct
9749,cifar10_test_09749,airplane,airplane,0.9999988079071045,True,True,correct
9750,cifar10_test_09750,bird,bird,1.0,True,True,correct
9751,cifar10_test_09751,airplane,airplane,0.9999995231628418,True,True,correct
9752,cifar10_test_09752,horse,horse,0.9999998807907104,True,True,correct
9753,cifar10_test_09753,cat,cat,0.9999014139175415,True,True,correct
9754,cifar10_test_09754,truck,truck,1.0,True,True,correct
9755,cifar10_test_09755,cat,cat,0.9999997615814209,True,True,correct
9756,cifar10_test_09756,dog,dog,0.9999998807907104,True,True,correct
9757,cifar10_test_09757,horse,horse,0.9999996423721313,True,True,correct
9758,cifar10_test_09758,frog,frog,1.0,True,True,correct
9759,cifar10_test_09759,dog,dog,0.9999998807907104,True,True,correct
9760,cifar10_test_09760,truck,truck,1.0,True,True,correct
9761,cifar10_test_09761,dog,dog,0.9999998807907104,True,True,correct
9762,cifar10_test_09762,frog,frog,1.0,True,True,correct
9763,cifar10_test_09763,automobile,automobile,0.9999943971633911,True,True,correct
9764,cifar10_test_09764,bird,bird,1.0,True,True,correct
9765,cifar10_test_09765,deer,deer,0.9999998807907104,True,True,correct
9766,cifar10_test_09766,airplane,airplane,0.999998927116394,True,True,correct
9767,cifar10_test_09767,bird,bird,0.9999998807907104,True,True,correct
9768,cifar10_test_09768,horse,horse,1.0,True,True,correct
9769,cifar10_test_09769,ship,ship,0.9999998807907104,True,True,correct
9770,cifar10_test_09770,deer,deer,0.9999996423721313,True,True,correct
9771,cifar10_test_09771,deer,deer,0.9999997615814209,True,True,correct
9772,cifar10_test_09772,airplane,airplane,0.9999967813491821,True,True,correct
9773,cifar10_test_09773,truck,truck,0.9999997615814209,True,True,correct
9774,cifar10_test_09774,dog,dog,0.9999996423721313,True,True,correct
9775,cifar10_test_09775,truck,truck,0.9999998807907104,True,True,correct
9776,cifar10_test_09776,bird,bird,0.9956455826759338,True,True,correct
9777,cifar10_test_09777,truck,truck,1.0,True,True,correct
9778,cifar10_test_09778,cat,cat,0.9999996423721313,True,True,correct
9779,cifar10_test_09779,bird,bird,1.0,True,True,correct
9780,cifar10_test_09780,deer,deer,0.9999998807907104,True,True,correct
9781,cifar10_test_09781,cat,cat,0.9999997615814209,True,True,correct
9782,cifar10_test_09782,bird,bird,1.0,True,True,correct
9783,cifar10_test_09783,bird,bird,1.0,True,True,correct
9784,cifar10_test_09784,ship,ship,0.9999998807907104,True,True,correct
9785,cifar10_test_09785,ship,ship,0.9999994039535522,True,True,correct
9786,cifar10_test_09786,frog,frog,1.0,True,True,correct
9787,cifar10_test_09787,ship,ship,0.9999955892562866,True,True,correct
9788,cifar10_test_09788,automobile,automobile,1.0,True,True,correct
9789,cifar10_test_09789,frog,frog,1.0,True,True,correct
9790,cifar10_test_09790,ship,ship,1.0,True,True,correct
9791,cifar10_test_09791,truck,truck,0.9999984502792358,True,True,correct
9792,cifar10_test_09792,ship,ship,0.9999991655349731,True,True,correct
9793,cifar10_test_09793,bird,bird,0.7950108647346497,True,True,correct
9794,cifar10_test_09794,automobile,automobile,0.9999971389770508,True,True,correct
9795,cifar10_test_09795,deer,deer,0.9999986886978149,True,True,correct
9796,cifar10_test_09796,truck,truck,1.0,True,True,correct
9797,cifar10_test_09797,automobile,automobile,1.0,True,True,correct
9798,cifar10_test_09798,dog,dog,0.9999998807907104,True,True,correct
9799,cifar10_test_09799,horse,horse,1.0,True,True,correct
9800,cifar10_test_09800,automobile,automobile,1.0,True,True,correct
9801,cifar10_test_09801,frog,frog,0.9999996423721313,True,True,correct
9802,cifar10_test_09802,airplane,airplane,0.9999996423721313,True,True,correct
9803,cifar10_test_09803,automobile,automobile,1.0,True,True,correct
9804,cifar10_test_09804,dog,dog,0.9999998807907104,True,True,correct
9805,cifar10_test_09805,bird,bird,1.0,True,True,correct
9806,cifar10_test_09806,ship,ship,0.9999998807907104,True,True,correct
9807,cifar10_test_09807,automobile,automobile,1.0,True,True,correct
9808,cifar10_test_09808,automobile,automobile,0.9999996423721313,True,True,correct
9809,cifar10_test_09809,cat,cat,0.9999966621398926,True,True,correct
9810,cifar10_test_09810,ship,ship,0.9999998807907104,True,True,correct
9811,cifar10_test_09811,automobile,automobile,1.0,True,True,correct
9812,cifar10_test_09812,cat,dog,0.9609969854354858,False,True,false_negative_for_cat;false_positive_for_dog
9813,cifar10_test_09813,automobile,automobile,1.0,True,True,correct
9814,cifar10_test_09814,ship,ship,0.9999998807907104,True,True,correct
9815,cifar10_test_09815,dog,dog,0.9999994039535522,True,True,correct
9816,cifar10_test_09816,automobile,automobile,1.0,True,True,correct
9817,cifar10_test_09817,truck,truck,0.9999979734420776,True,True,correct
9818,cifar10_test_09818,airplane,airplane,0.9999994039535522,True,True,correct
9819,cifar10_test_09819,cat,dog,0.999785840511322,False,True,false_negative_for_cat;false_positive_for_dog
9820,cifar10_test_09820,airplane,airplane,0.9999996423721313,True,True,correct
9821,cifar10_test_09821,deer,deer,0.9999998807907104,True,True,correct
9822,cifar10_test_09822,airplane,airplane,0.9999988079071045,True,True,correct
9823,cifar10_test_09823,dog,dog,0.9999998807907104,True,True,correct
9824,cifar10_test_09824,automobile,automobile,0.9999905824661255,True,True,correct
9825,cifar10_test_09825,bird,bird,0.9999990463256836,True,True,correct
9826,cifar10_test_09826,airplane,airplane,0.9999994039535522,True,True,correct
9827,cifar10_test_09827,deer,deer,0.9999997615814209,True,True,correct
9828,cifar10_test_09828,truck,truck,1.0,True,True,correct
9829,cifar10_test_09829,dog,dog,0.9999996423721313,True,True,correct
9830,cifar10_test_09830,automobile,automobile,1.0,True,True,correct
9831,cifar10_test_09831,bird,bird,1.0,True,True,correct
9832,cifar10_test_09832,bird,bird,0.9999997615814209,True,True,correct
9833,cifar10_test_09833,horse,horse,0.9999998807907104,True,True,correct
9834,cifar10_test_09834,ship,ship,1.0,True,True,correct
9835,cifar10_test_09835,horse,horse,0.9999998807907104,True,True,correct
9836,cifar10_test_09836,bird,bird,1.0,True,True,correct
9837,cifar10_test_09837,deer,deer,0.9999997615814209,True,True,correct
9838,cifar10_test_09838,dog,dog,1.0,True,True,correct
9839,cifar10_test_09839,cat,cat,0.9999994039535522,True,True,correct
9840,cifar10_test_09840,deer,deer,0.9999690055847168,True,True,correct
9841,cifar10_test_09841,airplane,airplane,0.9999992847442627,True,True,correct
9842,cifar10_test_09842,frog,frog,0.9999886751174927,True,True,correct
9843,cifar10_test_09843,automobile,automobile,1.0,True,True,correct
9844,cifar10_test_09844,dog,dog,0.9999997615814209,True,True,correct
9845,cifar10_test_09845,truck,truck,1.0,True,True,correct
9846,cifar10_test_09846,ship,ship,0.9999991655349731,True,True,correct
9847,cifar10_test_09847,airplane,airplane,0.9999998807907104,True,True,correct
9848,cifar10_test_09848,bird,bird,1.0,True,True,correct
9849,cifar10_test_09849,airplane,airplane,0.9999988079071045,True,True,correct
9850,cifar10_test_09850,horse,horse,0.9999985694885254,True,True,correct
9851,cifar10_test_09851,frog,frog,1.0,True,True,correct
9852,cifar10_test_09852,airplane,airplane,0.9999995231628418,True,True,correct
9853,cifar10_test_09853,dog,bird,0.9990585446357727,False,True,false_negative_for_dog;false_positive_for_bird
9854,cifar10_test_09854,truck,truck,0.9999998807907104,True,True,correct
9855,cifar10_test_09855,horse,horse,1.0,True,True,correct
9856,cifar10_test_09856,dog,dog,0.9999998807907104,True,True,correct
9857,cifar10_test_09857,airplane,airplane,0.9999990463256836,True,True,correct
9858,cifar10_test_09858,deer,deer,0.9999994039535522,True,True,correct
9859,cifar10_test_09859,frog,frog,1.0,True,True,correct
9860,cifar10_test_09860,airplane,airplane,0.9999995231628418,True,True,correct
9861,cifar10_test_09861,frog,frog,1.0,True,True,correct
9862,cifar10_test_09862,cat,cat,0.999990701675415,True,True,correct
9863,cifar10_test_09863,frog,frog,1.0,True,True,correct
9864,cifar10_test_09864,ship,ship,0.9999951124191284,True,True,correct
9865,cifar10_test_09865,automobile,automobile,1.0,True,True,correct
9866,cifar10_test_09866,automobile,automobile,0.9999994039535522,True,True,correct
9867,cifar10_test_09867,ship,ship,0.999991774559021,True,True,correct
9868,cifar10_test_09868,truck,truck,1.0,True,True,correct
9869,cifar10_test_09869,horse,horse,0.9999997615814209,True,True,correct
9870,cifar10_test_09870,bird,bird,1.0,True,True,correct
9871,cifar10_test_09871,truck,truck,1.0,True,True,correct
9872,cifar10_test_09872,airplane,airplane,0.9999997615814209,True,True,correct
9873,cifar10_test_09873,bird,bird,1.0,True,True,correct
9874,cifar10_test_09874,bird,bird,0.9999998807907104,True,True,correct
9875,cifar10_test_09875,truck,truck,1.0,True,True,correct
9876,cifar10_test_09876,airplane,airplane,0.9999991655349731,True,True,correct
9877,cifar10_test_09877,frog,frog,0.9999997615814209,True,True,correct
9878,cifar10_test_09878,dog,dog,0.9999864101409912,True,True,correct
9879,cifar10_test_09879,horse,horse,0.9999998807907104,True,True,correct
9880,cifar10_test_09880,horse,horse,0.9999995231628418,True,True,correct
9881,cifar10_test_09881,truck,truck,0.9999998807907104,True,True,correct
9882,cifar10_test_09882,automobile,automobile,1.0,True,True,correct
9883,cifar10_test_09883,horse,horse,1.0,True,True,correct
9884,cifar10_test_09884,truck,truck,0.9999934434890747,True,True,correct
9885,cifar10_test_09885,ship,ship,0.9999997615814209,True,True,correct
9886,cifar10_test_09886,deer,deer,0.9999998807907104,True,True,correct
9887,cifar10_test_09887,dog,dog,0.9999996423721313,True,True,correct
9888,cifar10_test_09888,airplane,airplane,0.9999996423721313,True,True,correct
9889,cifar10_test_09889,ship,ship,0.9999998807907104,True,True,correct
9890,cifar10_test_09890,airplane,airplane,0.9999995231628418,True,True,correct
9891,cifar10_test_09891,bird,bird,1.0,True,True,correct
9892,cifar10_test_09892,dog,dog,1.0,True,True,correct
9893,cifar10_test_09893,bird,bird,1.0,True,True,correct
9894,cifar10_test_09894,automobile,automobile,0.9999998807907104,True,True,correct
9895,cifar10_test_09895,deer,deer,0.9999997615814209,True,True,correct
9896,cifar10_test_09896,deer,deer,0.9999997615814209,True,True,correct
9897,cifar10_test_09897,ship,ship,0.9999997615814209,True,True,correct
9898,cifar10_test_09898,truck,truck,1.0,True,True,correct
9899,cifar10_test_09899,horse,horse,0.9999998807907104,True,True,correct
9900,cifar10_test_09900,ship,ship,0.9999997615814209,True,True,correct
9901,cifar10_test_09901,cat,cat,0.9999994039535522,True,True,correct
9902,cifar10_test_09902,frog,frog,0.9999998807907104,True,True,correct
9903,cifar10_test_09903,frog,frog,1.0,True,True,correct
9904,cifar10_test_09904,airplane,airplane,0.9999997615814209,True,True,correct
9905,cifar10_test_09905,automobile,automobile,1.0,True,True,correct
9906,cifar10_test_09906,automobile,automobile,1.0,True,True,correct
9907,cifar10_test_09907,automobile,automobile,1.0,True,True,correct
9908,cifar10_test_09908,ship,ship,0.9999998807907104,True,True,correct
9909,cifar10_test_09909,automobile,automobile,1.0,True,True,correct
9910,cifar10_test_09910,deer,deer,0.9999972581863403,True,True,correct
9911,cifar10_test_09911,deer,deer,0.9999997615814209,True,True,correct
9912,cifar10_test_09912,airplane,airplane,0.9999997615814209,True,True,correct
9913,cifar10_test_09913,horse,horse,0.9999998807907104,True,True,correct
9914,cifar10_test_09914,ship,ship,0.9999998807907104,True,True,correct
9915,cifar10_test_09915,bird,bird,0.9999997615814209,True,True,correct
9916,cifar10_test_09916,automobile,automobile,1.0,True,True,correct
9917,cifar10_test_09917,bird,bird,1.0,True,True,correct
9918,cifar10_test_09918,dog,dog,0.9999998807907104,True,True,correct
9919,cifar10_test_09919,deer,deer,0.9999996423721313,True,True,correct
9920,cifar10_test_09920,frog,frog,1.0,True,True,correct
9921,cifar10_test_09921,airplane,airplane,0.9999997615814209,True,True,correct
9922,cifar10_test_09922,dog,dog,1.0,True,True,correct
9923,cifar10_test_09923,horse,horse,1.0,True,True,correct
9924,cifar10_test_09924,deer,deer,0.9999996423721313,True,True,correct
9925,cifar10_test_09925,deer,deer,0.9999995231628418,True,True,correct
9926,cifar10_test_09926,cat,cat,0.9999961853027344,True,True,correct
9927,cifar10_test_09927,truck,truck,1.0,True,True,correct
9928,cifar10_test_09928,dog,dog,0.9999988079071045,True,True,correct
9929,cifar10_test_09929,ship,ship,0.9999988079071045,True,True,correct
9930,cifar10_test_09930,ship,ship,0.9999994039535522,True,True,correct
9931,cifar10_test_09931,airplane,airplane,0.9999992847442627,True,True,correct
9932,cifar10_test_09932,ship,ship,0.9999994039535522,True,True,correct
9933,cifar10_test_09933,horse,horse,0.9999998807907104,True,True,correct
9934,cifar10_test_09934,deer,deer,0.9999998807907104,True,True,correct
9935,cifar10_test_09935,automobile,automobile,1.0,True,True,correct
9936,cifar10_test_09936,ship,ship,0.9999997615814209,True,True,correct
9937,cifar10_test_09937,deer,deer,0.9999996423721313,True,True,correct
9938,cifar10_test_09938,truck,truck,0.9999998807907104,True,True,correct
9939,cifar10_test_09939,dog,dog,0.9999998807907104,True,True,correct
9940,cifar10_test_09940,deer,deer,1.0,True,True,correct
9941,cifar10_test_09941,automobile,automobile,1.0,True,True,correct
9942,cifar10_test_09942,horse,horse,0.9999998807907104,True,True,correct
9943,cifar10_test_09943,horse,horse,0.9999996423721313,True,True,correct
9944,cifar10_test_09944,horse,horse,0.9999998807907104,True,True,correct
9945,cifar10_test_09945,horse,horse,0.9999998807907104,True,True,correct
9946,cifar10_test_09946,airplane,airplane,0.9999992847442627,True,True,correct
9947,cifar10_test_09947,cat,cat,1.0,True,True,correct
9948,cifar10_test_09948,ship,ship,0.9999997615814209,True,True,correct
9949,cifar10_test_09949,cat,cat,0.999613344669342,True,True,correct
9950,cifar10_test_09950,cat,cat,0.9999997615814209,True,True,correct
9951,cifar10_test_09951,airplane,airplane,0.9999994039535522,True,True,correct
9952,cifar10_test_09952,dog,dog,1.0,True,True,correct
9953,cifar10_test_09953,horse,horse,0.9999994039535522,True,True,correct
9954,cifar10_test_09954,airplane,airplane,0.9999992847442627,True,True,correct
9955,cifar10_test_09955,ship,ship,1.0,True,True,correct
9956,cifar10_test_09956,airplane,airplane,0.9999992847442627,True,True,correct
9957,cifar10_test_09957,airplane,airplane,0.9999986886978149,True,True,correct
9958,cifar10_test_09958,truck,truck,0.9999997615814209,True,True,correct
9959,cifar10_test_09959,bird,bird,0.9999991655349731,True,True,correct
9960,cifar10_test_09960,bird,bird,0.9999997615814209,True,True,correct
9961,cifar10_test_09961,cat,cat,0.9999994039535522,True,True,correct
9962,cifar10_test_09962,deer,deer,0.9999997615814209,True,True,correct
9963,cifar10_test_09963,ship,ship,0.9999997615814209,True,True,correct
9964,cifar10_test_09964,bird,bird,0.9999998807907104,True,True,correct
9965,cifar10_test_09965,bird,bird,1.0,True,True,correct
9966,cifar10_test_09966,frog,frog,1.0,True,True,correct
9967,cifar10_test_09967,cat,cat,0.9999967813491821,True,True,correct
9968,cifar10_test_09968,cat,cat,0.99998939037323,True,True,correct
9969,cifar10_test_09969,frog,frog,1.0,True,True,correct
9970,cifar10_test_09970,bird,bird,1.0,True,True,correct
9971,cifar10_test_09971,truck,truck,1.0,True,True,correct
9972,cifar10_test_09972,deer,deer,0.9999997615814209,True,True,correct
9973,cifar10_test_09973,airplane,airplane,0.9999994039535522,True,True,correct
9974,cifar10_test_09974,automobile,automobile,0.9999998807907104,True,True,correct
9975,cifar10_test_09975,horse,horse,0.9999998807907104,True,True,correct
9976,cifar10_test_09976,dog,dog,0.9999998807907104,True,True,correct
9977,cifar10_test_09977,dog,dog,0.9999997615814209,True,True,correct
9978,cifar10_test_09978,horse,horse,1.0,True,True,correct
9979,cifar10_test_09979,cat,cat,0.9999997615814209,True,True,correct
9980,cifar10_test_09980,airplane,airplane,0.9999994039535522,True,True,correct
9981,cifar10_test_09981,deer,deer,0.9999997615814209,True,True,correct
9982,cifar10_test_09982,bird,bird,0.9999996423721313,True,True,correct
9983,cifar10_test_09983,airplane,airplane,0.9999994039535522,True,True,correct
9984,cifar10_test_09984,horse,horse,1.0,True,True,correct
9985,cifar10_test_09985,dog,dog,0.9999996423721313,True,True,correct
9986,cifar10_test_09986,ship,ship,0.9999997615814209,True,True,correct
9987,cifar10_test_09987,airplane,airplane,0.9999991655349731,True,True,correct
9988,cifar10_test_09988,ship,ship,0.9999997615814209,True,True,correct
9989,cifar10_test_09989,bird,bird,0.9999994039535522,True,True,correct
9990,cifar10_test_09990,horse,horse,0.9999998807907104,True,True,correct
9991,cifar10_test_09991,airplane,airplane,0.9999998807907104,True,True,correct
9992,cifar10_test_09992,cat,cat,0.9999994039535522,True,True,correct
9993,cifar10_test_09993,dog,dog,0.9999278783798218,True,True,correct
9994,cifar10_test_09994,cat,cat,0.9999998807907104,True,True,correct
9995,cifar10_test_09995,ship,ship,0.9999998807907104,True,True,correct
9996,cifar10_test_09996,cat,cat,0.9999986886978149,True,True,correct
9997,cifar10_test_09997,dog,dog,0.9999995231628418,True,True,correct
9998,cifar10_test_09998,automobile,automobile,1.0,True,True,correct
9999,cifar10_test_09999,horse,horse,0.9999998807907104,True,True,correct
