test_index,image_id,source_path,source_record_index,true_class,vit_scratch_predicted_class,vit_scratch_confidence,vit_scratch_correct,vit_scratch_failure_image,mamba_scratch_predicted_class,mamba_scratch_confidence,mamba_scratch_correct,mamba_scratch_failure_image,vit_pretrained_finetuned_predicted_class,vit_pretrained_finetuned_confidence,vit_pretrained_finetuned_correct,vit_pretrained_finetuned_failure_image,mamba_kd_from_scratch_vit_predicted_class,mamba_kd_from_scratch_vit_confidence,mamba_kd_from_scratch_vit_correct,mamba_kd_from_scratch_vit_failure_image,mamba_kd_from_pretrained_vit_predicted_class,mamba_kd_from_pretrained_vit_confidence,mamba_kd_from_pretrained_vit_correct,mamba_kd_from_pretrained_vit_failure_image,failure_count,failed_models,failed_three_or_more,failed_all_models,scratch_pair_teacher_failed_student_passed,scratch_pair_student_failed_teacher_passed,pretrained_pair_teacher_failed_student_passed,pretrained_pair_student_failed_teacher_passed
35,cifar10_test_00035,/home/tariq/Desktop/Awais-Tariq/base-KD/data/cifar-10-batches-py/test_batch,35,bird,cat,0.5365921854972839,False,/home/tariq/Desktop/Awais-Tariq/base-KD/reports/cifar10_full_audit/vit_scratch/failure_images/00035_true-bird_pred-cat.png,automobile,0.6133114695549011,False,/home/tariq/Desktop/Awais-Tariq/base-KD/reports/cifar10_full_audit/mamba_scratch/failure_images/00035_true-bird_pred-automobile.png,bird,1.0,True,,automobile,0.7273434996604919,False,/home/tariq/Desktop/Awais-Tariq/base-KD/reports/cifar10_full_audit/mamba_kd_from_scratch_vit/failure_images/00035_true-bird_pred-automobile.png,cat,0.7804816961288452,False,/home/tariq/Desktop/Awais-Tariq/base-KD/reports/cifar10_full_audit/mamba_kd_from_pretrained_vit/failure_images/00035_true-bird_pred-cat.png,4,vit_scratch;mamba_scratch;mamba_kd_from_scratch_vit;mamba_kd_from_pretrained_vit,True,False,False,False,False,True
36,cifar10_test_00036,/home/tariq/Desktop/Awais-Tariq/base-KD/data/cifar-10-batches-py/test_batch,36,deer,horse,0.9559328556060791,False,/home/tariq/Desktop/Awais-Tariq/base-KD/reports/cifar10_full_audit/vit_scratch/failure_images/00036_true-deer_pred-horse.png,deer,0.9937392473220825,True,,deer,0.9999992847442627,True,,horse,0.9308708906173706,False,/home/tariq/Desktop/Awais-Tariq/base-KD/reports/cifar10_full_audit/mamba_kd_from_scratch_vit/failure_images/00036_true-deer_pred-horse.png,horse,0.8876046538352966,False,/home/tariq/Desktop/Awais-Tariq/base-KD/reports/cifar10_full_audit/mamba_kd_from_pretrained_vit/failure_images/00036_true-deer_pred-horse.png,3,vit_scratch;mamba_kd_from_scratch_vit;mamba_kd_from_pretrained_vit,True,False,False,False,False,True
37,cifar10_test_00037,/home/tariq/Desktop/Awais-Tariq/base-KD/data/cifar-10-batches-py/test_batch,37,automobile,automobile,0.9999390840530396,True,,truck,0.5578537583351135,False,/home/tariq/Desktop/Awais-Tariq/base-KD/reports/cifar10_full_audit/mamba_scratch/failure_images/00037_true-automobile_pred-truck.png,truck,0.9971389770507812,False,/home/tariq/Desktop/Awais-Tariq/base-KD/reports/cifar10_full_audit/vit_pretrained_finetuned/failure_images/00037_true-automobile_pred-truck.png,automobile,0.999298095703125,True,,truck,0.8835192322731018,False,/home/tariq/Desktop/Awais-Tariq/base-KD/reports/cifar10_full_audit/mamba_kd_from_pretrained_vit/failure_images/00037_true-automobile_pred-truck.png,3,mamba_scratch;vit_pretrained_finetuned;mamba_kd_from_pretrained_vit,True,False,False,False,False,False
52,cifar10_test_00052,/home/tariq/Desktop/Awais-Tariq/base-KD/data/cifar-10-batches-py/test_batch,52,airplane,frog,0.6783310174942017,False,/home/tariq/Desktop/Awais-Tariq/base-KD/reports/cifar10_full_audit/vit_scratch/failure_images/00052_true-airplane_pred-frog.png,horse,0.9483225345611572,False,/home/tariq/Desktop/Awais-Tariq/base-KD/reports/cifar10_full_audit/mamba_scratch/failure_images/00052_true-airplane_pred-horse.png,airplane,1.0,True,,dog,0.9307965040206909,False,/home/tariq/Desktop/Awais-Tariq/base-KD/reports/cifar10_full_audit/mamba_kd_from_scratch_vit/failure_images/00052_true-airplane_pred-dog.png,horse,0.4708155393600464,False,/home/tariq/Desktop/Awais-Tariq/base-KD/reports/cifar10_full_audit/mamba_kd_from_pretrained_vit/failure_images/00052_true-airplane_pred-horse.png,4,vit_scratch;mamba_scratch;mamba_kd_from_scratch_vit;mamba_kd_from_pretrained_vit,True,False,False,False,False,True
57,cifar10_test_00057,/home/tariq/Desktop/Awais-Tariq/base-KD/data/cifar-10-batches-py/test_batch,57,horse,cat,0.8625379204750061,False,/home/tariq/Desktop/Awais-Tariq/base-KD/reports/cifar10_full_audit/vit_scratch/failure_images/00057_true-horse_pred-cat.png,dog,0.7902746200561523,False,/home/tariq/Desktop/Awais-Tariq/base-KD/reports/cifar10_full_audit/mamba_scratch/failure_images/00057_true-horse_pred-dog.png,horse,0.9999995231628418,True,,dog,0.7726250290870667,False,/home/tariq/Desktop/Awais-Tariq/base-KD/reports/cifar10_full_audit/mamba_kd_from_scratch_vit/failure_images/00057_true-horse_pred-dog.png,dog,0.9998277425765991,False,/home/tariq/Desktop/Awais-Tariq/base-KD/reports/cifar10_full_audit/mamba_kd_from_pretrained_vit/failure_images/00057_true-horse_pred-dog.png,4,vit_scratch;mamba_scratch;mamba_kd_from_scratch_vit;mamba_kd_from_pretrained_vit,True,False,False,False,False,True
58,cifar10_test_00058,/home/tariq/Desktop/Awais-Tariq/base-KD/data/cifar-10-batches-py/test_batch,58,deer,frog,0.9834270477294922,False,/home/tariq/Desktop/Awais-Tariq/base-KD/reports/cifar10_full_audit/vit_scratch/failure_images/00058_true-deer_pred-frog.png,cat,0.740386962890625,False,/home/tariq/Desktop/Awais-Tariq/base-KD/reports/cifar10_full_audit/mamba_scratch/failure_images/00058_true-deer_pred-cat.png,deer,0.9999960660934448,True,,cat,0.8784341812133789,False,/home/tariq/Desktop/Awais-Tariq/base-KD/reports/cifar10_full_audit/mamba_kd_from_scratch_vit/failure_images/00058_true-deer_pred-cat.png,cat,0.9989436268806458,False,/home/tariq/Desktop/Awais-Tariq/base-KD/reports/cifar10_full_audit/mamba_kd_from_pretrained_vit/failure_images/00058_true-deer_pred-cat.png,4,vit_scratch;mamba_scratch;mamba_kd_from_scratch_vit;mamba_kd_from_pretrained_vit,True,False,False,False,False,True
59,cifar10_test_00059,/home/tariq/Desktop/Awais-Tariq/base-KD/data/cifar-10-batches-py/test_batch,59,frog,dog,0.5030473470687866,False,/home/tariq/Desktop/Awais-Tariq/base-KD/reports/cifar10_full_audit/vit_scratch/failure_images/00059_true-frog_pred-dog.png,frog,0.9952396154403687,True,,cat,0.9918588995933533,False,/home/tariq/Desktop/Awais-Tariq/base-KD/reports/cifar10_full_audit/vit_pretrained_finetuned/failure_images/00059_true-frog_pred-cat.png,frog,0.672905683517456,True,,bird,0.999860405921936,False,/home/tariq/Desktop/Awais-Tariq/base-KD/reports/cifar10_full_audit/mamba_kd_from_pretrained_vit/failure_images/00059_true-frog_pred-bird.png,3,vit_scratch;vit_pretrained_finetuned;mamba_kd_from_pretrained_vit,True,False,True,False,False,False
61,cifar10_test_00061,/home/tariq/Desktop/Awais-Tariq/base-KD/data/cifar-10-batches-py/test_batch,61,cat,cat,0.6481651067733765,True,,dog,0.9999991655349731,False,/home/tariq/Desktop/Awais-Tariq/base-KD/reports/cifar10_full_audit/mamba_scratch/failure_images/00061_true-cat_pred-dog.png,dog,0.9952287673950195,False,/home/tariq/Desktop/Awais-Tariq/base-KD/reports/cifar10_full_audit/vit_pretrained_finetuned/failure_images/00061_true-cat_pred-dog.png,dog,0.9034970998764038,False,/home/tariq/Desktop/Awais-Tariq/base-KD/reports/cifar10_full_audit/mamba_kd_from_scratch_vit/failure_images/00061_true-cat_pred-dog.png,dog,0.9999992847442627,False,/home/tariq/Desktop/Awais-Tariq/base-KD/reports/cifar10_full_audit/mamba_kd_from_pretrained_vit/failure_images/00061_true-cat_pred-dog.png,4,mamba_scratch;vit_pretrained_finetuned;mamba_kd_from_scratch_vit;mamba_kd_from_pretrained_vit,True,False,False,True,False,False
68,cifar10_test_00068,/home/tariq/Desktop/Awais-Tariq/base-KD/data/cifar-10-batches-py/test_batch,68,cat,deer,0.859287440776825,False,/home/tariq/Desktop/Awais-Tariq/base-KD/reports/cifar10_full_audit/vit_scratch/failure_images/00068_true-cat_pred-deer.png,deer,0.7736110687255859,False,/home/tariq/Desktop/Awais-Tariq/base-KD/reports/cifar10_full_audit/mamba_scratch/failure_images/00068_true-cat_pred-deer.png,cat,0.9985359907150269,True,,deer,0.4757547080516815,False,/home/tariq/Desktop/Awais-Tariq/base-KD/reports/cifar10_full_audit/mamba_kd_from_scratch_vit/failure_images/00068_true-cat_pred-deer.png,cat,0.9380208849906921,True,,3,vit_scratch;mamba_scratch;mamba_kd_from_scratch_vit,True,False,False,False,False,False
85,cifar10_test_00085,/home/tariq/Desktop/Awais-Tariq/base-KD/data/cifar-10-batches-py/test_batch,85,dog,horse,0.4198792576789856,False,/home/tariq/Desktop/Awais-Tariq/base-KD/reports/cifar10_full_audit/vit_scratch/failure_images/00085_true-dog_pred-horse.png,horse,0.5887849926948547,False,/home/tariq/Desktop/Awais-Tariq/base-KD/reports/cifar10_full_audit/mamba_scratch/failure_images/00085_true-dog_pred-horse.png,dog,0.999998927116394,True,,horse,0.9815016388893127,False,/home/tariq/Desktop/Awais-Tariq/base-KD/reports/cifar10_full_audit/mamba_kd_from_scratch_vit/failure_images/00085_true-dog_pred-horse.png,dog,0.9965611100196838,True,,3,vit_scratch;mamba_scratch;mamba_kd_from_scratch_vit,True,False,False,False,False,False
118,cifar10_test_00118,/home/tariq/Desktop/Awais-Tariq/base-KD/data/cifar-10-batches-py/test_batch,118,bird,cat,0.9810173511505127,False,/home/tariq/Desktop/Awais-Tariq/base-KD/reports/cifar10_full_audit/vit_scratch/failure_images/00118_true-bird_pred-cat.png,cat,0.9983869791030884,False,/home/tariq/Desktop/Awais-Tariq/base-KD/reports/cifar10_full_audit/mamba_scratch/failure_images/00118_true-bird_pred-cat.png,bird,0.9999974966049194,True,,cat,0.9971332550048828,False,/home/tariq/Desktop/Awais-Tariq/base-KD/reports/cifar10_full_audit/mamba_kd_from_scratch_vit/failure_images/00118_true-bird_pred-cat.png,cat,0.9871282577514648,False,/home/tariq/Desktop/Awais-Tariq/base-KD/reports/cifar10_full_audit/mamba_kd_from_pretrained_vit/failure_images/00118_true-bird_pred-cat.png,4,vit_scratch;mamba_scratch;mamba_kd_from_scratch_vit;mamba_kd_from_pretrained_vit,True,False,False,False,False,True
125,cifar10_test_00125,/home/tariq/Desktop/Awais-Tariq/base-KD/data/cifar-10-batches-py/test_batch,125,airplane,bird,0.5763949155807495,False,/home/tariq/Desktop/Awais-Tariq/base-KD/reports/cifar10_full_audit/vit_scratch/failure_images/00125_true-airplane_pred-bird.png,bird,0.859119713306427,False,/home/tariq/Desktop/Awais-Tariq/base-KD/reports/cifar10_full_audit/mamba_scratch/failure_images/00125_true-airplane_pred-bird.png,bird,0.9861831665039062,False,/home/tariq/Desktop/Awais-Tariq/base-KD/reports/cifar10_full_audit/vit_pretrained_finetuned/failure_images/00125_true-airplane_pred-bird.png,truck,0.5698850750923157,False,/home/tariq/Desktop/Awais-Tariq/base-KD/reports/cifar10_full_audit/mamba_kd_from_scratch_vit/failure_images/00125_true-airplane_pred-truck.png,bird,0.8352269530296326,False,/home/tariq/Desktop/Awais-Tariq/base-KD/reports/cifar10_full_audit/mamba_kd_from_pretrained_vit/failure_images/00125_true-airplane_pred-bird.png,5,vit_scratch;mamba_scratch;vit_pretrained_finetuned;mamba_kd_from_scratch_vit;mamba_kd_from_pretrained_vit,True,True,False,False,False,False
129,cifar10_test_00129,/home/tariq/Desktop/Awais-Tariq/base-KD/data/cifar-10-batches-py/test_batch,129,bird,airplane,0.9727373719215393,False,/home/tariq/Desktop/Awais-Tariq/base-KD/reports/cifar10_full_audit/vit_scratch/failure_images/00129_true-bird_pred-airplane.png,airplane,0.8778870701789856,False,/home/tariq/Desktop/Awais-Tariq/base-KD/reports/cifar10_full_audit/mamba_scratch/failure_images/00129_true-bird_pred-airplane.png,bird,0.9999995231628418,True,,airplane,0.9939800500869751,False,/home/tariq/Desktop/Awais-Tariq/base-KD/reports/cifar10_full_audit/mamba_kd_from_scratch_vit/failure_images/00129_true-bird_pred-airplane.png,bird,0.986088216304779,True,,3,vit_scratch;mamba_scratch;mamba_kd_from_scratch_vit,True,False,False,False,False,False
139,cifar10_test_00139,/home/tariq/Desktop/Awais-Tariq/base-KD/data/cifar-10-batches-py/test_batch,139,truck,ship,0.9999939203262329,False,/home/tariq/Desktop/Awais-Tariq/base-KD/reports/cifar10_full_audit/vit_scratch/failure_images/00139_true-truck_pred-ship.png,ship,0.7395556569099426,False,/home/tariq/Desktop/Awais-Tariq/base-KD/reports/cifar10_full_audit/mamba_scratch/failure_images/00139_true-truck_pred-ship.png,truck,0.9999983310699463,True,,ship,0.9990631937980652,False,/home/tariq/Desktop/Awais-Tariq/base-KD/reports/cifar10_full_audit/mamba_kd_from_scratch_vit/failure_images/00139_true-truck_pred-ship.png,truck,0.81068354845047,True,,3,vit_scratch;mamba_scratch;mamba_kd_from_scratch_vit,True,False,False,False,False,False
145,cifar10_test_00145,/home/tariq/Desktop/Awais-Tariq/base-KD/data/cifar-10-batches-py/test_batch,145,horse,cat,0.7770205140113831,False,/home/tariq/Desktop/Awais-Tariq/base-KD/reports/cifar10_full_audit/vit_scratch/failure_images/00145_true-horse_pred-cat.png,dog,0.4916272461414337,False,/home/tariq/Desktop/Awais-Tariq/base-KD/reports/cifar10_full_audit/mamba_scratch/failure_images/00145_true-horse_pred-dog.png,horse,0.9999997615814209,True,,dog,0.4641970992088318,False,/home/tariq/Desktop/Awais-Tariq/base-KD/reports/cifar10_full_audit/mamba_kd_from_scratch_vit/failure_images/00145_true-horse_pred-dog.png,horse,0.9999911785125732,True,,3,vit_scratch;mamba_scratch;mamba_kd_from_scratch_vit,True,False,False,False,False,False
147,cifar10_test_00147,/home/tariq/Desktop/Awais-Tariq/base-KD/data/cifar-10-batches-py/test_batch,147,bird,cat,0.5435674786567688,False,/home/tariq/Desktop/Awais-Tariq/base-KD/reports/cifar10_full_audit/vit_scratch/failure_images/00147_true-bird_pred-cat.png,dog,0.7742945551872253,False,/home/tariq/Desktop/Awais-Tariq/base-KD/reports/cifar10_full_audit/mamba_scratch/failure_images/00147_true-bird_pred-dog.png,bird,0.9810683131217957,True,,dog,0.8881279230117798,False,/home/tariq/Desktop/Awais-Tariq/base-KD/reports/cifar10_full_audit/mamba_kd_from_scratch_vit/failure_images/00147_true-bird_pred-dog.png,dog,0.9971816539764404,False,/home/tariq/Desktop/Awais-Tariq/base-KD/reports/cifar10_full_audit/mamba_kd_from_pretrained_vit/failure_images/00147_true-bird_pred-dog.png,4,vit_scratch;mamba_scratch;mamba_kd_from_scratch_vit;mamba_kd_from_pretrained_vit,True,False,False,False,False,True
165,cifar10_test_00165,/home/tariq/Desktop/Awais-Tariq/base-KD/data/cifar-10-batches-py/test_batch,165,deer,bird,0.9770259261131287,False,/home/tariq/Desktop/Awais-Tariq/base-KD/reports/cifar10_full_audit/vit_scratch/failure_images/00165_true-deer_pred-bird.png,bird,0.9961287975311279,False,/home/tariq/Desktop/Awais-Tariq/base-KD/reports/cifar10_full_audit/mamba_scratch/failure_images/00165_true-deer_pred-bird.png,deer,0.9999841451644897,True,,bird,0.5485126376152039,False,/home/tariq/Desktop/Awais-Tariq/base-KD/reports/cifar10_full_audit/mamba_kd_from_scratch_vit/failure_images/00165_true-deer_pred-bird.png,bird,0.9999685287475586,False,/home/tariq/Desktop/Awais-Tariq/base-KD/reports/cifar10_full_audit/mamba_kd_from_pretrained_vit/failure_images/00165_true-deer_pred-bird.png,4,vit_scratch;mamba_scratch;mamba_kd_from_scratch_vit;mamba_kd_from_pretrained_vit,True,False,False,False,False,True
169,cifar10_test_00169,/home/tariq/Desktop/Awais-Tariq/base-KD/data/cifar-10-batches-py/test_batch,169,airplane,ship,0.6704633831977844,False,/home/tariq/Desktop/Awais-Tariq/base-KD/reports/cifar10_full_audit/vit_scratch/failure_images/00169_true-airplane_pred-ship.png,airplane,0.8295594453811646,True,,airplane,0.9999995231628418,True,,deer,0.6139165163040161,False,/home/tariq/Desktop/Awais-Tariq/base-KD/reports/cifar10_full_audit/mamba_kd_from_scratch_vit/failure_images/00169_true-airplane_pred-deer.png,ship,0.9913228750228882,False,/home/tariq/Desktop/Awais-Tariq/base-KD/reports/cifar10_full_audit/mamba_kd_from_pretrained_vit/failure_images/00169_true-airplane_pred-ship.png,3,vit_scratch;mamba_kd_from_scratch_vit;mamba_kd_from_pretrained_vit,True,False,False,False,False,True
178,cifar10_test_00178,/home/tariq/Desktop/Awais-Tariq/base-KD/data/cifar-10-batches-py/test_batch,178,dog,cat,0.9166356921195984,False,/home/tariq/Desktop/Awais-Tariq/base-KD/reports/cifar10_full_audit/vit_scratch/failure_images/00178_true-dog_pred-cat.png,cat,0.9999998807907104,False,/home/tariq/Desktop/Awais-Tariq/base-KD/reports/cifar10_full_audit/mamba_scratch/failure_images/00178_true-dog_pred-cat.png,dog,0.9999994039535522,True,,cat,0.7980678081512451,False,/home/tariq/Desktop/Awais-Tariq/base-KD/reports/cifar10_full_audit/mamba_kd_from_scratch_vit/failure_images/00178_true-dog_pred-cat.png,cat,0.999924898147583,False,/home/tariq/Desktop/Awais-Tariq/base-KD/reports/cifar10_full_audit/mamba_kd_from_pretrained_vit/failure_images/00178_true-dog_pred-cat.png,4,vit_scratch;mamba_scratch;mamba_kd_from_scratch_vit;mamba_kd_from_pretrained_vit,True,False,False,False,False,True
188,cifar10_test_00188,/home/tariq/Desktop/Awais-Tariq/base-KD/data/cifar-10-batches-py/test_batch,188,deer,cat,0.9999032020568848,False,/home/tariq/Desktop/Awais-Tariq/base-KD/reports/cifar10_full_audit/vit_scratch/failure_images/00188_true-deer_pred-cat.png,cat,0.9996792078018188,False,/home/tariq/Desktop/Awais-Tariq/base-KD/reports/cifar10_full_audit/mamba_scratch/failure_images/00188_true-deer_pred-cat.png,deer,0.9999970197677612,True,,cat,0.5372999310493469,False,/home/tariq/Desktop/Awais-Tariq/base-KD/reports/cifar10_full_audit/mamba_kd_from_scratch_vit/failure_images/00188_true-deer_pred-cat.png,cat,0.9998207688331604,False,/home/tariq/Desktop/Awais-Tariq/base-KD/reports/cifar10_full_audit/mamba_kd_from_pretrained_vit/failure_images/00188_true-deer_pred-cat.png,4,vit_scratch;mamba_scratch;mamba_kd_from_scratch_vit;mamba_kd_from_pretrained_vit,True,False,False,False,False,True
201,cifar10_test_00201,/home/tariq/Desktop/Awais-Tariq/base-KD/data/cifar-10-batches-py/test_batch,201,automobile,airplane,0.702755331993103,False,/home/tariq/Desktop/Awais-Tariq/base-KD/reports/cifar10_full_audit/vit_scratch/failure_images/00201_true-automobile_pred-airplane.png,airplane,0.9994801878929138,False,/home/tariq/Desktop/Awais-Tariq/base-KD/reports/cifar10_full_audit/mamba_scratch/failure_images/00201_true-automobile_pred-airplane.png,automobile,0.9999978542327881,True,,airplane,0.5232364535331726,False,/home/tariq/Desktop/Awais-Tariq/base-KD/reports/cifar10_full_audit/mamba_kd_from_scratch_vit/failure_images/00201_true-automobile_pred-airplane.png,automobile,0.9485832452774048,True,,3,vit_scratch;mamba_scratch;mamba_kd_from_scratch_vit,True,False,False,False,False,False
258,cifar10_test_00258,/home/tariq/Desktop/Awais-Tariq/base-KD/data/cifar-10-batches-py/test_batch,258,airplane,ship,0.9353539943695068,False,/home/tariq/Desktop/Awais-Tariq/base-KD/reports/cifar10_full_audit/vit_scratch/failure_images/00258_true-airplane_pred-ship.png,airplane,0.9981265664100647,True,,airplane,0.9999998807907104,True,,ship,0.9677067995071411,False,/home/tariq/Desktop/Awais-Tariq/base-KD/reports/cifar10_full_audit/mamba_kd_from_scratch_vit/failure_images/00258_true-airplane_pred-ship.png,ship,0.5372495651245117,False,/home/tariq/Desktop/Awais-Tariq/base-KD/reports/cifar10_full_audit/mamba_kd_from_pretrained_vit/failure_images/00258_true-airplane_pred-ship.png,3,vit_scratch;mamba_kd_from_scratch_vit;mamba_kd_from_pretrained_vit,True,False,False,False,False,True
262,cifar10_test_00262,/home/tariq/Desktop/Awais-Tariq/base-KD/data/cifar-10-batches-py/test_batch,262,dog,automobile,0.7904483675956726,False,/home/tariq/Desktop/Awais-Tariq/base-KD/reports/cifar10_full_audit/vit_scratch/failure_images/00262_true-dog_pred-automobile.png,cat,0.7689348459243774,False,/home/tariq/Desktop/Awais-Tariq/base-KD/reports/cifar10_full_audit/mamba_scratch/failure_images/00262_true-dog_pred-cat.png,dog,0.9999996423721313,True,,automobile,0.8592276573181152,False,/home/tariq/Desktop/Awais-Tariq/base-KD/reports/cifar10_full_audit/mamba_kd_from_scratch_vit/failure_images/00262_true-dog_pred-automobile.png,cat,0.9679849743843079,False,/home/tariq/Desktop/Awais-Tariq/base-KD/reports/cifar10_full_audit/mamba_kd_from_pretrained_vit/failure_images/00262_true-dog_pred-cat.png,4,vit_scratch;mamba_scratch;mamba_kd_from_scratch_vit;mamba_kd_from_pretrained_vit,True,False,False,False,False,True
263,cifar10_test_00263,/home/tariq/Desktop/Awais-Tariq/base-KD/data/cifar-10-batches-py/test_batch,263,horse,dog,0.8064890503883362,False,/home/tariq/Desktop/Awais-Tariq/base-KD/reports/cifar10_full_audit/vit_scratch/failure_images/00263_true-horse_pred-dog.png,dog,0.7857076525688171,False,/home/tariq/Desktop/Awais-Tariq/base-KD/reports/cifar10_full_audit/mamba_scratch/failure_images/00263_true-horse_pred-dog.png,horse,0.9999996423721313,True,,cat,0.504989504814148,False,/home/tariq/Desktop/Awais-Tariq/base-KD/reports/cifar10_full_audit/mamba_kd_from_scratch_vit/failure_images/00263_true-horse_pred-cat.png,cat,0.9822399616241455,False,/home/tariq/Desktop/Awais-Tariq/base-KD/reports/cifar10_full_audit/mamba_kd_from_pretrained_vit/failure_images/00263_true-horse_pred-cat.png,4,vit_scratch;mamba_scratch;mamba_kd_from_scratch_vit;mamba_kd_from_pretrained_vit,True,False,False,False,False,True
271,cifar10_test_00271,/home/tariq/Desktop/Awais-Tariq/base-KD/data/cifar-10-batches-py/test_batch,271,cat,bird,0.8938266038894653,False,/home/tariq/Desktop/Awais-Tariq/base-KD/reports/cifar10_full_audit/vit_scratch/failure_images/00271_true-cat_pred-bird.png,dog,0.9605243802070618,False,/home/tariq/Desktop/Awais-Tariq/base-KD/reports/cifar10_full_audit/mamba_scratch/failure_images/00271_true-cat_pred-dog.png,cat,0.9994681477546692,True,,deer,0.4333139955997467,False,/home/tariq/Desktop/Awais-Tariq/base-KD/reports/cifar10_full_audit/mamba_kd_from_scratch_vit/failure_images/00271_true-cat_pred-deer.png,dog,0.9996263980865479,False,/home/tariq/Desktop/Awais-Tariq/base-KD/reports/cifar10_full_audit/mamba_kd_from_pretrained_vit/failure_images/00271_true-cat_pred-dog.png,4,vit_scratch;mamba_scratch;mamba_kd_from_scratch_vit;mamba_kd_from_pretrained_vit,True,False,False,False,False,True
275,cifar10_test_00275,/home/tariq/Desktop/Awais-Tariq/base-KD/data/cifar-10-batches-py/test_batch,275,dog,cat,0.55023193359375,False,/home/tariq/Desktop/Awais-Tariq/base-KD/reports/cifar10_full_audit/vit_scratch/failure_images/00275_true-dog_pred-cat.png,dog,0.824009120464325,True,,cat,0.9998375177383423,False,/home/tariq/Desktop/Awais-Tariq/base-KD/reports/cifar10_full_audit/vit_pretrained_finetuned/failure_images/00275_true-dog_pred-cat.png,dog,0.94889235496521,True,,cat,0.9734212160110474,False,/home/tariq/Desktop/Awais-Tariq/base-KD/reports/cifar10_full_audit/mamba_kd_from_pretrained_vit/failure_images/00275_true-dog_pred-cat.png,3,vit_scratch;vit_pretrained_finetuned;mamba_kd_from_pretrained_vit,True,False,True,False,False,False
287,cifar10_test_00287,/home/tariq/Desktop/Awais-Tariq/base-KD/data/cifar-10-batches-py/test_batch,287,airplane,ship,0.9999864101409912,False,/home/tariq/Desktop/Awais-Tariq/base-KD/reports/cifar10_full_audit/vit_scratch/failure_images/00287_true-airplane_pred-ship.png,ship,0.9998632669448853,False,/home/tariq/Desktop/Awais-Tariq/base-KD/reports/cifar10_full_audit/mamba_scratch/failure_images/00287_true-airplane_pred-ship.png,airplane,0.9999996423721313,True,,ship,0.9989547729492188,False,/home/tariq/Desktop/Awais-Tariq/base-KD/reports/cifar10_full_audit/mamba_kd_from_scratch_vit/failure_images/00287_true-airplane_pred-ship.png,ship,0.9909060001373291,False,/home/tariq/Desktop/Awais-Tariq/base-KD/reports/cifar10_full_audit/mamba_kd_from_pretrained_vit/failure_images/00287_true-airplane_pred-ship.png,4,vit_scratch;mamba_scratch;mamba_kd_from_scratch_vit;mamba_kd_from_pretrained_vit,True,False,False,False,False,True
308,cifar10_test_00308,/home/tariq/Desktop/Awais-Tariq/base-KD/data/cifar-10-batches-py/test_batch,308,automobile,truck,0.5396113991737366,False,/home/tariq/Desktop/Awais-Tariq/base-KD/reports/cifar10_full_audit/vit_scratch/failure_images/00308_true-automobile_pred-truck.png,automobile,0.9747862815856934,True,,automobile,0.9999549388885498,True,,truck,0.9940353631973267,False,/home/tariq/Desktop/Awais-Tariq/base-KD/reports/cifar10_full_audit/mamba_kd_from_scratch_vit/failure_images/00308_true-automobile_pred-truck.png,truck,0.9615762829780579,False,/home/tariq/Desktop/Awais-Tariq/base-KD/reports/cifar10_full_audit/mamba_kd_from_pretrained_vit/failure_images/00308_true-automobile_pred-truck.png,3,vit_scratch;mamba_kd_from_scratch_vit;mamba_kd_from_pretrained_vit,True,False,False,False,False,True
309,cifar10_test_00309,/home/tariq/Desktop/Awais-Tariq/base-KD/data/cifar-10-batches-py/test_batch,309,frog,deer,0.8311293125152588,False,/home/tariq/Desktop/Awais-Tariq/base-KD/reports/cifar10_full_audit/vit_scratch/failure_images/00309_true-frog_pred-deer.png,deer,0.9987947940826416,False,/home/tariq/Desktop/Awais-Tariq/base-KD/reports/cifar10_full_audit/mamba_scratch/failure_images/00309_true-frog_pred-deer.png,frog,0.9999980926513672,True,,deer,0.5116719007492065,False,/home/tariq/Desktop/Awais-Tariq/base-KD/reports/cifar10_full_audit/mamba_kd_from_scratch_vit/failure_images/00309_true-frog_pred-deer.png,bird,0.9996080994606018,False,/home/tariq/Desktop/Awais-Tariq/base-KD/reports/cifar10_full_audit/mamba_kd_from_pretrained_vit/failure_images/00309_true-frog_pred-bird.png,4,vit_scratch;mamba_scratch;mamba_kd_from_scratch_vit;mamba_kd_from_pretrained_vit,True,False,False,False,False,True
312,cifar10_test_00312,/home/tariq/Desktop/Awais-Tariq/base-KD/data/cifar-10-batches-py/test_batch,312,ship,ship,0.5344789028167725,True,,airplane,0.9874261617660522,False,/home/tariq/Desktop/Awais-Tariq/base-KD/reports/cifar10_full_audit/mamba_scratch/failure_images/00312_true-ship_pred-airplane.png,airplane,0.9941033720970154,False,/home/tariq/Desktop/Awais-Tariq/base-KD/reports/cifar10_full_audit/vit_pretrained_finetuned/failure_images/00312_true-ship_pred-airplane.png,airplane,0.5826469659805298,False,/home/tariq/Desktop/Awais-Tariq/base-KD/reports/cifar10_full_audit/mamba_kd_from_scratch_vit/failure_images/00312_true-ship_pred-airplane.png,airplane,0.9612980484962463,False,/home/tariq/Desktop/Awais-Tariq/base-KD/reports/cifar10_full_audit/mamba_kd_from_pretrained_vit/failure_images/00312_true-ship_pred-airplane.png,4,mamba_scratch;vit_pretrained_finetuned;mamba_kd_from_scratch_vit;mamba_kd_from_pretrained_vit,True,False,False,True,False,False
324,cifar10_test_00324,/home/tariq/Desktop/Awais-Tariq/base-KD/data/cifar-10-batches-py/test_batch,324,deer,horse,0.9905478358268738,False,/home/tariq/Desktop/Awais-Tariq/base-KD/reports/cifar10_full_audit/vit_scratch/failure_images/00324_true-deer_pred-horse.png,dog,0.7591482400894165,False,/home/tariq/Desktop/Awais-Tariq/base-KD/reports/cifar10_full_audit/mamba_scratch/failure_images/00324_true-deer_pred-dog.png,deer,0.9999997615814209,True,,horse,0.8924001455307007,False,/home/tariq/Desktop/Awais-Tariq/base-KD/reports/cifar10_full_audit/mamba_kd_from_scratch_vit/failure_images/00324_true-deer_pred-horse.png,dog,0.7337002754211426,False,/home/tariq/Desktop/Awais-Tariq/base-KD/reports/cifar10_full_audit/mamba_kd_from_pretrained_vit/failure_images/00324_true-deer_pred-dog.png,4,vit_scratch;mamba_scratch;mamba_kd_from_scratch_vit;mamba_kd_from_pretrained_vit,True,False,False,False,False,True
340,cifar10_test_00340,/home/tariq/Desktop/Awais-Tariq/base-KD/data/cifar-10-batches-py/test_batch,340,bird,frog,0.9905208349227905,False,/home/tariq/Desktop/Awais-Tariq/base-KD/reports/cifar10_full_audit/vit_scratch/failure_images/00340_true-bird_pred-frog.png,deer,0.9642799496650696,False,/home/tariq/Desktop/Awais-Tariq/base-KD/reports/cifar10_full_audit/mamba_scratch/failure_images/00340_true-bird_pred-deer.png,bird,0.9999998807907104,True,,deer,0.7227139472961426,False,/home/tariq/Desktop/Awais-Tariq/base-KD/reports/cifar10_full_audit/mamba_kd_from_scratch_vit/failure_images/00340_true-bird_pred-deer.png,cat,0.9875231385231018,False,/home/tariq/Desktop/Awais-Tariq/base-KD/reports/cifar10_full_audit/mamba_kd_from_pretrained_vit/failure_images/00340_true-bird_pred-cat.png,4,vit_scratch;mamba_scratch;mamba_kd_from_scratch_vit;mamba_kd_from_pretrained_vit,True,False,False,False,False,True
355,cifar10_test_00355,/home/tariq/Desktop/Awais-Tariq/base-KD/data/cifar-10-batches-py/test_batch,355,horse,deer,0.9652464985847473,False,/home/tariq/Desktop/Awais-Tariq/base-KD/reports/cifar10_full_audit/vit_scratch/failure_images/00355_true-horse_pred-deer.png,deer,0.9999971389770508,False,/home/tariq/Desktop/Awais-Tariq/base-KD/reports/cifar10_full_audit/mamba_scratch/failure_images/00355_true-horse_pred-deer.png,horse,0.9644420742988586,True,,deer,0.8728252053260803,False,/home/tariq/Desktop/Awais-Tariq/base-KD/reports/cifar10_full_audit/mamba_kd_from_scratch_vit/failure_images/00355_true-horse_pred-deer.png,cat,0.8554996848106384,False,/home/tariq/Desktop/Awais-Tariq/base-KD/reports/cifar10_full_audit/mamba_kd_from_pretrained_vit/failure_images/00355_true-horse_pred-cat.png,4,vit_scratch;mamba_scratch;mamba_kd_from_scratch_vit;mamba_kd_from_pretrained_vit,True,False,False,False,False,True
356,cifar10_test_00356,/home/tariq/Desktop/Awais-Tariq/base-KD/data/cifar-10-batches-py/test_batch,356,cat,dog,0.9672885537147522,False,/home/tariq/Desktop/Awais-Tariq/base-KD/reports/cifar10_full_audit/vit_scratch/failure_images/00356_true-cat_pred-dog.png,dog,0.9976971745491028,False,/home/tariq/Desktop/Awais-Tariq/base-KD/reports/cifar10_full_audit/mamba_scratch/failure_images/00356_true-cat_pred-dog.png,cat,0.9999712705612183,True,,dog,0.9894405007362366,False,/home/tariq/Desktop/Awais-Tariq/base-KD/reports/cifar10_full_audit/mamba_kd_from_scratch_vit/failure_images/00356_true-cat_pred-dog.png,frog,0.6209800839424133,False,/home/tariq/Desktop/Awais-Tariq/base-KD/reports/cifar10_full_audit/mamba_kd_from_pretrained_vit/failure_images/00356_true-cat_pred-frog.png,4,vit_scratch;mamba_scratch;mamba_kd_from_scratch_vit;mamba_kd_from_pretrained_vit,True,False,False,False,False,True
363,cifar10_test_00363,/home/tariq/Desktop/Awais-Tariq/base-KD/data/cifar-10-batches-py/test_batch,363,automobile,airplane,0.9999274015426636,False,/home/tariq/Desktop/Awais-Tariq/base-KD/reports/cifar10_full_audit/vit_scratch/failure_images/00363_true-automobile_pred-airplane.png,airplane,0.8722246289253235,False,/home/tariq/Desktop/Awais-Tariq/base-KD/reports/cifar10_full_audit/mamba_scratch/failure_images/00363_true-automobile_pred-airplane.png,automobile,0.9999995231628418,True,,airplane,0.9974053502082825,False,/home/tariq/Desktop/Awais-Tariq/base-KD/reports/cifar10_full_audit/mamba_kd_from_scratch_vit/failure_images/00363_true-automobile_pred-airplane.png,airplane,0.9884131550788879,False,/home/tariq/Desktop/Awais-Tariq/base-KD/reports/cifar10_full_audit/mamba_kd_from_pretrained_vit/failure_images/00363_true-automobile_pred-airplane.png,4,vit_scratch;mamba_scratch;mamba_kd_from_scratch_vit;mamba_kd_from_pretrained_vit,True,False,False,False,False,True
376,cifar10_test_00376,/home/tariq/Desktop/Awais-Tariq/base-KD/data/cifar-10-batches-py/test_batch,376,airplane,truck,0.32065343856811523,False,/home/tariq/Desktop/Awais-Tariq/base-KD/reports/cifar10_full_audit/vit_scratch/failure_images/00376_true-airplane_pred-truck.png,truck,0.989587664604187,False,/home/tariq/Desktop/Awais-Tariq/base-KD/reports/cifar10_full_audit/mamba_scratch/failure_images/00376_true-airplane_pred-truck.png,airplane,0.9999994039535522,True,,airplane,0.4767416715621948,True,,bird,0.7131716012954712,False,/home/tariq/Desktop/Awais-Tariq/base-KD/reports/cifar10_full_audit/mamba_kd_from_pretrained_vit/failure_images/00376_true-airplane_pred-bird.png,3,vit_scratch;mamba_scratch;mamba_kd_from_pretrained_vit,True,False,True,False,False,True
387,cifar10_test_00387,/home/tariq/Desktop/Awais-Tariq/base-KD/data/cifar-10-batches-py/test_batch,387,bird,horse,0.9870539307594299,False,/home/tariq/Desktop/Awais-Tariq/base-KD/reports/cifar10_full_audit/vit_scratch/failure_images/00387_true-bird_pred-horse.png,horse,0.9917883276939392,False,/home/tariq/Desktop/Awais-Tariq/base-KD/reports/cifar10_full_audit/mamba_scratch/failure_images/00387_true-bird_pred-horse.png,bird,0.9999998807907104,True,,horse,0.917402982711792,False,/home/tariq/Desktop/Awais-Tariq/base-KD/reports/cifar10_full_audit/mamba_kd_from_scratch_vit/failure_images/00387_true-bird_pred-horse.png,bird,0.9968840479850769,True,,3,vit_scratch;mamba_scratch;mamba_kd_from_scratch_vit,True,False,False,False,False,False
394,cifar10_test_00394,/home/tariq/Desktop/Awais-Tariq/base-KD/data/cifar-10-batches-py/test_batch,394,truck,cat,0.7228434085845947,False,/home/tariq/Desktop/Awais-Tariq/base-KD/reports/cifar10_full_audit/vit_scratch/failure_images/00394_true-truck_pred-cat.png,truck,0.9991112351417542,True,,automobile,0.9804414510726929,False,/home/tariq/Desktop/Awais-Tariq/base-KD/reports/cifar10_full_audit/vit_pretrained_finetuned/failure_images/00394_true-truck_pred-automobile.png,automobile,0.6143354177474976,False,/home/tariq/Desktop/Awais-Tariq/base-KD/reports/cifar10_full_audit/mamba_kd_from_scratch_vit/failure_images/00394_true-truck_pred-automobile.png,truck,0.9997115731239319,True,,3,vit_scratch;vit_pretrained_finetuned;mamba_kd_from_scratch_vit,True,False,False,False,True,False
405,cifar10_test_00405,/home/tariq/Desktop/Awais-Tariq/base-KD/data/cifar-10-batches-py/test_batch,405,deer,cat,0.7983033061027527,False,/home/tariq/Desktop/Awais-Tariq/base-KD/reports/cifar10_full_audit/vit_scratch/failure_images/00405_true-deer_pred-cat.png,cat,0.6900972127914429,False,/home/tariq/Desktop/Awais-Tariq/base-KD/reports/cifar10_full_audit/mamba_scratch/failure_images/00405_true-deer_pred-cat.png,deer,0.9999992847442627,True,,frog,0.9309961795806885,False,/home/tariq/Desktop/Awais-Tariq/base-KD/reports/cifar10_full_audit/mamba_kd_from_scratch_vit/failure_images/00405_true-deer_pred-frog.png,cat,0.8505240082740784,False,/home/tariq/Desktop/Awais-Tariq/base-KD/reports/cifar10_full_audit/mamba_kd_from_pretrained_vit/failure_images/00405_true-deer_pred-cat.png,4,vit_scratch;mamba_scratch;mamba_kd_from_scratch_vit;mamba_kd_from_pretrained_vit,True,False,False,False,False,True
433,cifar10_test_00433,/home/tariq/Desktop/Awais-Tariq/base-KD/data/cifar-10-batches-py/test_batch,433,horse,deer,0.9996911287307739,False,/home/tariq/Desktop/Awais-Tariq/base-KD/reports/cifar10_full_audit/vit_scratch/failure_images/00433_true-horse_pred-deer.png,deer,0.9300071001052856,False,/home/tariq/Desktop/Awais-Tariq/base-KD/reports/cifar10_full_audit/mamba_scratch/failure_images/00433_true-horse_pred-deer.png,horse,0.9999991655349731,True,,deer,0.9512912631034851,False,/home/tariq/Desktop/Awais-Tariq/base-KD/reports/cifar10_full_audit/mamba_kd_from_scratch_vit/failure_images/00433_true-horse_pred-deer.png,deer,0.9939051270484924,False,/home/tariq/Desktop/Awais-Tariq/base-KD/reports/cifar10_full_audit/mamba_kd_from_pretrained_vit/failure_images/00433_true-horse_pred-deer.png,4,vit_scratch;mamba_scratch;mamba_kd_from_scratch_vit;mamba_kd_from_pretrained_vit,True,False,False,False,False,True
456,cifar10_test_00456,/home/tariq/Desktop/Awais-Tariq/base-KD/data/cifar-10-batches-py/test_batch,456,cat,frog,0.9985760450363159,False,/home/tariq/Desktop/Awais-Tariq/base-KD/reports/cifar10_full_audit/vit_scratch/failure_images/00456_true-cat_pred-frog.png,deer,0.9824674725532532,False,/home/tariq/Desktop/Awais-Tariq/base-KD/reports/cifar10_full_audit/mamba_scratch/failure_images/00456_true-cat_pred-deer.png,cat,0.9999279975891113,True,,frog,0.9269698262214661,False,/home/tariq/Desktop/Awais-Tariq/base-KD/reports/cifar10_full_audit/mamba_kd_from_scratch_vit/failure_images/00456_true-cat_pred-frog.png,deer,0.680765688419342,False,/home/tariq/Desktop/Awais-Tariq/base-KD/reports/cifar10_full_audit/mamba_kd_from_pretrained_vit/failure_images/00456_true-cat_pred-deer.png,4,vit_scratch;mamba_scratch;mamba_kd_from_scratch_vit;mamba_kd_from_pretrained_vit,True,False,False,False,False,True
458,cifar10_test_00458,/home/tariq/Desktop/Awais-Tariq/base-KD/data/cifar-10-batches-py/test_batch,458,deer,frog,0.5102534294128418,False,/home/tariq/Desktop/Awais-Tariq/base-KD/reports/cifar10_full_audit/vit_scratch/failure_images/00458_true-deer_pred-frog.png,cat,0.6286293268203735,False,/home/tariq/Desktop/Awais-Tariq/base-KD/reports/cifar10_full_audit/mamba_scratch/failure_images/00458_true-deer_pred-cat.png,deer,0.9982411861419678,True,,cat,0.5499981641769409,False,/home/tariq/Desktop/Awais-Tariq/base-KD/reports/cifar10_full_audit/mamba_kd_from_scratch_vit/failure_images/00458_true-deer_pred-cat.png,cat,0.9995567202568054,False,/home/tariq/Desktop/Awais-Tariq/base-KD/reports/cifar10_full_audit/mamba_kd_from_pretrained_vit/failure_images/00458_true-deer_pred-cat.png,4,vit_scratch;mamba_scratch;mamba_kd_from_scratch_vit;mamba_kd_from_pretrained_vit,True,False,False,False,False,True
463,cifar10_test_00463,/home/tariq/Desktop/Awais-Tariq/base-KD/data/cifar-10-batches-py/test_batch,463,deer,deer,0.5580763816833496,True,,dog,0.9830968379974365,False,/home/tariq/Desktop/Awais-Tariq/base-KD/reports/cifar10_full_audit/mamba_scratch/failure_images/00463_true-deer_pred-dog.png,deer,0.9999958276748657,True,,dog,0.9874854683876038,False,/home/tariq/Desktop/Awais-Tariq/base-KD/reports/cifar10_full_audit/mamba_kd_from_scratch_vit/failure_images/00463_true-deer_pred-dog.png,dog,0.999980092048645,False,/home/tariq/Desktop/Awais-Tariq/base-KD/reports/cifar10_full_audit/mamba_kd_from_pretrained_vit/failure_images/00463_true-deer_pred-dog.png,3,mamba_scratch;mamba_kd_from_scratch_vit;mamba_kd_from_pretrained_vit,True,False,False,True,False,True
470,cifar10_test_00470,/home/tariq/Desktop/Awais-Tariq/base-KD/data/cifar-10-batches-py/test_batch,470,cat,deer,0.9186491370201111,False,/home/tariq/Desktop/Awais-Tariq/base-KD/reports/cifar10_full_audit/vit_scratch/failure_images/00470_true-cat_pred-deer.png,cat,0.5490657091140747,True,,cat,0.9999344348907471,True,,deer,0.8639516830444336,False,/home/tariq/Desktop/Awais-Tariq/base-KD/reports/cifar10_full_audit/mamba_kd_from_scratch_vit/failure_images/00470_true-cat_pred-deer.png,dog,0.9957351684570312,False,/home/tariq/Desktop/Awais-Tariq/base-KD/reports/cifar10_full_audit/mamba_kd_from_pretrained_vit/failure_images/00470_true-cat_pred-dog.png,3,vit_scratch;mamba_kd_from_scratch_vit;mamba_kd_from_pretrained_vit,True,False,False,False,False,True
485,cifar10_test_00485,/home/tariq/Desktop/Awais-Tariq/base-KD/data/cifar-10-batches-py/test_batch,485,truck,automobile,0.5999108552932739,False,/home/tariq/Desktop/Awais-Tariq/base-KD/reports/cifar10_full_audit/vit_scratch/failure_images/00485_true-truck_pred-automobile.png,truck,0.9576700925827026,True,,truck,0.9999979734420776,True,,automobile,0.727986216545105,False,/home/tariq/Desktop/Awais-Tariq/base-KD/reports/cifar10_full_audit/mamba_kd_from_scratch_vit/failure_images/00485_true-truck_pred-automobile.png,airplane,0.5798607468605042,False,/home/tariq/Desktop/Awais-Tariq/base-KD/reports/cifar10_full_audit/mamba_kd_from_pretrained_vit/failure_images/00485_true-truck_pred-airplane.png,3,vit_scratch;mamba_kd_from_scratch_vit;mamba_kd_from_pretrained_vit,True,False,False,False,False,True
518,cifar10_test_00518,/home/tariq/Desktop/Awais-Tariq/base-KD/data/cifar-10-batches-py/test_batch,518,dog,cat,0.7120798230171204,False,/home/tariq/Desktop/Awais-Tariq/base-KD/reports/cifar10_full_audit/vit_scratch/failure_images/00518_true-dog_pred-cat.png,cat,0.9907894730567932,False,/home/tariq/Desktop/Awais-Tariq/base-KD/reports/cifar10_full_audit/mamba_scratch/failure_images/00518_true-dog_pred-cat.png,dog,0.9996219873428345,True,,horse,0.7598439455032349,False,/home/tariq/Desktop/Awais-Tariq/base-KD/reports/cifar10_full_audit/mamba_kd_from_scratch_vit/failure_images/00518_true-dog_pred-horse.png,dog,0.9998262524604797,True,,3,vit_scratch;mamba_scratch;mamba_kd_from_scratch_vit,True,False,False,False,False,False
526,cifar10_test_00526,/home/tariq/Desktop/Awais-Tariq/base-KD/data/cifar-10-batches-py/test_batch,526,airplane,deer,0.8505841493606567,False,/home/tariq/Desktop/Awais-Tariq/base-KD/reports/cifar10_full_audit/vit_scratch/failure_images/00526_true-airplane_pred-deer.png,airplane,0.971872866153717,True,,airplane,0.9999998807907104,True,,deer,0.9855456948280334,False,/home/tariq/Desktop/Awais-Tariq/base-KD/reports/cifar10_full_audit/mamba_kd_from_scratch_vit/failure_images/00526_true-airplane_pred-deer.png,deer,0.7948104739189148,False,/home/tariq/Desktop/Awais-Tariq/base-KD/reports/cifar10_full_audit/mamba_kd_from_pretrained_vit/failure_images/00526_true-airplane_pred-deer.png,3,vit_scratch;mamba_kd_from_scratch_vit;mamba_kd_from_pretrained_vit,True,False,False,False,False,True
531,cifar10_test_00531,/home/tariq/Desktop/Awais-Tariq/base-KD/data/cifar-10-batches-py/test_batch,531,airplane,dog,0.6937105059623718,False,/home/tariq/Desktop/Awais-Tariq/base-KD/reports/cifar10_full_audit/vit_scratch/failure_images/00531_true-airplane_pred-dog.png,airplane,0.7289462685585022,True,,bird,0.8126731514930725,False,/home/tariq/Desktop/Awais-Tariq/base-KD/reports/cifar10_full_audit/vit_pretrained_finetuned/failure_images/00531_true-airplane_pred-bird.png,cat,0.33413735032081604,False,/home/tariq/Desktop/Awais-Tariq/base-KD/reports/cifar10_full_audit/mamba_kd_from_scratch_vit/failure_images/00531_true-airplane_pred-cat.png,cat,0.9605528712272644,False,/home/tariq/Desktop/Awais-Tariq/base-KD/reports/cifar10_full_audit/mamba_kd_from_pretrained_vit/failure_images/00531_true-airplane_pred-cat.png,4,vit_scratch;vit_pretrained_finetuned;mamba_kd_from_scratch_vit;mamba_kd_from_pretrained_vit,True,False,False,False,False,False
551,cifar10_test_00551,/home/tariq/Desktop/Awais-Tariq/base-KD/data/cifar-10-batches-py/test_batch,551,dog,dog,0.5835161805152893,True,,cat,0.993122398853302,False,/home/tariq/Desktop/Awais-Tariq/base-KD/reports/cifar10_full_audit/mamba_scratch/failure_images/00551_true-dog_pred-cat.png,cat,0.9984951019287109,False,/home/tariq/Desktop/Awais-Tariq/base-KD/reports/cifar10_full_audit/vit_pretrained_finetuned/failure_images/00551_true-dog_pred-cat.png,cat,0.9963002800941467,False,/home/tariq/Desktop/Awais-Tariq/base-KD/reports/cifar10_full_audit/mamba_kd_from_scratch_vit/failure_images/00551_true-dog_pred-cat.png,cat,0.9900362491607666,False,/home/tariq/Desktop/Awais-Tariq/base-KD/reports/cifar10_full_audit/mamba_kd_from_pretrained_vit/failure_images/00551_true-dog_pred-cat.png,4,mamba_scratch;vit_pretrained_finetuned;mamba_kd_from_scratch_vit;mamba_kd_from_pretrained_vit,True,False,False,True,False,False
565,cifar10_test_00565,/home/tariq/Desktop/Awais-Tariq/base-KD/data/cifar-10-batches-py/test_batch,565,cat,dog,0.9958781003952026,False,/home/tariq/Desktop/Awais-Tariq/base-KD/reports/cifar10_full_audit/vit_scratch/failure_images/00565_true-cat_pred-dog.png,cat,0.9988910555839539,True,,cat,0.9999983310699463,True,,dog,0.9928165674209595,False,/home/tariq/Desktop/Awais-Tariq/base-KD/reports/cifar10_full_audit/mamba_kd_from_scratch_vit/failure_images/00565_true-cat_pred-dog.png,dog,0.6786351203918457,False,/home/tariq/Desktop/Awais-Tariq/base-KD/reports/cifar10_full_audit/mamba_kd_from_pretrained_vit/failure_images/00565_true-cat_pred-dog.png,3,vit_scratch;mamba_kd_from_scratch_vit;mamba_kd_from_pretrained_vit,True,False,False,False,False,True
567,cifar10_test_00567,/home/tariq/Desktop/Awais-Tariq/base-KD/data/cifar-10-batches-py/test_batch,567,horse,cat,0.9003783464431763,False,/home/tariq/Desktop/Awais-Tariq/base-KD/reports/cifar10_full_audit/vit_scratch/failure_images/00567_true-horse_pred-cat.png,cat,0.6627917885780334,False,/home/tariq/Desktop/Awais-Tariq/base-KD/reports/cifar10_full_audit/mamba_scratch/failure_images/00567_true-horse_pred-cat.png,horse,0.9999992847442627,True,,horse,0.8055756092071533,True,,cat,0.9994475245475769,False,/home/tariq/Desktop/Awais-Tariq/base-KD/reports/cifar10_full_audit/mamba_kd_from_pretrained_vit/failure_images/00567_true-horse_pred-cat.png,3,vit_scratch;mamba_scratch;mamba_kd_from_pretrained_vit,True,False,True,False,False,True
577,cifar10_test_00577,/home/tariq/Desktop/Awais-Tariq/base-KD/data/cifar-10-batches-py/test_batch,577,truck,ship,0.9547670483589172,False,/home/tariq/Desktop/Awais-Tariq/base-KD/reports/cifar10_full_audit/vit_scratch/failure_images/00577_true-truck_pred-ship.png,ship,0.9969438910484314,False,/home/tariq/Desktop/Awais-Tariq/base-KD/reports/cifar10_full_audit/mamba_scratch/failure_images/00577_true-truck_pred-ship.png,truck,0.9999967813491821,True,,ship,0.9906264543533325,False,/home/tariq/Desktop/Awais-Tariq/base-KD/reports/cifar10_full_audit/mamba_kd_from_scratch_vit/failure_images/00577_true-truck_pred-ship.png,ship,0.9814867377281189,False,/home/tariq/Desktop/Awais-Tariq/base-KD/reports/cifar10_full_audit/mamba_kd_from_pretrained_vit/failure_images/00577_true-truck_pred-ship.png,4,vit_scratch;mamba_scratch;mamba_kd_from_scratch_vit;mamba_kd_from_pretrained_vit,True,False,False,False,False,True
615,cifar10_test_00615,/home/tariq/Desktop/Awais-Tariq/base-KD/data/cifar-10-batches-py/test_batch,615,ship,ship,0.996832549571991,True,,truck,0.998802900314331,False,/home/tariq/Desktop/Awais-Tariq/base-KD/reports/cifar10_full_audit/mamba_scratch/failure_images/00615_true-ship_pred-truck.png,ship,1.0,True,,truck,0.9682543277740479,False,/home/tariq/Desktop/Awais-Tariq/base-KD/reports/cifar10_full_audit/mamba_kd_from_scratch_vit/failure_images/00615_true-ship_pred-truck.png,truck,0.9956784844398499,False,/home/tariq/Desktop/Awais-Tariq/base-KD/reports/cifar10_full_audit/mamba_kd_from_pretrained_vit/failure_images/00615_true-ship_pred-truck.png,3,mamba_scratch;mamba_kd_from_scratch_vit;mamba_kd_from_pretrained_vit,True,False,False,True,False,True
637,cifar10_test_00637,/home/tariq/Desktop/Awais-Tariq/base-KD/data/cifar-10-batches-py/test_batch,637,cat,bird,0.7005981802940369,False,/home/tariq/Desktop/Awais-Tariq/base-KD/reports/cifar10_full_audit/vit_scratch/failure_images/00637_true-cat_pred-bird.png,bird,0.982542872428894,False,/home/tariq/Desktop/Awais-Tariq/base-KD/reports/cifar10_full_audit/mamba_scratch/failure_images/00637_true-cat_pred-bird.png,cat,0.9999909400939941,True,,airplane,0.807826578617096,False,/home/tariq/Desktop/Awais-Tariq/base-KD/reports/cifar10_full_audit/mamba_kd_from_scratch_vit/failure_images/00637_true-cat_pred-airplane.png,cat,0.48602038621902466,True,,3,vit_scratch;mamba_scratch;mamba_kd_from_scratch_vit,True,False,False,False,False,False
655,cifar10_test_00655,/home/tariq/Desktop/Awais-Tariq/base-KD/data/cifar-10-batches-py/test_batch,655,bird,deer,0.9945099353790283,False,/home/tariq/Desktop/Awais-Tariq/base-KD/reports/cifar10_full_audit/vit_scratch/failure_images/00655_true-bird_pred-deer.png,deer,0.9332247376441956,False,/home/tariq/Desktop/Awais-Tariq/base-KD/reports/cifar10_full_audit/mamba_scratch/failure_images/00655_true-bird_pred-deer.png,bird,0.9999996423721313,True,,bird,0.5201568603515625,True,,deer,0.5109692215919495,False,/home/tariq/Desktop/Awais-Tariq/base-KD/reports/cifar10_full_audit/mamba_kd_from_pretrained_vit/failure_images/00655_true-bird_pred-deer.png,3,vit_scratch;mamba_scratch;mamba_kd_from_pretrained_vit,True,False,True,False,False,True
672,cifar10_test_00672,/home/tariq/Desktop/Awais-Tariq/base-KD/data/cifar-10-batches-py/test_batch,672,frog,automobile,0.9980124235153198,False,/home/tariq/Desktop/Awais-Tariq/base-KD/reports/cifar10_full_audit/vit_scratch/failure_images/00672_true-frog_pred-automobile.png,deer,0.960085928440094,False,/home/tariq/Desktop/Awais-Tariq/base-KD/reports/cifar10_full_audit/mamba_scratch/failure_images/00672_true-frog_pred-deer.png,bird,0.9643124341964722,False,/home/tariq/Desktop/Awais-Tariq/base-KD/reports/cifar10_full_audit/vit_pretrained_finetuned/failure_images/00672_true-frog_pred-bird.png,automobile,0.707756757736206,False,/home/tariq/Desktop/Awais-Tariq/base-KD/reports/cifar10_full_audit/mamba_kd_from_scratch_vit/failure_images/00672_true-frog_pred-automobile.png,frog,0.8899720907211304,True,,4,vit_scratch;mamba_scratch;vit_pretrained_finetuned;mamba_kd_from_scratch_vit,True,False,False,False,True,False
682,cifar10_test_00682,/home/tariq/Desktop/Awais-Tariq/base-KD/data/cifar-10-batches-py/test_batch,682,deer,horse,0.9399842023849487,False,/home/tariq/Desktop/Awais-Tariq/base-KD/reports/cifar10_full_audit/vit_scratch/failure_images/00682_true-deer_pred-horse.png,horse,0.5392835736274719,False,/home/tariq/Desktop/Awais-Tariq/base-KD/reports/cifar10_full_audit/mamba_scratch/failure_images/00682_true-deer_pred-horse.png,deer,0.9999986886978149,True,,horse,0.5917707085609436,False,/home/tariq/Desktop/Awais-Tariq/base-KD/reports/cifar10_full_audit/mamba_kd_from_scratch_vit/failure_images/00682_true-deer_pred-horse.png,deer,0.9945331811904907,True,,3,vit_scratch;mamba_scratch;mamba_kd_from_scratch_vit,True,False,False,False,False,False
683,cifar10_test_00683,/home/tariq/Desktop/Awais-Tariq/base-KD/data/cifar-10-batches-py/test_batch,683,ship,airplane,0.9999014139175415,False,/home/tariq/Desktop/Awais-Tariq/base-KD/reports/cifar10_full_audit/vit_scratch/failure_images/00683_true-ship_pred-airplane.png,airplane,0.9990768432617188,False,/home/tariq/Desktop/Awais-Tariq/base-KD/reports/cifar10_full_audit/mamba_scratch/failure_images/00683_true-ship_pred-airplane.png,airplane,0.999376118183136,False,/home/tariq/Desktop/Awais-Tariq/base-KD/reports/cifar10_full_audit/vit_pretrained_finetuned/failure_images/00683_true-ship_pred-airplane.png,airplane,0.9949818253517151,False,/home/tariq/Desktop/Awais-Tariq/base-KD/reports/cifar10_full_audit/mamba_kd_from_scratch_vit/failure_images/00683_true-ship_pred-airplane.png,airplane,0.9999867677688599,False,/home/tariq/Desktop/Awais-Tariq/base-KD/reports/cifar10_full_audit/mamba_kd_from_pretrained_vit/failure_images/00683_true-ship_pred-airplane.png,5,vit_scratch;mamba_scratch;vit_pretrained_finetuned;mamba_kd_from_scratch_vit;mamba_kd_from_pretrained_vit,True,True,False,False,False,False
687,cifar10_test_00687,/home/tariq/Desktop/Awais-Tariq/base-KD/data/cifar-10-batches-py/test_batch,687,frog,deer,0.6136224865913391,False,/home/tariq/Desktop/Awais-Tariq/base-KD/reports/cifar10_full_audit/vit_scratch/failure_images/00687_true-frog_pred-deer.png,bird,0.6261861324310303,False,/home/tariq/Desktop/Awais-Tariq/base-KD/reports/cifar10_full_audit/mamba_scratch/failure_images/00687_true-frog_pred-bird.png,frog,0.9999998807907104,True,,horse,0.6068055629730225,False,/home/tariq/Desktop/Awais-Tariq/base-KD/reports/cifar10_full_audit/mamba_kd_from_scratch_vit/failure_images/00687_true-frog_pred-horse.png,frog,0.9999998807907104,True,,3,vit_scratch;mamba_scratch;mamba_kd_from_scratch_vit,True,False,False,False,False,False
692,cifar10_test_00692,/home/tariq/Desktop/Awais-Tariq/base-KD/data/cifar-10-batches-py/test_batch,692,bird,airplane,0.9773902297019958,False,/home/tariq/Desktop/Awais-Tariq/base-KD/reports/cifar10_full_audit/vit_scratch/failure_images/00692_true-bird_pred-airplane.png,bird,0.9136159420013428,True,,bird,0.9999992847442627,True,,airplane,0.8850376605987549,False,/home/tariq/Desktop/Awais-Tariq/base-KD/reports/cifar10_full_audit/mamba_kd_from_scratch_vit/failure_images/00692_true-bird_pred-airplane.png,airplane,0.84685218334198,False,/home/tariq/Desktop/Awais-Tariq/base-KD/reports/cifar10_full_audit/mamba_kd_from_pretrained_vit/failure_images/00692_true-bird_pred-airplane.png,3,vit_scratch;mamba_kd_from_scratch_vit;mamba_kd_from_pretrained_vit,True,False,False,False,False,True
725,cifar10_test_00725,/home/tariq/Desktop/Awais-Tariq/base-KD/data/cifar-10-batches-py/test_batch,725,bird,airplane,0.9126547574996948,False,/home/tariq/Desktop/Awais-Tariq/base-KD/reports/cifar10_full_audit/vit_scratch/failure_images/00725_true-bird_pred-airplane.png,airplane,0.6744583249092102,False,/home/tariq/Desktop/Awais-Tariq/base-KD/reports/cifar10_full_audit/mamba_scratch/failure_images/00725_true-bird_pred-airplane.png,bird,0.9999997615814209,True,,bird,0.6767001748085022,True,,airplane,0.4464241564273834,False,/home/tariq/Desktop/Awais-Tariq/base-KD/reports/cifar10_full_audit/mamba_kd_from_pretrained_vit/failure_images/00725_true-bird_pred-airplane.png,3,vit_scratch;mamba_scratch;mamba_kd_from_pretrained_vit,True,False,True,False,False,True
734,cifar10_test_00734,/home/tariq/Desktop/Awais-Tariq/base-KD/data/cifar-10-batches-py/test_batch,734,truck,automobile,0.9929022192955017,False,/home/tariq/Desktop/Awais-Tariq/base-KD/reports/cifar10_full_audit/vit_scratch/failure_images/00734_true-truck_pred-automobile.png,automobile,0.5358868837356567,False,/home/tariq/Desktop/Awais-Tariq/base-KD/reports/cifar10_full_audit/mamba_scratch/failure_images/00734_true-truck_pred-automobile.png,automobile,0.8978161811828613,False,/home/tariq/Desktop/Awais-Tariq/base-KD/reports/cifar10_full_audit/vit_pretrained_finetuned/failure_images/00734_true-truck_pred-automobile.png,automobile,0.953967809677124,False,/home/tariq/Desktop/Awais-Tariq/base-KD/reports/cifar10_full_audit/mamba_kd_from_scratch_vit/failure_images/00734_true-truck_pred-automobile.png,automobile,0.9772878885269165,False,/home/tariq/Desktop/Awais-Tariq/base-KD/reports/cifar10_full_audit/mamba_kd_from_pretrained_vit/failure_images/00734_true-truck_pred-automobile.png,5,vit_scratch;mamba_scratch;vit_pretrained_finetuned;mamba_kd_from_scratch_vit;mamba_kd_from_pretrained_vit,True,True,False,False,False,False
735,cifar10_test_00735,/home/tariq/Desktop/Awais-Tariq/base-KD/data/cifar-10-batches-py/test_batch,735,deer,bird,0.9996546506881714,False,/home/tariq/Desktop/Awais-Tariq/base-KD/reports/cifar10_full_audit/vit_scratch/failure_images/00735_true-deer_pred-bird.png,bird,0.9618265628814697,False,/home/tariq/Desktop/Awais-Tariq/base-KD/reports/cifar10_full_audit/mamba_scratch/failure_images/00735_true-deer_pred-bird.png,deer,0.999991774559021,True,,bird,0.9987277388572693,False,/home/tariq/Desktop/Awais-Tariq/base-KD/reports/cifar10_full_audit/mamba_kd_from_scratch_vit/failure_images/00735_true-deer_pred-bird.png,bird,0.9999394416809082,False,/home/tariq/Desktop/Awais-Tariq/base-KD/reports/cifar10_full_audit/mamba_kd_from_pretrained_vit/failure_images/00735_true-deer_pred-bird.png,4,vit_scratch;mamba_scratch;mamba_kd_from_scratch_vit;mamba_kd_from_pretrained_vit,True,False,False,False,False,True
751,cifar10_test_00751,/home/tariq/Desktop/Awais-Tariq/base-KD/data/cifar-10-batches-py/test_batch,751,bird,airplane,0.9284800291061401,False,/home/tariq/Desktop/Awais-Tariq/base-KD/reports/cifar10_full_audit/vit_scratch/failure_images/00751_true-bird_pred-airplane.png,bird,0.6457193493843079,True,,bird,0.9999998807907104,True,,airplane,0.9561575055122375,False,/home/tariq/Desktop/Awais-Tariq/base-KD/reports/cifar10_full_audit/mamba_kd_from_scratch_vit/failure_images/00751_true-bird_pred-airplane.png,airplane,0.9079471230506897,False,/home/tariq/Desktop/Awais-Tariq/base-KD/reports/cifar10_full_audit/mamba_kd_from_pretrained_vit/failure_images/00751_true-bird_pred-airplane.png,3,vit_scratch;mamba_kd_from_scratch_vit;mamba_kd_from_pretrained_vit,True,False,False,False,False,True
767,cifar10_test_00767,/home/tariq/Desktop/Awais-Tariq/base-KD/data/cifar-10-batches-py/test_batch,767,airplane,truck,0.9586440324783325,False,/home/tariq/Desktop/Awais-Tariq/base-KD/reports/cifar10_full_audit/vit_scratch/failure_images/00767_true-airplane_pred-truck.png,truck,0.6950908899307251,False,/home/tariq/Desktop/Awais-Tariq/base-KD/reports/cifar10_full_audit/mamba_scratch/failure_images/00767_true-airplane_pred-truck.png,airplane,1.0,True,,truck,0.7496041059494019,False,/home/tariq/Desktop/Awais-Tariq/base-KD/reports/cifar10_full_audit/mamba_kd_from_scratch_vit/failure_images/00767_true-airplane_pred-truck.png,truck,0.7324477434158325,False,/home/tariq/Desktop/Awais-Tariq/base-KD/reports/cifar10_full_audit/mamba_kd_from_pretrained_vit/failure_images/00767_true-airplane_pred-truck.png,4,vit_scratch;mamba_scratch;mamba_kd_from_scratch_vit;mamba_kd_from_pretrained_vit,True,False,False,False,False,True
773,cifar10_test_00773,/home/tariq/Desktop/Awais-Tariq/base-KD/data/cifar-10-batches-py/test_batch,773,deer,frog,0.9981936812400818,False,/home/tariq/Desktop/Awais-Tariq/base-KD/reports/cifar10_full_audit/vit_scratch/failure_images/00773_true-deer_pred-frog.png,frog,0.9923107624053955,False,/home/tariq/Desktop/Awais-Tariq/base-KD/reports/cifar10_full_audit/mamba_scratch/failure_images/00773_true-deer_pred-frog.png,deer,0.9999984502792358,True,,frog,0.9154969453811646,False,/home/tariq/Desktop/Awais-Tariq/base-KD/reports/cifar10_full_audit/mamba_kd_from_scratch_vit/failure_images/00773_true-deer_pred-frog.png,deer,0.9920286536216736,True,,3,vit_scratch;mamba_scratch;mamba_kd_from_scratch_vit,True,False,False,False,False,False
776,cifar10_test_00776,/home/tariq/Desktop/Awais-Tariq/base-KD/data/cifar-10-batches-py/test_batch,776,bird,bird,0.6969281435012817,True,,dog,0.6791211366653442,False,/home/tariq/Desktop/Awais-Tariq/base-KD/reports/cifar10_full_audit/mamba_scratch/failure_images/00776_true-bird_pred-dog.png,bird,0.9999827146530151,True,,dog,0.9244236946105957,False,/home/tariq/Desktop/Awais-Tariq/base-KD/reports/cifar10_full_audit/mamba_kd_from_scratch_vit/failure_images/00776_true-bird_pred-dog.png,dog,0.7227607369422913,False,/home/tariq/Desktop/Awais-Tariq/base-KD/reports/cifar10_full_audit/mamba_kd_from_pretrained_vit/failure_images/00776_true-bird_pred-dog.png,3,mamba_scratch;mamba_kd_from_scratch_vit;mamba_kd_from_pretrained_vit,True,False,False,True,False,True
790,cifar10_test_00790,/home/tariq/Desktop/Awais-Tariq/base-KD/data/cifar-10-batches-py/test_batch,790,cat,bird,0.7690751552581787,False,/home/tariq/Desktop/Awais-Tariq/base-KD/reports/cifar10_full_audit/vit_scratch/failure_images/00790_true-cat_pred-bird.png,airplane,0.9991838335990906,False,/home/tariq/Desktop/Awais-Tariq/base-KD/reports/cifar10_full_audit/mamba_scratch/failure_images/00790_true-cat_pred-airplane.png,cat,0.9999992847442627,True,,airplane,0.5398715138435364,False,/home/tariq/Desktop/Awais-Tariq/base-KD/reports/cifar10_full_audit/mamba_kd_from_scratch_vit/failure_images/00790_true-cat_pred-airplane.png,deer,0.953922688961029,False,/home/tariq/Desktop/Awais-Tariq/base-KD/reports/cifar10_full_audit/mamba_kd_from_pretrained_vit/failure_images/00790_true-cat_pred-deer.png,4,vit_scratch;mamba_scratch;mamba_kd_from_scratch_vit;mamba_kd_from_pretrained_vit,True,False,False,False,False,True
792,cifar10_test_00792,/home/tariq/Desktop/Awais-Tariq/base-KD/data/cifar-10-batches-py/test_batch,792,cat,horse,0.9271987080574036,False,/home/tariq/Desktop/Awais-Tariq/base-KD/reports/cifar10_full_audit/vit_scratch/failure_images/00792_true-cat_pred-horse.png,horse,0.9740051031112671,False,/home/tariq/Desktop/Awais-Tariq/base-KD/reports/cifar10_full_audit/mamba_scratch/failure_images/00792_true-cat_pred-horse.png,cat,0.999976396560669,True,,horse,0.9211651682853699,False,/home/tariq/Desktop/Awais-Tariq/base-KD/reports/cifar10_full_audit/mamba_kd_from_scratch_vit/failure_images/00792_true-cat_pred-horse.png,dog,0.8173730969429016,False,/home/tariq/Desktop/Awais-Tariq/base-KD/reports/cifar10_full_audit/mamba_kd_from_pretrained_vit/failure_images/00792_true-cat_pred-dog.png,4,vit_scratch;mamba_scratch;mamba_kd_from_scratch_vit;mamba_kd_from_pretrained_vit,True,False,False,False,False,True
796,cifar10_test_00796,/home/tariq/Desktop/Awais-Tariq/base-KD/data/cifar-10-batches-py/test_batch,796,automobile,truck,0.9099215865135193,False,/home/tariq/Desktop/Awais-Tariq/base-KD/reports/cifar10_full_audit/vit_scratch/failure_images/00796_true-automobile_pred-truck.png,ship,0.6306930184364319,False,/home/tariq/Desktop/Awais-Tariq/base-KD/reports/cifar10_full_audit/mamba_scratch/failure_images/00796_true-automobile_pred-ship.png,automobile,0.9999971389770508,True,,truck,0.5375365018844604,False,/home/tariq/Desktop/Awais-Tariq/base-KD/reports/cifar10_full_audit/mamba_kd_from_scratch_vit/failure_images/00796_true-automobile_pred-truck.png,deer,0.8882004022598267,False,/home/tariq/Desktop/Awais-Tariq/base-KD/reports/cifar10_full_audit/mamba_kd_from_pretrained_vit/failure_images/00796_true-automobile_pred-deer.png,4,vit_scratch;mamba_scratch;mamba_kd_from_scratch_vit;mamba_kd_from_pretrained_vit,True,False,False,False,False,True
810,cifar10_test_00810,/home/tariq/Desktop/Awais-Tariq/base-KD/data/cifar-10-batches-py/test_batch,810,dog,cat,0.9997757077217102,False,/home/tariq/Desktop/Awais-Tariq/base-KD/reports/cifar10_full_audit/vit_scratch/failure_images/00810_true-dog_pred-cat.png,cat,0.9932304620742798,False,/home/tariq/Desktop/Awais-Tariq/base-KD/reports/cifar10_full_audit/mamba_scratch/failure_images/00810_true-dog_pred-cat.png,cat,0.9998754262924194,False,/home/tariq/Desktop/Awais-Tariq/base-KD/reports/cifar10_full_audit/vit_pretrained_finetuned/failure_images/00810_true-dog_pred-cat.png,cat,0.9735114574432373,False,/home/tariq/Desktop/Awais-Tariq/base-KD/reports/cifar10_full_audit/mamba_kd_from_scratch_vit/failure_images/00810_true-dog_pred-cat.png,cat,0.6313694715499878,False,/home/tariq/Desktop/Awais-Tariq/base-KD/reports/cifar10_full_audit/mamba_kd_from_pretrained_vit/failure_images/00810_true-dog_pred-cat.png,5,vit_scratch;mamba_scratch;vit_pretrained_finetuned;mamba_kd_from_scratch_vit;mamba_kd_from_pretrained_vit,True,True,False,False,False,False
845,cifar10_test_00845,/home/tariq/Desktop/Awais-Tariq/base-KD/data/cifar-10-batches-py/test_batch,845,cat,horse,0.7219624519348145,False,/home/tariq/Desktop/Awais-Tariq/base-KD/reports/cifar10_full_audit/vit_scratch/failure_images/00845_true-cat_pred-horse.png,bird,0.9799326658248901,False,/home/tariq/Desktop/Awais-Tariq/base-KD/reports/cifar10_full_audit/mamba_scratch/failure_images/00845_true-cat_pred-bird.png,cat,0.9999971389770508,True,,bird,0.8521541357040405,False,/home/tariq/Desktop/Awais-Tariq/base-KD/reports/cifar10_full_audit/mamba_kd_from_scratch_vit/failure_images/00845_true-cat_pred-bird.png,bird,0.995694637298584,False,/home/tariq/Desktop/Awais-Tariq/base-KD/reports/cifar10_full_audit/mamba_kd_from_pretrained_vit/failure_images/00845_true-cat_pred-bird.png,4,vit_scratch;mamba_scratch;mamba_kd_from_scratch_vit;mamba_kd_from_pretrained_vit,True,False,False,False,False,True
862,cifar10_test_00862,/home/tariq/Desktop/Awais-Tariq/base-KD/data/cifar-10-batches-py/test_batch,862,cat,frog,0.9258246421813965,False,/home/tariq/Desktop/Awais-Tariq/base-KD/reports/cifar10_full_audit/vit_scratch/failure_images/00862_true-cat_pred-frog.png,frog,0.9982733726501465,False,/home/tariq/Desktop/Awais-Tariq/base-KD/reports/cifar10_full_audit/mamba_scratch/failure_images/00862_true-cat_pred-frog.png,cat,0.9999902248382568,True,,frog,0.9903613328933716,False,/home/tariq/Desktop/Awais-Tariq/base-KD/reports/cifar10_full_audit/mamba_kd_from_scratch_vit/failure_images/00862_true-cat_pred-frog.png,frog,0.9925906658172607,False,/home/tariq/Desktop/Awais-Tariq/base-KD/reports/cifar10_full_audit/mamba_kd_from_pretrained_vit/failure_images/00862_true-cat_pred-frog.png,4,vit_scratch;mamba_scratch;mamba_kd_from_scratch_vit;mamba_kd_from_pretrained_vit,True,False,False,False,False,True
893,cifar10_test_00893,/home/tariq/Desktop/Awais-Tariq/base-KD/data/cifar-10-batches-py/test_batch,893,frog,cat,0.8995412588119507,False,/home/tariq/Desktop/Awais-Tariq/base-KD/reports/cifar10_full_audit/vit_scratch/failure_images/00893_true-frog_pred-cat.png,deer,0.5408946871757507,False,/home/tariq/Desktop/Awais-Tariq/base-KD/reports/cifar10_full_audit/mamba_scratch/failure_images/00893_true-frog_pred-deer.png,frog,0.9999988079071045,True,,cat,0.5476769804954529,False,/home/tariq/Desktop/Awais-Tariq/base-KD/reports/cifar10_full_audit/mamba_kd_from_scratch_vit/failure_images/00893_true-frog_pred-cat.png,dog,0.6157106161117554,False,/home/tariq/Desktop/Awais-Tariq/base-KD/reports/cifar10_full_audit/mamba_kd_from_pretrained_vit/failure_images/00893_true-frog_pred-dog.png,4,vit_scratch;mamba_scratch;mamba_kd_from_scratch_vit;mamba_kd_from_pretrained_vit,True,False,False,False,False,True
912,cifar10_test_00912,/home/tariq/Desktop/Awais-Tariq/base-KD/data/cifar-10-batches-py/test_batch,912,airplane,bird,0.9910445213317871,False,/home/tariq/Desktop/Awais-Tariq/base-KD/reports/cifar10_full_audit/vit_scratch/failure_images/00912_true-airplane_pred-bird.png,bird,0.9997319579124451,False,/home/tariq/Desktop/Awais-Tariq/base-KD/reports/cifar10_full_audit/mamba_scratch/failure_images/00912_true-airplane_pred-bird.png,airplane,0.9999996423721313,True,,bird,0.951258659362793,False,/home/tariq/Desktop/Awais-Tariq/base-KD/reports/cifar10_full_audit/mamba_kd_from_scratch_vit/failure_images/00912_true-airplane_pred-bird.png,airplane,0.9584715366363525,True,,3,vit_scratch;mamba_scratch;mamba_kd_from_scratch_vit,True,False,False,False,False,False
924,cifar10_test_00924,/home/tariq/Desktop/Awais-Tariq/base-KD/data/cifar-10-batches-py/test_batch,924,dog,cat,0.4753861129283905,False,/home/tariq/Desktop/Awais-Tariq/base-KD/reports/cifar10_full_audit/vit_scratch/failure_images/00924_true-dog_pred-cat.png,horse,0.992993175983429,False,/home/tariq/Desktop/Awais-Tariq/base-KD/reports/cifar10_full_audit/mamba_scratch/failure_images/00924_true-dog_pred-horse.png,dog,0.9999984502792358,True,,horse,0.8434133529663086,False,/home/tariq/Desktop/Awais-Tariq/base-KD/reports/cifar10_full_audit/mamba_kd_from_scratch_vit/failure_images/00924_true-dog_pred-horse.png,dog,0.5538575649261475,True,,3,vit_scratch;mamba_scratch;mamba_kd_from_scratch_vit,True,False,False,False,False,False
925,cifar10_test_00925,/home/tariq/Desktop/Awais-Tariq/base-KD/data/cifar-10-batches-py/test_batch,925,dog,cat,0.9986481070518494,False,/home/tariq/Desktop/Awais-Tariq/base-KD/reports/cifar10_full_audit/vit_scratch/failure_images/00925_true-dog_pred-cat.png,dog,0.5256154537200928,True,,cat,0.5881982445716858,False,/home/tariq/Desktop/Awais-Tariq/base-KD/reports/cifar10_full_audit/vit_pretrained_finetuned/failure_images/00925_true-dog_pred-cat.png,cat,0.5931685566902161,False,/home/tariq/Desktop/Awais-Tariq/base-KD/reports/cifar10_full_audit/mamba_kd_from_scratch_vit/failure_images/00925_true-dog_pred-cat.png,dog,0.9710054397583008,True,,3,vit_scratch;vit_pretrained_finetuned;mamba_kd_from_scratch_vit,True,False,False,False,True,False
933,cifar10_test_00933,/home/tariq/Desktop/Awais-Tariq/base-KD/data/cifar-10-batches-py/test_batch,933,bird,bird,0.6450020670890808,True,,cat,0.9586199522018433,False,/home/tariq/Desktop/Awais-Tariq/base-KD/reports/cifar10_full_audit/mamba_scratch/failure_images/00933_true-bird_pred-cat.png,bird,0.9999995231628418,True,,dog,0.48415666818618774,False,/home/tariq/Desktop/Awais-Tariq/base-KD/reports/cifar10_full_audit/mamba_kd_from_scratch_vit/failure_images/00933_true-bird_pred-dog.png,cat,0.9998636245727539,False,/home/tariq/Desktop/Awais-Tariq/base-KD/reports/cifar10_full_audit/mamba_kd_from_pretrained_vit/failure_images/00933_true-bird_pred-cat.png,3,mamba_scratch;mamba_kd_from_scratch_vit;mamba_kd_from_pretrained_vit,True,False,False,True,False,True
943,cifar10_test_00943,/home/tariq/Desktop/Awais-Tariq/base-KD/data/cifar-10-batches-py/test_batch,943,deer,frog,0.9834839701652527,False,/home/tariq/Desktop/Awais-Tariq/base-KD/reports/cifar10_full_audit/vit_scratch/failure_images/00943_true-deer_pred-frog.png,frog,0.5930016040802002,False,/home/tariq/Desktop/Awais-Tariq/base-KD/reports/cifar10_full_audit/mamba_scratch/failure_images/00943_true-deer_pred-frog.png,deer,0.9999866485595703,True,,deer,0.5295409560203552,True,,frog,0.8472487926483154,False,/home/tariq/Desktop/Awais-Tariq/base-KD/reports/cifar10_full_audit/mamba_kd_from_pretrained_vit/failure_images/00943_true-deer_pred-frog.png,3,vit_scratch;mamba_scratch;mamba_kd_from_pretrained_vit,True,False,True,False,False,True
974,cifar10_test_00974,/home/tariq/Desktop/Awais-Tariq/base-KD/data/cifar-10-batches-py/test_batch,974,horse,airplane,0.9903374910354614,False,/home/tariq/Desktop/Awais-Tariq/base-KD/reports/cifar10_full_audit/vit_scratch/failure_images/00974_true-horse_pred-airplane.png,cat,0.3973962366580963,False,/home/tariq/Desktop/Awais-Tariq/base-KD/reports/cifar10_full_audit/mamba_scratch/failure_images/00974_true-horse_pred-cat.png,horse,0.9999995231628418,True,,airplane,0.6749616861343384,False,/home/tariq/Desktop/Awais-Tariq/base-KD/reports/cifar10_full_audit/mamba_kd_from_scratch_vit/failure_images/00974_true-horse_pred-airplane.png,horse,0.9769171476364136,True,,3,vit_scratch;mamba_scratch;mamba_kd_from_scratch_vit,True,False,False,False,False,False
982,cifar10_test_00982,/home/tariq/Desktop/Awais-Tariq/base-KD/data/cifar-10-batches-py/test_batch,982,airplane,bird,0.9456027150154114,False,/home/tariq/Desktop/Awais-Tariq/base-KD/reports/cifar10_full_audit/vit_scratch/failure_images/00982_true-airplane_pred-bird.png,horse,0.7992216944694519,False,/home/tariq/Desktop/Awais-Tariq/base-KD/reports/cifar10_full_audit/mamba_scratch/failure_images/00982_true-airplane_pred-horse.png,airplane,0.9999996423721313,True,,bird,0.9187147617340088,False,/home/tariq/Desktop/Awais-Tariq/base-KD/reports/cifar10_full_audit/mamba_kd_from_scratch_vit/failure_images/00982_true-airplane_pred-bird.png,bird,0.991748571395874,False,/home/tariq/Desktop/Awais-Tariq/base-KD/reports/cifar10_full_audit/mamba_kd_from_pretrained_vit/failure_images/00982_true-airplane_pred-bird.png,4,vit_scratch;mamba_scratch;mamba_kd_from_scratch_vit;mamba_kd_from_pretrained_vit,True,False,False,False,False,True
991,cifar10_test_00991,/home/tariq/Desktop/Awais-Tariq/base-KD/data/cifar-10-batches-py/test_batch,991,dog,horse,0.9294334650039673,False,/home/tariq/Desktop/Awais-Tariq/base-KD/reports/cifar10_full_audit/vit_scratch/failure_images/00991_true-dog_pred-horse.png,cat,0.8937000036239624,False,/home/tariq/Desktop/Awais-Tariq/base-KD/reports/cifar10_full_audit/mamba_scratch/failure_images/00991_true-dog_pred-cat.png,dog,0.9999815225601196,True,,horse,0.6760340929031372,False,/home/tariq/Desktop/Awais-Tariq/base-KD/reports/cifar10_full_audit/mamba_kd_from_scratch_vit/failure_images/00991_true-dog_pred-horse.png,cat,0.5696989297866821,False,/home/tariq/Desktop/Awais-Tariq/base-KD/reports/cifar10_full_audit/mamba_kd_from_pretrained_vit/failure_images/00991_true-dog_pred-cat.png,4,vit_scratch;mamba_scratch;mamba_kd_from_scratch_vit;mamba_kd_from_pretrained_vit,True,False,False,False,False,True
1032,cifar10_test_01032,/home/tariq/Desktop/Awais-Tariq/base-KD/data/cifar-10-batches-py/test_batch,1032,frog,bird,0.8016464710235596,False,/home/tariq/Desktop/Awais-Tariq/base-KD/reports/cifar10_full_audit/vit_scratch/failure_images/01032_true-frog_pred-bird.png,bird,0.7982587814331055,False,/home/tariq/Desktop/Awais-Tariq/base-KD/reports/cifar10_full_audit/mamba_scratch/failure_images/01032_true-frog_pred-bird.png,frog,0.9999996423721313,True,,bird,0.7937362790107727,False,/home/tariq/Desktop/Awais-Tariq/base-KD/reports/cifar10_full_audit/mamba_kd_from_scratch_vit/failure_images/01032_true-frog_pred-bird.png,bird,0.9903386235237122,False,/home/tariq/Desktop/Awais-Tariq/base-KD/reports/cifar10_full_audit/mamba_kd_from_pretrained_vit/failure_images/01032_true-frog_pred-bird.png,4,vit_scratch;mamba_scratch;mamba_kd_from_scratch_vit;mamba_kd_from_pretrained_vit,True,False,False,False,False,True
1035,cifar10_test_01035,/home/tariq/Desktop/Awais-Tariq/base-KD/data/cifar-10-batches-py/test_batch,1035,frog,horse,0.6717736124992371,False,/home/tariq/Desktop/Awais-Tariq/base-KD/reports/cifar10_full_audit/vit_scratch/failure_images/01035_true-frog_pred-horse.png,cat,0.8932614922523499,False,/home/tariq/Desktop/Awais-Tariq/base-KD/reports/cifar10_full_audit/mamba_scratch/failure_images/01035_true-frog_pred-cat.png,frog,0.9999998807907104,True,,cat,0.7962051630020142,False,/home/tariq/Desktop/Awais-Tariq/base-KD/reports/cifar10_full_audit/mamba_kd_from_scratch_vit/failure_images/01035_true-frog_pred-cat.png,frog,0.999954342842102,True,,3,vit_scratch;mamba_scratch;mamba_kd_from_scratch_vit,True,False,False,False,False,False
1042,cifar10_test_01042,/home/tariq/Desktop/Awais-Tariq/base-KD/data/cifar-10-batches-py/test_batch,1042,dog,horse,0.585006058216095,False,/home/tariq/Desktop/Awais-Tariq/base-KD/reports/cifar10_full_audit/vit_scratch/failure_images/01042_true-dog_pred-horse.png,bird,0.8436648845672607,False,/home/tariq/Desktop/Awais-Tariq/base-KD/reports/cifar10_full_audit/mamba_scratch/failure_images/01042_true-dog_pred-bird.png,dog,0.9999990463256836,True,,bird,0.49699053168296814,False,/home/tariq/Desktop/Awais-Tariq/base-KD/reports/cifar10_full_audit/mamba_kd_from_scratch_vit/failure_images/01042_true-dog_pred-bird.png,cat,0.9915356636047363,False,/home/tariq/Desktop/Awais-Tariq/base-KD/reports/cifar10_full_audit/mamba_kd_from_pretrained_vit/failure_images/01042_true-dog_pred-cat.png,4,vit_scratch;mamba_scratch;mamba_kd_from_scratch_vit;mamba_kd_from_pretrained_vit,True,False,False,False,False,True
1050,cifar10_test_01050,/home/tariq/Desktop/Awais-Tariq/base-KD/data/cifar-10-batches-py/test_batch,1050,cat,horse,0.9617231488227844,False,/home/tariq/Desktop/Awais-Tariq/base-KD/reports/cifar10_full_audit/vit_scratch/failure_images/01050_true-cat_pred-horse.png,cat,0.978809654712677,True,,cat,0.9999966621398926,True,,horse,0.9278895854949951,False,/home/tariq/Desktop/Awais-Tariq/base-KD/reports/cifar10_full_audit/mamba_kd_from_scratch_vit/failure_images/01050_true-cat_pred-horse.png,airplane,0.7464055418968201,False,/home/tariq/Desktop/Awais-Tariq/base-KD/reports/cifar10_full_audit/mamba_kd_from_pretrained_vit/failure_images/01050_true-cat_pred-airplane.png,3,vit_scratch;mamba_kd_from_scratch_vit;mamba_kd_from_pretrained_vit,True,False,False,False,False,True
1080,cifar10_test_01080,/home/tariq/Desktop/Awais-Tariq/base-KD/data/cifar-10-batches-py/test_batch,1080,frog,automobile,0.8640223145484924,False,/home/tariq/Desktop/Awais-Tariq/base-KD/reports/cifar10_full_audit/vit_scratch/failure_images/01080_true-frog_pred-automobile.png,automobile,0.8001963496208191,False,/home/tariq/Desktop/Awais-Tariq/base-KD/reports/cifar10_full_audit/mamba_scratch/failure_images/01080_true-frog_pred-automobile.png,frog,0.9999996423721313,True,,automobile,0.6097056865692139,False,/home/tariq/Desktop/Awais-Tariq/base-KD/reports/cifar10_full_audit/mamba_kd_from_scratch_vit/failure_images/01080_true-frog_pred-automobile.png,frog,0.9999997615814209,True,,3,vit_scratch;mamba_scratch;mamba_kd_from_scratch_vit,True,False,False,False,False,False
1088,cifar10_test_01088,/home/tariq/Desktop/Awais-Tariq/base-KD/data/cifar-10-batches-py/test_batch,1088,cat,dog,0.8083969950675964,False,/home/tariq/Desktop/Awais-Tariq/base-KD/reports/cifar10_full_audit/vit_scratch/failure_images/01088_true-cat_pred-dog.png,dog,0.9999985694885254,False,/home/tariq/Desktop/Awais-Tariq/base-KD/reports/cifar10_full_audit/mamba_scratch/failure_images/01088_true-cat_pred-dog.png,cat,0.9999940395355225,True,,dog,0.9920809864997864,False,/home/tariq/Desktop/Awais-Tariq/base-KD/reports/cifar10_full_audit/mamba_kd_from_scratch_vit/failure_images/01088_true-cat_pred-dog.png,cat,0.7265920639038086,True,,3,vit_scratch;mamba_scratch;mamba_kd_from_scratch_vit,True,False,False,False,False,False
1094,cifar10_test_01094,/home/tariq/Desktop/Awais-Tariq/base-KD/data/cifar-10-batches-py/test_batch,1094,frog,horse,0.46051087975502014,False,/home/tariq/Desktop/Awais-Tariq/base-KD/reports/cifar10_full_audit/vit_scratch/failure_images/01094_true-frog_pred-horse.png,cat,0.5402469038963318,False,/home/tariq/Desktop/Awais-Tariq/base-KD/reports/cifar10_full_audit/mamba_scratch/failure_images/01094_true-frog_pred-cat.png,frog,0.9408290982246399,True,,cat,0.7349961400032043,False,/home/tariq/Desktop/Awais-Tariq/base-KD/reports/cifar10_full_audit/mamba_kd_from_scratch_vit/failure_images/01094_true-frog_pred-cat.png,cat,0.9480888843536377,False,/home/tariq/Desktop/Awais-Tariq/base-KD/reports/cifar10_full_audit/mamba_kd_from_pretrained_vit/failure_images/01094_true-frog_pred-cat.png,4,vit_scratch;mamba_scratch;mamba_kd_from_scratch_vit;mamba_kd_from_pretrained_vit,True,False,False,False,False,True
1105,cifar10_test_01105,/home/tariq/Desktop/Awais-Tariq/base-KD/data/cifar-10-batches-py/test_batch,1105,deer,cat,0.9966048002243042,False,/home/tariq/Desktop/Awais-Tariq/base-KD/reports/cifar10_full_audit/vit_scratch/failure_images/01105_true-deer_pred-cat.png,bird,0.7737001776695251,False,/home/tariq/Desktop/Awais-Tariq/base-KD/reports/cifar10_full_audit/mamba_scratch/failure_images/01105_true-deer_pred-bird.png,deer,0.9951491951942444,True,,deer,0.7485515475273132,True,,bird,0.978613555431366,False,/home/tariq/Desktop/Awais-Tariq/base-KD/reports/cifar10_full_audit/mamba_kd_from_pretrained_vit/failure_images/01105_true-deer_pred-bird.png,3,vit_scratch;mamba_scratch;mamba_kd_from_pretrained_vit,True,False,True,False,False,True
1124,cifar10_test_01124,/home/tariq/Desktop/Awais-Tariq/base-KD/data/cifar-10-batches-py/test_batch,1124,cat,bird,0.9791178703308105,False,/home/tariq/Desktop/Awais-Tariq/base-KD/reports/cifar10_full_audit/vit_scratch/failure_images/01124_true-cat_pred-bird.png,bird,0.9109192490577698,False,/home/tariq/Desktop/Awais-Tariq/base-KD/reports/cifar10_full_audit/mamba_scratch/failure_images/01124_true-cat_pred-bird.png,cat,0.9999939203262329,True,,bird,0.9996762275695801,False,/home/tariq/Desktop/Awais-Tariq/base-KD/reports/cifar10_full_audit/mamba_kd_from_scratch_vit/failure_images/01124_true-cat_pred-bird.png,cat,0.9841280579566956,True,,3,vit_scratch;mamba_scratch;mamba_kd_from_scratch_vit,True,False,False,False,False,False
1131,cifar10_test_01131,/home/tariq/Desktop/Awais-Tariq/base-KD/data/cifar-10-batches-py/test_batch,1131,automobile,automobile,0.7910290360450745,True,,truck,0.9966185092926025,False,/home/tariq/Desktop/Awais-Tariq/base-KD/reports/cifar10_full_audit/mamba_scratch/failure_images/01131_true-automobile_pred-truck.png,automobile,0.9999864101409912,True,,truck,0.6726235747337341,False,/home/tariq/Desktop/Awais-Tariq/base-KD/reports/cifar10_full_audit/mamba_kd_from_scratch_vit/failure_images/01131_true-automobile_pred-truck.png,truck,0.9787256717681885,False,/home/tariq/Desktop/Awais-Tariq/base-KD/reports/cifar10_full_audit/mamba_kd_from_pretrained_vit/failure_images/01131_true-automobile_pred-truck.png,3,mamba_scratch;mamba_kd_from_scratch_vit;mamba_kd_from_pretrained_vit,True,False,False,True,False,True
1132,cifar10_test_01132,/home/tariq/Desktop/Awais-Tariq/base-KD/data/cifar-10-batches-py/test_batch,1132,bird,horse,0.9987686276435852,False,/home/tariq/Desktop/Awais-Tariq/base-KD/reports/cifar10_full_audit/vit_scratch/failure_images/01132_true-bird_pred-horse.png,cat,0.7680201530456543,False,/home/tariq/Desktop/Awais-Tariq/base-KD/reports/cifar10_full_audit/mamba_scratch/failure_images/01132_true-bird_pred-cat.png,bird,1.0,True,,horse,0.970373272895813,False,/home/tariq/Desktop/Awais-Tariq/base-KD/reports/cifar10_full_audit/mamba_kd_from_scratch_vit/failure_images/01132_true-bird_pred-horse.png,bird,0.7920973300933838,True,,3,vit_scratch;mamba_scratch;mamba_kd_from_scratch_vit,True,False,False,False,False,False
1137,cifar10_test_01137,/home/tariq/Desktop/Awais-Tariq/base-KD/data/cifar-10-batches-py/test_batch,1137,airplane,truck,0.9984910488128662,False,/home/tariq/Desktop/Awais-Tariq/base-KD/reports/cifar10_full_audit/vit_scratch/failure_images/01137_true-airplane_pred-truck.png,truck,0.9970678687095642,False,/home/tariq/Desktop/Awais-Tariq/base-KD/reports/cifar10_full_audit/mamba_scratch/failure_images/01137_true-airplane_pred-truck.png,airplane,0.9999982118606567,True,,truck,0.9855539202690125,False,/home/tariq/Desktop/Awais-Tariq/base-KD/reports/cifar10_full_audit/mamba_kd_from_scratch_vit/failure_images/01137_true-airplane_pred-truck.png,airplane,0.5039446949958801,True,,3,vit_scratch;mamba_scratch;mamba_kd_from_scratch_vit,True,False,False,False,False,False
1150,cifar10_test_01150,/home/tariq/Desktop/Awais-Tariq/base-KD/data/cifar-10-batches-py/test_batch,1150,bird,cat,0.9988179802894592,False,/home/tariq/Desktop/Awais-Tariq/base-KD/reports/cifar10_full_audit/vit_scratch/failure_images/01150_true-bird_pred-cat.png,deer,0.7961394786834717,False,/home/tariq/Desktop/Awais-Tariq/base-KD/reports/cifar10_full_audit/mamba_scratch/failure_images/01150_true-bird_pred-deer.png,bird,0.9999986886978149,True,,cat,0.674428403377533,False,/home/tariq/Desktop/Awais-Tariq/base-KD/reports/cifar10_full_audit/mamba_kd_from_scratch_vit/failure_images/01150_true-bird_pred-cat.png,deer,0.9246881604194641,False,/home/tariq/Desktop/Awais-Tariq/base-KD/reports/cifar10_full_audit/mamba_kd_from_pretrained_vit/failure_images/01150_true-bird_pred-deer.png,4,vit_scratch;mamba_scratch;mamba_kd_from_scratch_vit;mamba_kd_from_pretrained_vit,True,False,False,False,False,True
1163,cifar10_test_01163,/home/tariq/Desktop/Awais-Tariq/base-KD/data/cifar-10-batches-py/test_batch,1163,cat,horse,0.979598343372345,False,/home/tariq/Desktop/Awais-Tariq/base-KD/reports/cifar10_full_audit/vit_scratch/failure_images/01163_true-cat_pred-horse.png,cat,0.7967257499694824,True,,cat,0.999995231628418,True,,horse,0.7459844946861267,False,/home/tariq/Desktop/Awais-Tariq/base-KD/reports/cifar10_full_audit/mamba_kd_from_scratch_vit/failure_images/01163_true-cat_pred-horse.png,horse,0.6094486117362976,False,/home/tariq/Desktop/Awais-Tariq/base-KD/reports/cifar10_full_audit/mamba_kd_from_pretrained_vit/failure_images/01163_true-cat_pred-horse.png,3,vit_scratch;mamba_kd_from_scratch_vit;mamba_kd_from_pretrained_vit,True,False,False,False,False,True
1222,cifar10_test_01222,/home/tariq/Desktop/Awais-Tariq/base-KD/data/cifar-10-batches-py/test_batch,1222,truck,automobile,0.7194859981536865,False,/home/tariq/Desktop/Awais-Tariq/base-KD/reports/cifar10_full_audit/vit_scratch/failure_images/01222_true-truck_pred-automobile.png,automobile,0.9929332733154297,False,/home/tariq/Desktop/Awais-Tariq/base-KD/reports/cifar10_full_audit/mamba_scratch/failure_images/01222_true-truck_pred-automobile.png,truck,0.999995231628418,True,,automobile,0.8362254500389099,False,/home/tariq/Desktop/Awais-Tariq/base-KD/reports/cifar10_full_audit/mamba_kd_from_scratch_vit/failure_images/01222_true-truck_pred-automobile.png,automobile,0.9996883869171143,False,/home/tariq/Desktop/Awais-Tariq/base-KD/reports/cifar10_full_audit/mamba_kd_from_pretrained_vit/failure_images/01222_true-truck_pred-automobile.png,4,vit_scratch;mamba_scratch;mamba_kd_from_scratch_vit;mamba_kd_from_pretrained_vit,True,False,False,False,False,True
1230,cifar10_test_01230,/home/tariq/Desktop/Awais-Tariq/base-KD/data/cifar-10-batches-py/test_batch,1230,dog,cat,0.9992465972900391,False,/home/tariq/Desktop/Awais-Tariq/base-KD/reports/cifar10_full_audit/vit_scratch/failure_images/01230_true-dog_pred-cat.png,cat,0.9973337650299072,False,/home/tariq/Desktop/Awais-Tariq/base-KD/reports/cifar10_full_audit/mamba_scratch/failure_images/01230_true-dog_pred-cat.png,dog,0.9999996423721313,True,,cat,0.9787293672561646,False,/home/tariq/Desktop/Awais-Tariq/base-KD/reports/cifar10_full_audit/mamba_kd_from_scratch_vit/failure_images/01230_true-dog_pred-cat.png,cat,0.9982830286026001,False,/home/tariq/Desktop/Awais-Tariq/base-KD/reports/cifar10_full_audit/mamba_kd_from_pretrained_vit/failure_images/01230_true-dog_pred-cat.png,4,vit_scratch;mamba_scratch;mamba_kd_from_scratch_vit;mamba_kd_from_pretrained_vit,True,False,False,False,False,True
1236,cifar10_test_01236,/home/tariq/Desktop/Awais-Tariq/base-KD/data/cifar-10-batches-py/test_batch,1236,horse,cat,0.975650429725647,False,/home/tariq/Desktop/Awais-Tariq/base-KD/reports/cifar10_full_audit/vit_scratch/failure_images/01236_true-horse_pred-cat.png,bird,0.5916128158569336,False,/home/tariq/Desktop/Awais-Tariq/base-KD/reports/cifar10_full_audit/mamba_scratch/failure_images/01236_true-horse_pred-bird.png,dog,0.9995613694190979,False,/home/tariq/Desktop/Awais-Tariq/base-KD/reports/cifar10_full_audit/vit_pretrained_finetuned/failure_images/01236_true-horse_pred-dog.png,cat,0.8734919428825378,False,/home/tariq/Desktop/Awais-Tariq/base-KD/reports/cifar10_full_audit/mamba_kd_from_scratch_vit/failure_images/01236_true-horse_pred-cat.png,cat,0.5609201192855835,False,/home/tariq/Desktop/Awais-Tariq/base-KD/reports/cifar10_full_audit/mamba_kd_from_pretrained_vit/failure_images/01236_true-horse_pred-cat.png,5,vit_scratch;mamba_scratch;vit_pretrained_finetuned;mamba_kd_from_scratch_vit;mamba_kd_from_pretrained_vit,True,True,False,False,False,False
1248,cifar10_test_01248,/home/tariq/Desktop/Awais-Tariq/base-KD/data/cifar-10-batches-py/test_batch,1248,bird,cat,0.9880361557006836,False,/home/tariq/Desktop/Awais-Tariq/base-KD/reports/cifar10_full_audit/vit_scratch/failure_images/01248_true-bird_pred-cat.png,bird,0.9076970815658569,True,,bird,0.999996542930603,True,,cat,0.3864551782608032,False,/home/tariq/Desktop/Awais-Tariq/base-KD/reports/cifar10_full_audit/mamba_kd_from_scratch_vit/failure_images/01248_true-bird_pred-cat.png,deer,0.6429505944252014,False,/home/tariq/Desktop/Awais-Tariq/base-KD/reports/cifar10_full_audit/mamba_kd_from_pretrained_vit/failure_images/01248_true-bird_pred-deer.png,3,vit_scratch;mamba_kd_from_scratch_vit;mamba_kd_from_pretrained_vit,True,False,False,False,False,True
1249,cifar10_test_01249,/home/tariq/Desktop/Awais-Tariq/base-KD/data/cifar-10-batches-py/test_batch,1249,deer,frog,0.998608410358429,False,/home/tariq/Desktop/Awais-Tariq/base-KD/reports/cifar10_full_audit/vit_scratch/failure_images/01249_true-deer_pred-frog.png,frog,0.7766239643096924,False,/home/tariq/Desktop/Awais-Tariq/base-KD/reports/cifar10_full_audit/mamba_scratch/failure_images/01249_true-deer_pred-frog.png,deer,0.9999998807907104,True,,frog,0.8078661561012268,False,/home/tariq/Desktop/Awais-Tariq/base-KD/reports/cifar10_full_audit/mamba_kd_from_scratch_vit/failure_images/01249_true-deer_pred-frog.png,deer,0.9989363551139832,True,,3,vit_scratch;mamba_scratch;mamba_kd_from_scratch_vit,True,False,False,False,False,False
1307,cifar10_test_01307,/home/tariq/Desktop/Awais-Tariq/base-KD/data/cifar-10-batches-py/test_batch,1307,bird,airplane,0.9959083795547485,False,/home/tariq/Desktop/Awais-Tariq/base-KD/reports/cifar10_full_audit/vit_scratch/failure_images/01307_true-bird_pred-airplane.png,airplane,0.504706621170044,False,/home/tariq/Desktop/Awais-Tariq/base-KD/reports/cifar10_full_audit/mamba_scratch/failure_images/01307_true-bird_pred-airplane.png,airplane,0.9056934714317322,False,/home/tariq/Desktop/Awais-Tariq/base-KD/reports/cifar10_full_audit/vit_pretrained_finetuned/failure_images/01307_true-bird_pred-airplane.png,bird,0.5560645461082458,True,,bird,0.9975197911262512,True,,3,vit_scratch;mamba_scratch;vit_pretrained_finetuned,True,False,True,False,True,False
1325,cifar10_test_01325,/home/tariq/Desktop/Awais-Tariq/base-KD/data/cifar-10-batches-py/test_batch,1325,bird,bird,0.9749147295951843,True,,deer,0.9999526739120483,False,/home/tariq/Desktop/Awais-Tariq/base-KD/reports/cifar10_full_audit/mamba_scratch/failure_images/01325_true-bird_pred-deer.png,bird,0.9995418787002563,True,,deer,0.9692628979682922,False,/home/tariq/Desktop/Awais-Tariq/base-KD/reports/cifar10_full_audit/mamba_kd_from_scratch_vit/failure_images/01325_true-bird_pred-deer.png,deer,0.9996869564056396,False,/home/tariq/Desktop/Awais-Tariq/base-KD/reports/cifar10_full_audit/mamba_kd_from_pretrained_vit/failure_images/01325_true-bird_pred-deer.png,3,mamba_scratch;mamba_kd_from_scratch_vit;mamba_kd_from_pretrained_vit,True,False,False,True,False,True
1339,cifar10_test_01339,/home/tariq/Desktop/Awais-Tariq/base-KD/data/cifar-10-batches-py/test_batch,1339,dog,cat,0.9203803539276123,False,/home/tariq/Desktop/Awais-Tariq/base-KD/reports/cifar10_full_audit/vit_scratch/failure_images/01339_true-dog_pred-cat.png,cat,0.7320122122764587,False,/home/tariq/Desktop/Awais-Tariq/base-KD/reports/cifar10_full_audit/mamba_scratch/failure_images/01339_true-dog_pred-cat.png,dog,0.9999911785125732,True,,horse,0.852885901927948,False,/home/tariq/Desktop/Awais-Tariq/base-KD/reports/cifar10_full_audit/mamba_kd_from_scratch_vit/failure_images/01339_true-dog_pred-horse.png,cat,0.9983692765235901,False,/home/tariq/Desktop/Awais-Tariq/base-KD/reports/cifar10_full_audit/mamba_kd_from_pretrained_vit/failure_images/01339_true-dog_pred-cat.png,4,vit_scratch;mamba_scratch;mamba_kd_from_scratch_vit;mamba_kd_from_pretrained_vit,True,False,False,False,False,True
1353,cifar10_test_01353,/home/tariq/Desktop/Awais-Tariq/base-KD/data/cifar-10-batches-py/test_batch,1353,cat,deer,0.9983200430870056,False,/home/tariq/Desktop/Awais-Tariq/base-KD/reports/cifar10_full_audit/vit_scratch/failure_images/01353_true-cat_pred-deer.png,deer,0.976077139377594,False,/home/tariq/Desktop/Awais-Tariq/base-KD/reports/cifar10_full_audit/mamba_scratch/failure_images/01353_true-cat_pred-deer.png,cat,0.999947190284729,True,,deer,0.988666296005249,False,/home/tariq/Desktop/Awais-Tariq/base-KD/reports/cifar10_full_audit/mamba_kd_from_scratch_vit/failure_images/01353_true-cat_pred-deer.png,cat,0.9985879063606262,True,,3,vit_scratch;mamba_scratch;mamba_kd_from_scratch_vit,True,False,False,False,False,False
1355,cifar10_test_01355,/home/tariq/Desktop/Awais-Tariq/base-KD/data/cifar-10-batches-py/test_batch,1355,dog,bird,0.7317814230918884,False,/home/tariq/Desktop/Awais-Tariq/base-KD/reports/cifar10_full_audit/vit_scratch/failure_images/01355_true-dog_pred-bird.png,horse,0.957209050655365,False,/home/tariq/Desktop/Awais-Tariq/base-KD/reports/cifar10_full_audit/mamba_scratch/failure_images/01355_true-dog_pred-horse.png,dog,0.9999961853027344,True,,horse,0.401518851518631,False,/home/tariq/Desktop/Awais-Tariq/base-KD/reports/cifar10_full_audit/mamba_kd_from_scratch_vit/failure_images/01355_true-dog_pred-horse.png,bird,0.997462272644043,False,/home/tariq/Desktop/Awais-Tariq/base-KD/reports/cifar10_full_audit/mamba_kd_from_pretrained_vit/failure_images/01355_true-dog_pred-bird.png,4,vit_scratch;mamba_scratch;mamba_kd_from_scratch_vit;mamba_kd_from_pretrained_vit,True,False,False,False,False,True
1385,cifar10_test_01385,/home/tariq/Desktop/Awais-Tariq/base-KD/data/cifar-10-batches-py/test_batch,1385,dog,cat,0.8291276097297668,False,/home/tariq/Desktop/Awais-Tariq/base-KD/reports/cifar10_full_audit/vit_scratch/failure_images/01385_true-dog_pred-cat.png,cat,0.908722996711731,False,/home/tariq/Desktop/Awais-Tariq/base-KD/reports/cifar10_full_audit/mamba_scratch/failure_images/01385_true-dog_pred-cat.png,dog,0.9999996423721313,True,,dog,0.6023228764533997,True,,cat,0.6598737239837646,False,/home/tariq/Desktop/Awais-Tariq/base-KD/reports/cifar10_full_audit/mamba_kd_from_pretrained_vit/failure_images/01385_true-dog_pred-cat.png,3,vit_scratch;mamba_scratch;mamba_kd_from_pretrained_vit,True,False,True,False,False,True
1420,cifar10_test_01420,/home/tariq/Desktop/Awais-Tariq/base-KD/data/cifar-10-batches-py/test_batch,1420,deer,horse,0.9967645406723022,False,/home/tariq/Desktop/Awais-Tariq/base-KD/reports/cifar10_full_audit/vit_scratch/failure_images/01420_true-deer_pred-horse.png,horse,0.9449439644813538,False,/home/tariq/Desktop/Awais-Tariq/base-KD/reports/cifar10_full_audit/mamba_scratch/failure_images/01420_true-deer_pred-horse.png,deer,0.9999996423721313,True,,horse,0.9921870231628418,False,/home/tariq/Desktop/Awais-Tariq/base-KD/reports/cifar10_full_audit/mamba_kd_from_scratch_vit/failure_images/01420_true-deer_pred-horse.png,deer,0.9997221827507019,True,,3,vit_scratch;mamba_scratch;mamba_kd_from_scratch_vit,True,False,False,False,False,False
1439,cifar10_test_01439,/home/tariq/Desktop/Awais-Tariq/base-KD/data/cifar-10-batches-py/test_batch,1439,truck,automobile,0.9955906867980957,False,/home/tariq/Desktop/Awais-Tariq/base-KD/reports/cifar10_full_audit/vit_scratch/failure_images/01439_true-truck_pred-automobile.png,automobile,0.9615731239318848,False,/home/tariq/Desktop/Awais-Tariq/base-KD/reports/cifar10_full_audit/mamba_scratch/failure_images/01439_true-truck_pred-automobile.png,truck,0.9989888072013855,True,,automobile,0.9975886344909668,False,/home/tariq/Desktop/Awais-Tariq/base-KD/reports/cifar10_full_audit/mamba_kd_from_scratch_vit/failure_images/01439_true-truck_pred-automobile.png,automobile,0.9909142255783081,False,/home/tariq/Desktop/Awais-Tariq/base-KD/reports/cifar10_full_audit/mamba_kd_from_pretrained_vit/failure_images/01439_true-truck_pred-automobile.png,4,vit_scratch;mamba_scratch;mamba_kd_from_scratch_vit;mamba_kd_from_pretrained_vit,True,False,False,False,False,True
1442,cifar10_test_01442,/home/tariq/Desktop/Awais-Tariq/base-KD/data/cifar-10-batches-py/test_batch,1442,cat,frog,0.9166642427444458,False,/home/tariq/Desktop/Awais-Tariq/base-KD/reports/cifar10_full_audit/vit_scratch/failure_images/01442_true-cat_pred-frog.png,cat,0.9593560099601746,True,,dog,0.999607264995575,False,/home/tariq/Desktop/Awais-Tariq/base-KD/reports/cifar10_full_audit/vit_pretrained_finetuned/failure_images/01442_true-cat_pred-dog.png,dog,0.5774635672569275,False,/home/tariq/Desktop/Awais-Tariq/base-KD/reports/cifar10_full_audit/mamba_kd_from_scratch_vit/failure_images/01442_true-cat_pred-dog.png,dog,0.9206207394599915,False,/home/tariq/Desktop/Awais-Tariq/base-KD/reports/cifar10_full_audit/mamba_kd_from_pretrained_vit/failure_images/01442_true-cat_pred-dog.png,4,vit_scratch;vit_pretrained_finetuned;mamba_kd_from_scratch_vit;mamba_kd_from_pretrained_vit,True,False,False,False,False,False
1445,cifar10_test_01445,/home/tariq/Desktop/Awais-Tariq/base-KD/data/cifar-10-batches-py/test_batch,1445,cat,bird,0.46890944242477417,False,/home/tariq/Desktop/Awais-Tariq/base-KD/reports/cifar10_full_audit/vit_scratch/failure_images/01445_true-cat_pred-bird.png,deer,0.6384952664375305,False,/home/tariq/Desktop/Awais-Tariq/base-KD/reports/cifar10_full_audit/mamba_scratch/failure_images/01445_true-cat_pred-deer.png,cat,0.9999983310699463,True,,cat,0.6397761702537537,True,,deer,0.9434648156166077,False,/home/tariq/Desktop/Awais-Tariq/base-KD/reports/cifar10_full_audit/mamba_kd_from_pretrained_vit/failure_images/01445_true-cat_pred-deer.png,3,vit_scratch;mamba_scratch;mamba_kd_from_pretrained_vit,True,False,True,False,False,True
1470,cifar10_test_01470,/home/tariq/Desktop/Awais-Tariq/base-KD/data/cifar-10-batches-py/test_batch,1470,horse,dog,0.8826228976249695,False,/home/tariq/Desktop/Awais-Tariq/base-KD/reports/cifar10_full_audit/vit_scratch/failure_images/01470_true-horse_pred-dog.png,dog,0.45954978466033936,False,/home/tariq/Desktop/Awais-Tariq/base-KD/reports/cifar10_full_audit/mamba_scratch/failure_images/01470_true-horse_pred-dog.png,horse,1.0,True,,bird,0.7836423516273499,False,/home/tariq/Desktop/Awais-Tariq/base-KD/reports/cifar10_full_audit/mamba_kd_from_scratch_vit/failure_images/01470_true-horse_pred-bird.png,dog,0.5071653723716736,False,/home/tariq/Desktop/Awais-Tariq/base-KD/reports/cifar10_full_audit/mamba_kd_from_pretrained_vit/failure_images/01470_true-horse_pred-dog.png,4,vit_scratch;mamba_scratch;mamba_kd_from_scratch_vit;mamba_kd_from_pretrained_vit,True,False,False,False,False,True
1474,cifar10_test_01474,/home/tariq/Desktop/Awais-Tariq/base-KD/data/cifar-10-batches-py/test_batch,1474,cat,horse,0.9962511658668518,False,/home/tariq/Desktop/Awais-Tariq/base-KD/reports/cifar10_full_audit/vit_scratch/failure_images/01474_true-cat_pred-horse.png,horse,0.8526924848556519,False,/home/tariq/Desktop/Awais-Tariq/base-KD/reports/cifar10_full_audit/mamba_scratch/failure_images/01474_true-cat_pred-horse.png,cat,0.9999332427978516,True,,horse,0.9995898604393005,False,/home/tariq/Desktop/Awais-Tariq/base-KD/reports/cifar10_full_audit/mamba_kd_from_scratch_vit/failure_images/01474_true-cat_pred-horse.png,cat,0.6304500102996826,True,,3,vit_scratch;mamba_scratch;mamba_kd_from_scratch_vit,True,False,False,False,False,False
1495,cifar10_test_01495,/home/tariq/Desktop/Awais-Tariq/base-KD/data/cifar-10-batches-py/test_batch,1495,bird,airplane,0.9998242259025574,False,/home/tariq/Desktop/Awais-Tariq/base-KD/reports/cifar10_full_audit/vit_scratch/failure_images/01495_true-bird_pred-airplane.png,airplane,0.970115602016449,False,/home/tariq/Desktop/Awais-Tariq/base-KD/reports/cifar10_full_audit/mamba_scratch/failure_images/01495_true-bird_pred-airplane.png,bird,0.9999992847442627,True,,airplane,0.9909197092056274,False,/home/tariq/Desktop/Awais-Tariq/base-KD/reports/cifar10_full_audit/mamba_kd_from_scratch_vit/failure_images/01495_true-bird_pred-airplane.png,airplane,0.999566376209259,False,/home/tariq/Desktop/Awais-Tariq/base-KD/reports/cifar10_full_audit/mamba_kd_from_pretrained_vit/failure_images/01495_true-bird_pred-airplane.png,4,vit_scratch;mamba_scratch;mamba_kd_from_scratch_vit;mamba_kd_from_pretrained_vit,True,False,False,False,False,True
1498,cifar10_test_01498,/home/tariq/Desktop/Awais-Tariq/base-KD/data/cifar-10-batches-py/test_batch,1498,dog,cat,0.5588565468788147,False,/home/tariq/Desktop/Awais-Tariq/base-KD/reports/cifar10_full_audit/vit_scratch/failure_images/01498_true-dog_pred-cat.png,cat,0.9853292107582092,False,/home/tariq/Desktop/Awais-Tariq/base-KD/reports/cifar10_full_audit/mamba_scratch/failure_images/01498_true-dog_pred-cat.png,dog,0.9998961687088013,True,,cat,0.7551513910293579,False,/home/tariq/Desktop/Awais-Tariq/base-KD/reports/cifar10_full_audit/mamba_kd_from_scratch_vit/failure_images/01498_true-dog_pred-cat.png,cat,0.7546807527542114,False,/home/tariq/Desktop/Awais-Tariq/base-KD/reports/cifar10_full_audit/mamba_kd_from_pretrained_vit/failure_images/01498_true-dog_pred-cat.png,4,vit_scratch;mamba_scratch;mamba_kd_from_scratch_vit;mamba_kd_from_pretrained_vit,True,False,False,False,False,True
1506,cifar10_test_01506,/home/tariq/Desktop/Awais-Tariq/base-KD/data/cifar-10-batches-py/test_batch,1506,dog,horse,0.9977498650550842,False,/home/tariq/Desktop/Awais-Tariq/base-KD/reports/cifar10_full_audit/vit_scratch/failure_images/01506_true-dog_pred-horse.png,horse,0.5079273581504822,False,/home/tariq/Desktop/Awais-Tariq/base-KD/reports/cifar10_full_audit/mamba_scratch/failure_images/01506_true-dog_pred-horse.png,horse,0.9999927282333374,False,/home/tariq/Desktop/Awais-Tariq/base-KD/reports/cifar10_full_audit/vit_pretrained_finetuned/failure_images/01506_true-dog_pred-horse.png,horse,0.9940391778945923,False,/home/tariq/Desktop/Awais-Tariq/base-KD/reports/cifar10_full_audit/mamba_kd_from_scratch_vit/failure_images/01506_true-dog_pred-horse.png,horse,0.9999946355819702,False,/home/tariq/Desktop/Awais-Tariq/base-KD/reports/cifar10_full_audit/mamba_kd_from_pretrained_vit/failure_images/01506_true-dog_pred-horse.png,5,vit_scratch;mamba_scratch;vit_pretrained_finetuned;mamba_kd_from_scratch_vit;mamba_kd_from_pretrained_vit,True,True,False,False,False,False
1536,cifar10_test_01536,/home/tariq/Desktop/Awais-Tariq/base-KD/data/cifar-10-batches-py/test_batch,1536,dog,cat,0.9991501569747925,False,/home/tariq/Desktop/Awais-Tariq/base-KD/reports/cifar10_full_audit/vit_scratch/failure_images/01536_true-dog_pred-cat.png,cat,0.9794673323631287,False,/home/tariq/Desktop/Awais-Tariq/base-KD/reports/cifar10_full_audit/mamba_scratch/failure_images/01536_true-dog_pred-cat.png,dog,0.9999932050704956,True,,cat,0.994610071182251,False,/home/tariq/Desktop/Awais-Tariq/base-KD/reports/cifar10_full_audit/mamba_kd_from_scratch_vit/failure_images/01536_true-dog_pred-cat.png,cat,0.9464331269264221,False,/home/tariq/Desktop/Awais-Tariq/base-KD/reports/cifar10_full_audit/mamba_kd_from_pretrained_vit/failure_images/01536_true-dog_pred-cat.png,4,vit_scratch;mamba_scratch;mamba_kd_from_scratch_vit;mamba_kd_from_pretrained_vit,True,False,False,False,False,True
1538,cifar10_test_01538,/home/tariq/Desktop/Awais-Tariq/base-KD/data/cifar-10-batches-py/test_batch,1538,cat,ship,0.7712506651878357,False,/home/tariq/Desktop/Awais-Tariq/base-KD/reports/cifar10_full_audit/vit_scratch/failure_images/01538_true-cat_pred-ship.png,truck,0.8950403332710266,False,/home/tariq/Desktop/Awais-Tariq/base-KD/reports/cifar10_full_audit/mamba_scratch/failure_images/01538_true-cat_pred-truck.png,cat,0.9999939203262329,True,,cat,0.7937760949134827,True,,truck,0.954876720905304,False,/home/tariq/Desktop/Awais-Tariq/base-KD/reports/cifar10_full_audit/mamba_kd_from_pretrained_vit/failure_images/01538_true-cat_pred-truck.png,3,vit_scratch;mamba_scratch;mamba_kd_from_pretrained_vit,True,False,True,False,False,True
1545,cifar10_test_01545,/home/tariq/Desktop/Awais-Tariq/base-KD/data/cifar-10-batches-py/test_batch,1545,automobile,truck,0.9815803170204163,False,/home/tariq/Desktop/Awais-Tariq/base-KD/reports/cifar10_full_audit/vit_scratch/failure_images/01545_true-automobile_pred-truck.png,automobile,0.8631396293640137,True,,automobile,0.9999992847442627,True,,truck,0.961572527885437,False,/home/tariq/Desktop/Awais-Tariq/base-KD/reports/cifar10_full_audit/mamba_kd_from_scratch_vit/failure_images/01545_true-automobile_pred-truck.png,truck,0.7396218776702881,False,/home/tariq/Desktop/Awais-Tariq/base-KD/reports/cifar10_full_audit/mamba_kd_from_pretrained_vit/failure_images/01545_true-automobile_pred-truck.png,3,vit_scratch;mamba_kd_from_scratch_vit;mamba_kd_from_pretrained_vit,True,False,False,False,False,True
1572,cifar10_test_01572,/home/tariq/Desktop/Awais-Tariq/base-KD/data/cifar-10-batches-py/test_batch,1572,frog,cat,0.998757004737854,False,/home/tariq/Desktop/Awais-Tariq/base-KD/reports/cifar10_full_audit/vit_scratch/failure_images/01572_true-frog_pred-cat.png,frog,0.6431310772895813,True,,frog,0.9999997615814209,True,,cat,0.5665156841278076,False,/home/tariq/Desktop/Awais-Tariq/base-KD/reports/cifar10_full_audit/mamba_kd_from_scratch_vit/failure_images/01572_true-frog_pred-cat.png,cat,0.9888004064559937,False,/home/tariq/Desktop/Awais-Tariq/base-KD/reports/cifar10_full_audit/mamba_kd_from_pretrained_vit/failure_images/01572_true-frog_pred-cat.png,3,vit_scratch;mamba_kd_from_scratch_vit;mamba_kd_from_pretrained_vit,True,False,False,False,False,True
1577,cifar10_test_01577,/home/tariq/Desktop/Awais-Tariq/base-KD/data/cifar-10-batches-py/test_batch,1577,dog,frog,0.9712175726890564,False,/home/tariq/Desktop/Awais-Tariq/base-KD/reports/cifar10_full_audit/vit_scratch/failure_images/01577_true-dog_pred-frog.png,cat,0.8687695860862732,False,/home/tariq/Desktop/Awais-Tariq/base-KD/reports/cifar10_full_audit/mamba_scratch/failure_images/01577_true-dog_pred-cat.png,dog,0.9993115663528442,True,,frog,0.7834702134132385,False,/home/tariq/Desktop/Awais-Tariq/base-KD/reports/cifar10_full_audit/mamba_kd_from_scratch_vit/failure_images/01577_true-dog_pred-frog.png,cat,0.9994779229164124,False,/home/tariq/Desktop/Awais-Tariq/base-KD/reports/cifar10_full_audit/mamba_kd_from_pretrained_vit/failure_images/01577_true-dog_pred-cat.png,4,vit_scratch;mamba_scratch;mamba_kd_from_scratch_vit;mamba_kd_from_pretrained_vit,True,False,False,False,False,True
1580,cifar10_test_01580,/home/tariq/Desktop/Awais-Tariq/base-KD/data/cifar-10-batches-py/test_batch,1580,frog,automobile,0.7487538456916809,False,/home/tariq/Desktop/Awais-Tariq/base-KD/reports/cifar10_full_audit/vit_scratch/failure_images/01580_true-frog_pred-automobile.png,bird,0.8515384793281555,False,/home/tariq/Desktop/Awais-Tariq/base-KD/reports/cifar10_full_audit/mamba_scratch/failure_images/01580_true-frog_pred-bird.png,frog,0.9999964237213135,True,,automobile,0.6910274028778076,False,/home/tariq/Desktop/Awais-Tariq/base-KD/reports/cifar10_full_audit/mamba_kd_from_scratch_vit/failure_images/01580_true-frog_pred-automobile.png,frog,0.9789159893989563,True,,3,vit_scratch;mamba_scratch;mamba_kd_from_scratch_vit,True,False,False,False,False,False
1610,cifar10_test_01610,/home/tariq/Desktop/Awais-Tariq/base-KD/data/cifar-10-batches-py/test_batch,1610,bird,airplane,0.5421396493911743,False,/home/tariq/Desktop/Awais-Tariq/base-KD/reports/cifar10_full_audit/vit_scratch/failure_images/01610_true-bird_pred-airplane.png,bird,0.6334670186042786,True,,bird,0.999997615814209,True,,deer,0.374337762594223,False,/home/tariq/Desktop/Awais-Tariq/base-KD/reports/cifar10_full_audit/mamba_kd_from_scratch_vit/failure_images/01610_true-bird_pred-deer.png,deer,0.5912885069847107,False,/home/tariq/Desktop/Awais-Tariq/base-KD/reports/cifar10_full_audit/mamba_kd_from_pretrained_vit/failure_images/01610_true-bird_pred-deer.png,3,vit_scratch;mamba_kd_from_scratch_vit;mamba_kd_from_pretrained_vit,True,False,False,False,False,True
1684,cifar10_test_01684,/home/tariq/Desktop/Awais-Tariq/base-KD/data/cifar-10-batches-py/test_batch,1684,automobile,ship,0.662020742893219,False,/home/tariq/Desktop/Awais-Tariq/base-KD/reports/cifar10_full_audit/vit_scratch/failure_images/01684_true-automobile_pred-ship.png,ship,0.9634679555892944,False,/home/tariq/Desktop/Awais-Tariq/base-KD/reports/cifar10_full_audit/mamba_scratch/failure_images/01684_true-automobile_pred-ship.png,automobile,0.9999988079071045,True,,ship,0.9340487718582153,False,/home/tariq/Desktop/Awais-Tariq/base-KD/reports/cifar10_full_audit/mamba_kd_from_scratch_vit/failure_images/01684_true-automobile_pred-ship.png,ship,0.986025869846344,False,/home/tariq/Desktop/Awais-Tariq/base-KD/reports/cifar10_full_audit/mamba_kd_from_pretrained_vit/failure_images/01684_true-automobile_pred-ship.png,4,vit_scratch;mamba_scratch;mamba_kd_from_scratch_vit;mamba_kd_from_pretrained_vit,True,False,False,False,False,True
1685,cifar10_test_01685,/home/tariq/Desktop/Awais-Tariq/base-KD/data/cifar-10-batches-py/test_batch,1685,ship,truck,0.9808170795440674,False,/home/tariq/Desktop/Awais-Tariq/base-KD/reports/cifar10_full_audit/vit_scratch/failure_images/01685_true-ship_pred-truck.png,bird,0.971866250038147,False,/home/tariq/Desktop/Awais-Tariq/base-KD/reports/cifar10_full_audit/mamba_scratch/failure_images/01685_true-ship_pred-bird.png,ship,0.9999997615814209,True,,truck,0.4871637523174286,False,/home/tariq/Desktop/Awais-Tariq/base-KD/reports/cifar10_full_audit/mamba_kd_from_scratch_vit/failure_images/01685_true-ship_pred-truck.png,bird,0.9999688863754272,False,/home/tariq/Desktop/Awais-Tariq/base-KD/reports/cifar10_full_audit/mamba_kd_from_pretrained_vit/failure_images/01685_true-ship_pred-bird.png,4,vit_scratch;mamba_scratch;mamba_kd_from_scratch_vit;mamba_kd_from_pretrained_vit,True,False,False,False,False,True
1693,cifar10_test_01693,/home/tariq/Desktop/Awais-Tariq/base-KD/data/cifar-10-batches-py/test_batch,1693,deer,airplane,0.9416323304176331,False,/home/tariq/Desktop/Awais-Tariq/base-KD/reports/cifar10_full_audit/vit_scratch/failure_images/01693_true-deer_pred-airplane.png,ship,0.9993680119514465,False,/home/tariq/Desktop/Awais-Tariq/base-KD/reports/cifar10_full_audit/mamba_scratch/failure_images/01693_true-deer_pred-ship.png,deer,0.9999996423721313,True,,airplane,0.8073045611381531,False,/home/tariq/Desktop/Awais-Tariq/base-KD/reports/cifar10_full_audit/mamba_kd_from_scratch_vit/failure_images/01693_true-deer_pred-airplane.png,ship,0.8777177333831787,False,/home/tariq/Desktop/Awais-Tariq/base-KD/reports/cifar10_full_audit/mamba_kd_from_pretrained_vit/failure_images/01693_true-deer_pred-ship.png,4,vit_scratch;mamba_scratch;mamba_kd_from_scratch_vit;mamba_kd_from_pretrained_vit,True,False,False,False,False,True
1713,cifar10_test_01713,/home/tariq/Desktop/Awais-Tariq/base-KD/data/cifar-10-batches-py/test_batch,1713,ship,automobile,0.9948574304580688,False,/home/tariq/Desktop/Awais-Tariq/base-KD/reports/cifar10_full_audit/vit_scratch/failure_images/01713_true-ship_pred-automobile.png,truck,0.6343826651573181,False,/home/tariq/Desktop/Awais-Tariq/base-KD/reports/cifar10_full_audit/mamba_scratch/failure_images/01713_true-ship_pred-truck.png,ship,0.9999971389770508,True,,automobile,0.8498001098632812,False,/home/tariq/Desktop/Awais-Tariq/base-KD/reports/cifar10_full_audit/mamba_kd_from_scratch_vit/failure_images/01713_true-ship_pred-automobile.png,ship,0.9993231296539307,True,,3,vit_scratch;mamba_scratch;mamba_kd_from_scratch_vit,True,False,False,False,False,False
1718,cifar10_test_01718,/home/tariq/Desktop/Awais-Tariq/base-KD/data/cifar-10-batches-py/test_batch,1718,airplane,automobile,0.8736851215362549,False,/home/tariq/Desktop/Awais-Tariq/base-KD/reports/cifar10_full_audit/vit_scratch/failure_images/01718_true-airplane_pred-automobile.png,ship,0.9996299743652344,False,/home/tariq/Desktop/Awais-Tariq/base-KD/reports/cifar10_full_audit/mamba_scratch/failure_images/01718_true-airplane_pred-ship.png,airplane,0.9652230739593506,True,,ship,0.754294753074646,False,/home/tariq/Desktop/Awais-Tariq/base-KD/reports/cifar10_full_audit/mamba_kd_from_scratch_vit/failure_images/01718_true-airplane_pred-ship.png,ship,0.9999711513519287,False,/home/tariq/Desktop/Awais-Tariq/base-KD/reports/cifar10_full_audit/mamba_kd_from_pretrained_vit/failure_images/01718_true-airplane_pred-ship.png,4,vit_scratch;mamba_scratch;mamba_kd_from_scratch_vit;mamba_kd_from_pretrained_vit,True,False,False,False,False,True
1727,cifar10_test_01727,/home/tariq/Desktop/Awais-Tariq/base-KD/data/cifar-10-batches-py/test_batch,1727,truck,truck,0.36422646045684814,True,,airplane,0.8226398229598999,False,/home/tariq/Desktop/Awais-Tariq/base-KD/reports/cifar10_full_audit/mamba_scratch/failure_images/01727_true-truck_pred-airplane.png,truck,0.9999955892562866,True,,automobile,0.8599631786346436,False,/home/tariq/Desktop/Awais-Tariq/base-KD/reports/cifar10_full_audit/mamba_kd_from_scratch_vit/failure_images/01727_true-truck_pred-automobile.png,automobile,0.9695336818695068,False,/home/tariq/Desktop/Awais-Tariq/base-KD/reports/cifar10_full_audit/mamba_kd_from_pretrained_vit/failure_images/01727_true-truck_pred-automobile.png,3,mamba_scratch;mamba_kd_from_scratch_vit;mamba_kd_from_pretrained_vit,True,False,False,True,False,True
1731,cifar10_test_01731,/home/tariq/Desktop/Awais-Tariq/base-KD/data/cifar-10-batches-py/test_batch,1731,dog,frog,0.9958250522613525,False,/home/tariq/Desktop/Awais-Tariq/base-KD/reports/cifar10_full_audit/vit_scratch/failure_images/01731_true-dog_pred-frog.png,frog,0.6514836549758911,False,/home/tariq/Desktop/Awais-Tariq/base-KD/reports/cifar10_full_audit/mamba_scratch/failure_images/01731_true-dog_pred-frog.png,dog,0.9999892711639404,True,,frog,0.9484442472457886,False,/home/tariq/Desktop/Awais-Tariq/base-KD/reports/cifar10_full_audit/mamba_kd_from_scratch_vit/failure_images/01731_true-dog_pred-frog.png,frog,0.6848923563957214,False,/home/tariq/Desktop/Awais-Tariq/base-KD/reports/cifar10_full_audit/mamba_kd_from_pretrained_vit/failure_images/01731_true-dog_pred-frog.png,4,vit_scratch;mamba_scratch;mamba_kd_from_scratch_vit;mamba_kd_from_pretrained_vit,True,False,False,False,False,True
1732,cifar10_test_01732,/home/tariq/Desktop/Awais-Tariq/base-KD/data/cifar-10-batches-py/test_batch,1732,truck,automobile,0.9710330367088318,False,/home/tariq/Desktop/Awais-Tariq/base-KD/reports/cifar10_full_audit/vit_scratch/failure_images/01732_true-truck_pred-automobile.png,truck,0.7342308759689331,True,,automobile,0.9999947547912598,False,/home/tariq/Desktop/Awais-Tariq/base-KD/reports/cifar10_full_audit/vit_pretrained_finetuned/failure_images/01732_true-truck_pred-automobile.png,automobile,0.9145628213882446,False,/home/tariq/Desktop/Awais-Tariq/base-KD/reports/cifar10_full_audit/mamba_kd_from_scratch_vit/failure_images/01732_true-truck_pred-automobile.png,truck,0.9990209341049194,True,,3,vit_scratch;vit_pretrained_finetuned;mamba_kd_from_scratch_vit,True,False,False,False,True,False
1739,cifar10_test_01739,/home/tariq/Desktop/Awais-Tariq/base-KD/data/cifar-10-batches-py/test_batch,1739,airplane,truck,0.9993472695350647,False,/home/tariq/Desktop/Awais-Tariq/base-KD/reports/cifar10_full_audit/vit_scratch/failure_images/01739_true-airplane_pred-truck.png,horse,0.7174134850502014,False,/home/tariq/Desktop/Awais-Tariq/base-KD/reports/cifar10_full_audit/mamba_scratch/failure_images/01739_true-airplane_pred-horse.png,airplane,0.999997615814209,True,,truck,0.9126217365264893,False,/home/tariq/Desktop/Awais-Tariq/base-KD/reports/cifar10_full_audit/mamba_kd_from_scratch_vit/failure_images/01739_true-airplane_pred-truck.png,airplane,0.9997432827949524,True,,3,vit_scratch;mamba_scratch;mamba_kd_from_scratch_vit,True,False,False,False,False,False
1779,cifar10_test_01779,/home/tariq/Desktop/Awais-Tariq/base-KD/data/cifar-10-batches-py/test_batch,1779,cat,dog,0.7624366879463196,False,/home/tariq/Desktop/Awais-Tariq/base-KD/reports/cifar10_full_audit/vit_scratch/failure_images/01779_true-cat_pred-dog.png,cat,0.8921657204627991,True,,cat,0.9996155500411987,True,,dog,0.9666435122489929,False,/home/tariq/Desktop/Awais-Tariq/base-KD/reports/cifar10_full_audit/mamba_kd_from_scratch_vit/failure_images/01779_true-cat_pred-dog.png,dog,0.9999840259552002,False,/home/tariq/Desktop/Awais-Tariq/base-KD/reports/cifar10_full_audit/mamba_kd_from_pretrained_vit/failure_images/01779_true-cat_pred-dog.png,3,vit_scratch;mamba_kd_from_scratch_vit;mamba_kd_from_pretrained_vit,True,False,False,False,False,True
1787,cifar10_test_01787,/home/tariq/Desktop/Awais-Tariq/base-KD/data/cifar-10-batches-py/test_batch,1787,cat,dog,0.464023619890213,False,/home/tariq/Desktop/Awais-Tariq/base-KD/reports/cifar10_full_audit/vit_scratch/failure_images/01787_true-cat_pred-dog.png,dog,0.964730978012085,False,/home/tariq/Desktop/Awais-Tariq/base-KD/reports/cifar10_full_audit/mamba_scratch/failure_images/01787_true-cat_pred-dog.png,cat,0.999997615814209,True,,dog,0.9537020921707153,False,/home/tariq/Desktop/Awais-Tariq/base-KD/reports/cifar10_full_audit/mamba_kd_from_scratch_vit/failure_images/01787_true-cat_pred-dog.png,dog,0.9998231530189514,False,/home/tariq/Desktop/Awais-Tariq/base-KD/reports/cifar10_full_audit/mamba_kd_from_pretrained_vit/failure_images/01787_true-cat_pred-dog.png,4,vit_scratch;mamba_scratch;mamba_kd_from_scratch_vit;mamba_kd_from_pretrained_vit,True,False,False,False,False,True
1823,cifar10_test_01823,/home/tariq/Desktop/Awais-Tariq/base-KD/data/cifar-10-batches-py/test_batch,1823,airplane,frog,0.45753616094589233,False,/home/tariq/Desktop/Awais-Tariq/base-KD/reports/cifar10_full_audit/vit_scratch/failure_images/01823_true-airplane_pred-frog.png,horse,0.6798318028450012,False,/home/tariq/Desktop/Awais-Tariq/base-KD/reports/cifar10_full_audit/mamba_scratch/failure_images/01823_true-airplane_pred-horse.png,airplane,0.9999996423721313,True,,horse,0.7383320331573486,False,/home/tariq/Desktop/Awais-Tariq/base-KD/reports/cifar10_full_audit/mamba_kd_from_scratch_vit/failure_images/01823_true-airplane_pred-horse.png,airplane,0.8064926862716675,True,,3,vit_scratch;mamba_scratch;mamba_kd_from_scratch_vit,True,False,False,False,False,False
1835,cifar10_test_01835,/home/tariq/Desktop/Awais-Tariq/base-KD/data/cifar-10-batches-py/test_batch,1835,airplane,cat,0.9736059308052063,False,/home/tariq/Desktop/Awais-Tariq/base-KD/reports/cifar10_full_audit/vit_scratch/failure_images/01835_true-airplane_pred-cat.png,cat,0.9535196423530579,False,/home/tariq/Desktop/Awais-Tariq/base-KD/reports/cifar10_full_audit/mamba_scratch/failure_images/01835_true-airplane_pred-cat.png,airplane,0.9999988079071045,True,,cat,0.7139407396316528,False,/home/tariq/Desktop/Awais-Tariq/base-KD/reports/cifar10_full_audit/mamba_kd_from_scratch_vit/failure_images/01835_true-airplane_pred-cat.png,deer,0.4748249053955078,False,/home/tariq/Desktop/Awais-Tariq/base-KD/reports/cifar10_full_audit/mamba_kd_from_pretrained_vit/failure_images/01835_true-airplane_pred-deer.png,4,vit_scratch;mamba_scratch;mamba_kd_from_scratch_vit;mamba_kd_from_pretrained_vit,True,False,False,False,False,True
1852,cifar10_test_01852,/home/tariq/Desktop/Awais-Tariq/base-KD/data/cifar-10-batches-py/test_batch,1852,bird,truck,0.9971069693565369,False,/home/tariq/Desktop/Awais-Tariq/base-KD/reports/cifar10_full_audit/vit_scratch/failure_images/01852_true-bird_pred-truck.png,truck,0.9613156914710999,False,/home/tariq/Desktop/Awais-Tariq/base-KD/reports/cifar10_full_audit/mamba_scratch/failure_images/01852_true-bird_pred-truck.png,bird,0.9999997615814209,True,,truck,0.8676642775535583,False,/home/tariq/Desktop/Awais-Tariq/base-KD/reports/cifar10_full_audit/mamba_kd_from_scratch_vit/failure_images/01852_true-bird_pred-truck.png,bird,0.9896361231803894,True,,3,vit_scratch;mamba_scratch;mamba_kd_from_scratch_vit,True,False,False,False,False,False
1858,cifar10_test_01858,/home/tariq/Desktop/Awais-Tariq/base-KD/data/cifar-10-batches-py/test_batch,1858,deer,bird,0.7301986813545227,False,/home/tariq/Desktop/Awais-Tariq/base-KD/reports/cifar10_full_audit/vit_scratch/failure_images/01858_true-deer_pred-bird.png,horse,0.5969783663749695,False,/home/tariq/Desktop/Awais-Tariq/base-KD/reports/cifar10_full_audit/mamba_scratch/failure_images/01858_true-deer_pred-horse.png,deer,0.9999992847442627,True,,horse,0.6174886226654053,False,/home/tariq/Desktop/Awais-Tariq/base-KD/reports/cifar10_full_audit/mamba_kd_from_scratch_vit/failure_images/01858_true-deer_pred-horse.png,deer,0.8311155438423157,True,,3,vit_scratch;mamba_scratch;mamba_kd_from_scratch_vit,True,False,False,False,False,False
1862,cifar10_test_01862,/home/tariq/Desktop/Awais-Tariq/base-KD/data/cifar-10-batches-py/test_batch,1862,dog,dog,0.9865265488624573,True,,deer,0.9338805079460144,False,/home/tariq/Desktop/Awais-Tariq/base-KD/reports/cifar10_full_audit/mamba_scratch/failure_images/01862_true-dog_pred-deer.png,dog,0.9999992847442627,True,,deer,0.9482346177101135,False,/home/tariq/Desktop/Awais-Tariq/base-KD/reports/cifar10_full_audit/mamba_kd_from_scratch_vit/failure_images/01862_true-dog_pred-deer.png,deer,0.9999687671661377,False,/home/tariq/Desktop/Awais-Tariq/base-KD/reports/cifar10_full_audit/mamba_kd_from_pretrained_vit/failure_images/01862_true-dog_pred-deer.png,3,mamba_scratch;mamba_kd_from_scratch_vit;mamba_kd_from_pretrained_vit,True,False,False,True,False,True
1868,cifar10_test_01868,/home/tariq/Desktop/Awais-Tariq/base-KD/data/cifar-10-batches-py/test_batch,1868,bird,automobile,0.9844043850898743,False,/home/tariq/Desktop/Awais-Tariq/base-KD/reports/cifar10_full_audit/vit_scratch/failure_images/01868_true-bird_pred-automobile.png,horse,0.9718595743179321,False,/home/tariq/Desktop/Awais-Tariq/base-KD/reports/cifar10_full_audit/mamba_scratch/failure_images/01868_true-bird_pred-horse.png,bird,0.9999998807907104,True,,horse,0.7600634694099426,False,/home/tariq/Desktop/Awais-Tariq/base-KD/reports/cifar10_full_audit/mamba_kd_from_scratch_vit/failure_images/01868_true-bird_pred-horse.png,horse,0.9905204772949219,False,/home/tariq/Desktop/Awais-Tariq/base-KD/reports/cifar10_full_audit/mamba_kd_from_pretrained_vit/failure_images/01868_true-bird_pred-horse.png,4,vit_scratch;mamba_scratch;mamba_kd_from_scratch_vit;mamba_kd_from_pretrained_vit,True,False,False,False,False,True
1886,cifar10_test_01886,/home/tariq/Desktop/Awais-Tariq/base-KD/data/cifar-10-batches-py/test_batch,1886,ship,cat,0.9940417408943176,False,/home/tariq/Desktop/Awais-Tariq/base-KD/reports/cifar10_full_audit/vit_scratch/failure_images/01886_true-ship_pred-cat.png,truck,0.36446407437324524,False,/home/tariq/Desktop/Awais-Tariq/base-KD/reports/cifar10_full_audit/mamba_scratch/failure_images/01886_true-ship_pred-truck.png,ship,0.9999949932098389,True,,truck,0.5094114542007446,False,/home/tariq/Desktop/Awais-Tariq/base-KD/reports/cifar10_full_audit/mamba_kd_from_scratch_vit/failure_images/01886_true-ship_pred-truck.png,truck,0.5072011947631836,False,/home/tariq/Desktop/Awais-Tariq/base-KD/reports/cifar10_full_audit/mamba_kd_from_pretrained_vit/failure_images/01886_true-ship_pred-truck.png,4,vit_scratch;mamba_scratch;mamba_kd_from_scratch_vit;mamba_kd_from_pretrained_vit,True,False,False,False,False,True
1895,cifar10_test_01895,/home/tariq/Desktop/Awais-Tariq/base-KD/data/cifar-10-batches-py/test_batch,1895,ship,bird,0.9194875359535217,False,/home/tariq/Desktop/Awais-Tariq/base-KD/reports/cifar10_full_audit/vit_scratch/failure_images/01895_true-ship_pred-bird.png,airplane,0.8984993100166321,False,/home/tariq/Desktop/Awais-Tariq/base-KD/reports/cifar10_full_audit/mamba_scratch/failure_images/01895_true-ship_pred-airplane.png,ship,0.5521554350852966,True,,bird,0.8022636771202087,False,/home/tariq/Desktop/Awais-Tariq/base-KD/reports/cifar10_full_audit/mamba_kd_from_scratch_vit/failure_images/01895_true-ship_pred-bird.png,ship,0.9290878772735596,True,,3,vit_scratch;mamba_scratch;mamba_kd_from_scratch_vit,True,False,False,False,False,False
1933,cifar10_test_01933,/home/tariq/Desktop/Awais-Tariq/base-KD/data/cifar-10-batches-py/test_batch,1933,cat,dog,0.9788472056388855,False,/home/tariq/Desktop/Awais-Tariq/base-KD/reports/cifar10_full_audit/vit_scratch/failure_images/01933_true-cat_pred-dog.png,dog,0.9955981373786926,False,/home/tariq/Desktop/Awais-Tariq/base-KD/reports/cifar10_full_audit/mamba_scratch/failure_images/01933_true-cat_pred-dog.png,cat,0.9996591806411743,True,,dog,0.6918010115623474,False,/home/tariq/Desktop/Awais-Tariq/base-KD/reports/cifar10_full_audit/mamba_kd_from_scratch_vit/failure_images/01933_true-cat_pred-dog.png,dog,0.9998674392700195,False,/home/tariq/Desktop/Awais-Tariq/base-KD/reports/cifar10_full_audit/mamba_kd_from_pretrained_vit/failure_images/01933_true-cat_pred-dog.png,4,vit_scratch;mamba_scratch;mamba_kd_from_scratch_vit;mamba_kd_from_pretrained_vit,True,False,False,False,False,True
1934,cifar10_test_01934,/home/tariq/Desktop/Awais-Tariq/base-KD/data/cifar-10-batches-py/test_batch,1934,horse,horse,0.5912227034568787,True,,deer,0.6728180646896362,False,/home/tariq/Desktop/Awais-Tariq/base-KD/reports/cifar10_full_audit/mamba_scratch/failure_images/01934_true-horse_pred-deer.png,horse,0.9999998807907104,True,,bird,0.45315951108932495,False,/home/tariq/Desktop/Awais-Tariq/base-KD/reports/cifar10_full_audit/mamba_kd_from_scratch_vit/failure_images/01934_true-horse_pred-bird.png,bird,0.4564518928527832,False,/home/tariq/Desktop/Awais-Tariq/base-KD/reports/cifar10_full_audit/mamba_kd_from_pretrained_vit/failure_images/01934_true-horse_pred-bird.png,3,mamba_scratch;mamba_kd_from_scratch_vit;mamba_kd_from_pretrained_vit,True,False,False,True,False,True
1935,cifar10_test_01935,/home/tariq/Desktop/Awais-Tariq/base-KD/data/cifar-10-batches-py/test_batch,1935,frog,cat,0.5428858995437622,False,/home/tariq/Desktop/Awais-Tariq/base-KD/reports/cifar10_full_audit/vit_scratch/failure_images/01935_true-frog_pred-cat.png,bird,0.7974869608879089,False,/home/tariq/Desktop/Awais-Tariq/base-KD/reports/cifar10_full_audit/mamba_scratch/failure_images/01935_true-frog_pred-bird.png,frog,0.8096923828125,True,,cat,0.5243449211120605,False,/home/tariq/Desktop/Awais-Tariq/base-KD/reports/cifar10_full_audit/mamba_kd_from_scratch_vit/failure_images/01935_true-frog_pred-cat.png,deer,0.8968722820281982,False,/home/tariq/Desktop/Awais-Tariq/base-KD/reports/cifar10_full_audit/mamba_kd_from_pretrained_vit/failure_images/01935_true-frog_pred-deer.png,4,vit_scratch;mamba_scratch;mamba_kd_from_scratch_vit;mamba_kd_from_pretrained_vit,True,False,False,False,False,True
1937,cifar10_test_01937,/home/tariq/Desktop/Awais-Tariq/base-KD/data/cifar-10-batches-py/test_batch,1937,automobile,truck,0.9639437794685364,False,/home/tariq/Desktop/Awais-Tariq/base-KD/reports/cifar10_full_audit/vit_scratch/failure_images/01937_true-automobile_pred-truck.png,truck,0.9999974966049194,False,/home/tariq/Desktop/Awais-Tariq/base-KD/reports/cifar10_full_audit/mamba_scratch/failure_images/01937_true-automobile_pred-truck.png,automobile,0.9976453185081482,True,,truck,0.9874123334884644,False,/home/tariq/Desktop/Awais-Tariq/base-KD/reports/cifar10_full_audit/mamba_kd_from_scratch_vit/failure_images/01937_true-automobile_pred-truck.png,truck,0.9999982118606567,False,/home/tariq/Desktop/Awais-Tariq/base-KD/reports/cifar10_full_audit/mamba_kd_from_pretrained_vit/failure_images/01937_true-automobile_pred-truck.png,4,vit_scratch;mamba_scratch;mamba_kd_from_scratch_vit;mamba_kd_from_pretrained_vit,True,False,False,False,False,True
1938,cifar10_test_01938,/home/tariq/Desktop/Awais-Tariq/base-KD/data/cifar-10-batches-py/test_batch,1938,ship,airplane,0.9980467557907104,False,/home/tariq/Desktop/Awais-Tariq/base-KD/reports/cifar10_full_audit/vit_scratch/failure_images/01938_true-ship_pred-airplane.png,airplane,0.9993842840194702,False,/home/tariq/Desktop/Awais-Tariq/base-KD/reports/cifar10_full_audit/mamba_scratch/failure_images/01938_true-ship_pred-airplane.png,ship,0.9999972581863403,True,,airplane,0.8944408297538757,False,/home/tariq/Desktop/Awais-Tariq/base-KD/reports/cifar10_full_audit/mamba_kd_from_scratch_vit/failure_images/01938_true-ship_pred-airplane.png,airplane,0.9999997615814209,False,/home/tariq/Desktop/Awais-Tariq/base-KD/reports/cifar10_full_audit/mamba_kd_from_pretrained_vit/failure_images/01938_true-ship_pred-airplane.png,4,vit_scratch;mamba_scratch;mamba_kd_from_scratch_vit;mamba_kd_from_pretrained_vit,True,False,False,False,False,True
1939,cifar10_test_01939,/home/tariq/Desktop/Awais-Tariq/base-KD/data/cifar-10-batches-py/test_batch,1939,frog,cat,0.9520574808120728,False,/home/tariq/Desktop/Awais-Tariq/base-KD/reports/cifar10_full_audit/vit_scratch/failure_images/01939_true-frog_pred-cat.png,horse,0.9499524235725403,False,/home/tariq/Desktop/Awais-Tariq/base-KD/reports/cifar10_full_audit/mamba_scratch/failure_images/01939_true-frog_pred-horse.png,frog,0.9999990463256836,True,,dog,0.48821234703063965,False,/home/tariq/Desktop/Awais-Tariq/base-KD/reports/cifar10_full_audit/mamba_kd_from_scratch_vit/failure_images/01939_true-frog_pred-dog.png,horse,0.9999245405197144,False,/home/tariq/Desktop/Awais-Tariq/base-KD/reports/cifar10_full_audit/mamba_kd_from_pretrained_vit/failure_images/01939_true-frog_pred-horse.png,4,vit_scratch;mamba_scratch;mamba_kd_from_scratch_vit;mamba_kd_from_pretrained_vit,True,False,False,False,False,True
1957,cifar10_test_01957,/home/tariq/Desktop/Awais-Tariq/base-KD/data/cifar-10-batches-py/test_batch,1957,cat,dog,0.9523748159408569,False,/home/tariq/Desktop/Awais-Tariq/base-KD/reports/cifar10_full_audit/vit_scratch/failure_images/01957_true-cat_pred-dog.png,dog,0.7203686833381653,False,/home/tariq/Desktop/Awais-Tariq/base-KD/reports/cifar10_full_audit/mamba_scratch/failure_images/01957_true-cat_pred-dog.png,dog,0.9974135756492615,False,/home/tariq/Desktop/Awais-Tariq/base-KD/reports/cifar10_full_audit/vit_pretrained_finetuned/failure_images/01957_true-cat_pred-dog.png,dog,0.9573653936386108,False,/home/tariq/Desktop/Awais-Tariq/base-KD/reports/cifar10_full_audit/mamba_kd_from_scratch_vit/failure_images/01957_true-cat_pred-dog.png,cat,0.96476149559021,True,,4,vit_scratch;mamba_scratch;vit_pretrained_finetuned;mamba_kd_from_scratch_vit,True,False,False,False,True,False
1969,cifar10_test_01969,/home/tariq/Desktop/Awais-Tariq/base-KD/data/cifar-10-batches-py/test_batch,1969,automobile,truck,0.9354668259620667,False,/home/tariq/Desktop/Awais-Tariq/base-KD/reports/cifar10_full_audit/vit_scratch/failure_images/01969_true-automobile_pred-truck.png,truck,0.5905154943466187,False,/home/tariq/Desktop/Awais-Tariq/base-KD/reports/cifar10_full_audit/mamba_scratch/failure_images/01969_true-automobile_pred-truck.png,truck,0.9999991655349731,False,/home/tariq/Desktop/Awais-Tariq/base-KD/reports/cifar10_full_audit/vit_pretrained_finetuned/failure_images/01969_true-automobile_pred-truck.png,truck,0.9336398243904114,False,/home/tariq/Desktop/Awais-Tariq/base-KD/reports/cifar10_full_audit/mamba_kd_from_scratch_vit/failure_images/01969_true-automobile_pred-truck.png,truck,0.9999953508377075,False,/home/tariq/Desktop/Awais-Tariq/base-KD/reports/cifar10_full_audit/mamba_kd_from_pretrained_vit/failure_images/01969_true-automobile_pred-truck.png,5,vit_scratch;mamba_scratch;vit_pretrained_finetuned;mamba_kd_from_scratch_vit;mamba_kd_from_pretrained_vit,True,True,False,False,False,False
1983,cifar10_test_01983,/home/tariq/Desktop/Awais-Tariq/base-KD/data/cifar-10-batches-py/test_batch,1983,ship,bird,0.9996914863586426,False,/home/tariq/Desktop/Awais-Tariq/base-KD/reports/cifar10_full_audit/vit_scratch/failure_images/01983_true-ship_pred-bird.png,cat,0.671683669090271,False,/home/tariq/Desktop/Awais-Tariq/base-KD/reports/cifar10_full_audit/mamba_scratch/failure_images/01983_true-ship_pred-cat.png,ship,1.0,True,,bird,0.9970859885215759,False,/home/tariq/Desktop/Awais-Tariq/base-KD/reports/cifar10_full_audit/mamba_kd_from_scratch_vit/failure_images/01983_true-ship_pred-bird.png,bird,0.4279134273529053,False,/home/tariq/Desktop/Awais-Tariq/base-KD/reports/cifar10_full_audit/mamba_kd_from_pretrained_vit/failure_images/01983_true-ship_pred-bird.png,4,vit_scratch;mamba_scratch;mamba_kd_from_scratch_vit;mamba_kd_from_pretrained_vit,True,False,False,False,False,True
1996,cifar10_test_01996,/home/tariq/Desktop/Awais-Tariq/base-KD/data/cifar-10-batches-py/test_batch,1996,cat,dog,0.9995890259742737,False,/home/tariq/Desktop/Awais-Tariq/base-KD/reports/cifar10_full_audit/vit_scratch/failure_images/01996_true-cat_pred-dog.png,dog,0.9975734353065491,False,/home/tariq/Desktop/Awais-Tariq/base-KD/reports/cifar10_full_audit/mamba_scratch/failure_images/01996_true-cat_pred-dog.png,cat,0.9999706745147705,True,,dog,0.9991519451141357,False,/home/tariq/Desktop/Awais-Tariq/base-KD/reports/cifar10_full_audit/mamba_kd_from_scratch_vit/failure_images/01996_true-cat_pred-dog.png,dog,0.9996556043624878,False,/home/tariq/Desktop/Awais-Tariq/base-KD/reports/cifar10_full_audit/mamba_kd_from_pretrained_vit/failure_images/01996_true-cat_pred-dog.png,4,vit_scratch;mamba_scratch;mamba_kd_from_scratch_vit;mamba_kd_from_pretrained_vit,True,False,False,False,False,True
2002,cifar10_test_02002,/home/tariq/Desktop/Awais-Tariq/base-KD/data/cifar-10-batches-py/test_batch,2002,deer,horse,0.8078562617301941,False,/home/tariq/Desktop/Awais-Tariq/base-KD/reports/cifar10_full_audit/vit_scratch/failure_images/02002_true-deer_pred-horse.png,truck,0.7075310349464417,False,/home/tariq/Desktop/Awais-Tariq/base-KD/reports/cifar10_full_audit/mamba_scratch/failure_images/02002_true-deer_pred-truck.png,deer,0.9999996423721313,True,,cat,0.5768164992332458,False,/home/tariq/Desktop/Awais-Tariq/base-KD/reports/cifar10_full_audit/mamba_kd_from_scratch_vit/failure_images/02002_true-deer_pred-cat.png,deer,0.9998158812522888,True,,3,vit_scratch;mamba_scratch;mamba_kd_from_scratch_vit,True,False,False,False,False,False
2017,cifar10_test_02017,/home/tariq/Desktop/Awais-Tariq/base-KD/data/cifar-10-batches-py/test_batch,2017,dog,truck,0.3683690130710602,False,/home/tariq/Desktop/Awais-Tariq/base-KD/reports/cifar10_full_audit/vit_scratch/failure_images/02017_true-dog_pred-truck.png,automobile,0.7393731474876404,False,/home/tariq/Desktop/Awais-Tariq/base-KD/reports/cifar10_full_audit/mamba_scratch/failure_images/02017_true-dog_pred-automobile.png,dog,0.9999995231628418,True,,dog,0.9297313690185547,True,,bird,0.9452469348907471,False,/home/tariq/Desktop/Awais-Tariq/base-KD/reports/cifar10_full_audit/mamba_kd_from_pretrained_vit/failure_images/02017_true-dog_pred-bird.png,3,vit_scratch;mamba_scratch;mamba_kd_from_pretrained_vit,True,False,True,False,False,True
2029,cifar10_test_02029,/home/tariq/Desktop/Awais-Tariq/base-KD/data/cifar-10-batches-py/test_batch,2029,cat,frog,0.99945467710495,False,/home/tariq/Desktop/Awais-Tariq/base-KD/reports/cifar10_full_audit/vit_scratch/failure_images/02029_true-cat_pred-frog.png,cat,0.7184669375419617,True,,cat,0.9999849796295166,True,,frog,0.47672685980796814,False,/home/tariq/Desktop/Awais-Tariq/base-KD/reports/cifar10_full_audit/mamba_kd_from_scratch_vit/failure_images/02029_true-cat_pred-frog.png,bird,0.5080968141555786,False,/home/tariq/Desktop/Awais-Tariq/base-KD/reports/cifar10_full_audit/mamba_kd_from_pretrained_vit/failure_images/02029_true-cat_pred-bird.png,3,vit_scratch;mamba_kd_from_scratch_vit;mamba_kd_from_pretrained_vit,True,False,False,False,False,True
2034,cifar10_test_02034,/home/tariq/Desktop/Awais-Tariq/base-KD/data/cifar-10-batches-py/test_batch,2034,cat,deer,0.9656649827957153,False,/home/tariq/Desktop/Awais-Tariq/base-KD/reports/cifar10_full_audit/vit_scratch/failure_images/02034_true-cat_pred-deer.png,deer,0.8639385104179382,False,/home/tariq/Desktop/Awais-Tariq/base-KD/reports/cifar10_full_audit/mamba_scratch/failure_images/02034_true-cat_pred-deer.png,cat,0.9999909400939941,True,,deer,0.5891659259796143,False,/home/tariq/Desktop/Awais-Tariq/base-KD/reports/cifar10_full_audit/mamba_kd_from_scratch_vit/failure_images/02034_true-cat_pred-deer.png,cat,0.9998179078102112,True,,3,vit_scratch;mamba_scratch;mamba_kd_from_scratch_vit,True,False,False,False,False,False
2037,cifar10_test_02037,/home/tariq/Desktop/Awais-Tariq/base-KD/data/cifar-10-batches-py/test_batch,2037,dog,cat,0.9434143304824829,False,/home/tariq/Desktop/Awais-Tariq/base-KD/reports/cifar10_full_audit/vit_scratch/failure_images/02037_true-dog_pred-cat.png,cat,0.6144841909408569,False,/home/tariq/Desktop/Awais-Tariq/base-KD/reports/cifar10_full_audit/mamba_scratch/failure_images/02037_true-dog_pred-cat.png,dog,0.9999979734420776,True,,cat,0.6563127636909485,False,/home/tariq/Desktop/Awais-Tariq/base-KD/reports/cifar10_full_audit/mamba_kd_from_scratch_vit/failure_images/02037_true-dog_pred-cat.png,dog,0.9975022673606873,True,,3,vit_scratch;mamba_scratch;mamba_kd_from_scratch_vit,True,False,False,False,False,False
2038,cifar10_test_02038,/home/tariq/Desktop/Awais-Tariq/base-KD/data/cifar-10-batches-py/test_batch,2038,bird,cat,0.7521609663963318,False,/home/tariq/Desktop/Awais-Tariq/base-KD/reports/cifar10_full_audit/vit_scratch/failure_images/02038_true-bird_pred-cat.png,frog,0.9799315333366394,False,/home/tariq/Desktop/Awais-Tariq/base-KD/reports/cifar10_full_audit/mamba_scratch/failure_images/02038_true-bird_pred-frog.png,bird,0.9999946355819702,True,,airplane,0.3635109066963196,False,/home/tariq/Desktop/Awais-Tariq/base-KD/reports/cifar10_full_audit/mamba_kd_from_scratch_vit/failure_images/02038_true-bird_pred-airplane.png,bird,0.9114595651626587,True,,3,vit_scratch;mamba_scratch;mamba_kd_from_scratch_vit,True,False,False,False,False,False
2061,cifar10_test_02061,/home/tariq/Desktop/Awais-Tariq/base-KD/data/cifar-10-batches-py/test_batch,2061,dog,horse,0.4477825462818146,False,/home/tariq/Desktop/Awais-Tariq/base-KD/reports/cifar10_full_audit/vit_scratch/failure_images/02061_true-dog_pred-horse.png,deer,0.9013200402259827,False,/home/tariq/Desktop/Awais-Tariq/base-KD/reports/cifar10_full_audit/mamba_scratch/failure_images/02061_true-dog_pred-deer.png,dog,0.9999995231628418,True,,cat,0.7393245100975037,False,/home/tariq/Desktop/Awais-Tariq/base-KD/reports/cifar10_full_audit/mamba_kd_from_scratch_vit/failure_images/02061_true-dog_pred-cat.png,dog,0.9495797157287598,True,,3,vit_scratch;mamba_scratch;mamba_kd_from_scratch_vit,True,False,False,False,False,False
2065,cifar10_test_02065,/home/tariq/Desktop/Awais-Tariq/base-KD/data/cifar-10-batches-py/test_batch,2065,bird,dog,0.7600530385971069,False,/home/tariq/Desktop/Awais-Tariq/base-KD/reports/cifar10_full_audit/vit_scratch/failure_images/02065_true-bird_pred-dog.png,frog,0.6146222352981567,False,/home/tariq/Desktop/Awais-Tariq/base-KD/reports/cifar10_full_audit/mamba_scratch/failure_images/02065_true-bird_pred-frog.png,bird,0.9999997615814209,True,,deer,0.9076511263847351,False,/home/tariq/Desktop/Awais-Tariq/base-KD/reports/cifar10_full_audit/mamba_kd_from_scratch_vit/failure_images/02065_true-bird_pred-deer.png,bird,0.9995040893554688,True,,3,vit_scratch;mamba_scratch;mamba_kd_from_scratch_vit,True,False,False,False,False,False
2078,cifar10_test_02078,/home/tariq/Desktop/Awais-Tariq/base-KD/data/cifar-10-batches-py/test_batch,2078,bird,bird,0.8006309866905212,True,,frog,0.9999920129776001,False,/home/tariq/Desktop/Awais-Tariq/base-KD/reports/cifar10_full_audit/mamba_scratch/failure_images/02078_true-bird_pred-frog.png,frog,0.7914284467697144,False,/home/tariq/Desktop/Awais-Tariq/base-KD/reports/cifar10_full_audit/vit_pretrained_finetuned/failure_images/02078_true-bird_pred-frog.png,frog,0.9608381390571594,False,/home/tariq/Desktop/Awais-Tariq/base-KD/reports/cifar10_full_audit/mamba_kd_from_scratch_vit/failure_images/02078_true-bird_pred-frog.png,frog,0.9999895095825195,False,/home/tariq/Desktop/Awais-Tariq/base-KD/reports/cifar10_full_audit/mamba_kd_from_pretrained_vit/failure_images/02078_true-bird_pred-frog.png,4,mamba_scratch;vit_pretrained_finetuned;mamba_kd_from_scratch_vit;mamba_kd_from_pretrained_vit,True,False,False,True,False,False
2083,cifar10_test_02083,/home/tariq/Desktop/Awais-Tariq/base-KD/data/cifar-10-batches-py/test_batch,2083,bird,cat,0.9708834886550903,False,/home/tariq/Desktop/Awais-Tariq/base-KD/reports/cifar10_full_audit/vit_scratch/failure_images/02083_true-bird_pred-cat.png,horse,0.8314275741577148,False,/home/tariq/Desktop/Awais-Tariq/base-KD/reports/cifar10_full_audit/mamba_scratch/failure_images/02083_true-bird_pred-horse.png,bird,0.9999996423721313,True,,cat,0.5316577553749084,False,/home/tariq/Desktop/Awais-Tariq/base-KD/reports/cifar10_full_audit/mamba_kd_from_scratch_vit/failure_images/02083_true-bird_pred-cat.png,bird,0.9160109758377075,True,,3,vit_scratch;mamba_scratch;mamba_kd_from_scratch_vit,True,False,False,False,False,False
2108,cifar10_test_02108,/home/tariq/Desktop/Awais-Tariq/base-KD/data/cifar-10-batches-py/test_batch,2108,deer,bird,0.711805522441864,False,/home/tariq/Desktop/Awais-Tariq/base-KD/reports/cifar10_full_audit/vit_scratch/failure_images/02108_true-deer_pred-bird.png,dog,0.9339926242828369,False,/home/tariq/Desktop/Awais-Tariq/base-KD/reports/cifar10_full_audit/mamba_scratch/failure_images/02108_true-deer_pred-dog.png,deer,0.9999990463256836,True,,dog,0.8425769805908203,False,/home/tariq/Desktop/Awais-Tariq/base-KD/reports/cifar10_full_audit/mamba_kd_from_scratch_vit/failure_images/02108_true-deer_pred-dog.png,deer,0.9869378805160522,True,,3,vit_scratch;mamba_scratch;mamba_kd_from_scratch_vit,True,False,False,False,False,False
2120,cifar10_test_02120,/home/tariq/Desktop/Awais-Tariq/base-KD/data/cifar-10-batches-py/test_batch,2120,deer,ship,0.9994248151779175,False,/home/tariq/Desktop/Awais-Tariq/base-KD/reports/cifar10_full_audit/vit_scratch/failure_images/02120_true-deer_pred-ship.png,ship,0.9899089336395264,False,/home/tariq/Desktop/Awais-Tariq/base-KD/reports/cifar10_full_audit/mamba_scratch/failure_images/02120_true-deer_pred-ship.png,deer,0.9999998807907104,True,,ship,0.9822056889533997,False,/home/tariq/Desktop/Awais-Tariq/base-KD/reports/cifar10_full_audit/mamba_kd_from_scratch_vit/failure_images/02120_true-deer_pred-ship.png,ship,0.9221346378326416,False,/home/tariq/Desktop/Awais-Tariq/base-KD/reports/cifar10_full_audit/mamba_kd_from_pretrained_vit/failure_images/02120_true-deer_pred-ship.png,4,vit_scratch;mamba_scratch;mamba_kd_from_scratch_vit;mamba_kd_from_pretrained_vit,True,False,False,False,False,True
2127,cifar10_test_02127,/home/tariq/Desktop/Awais-Tariq/base-KD/data/cifar-10-batches-py/test_batch,2127,bird,dog,0.9393036365509033,False,/home/tariq/Desktop/Awais-Tariq/base-KD/reports/cifar10_full_audit/vit_scratch/failure_images/02127_true-bird_pred-dog.png,dog,0.9923065304756165,False,/home/tariq/Desktop/Awais-Tariq/base-KD/reports/cifar10_full_audit/mamba_scratch/failure_images/02127_true-bird_pred-dog.png,bird,0.9999997615814209,True,,dog,0.961707592010498,False,/home/tariq/Desktop/Awais-Tariq/base-KD/reports/cifar10_full_audit/mamba_kd_from_scratch_vit/failure_images/02127_true-bird_pred-dog.png,dog,0.7600703835487366,False,/home/tariq/Desktop/Awais-Tariq/base-KD/reports/cifar10_full_audit/mamba_kd_from_pretrained_vit/failure_images/02127_true-bird_pred-dog.png,4,vit_scratch;mamba_scratch;mamba_kd_from_scratch_vit;mamba_kd_from_pretrained_vit,True,False,False,False,False,True
2128,cifar10_test_02128,/home/tariq/Desktop/Awais-Tariq/base-KD/data/cifar-10-batches-py/test_batch,2128,deer,frog,0.6784246563911438,False,/home/tariq/Desktop/Awais-Tariq/base-KD/reports/cifar10_full_audit/vit_scratch/failure_images/02128_true-deer_pred-frog.png,frog,0.9520813822746277,False,/home/tariq/Desktop/Awais-Tariq/base-KD/reports/cifar10_full_audit/mamba_scratch/failure_images/02128_true-deer_pred-frog.png,deer,0.9999692440032959,True,,deer,0.8271722197532654,True,,frog,0.999976396560669,False,/home/tariq/Desktop/Awais-Tariq/base-KD/reports/cifar10_full_audit/mamba_kd_from_pretrained_vit/failure_images/02128_true-deer_pred-frog.png,3,vit_scratch;mamba_scratch;mamba_kd_from_pretrained_vit,True,False,True,False,False,True
2136,cifar10_test_02136,/home/tariq/Desktop/Awais-Tariq/base-KD/data/cifar-10-batches-py/test_batch,2136,airplane,truck,0.9558599591255188,False,/home/tariq/Desktop/Awais-Tariq/base-KD/reports/cifar10_full_audit/vit_scratch/failure_images/02136_true-airplane_pred-truck.png,truck,0.5201101303100586,False,/home/tariq/Desktop/Awais-Tariq/base-KD/reports/cifar10_full_audit/mamba_scratch/failure_images/02136_true-airplane_pred-truck.png,airplane,0.9999990463256836,True,,truck,0.9245998859405518,False,/home/tariq/Desktop/Awais-Tariq/base-KD/reports/cifar10_full_audit/mamba_kd_from_scratch_vit/failure_images/02136_true-airplane_pred-truck.png,truck,0.9946812987327576,False,/home/tariq/Desktop/Awais-Tariq/base-KD/reports/cifar10_full_audit/mamba_kd_from_pretrained_vit/failure_images/02136_true-airplane_pred-truck.png,4,vit_scratch;mamba_scratch;mamba_kd_from_scratch_vit;mamba_kd_from_pretrained_vit,True,False,False,False,False,True
2159,cifar10_test_02159,/home/tariq/Desktop/Awais-Tariq/base-KD/data/cifar-10-batches-py/test_batch,2159,ship,ship,0.7488371133804321,True,,truck,0.9396957159042358,False,/home/tariq/Desktop/Awais-Tariq/base-KD/reports/cifar10_full_audit/mamba_scratch/failure_images/02159_true-ship_pred-truck.png,ship,0.9999984502792358,True,,truck,0.9901173710823059,False,/home/tariq/Desktop/Awais-Tariq/base-KD/reports/cifar10_full_audit/mamba_kd_from_scratch_vit/failure_images/02159_true-ship_pred-truck.png,deer,0.49133777618408203,False,/home/tariq/Desktop/Awais-Tariq/base-KD/reports/cifar10_full_audit/mamba_kd_from_pretrained_vit/failure_images/02159_true-ship_pred-deer.png,3,mamba_scratch;mamba_kd_from_scratch_vit;mamba_kd_from_pretrained_vit,True,False,False,True,False,True
2172,cifar10_test_02172,/home/tariq/Desktop/Awais-Tariq/base-KD/data/cifar-10-batches-py/test_batch,2172,dog,bird,0.9997090697288513,False,/home/tariq/Desktop/Awais-Tariq/base-KD/reports/cifar10_full_audit/vit_scratch/failure_images/02172_true-dog_pred-bird.png,airplane,0.8634904623031616,False,/home/tariq/Desktop/Awais-Tariq/base-KD/reports/cifar10_full_audit/mamba_scratch/failure_images/02172_true-dog_pred-airplane.png,dog,0.9999978542327881,True,,horse,0.9627624750137329,False,/home/tariq/Desktop/Awais-Tariq/base-KD/reports/cifar10_full_audit/mamba_kd_from_scratch_vit/failure_images/02172_true-dog_pred-horse.png,horse,0.9938125610351562,False,/home/tariq/Desktop/Awais-Tariq/base-KD/reports/cifar10_full_audit/mamba_kd_from_pretrained_vit/failure_images/02172_true-dog_pred-horse.png,4,vit_scratch;mamba_scratch;mamba_kd_from_scratch_vit;mamba_kd_from_pretrained_vit,True,False,False,False,False,True
2187,cifar10_test_02187,/home/tariq/Desktop/Awais-Tariq/base-KD/data/cifar-10-batches-py/test_batch,2187,dog,dog,0.9711189270019531,True,,cat,0.9600552916526794,False,/home/tariq/Desktop/Awais-Tariq/base-KD/reports/cifar10_full_audit/mamba_scratch/failure_images/02187_true-dog_pred-cat.png,cat,0.9995083808898926,False,/home/tariq/Desktop/Awais-Tariq/base-KD/reports/cifar10_full_audit/vit_pretrained_finetuned/failure_images/02187_true-dog_pred-cat.png,cat,0.7373136878013611,False,/home/tariq/Desktop/Awais-Tariq/base-KD/reports/cifar10_full_audit/mamba_kd_from_scratch_vit/failure_images/02187_true-dog_pred-cat.png,cat,0.9996501207351685,False,/home/tariq/Desktop/Awais-Tariq/base-KD/reports/cifar10_full_audit/mamba_kd_from_pretrained_vit/failure_images/02187_true-dog_pred-cat.png,4,mamba_scratch;vit_pretrained_finetuned;mamba_kd_from_scratch_vit;mamba_kd_from_pretrained_vit,True,False,False,True,False,False
2213,cifar10_test_02213,/home/tariq/Desktop/Awais-Tariq/base-KD/data/cifar-10-batches-py/test_batch,2213,deer,bird,0.8935742378234863,False,/home/tariq/Desktop/Awais-Tariq/base-KD/reports/cifar10_full_audit/vit_scratch/failure_images/02213_true-deer_pred-bird.png,bird,0.9997344613075256,False,/home/tariq/Desktop/Awais-Tariq/base-KD/reports/cifar10_full_audit/mamba_scratch/failure_images/02213_true-deer_pred-bird.png,deer,0.9999973773956299,True,,bird,0.9955428242683411,False,/home/tariq/Desktop/Awais-Tariq/base-KD/reports/cifar10_full_audit/mamba_kd_from_scratch_vit/failure_images/02213_true-deer_pred-bird.png,bird,0.9999998807907104,False,/home/tariq/Desktop/Awais-Tariq/base-KD/reports/cifar10_full_audit/mamba_kd_from_pretrained_vit/failure_images/02213_true-deer_pred-bird.png,4,vit_scratch;mamba_scratch;mamba_kd_from_scratch_vit;mamba_kd_from_pretrained_vit,True,False,False,False,False,True
2226,cifar10_test_02226,/home/tariq/Desktop/Awais-Tariq/base-KD/data/cifar-10-batches-py/test_batch,2226,bird,frog,0.9993340373039246,False,/home/tariq/Desktop/Awais-Tariq/base-KD/reports/cifar10_full_audit/vit_scratch/failure_images/02226_true-bird_pred-frog.png,frog,0.9994392991065979,False,/home/tariq/Desktop/Awais-Tariq/base-KD/reports/cifar10_full_audit/mamba_scratch/failure_images/02226_true-bird_pred-frog.png,bird,0.9967288970947266,True,,frog,0.9985285997390747,False,/home/tariq/Desktop/Awais-Tariq/base-KD/reports/cifar10_full_audit/mamba_kd_from_scratch_vit/failure_images/02226_true-bird_pred-frog.png,frog,1.0,False,/home/tariq/Desktop/Awais-Tariq/base-KD/reports/cifar10_full_audit/mamba_kd_from_pretrained_vit/failure_images/02226_true-bird_pred-frog.png,4,vit_scratch;mamba_scratch;mamba_kd_from_scratch_vit;mamba_kd_from_pretrained_vit,True,False,False,False,False,True
2232,cifar10_test_02232,/home/tariq/Desktop/Awais-Tariq/base-KD/data/cifar-10-batches-py/test_batch,2232,airplane,cat,0.6522730588912964,False,/home/tariq/Desktop/Awais-Tariq/base-KD/reports/cifar10_full_audit/vit_scratch/failure_images/02232_true-airplane_pred-cat.png,cat,0.8387407064437866,False,/home/tariq/Desktop/Awais-Tariq/base-KD/reports/cifar10_full_audit/mamba_scratch/failure_images/02232_true-airplane_pred-cat.png,airplane,0.999601423740387,True,,dog,0.612358808517456,False,/home/tariq/Desktop/Awais-Tariq/base-KD/reports/cifar10_full_audit/mamba_kd_from_scratch_vit/failure_images/02232_true-airplane_pred-dog.png,cat,0.996471643447876,False,/home/tariq/Desktop/Awais-Tariq/base-KD/reports/cifar10_full_audit/mamba_kd_from_pretrained_vit/failure_images/02232_true-airplane_pred-cat.png,4,vit_scratch;mamba_scratch;mamba_kd_from_scratch_vit;mamba_kd_from_pretrained_vit,True,False,False,False,False,True
2233,cifar10_test_02233,/home/tariq/Desktop/Awais-Tariq/base-KD/data/cifar-10-batches-py/test_batch,2233,cat,dog,0.9992614388465881,False,/home/tariq/Desktop/Awais-Tariq/base-KD/reports/cifar10_full_audit/vit_scratch/failure_images/02233_true-cat_pred-dog.png,airplane,0.962356686592102,False,/home/tariq/Desktop/Awais-Tariq/base-KD/reports/cifar10_full_audit/mamba_scratch/failure_images/02233_true-cat_pred-airplane.png,cat,0.9999982118606567,True,,cat,0.6101980805397034,True,,airplane,0.9864462614059448,False,/home/tariq/Desktop/Awais-Tariq/base-KD/reports/cifar10_full_audit/mamba_kd_from_pretrained_vit/failure_images/02233_true-cat_pred-airplane.png,3,vit_scratch;mamba_scratch;mamba_kd_from_pretrained_vit,True,False,True,False,False,True
2242,cifar10_test_02242,/home/tariq/Desktop/Awais-Tariq/base-KD/data/cifar-10-batches-py/test_batch,2242,bird,bird,0.5519669651985168,True,,frog,0.9139155745506287,False,/home/tariq/Desktop/Awais-Tariq/base-KD/reports/cifar10_full_audit/mamba_scratch/failure_images/02242_true-bird_pred-frog.png,bird,0.9999997615814209,True,,frog,0.44887977838516235,False,/home/tariq/Desktop/Awais-Tariq/base-KD/reports/cifar10_full_audit/mamba_kd_from_scratch_vit/failure_images/02242_true-bird_pred-frog.png,cat,0.8473327159881592,False,/home/tariq/Desktop/Awais-Tariq/base-KD/reports/cifar10_full_audit/mamba_kd_from_pretrained_vit/failure_images/02242_true-bird_pred-cat.png,3,mamba_scratch;mamba_kd_from_scratch_vit;mamba_kd_from_pretrained_vit,True,False,False,True,False,True
2251,cifar10_test_02251,/home/tariq/Desktop/Awais-Tariq/base-KD/data/cifar-10-batches-py/test_batch,2251,frog,dog,0.8079444169998169,False,/home/tariq/Desktop/Awais-Tariq/base-KD/reports/cifar10_full_audit/vit_scratch/failure_images/02251_true-frog_pred-dog.png,cat,0.8527172207832336,False,/home/tariq/Desktop/Awais-Tariq/base-KD/reports/cifar10_full_audit/mamba_scratch/failure_images/02251_true-frog_pred-cat.png,frog,0.9999990463256836,True,,dog,0.4993817210197449,False,/home/tariq/Desktop/Awais-Tariq/base-KD/reports/cifar10_full_audit/mamba_kd_from_scratch_vit/failure_images/02251_true-frog_pred-dog.png,dog,0.8147088885307312,False,/home/tariq/Desktop/Awais-Tariq/base-KD/reports/cifar10_full_audit/mamba_kd_from_pretrained_vit/failure_images/02251_true-frog_pred-dog.png,4,vit_scratch;mamba_scratch;mamba_kd_from_scratch_vit;mamba_kd_from_pretrained_vit,True,False,False,False,False,True
2253,cifar10_test_02253,/home/tariq/Desktop/Awais-Tariq/base-KD/data/cifar-10-batches-py/test_batch,2253,cat,dog,0.47920385003089905,False,/home/tariq/Desktop/Awais-Tariq/base-KD/reports/cifar10_full_audit/vit_scratch/failure_images/02253_true-cat_pred-dog.png,bird,0.986629843711853,False,/home/tariq/Desktop/Awais-Tariq/base-KD/reports/cifar10_full_audit/mamba_scratch/failure_images/02253_true-cat_pred-bird.png,cat,0.9999834299087524,True,,dog,0.9461345672607422,False,/home/tariq/Desktop/Awais-Tariq/base-KD/reports/cifar10_full_audit/mamba_kd_from_scratch_vit/failure_images/02253_true-cat_pred-dog.png,dog,0.6279688477516174,False,/home/tariq/Desktop/Awais-Tariq/base-KD/reports/cifar10_full_audit/mamba_kd_from_pretrained_vit/failure_images/02253_true-cat_pred-dog.png,4,vit_scratch;mamba_scratch;mamba_kd_from_scratch_vit;mamba_kd_from_pretrained_vit,True,False,False,False,False,True
2262,cifar10_test_02262,/home/tariq/Desktop/Awais-Tariq/base-KD/data/cifar-10-batches-py/test_batch,2262,bird,deer,0.9978780746459961,False,/home/tariq/Desktop/Awais-Tariq/base-KD/reports/cifar10_full_audit/vit_scratch/failure_images/02262_true-bird_pred-deer.png,deer,0.9998568296432495,False,/home/tariq/Desktop/Awais-Tariq/base-KD/reports/cifar10_full_audit/mamba_scratch/failure_images/02262_true-bird_pred-deer.png,bird,0.999386191368103,True,,deer,0.9969803690910339,False,/home/tariq/Desktop/Awais-Tariq/base-KD/reports/cifar10_full_audit/mamba_kd_from_scratch_vit/failure_images/02262_true-bird_pred-deer.png,deer,0.8734790682792664,False,/home/tariq/Desktop/Awais-Tariq/base-KD/reports/cifar10_full_audit/mamba_kd_from_pretrained_vit/failure_images/02262_true-bird_pred-deer.png,4,vit_scratch;mamba_scratch;mamba_kd_from_scratch_vit;mamba_kd_from_pretrained_vit,True,False,False,False,False,True
2270,cifar10_test_02270,/home/tariq/Desktop/Awais-Tariq/base-KD/data/cifar-10-batches-py/test_batch,2270,bird,deer,0.9942790269851685,False,/home/tariq/Desktop/Awais-Tariq/base-KD/reports/cifar10_full_audit/vit_scratch/failure_images/02270_true-bird_pred-deer.png,deer,0.9581098556518555,False,/home/tariq/Desktop/Awais-Tariq/base-KD/reports/cifar10_full_audit/mamba_scratch/failure_images/02270_true-bird_pred-deer.png,bird,0.9999990463256836,True,,deer,0.9369407892227173,False,/home/tariq/Desktop/Awais-Tariq/base-KD/reports/cifar10_full_audit/mamba_kd_from_scratch_vit/failure_images/02270_true-bird_pred-deer.png,cat,0.8130472898483276,False,/home/tariq/Desktop/Awais-Tariq/base-KD/reports/cifar10_full_audit/mamba_kd_from_pretrained_vit/failure_images/02270_true-bird_pred-cat.png,4,vit_scratch;mamba_scratch;mamba_kd_from_scratch_vit;mamba_kd_from_pretrained_vit,True,False,False,False,False,True
2271,cifar10_test_02271,/home/tariq/Desktop/Awais-Tariq/base-KD/data/cifar-10-batches-py/test_batch,2271,truck,ship,0.5562494397163391,False,/home/tariq/Desktop/Awais-Tariq/base-KD/reports/cifar10_full_audit/vit_scratch/failure_images/02271_true-truck_pred-ship.png,ship,0.7544742822647095,False,/home/tariq/Desktop/Awais-Tariq/base-KD/reports/cifar10_full_audit/mamba_scratch/failure_images/02271_true-truck_pred-ship.png,truck,0.9999953508377075,True,,ship,0.8561590909957886,False,/home/tariq/Desktop/Awais-Tariq/base-KD/reports/cifar10_full_audit/mamba_kd_from_scratch_vit/failure_images/02271_true-truck_pred-ship.png,ship,0.9994220733642578,False,/home/tariq/Desktop/Awais-Tariq/base-KD/reports/cifar10_full_audit/mamba_kd_from_pretrained_vit/failure_images/02271_true-truck_pred-ship.png,4,vit_scratch;mamba_scratch;mamba_kd_from_scratch_vit;mamba_kd_from_pretrained_vit,True,False,False,False,False,True
2293,cifar10_test_02293,/home/tariq/Desktop/Awais-Tariq/base-KD/data/cifar-10-batches-py/test_batch,2293,ship,automobile,0.3017348647117615,False,/home/tariq/Desktop/Awais-Tariq/base-KD/reports/cifar10_full_audit/vit_scratch/failure_images/02293_true-ship_pred-automobile.png,automobile,0.6409576535224915,False,/home/tariq/Desktop/Awais-Tariq/base-KD/reports/cifar10_full_audit/mamba_scratch/failure_images/02293_true-ship_pred-automobile.png,ship,0.9999997615814209,True,,frog,0.34251686930656433,False,/home/tariq/Desktop/Awais-Tariq/base-KD/reports/cifar10_full_audit/mamba_kd_from_scratch_vit/failure_images/02293_true-ship_pred-frog.png,automobile,0.9961236119270325,False,/home/tariq/Desktop/Awais-Tariq/base-KD/reports/cifar10_full_audit/mamba_kd_from_pretrained_vit/failure_images/02293_true-ship_pred-automobile.png,4,vit_scratch;mamba_scratch;mamba_kd_from_scratch_vit;mamba_kd_from_pretrained_vit,True,False,False,False,False,True
2294,cifar10_test_02294,/home/tariq/Desktop/Awais-Tariq/base-KD/data/cifar-10-batches-py/test_batch,2294,automobile,truck,0.9684802889823914,False,/home/tariq/Desktop/Awais-Tariq/base-KD/reports/cifar10_full_audit/vit_scratch/failure_images/02294_true-automobile_pred-truck.png,truck,0.9605987071990967,False,/home/tariq/Desktop/Awais-Tariq/base-KD/reports/cifar10_full_audit/mamba_scratch/failure_images/02294_true-automobile_pred-truck.png,automobile,0.9999982118606567,True,,truck,0.9982511401176453,False,/home/tariq/Desktop/Awais-Tariq/base-KD/reports/cifar10_full_audit/mamba_kd_from_scratch_vit/failure_images/02294_true-automobile_pred-truck.png,automobile,0.9196234941482544,True,,3,vit_scratch;mamba_scratch;mamba_kd_from_scratch_vit,True,False,False,False,False,False
2299,cifar10_test_02299,/home/tariq/Desktop/Awais-Tariq/base-KD/data/cifar-10-batches-py/test_batch,2299,frog,frog,0.5422840714454651,True,,cat,0.9916496276855469,False,/home/tariq/Desktop/Awais-Tariq/base-KD/reports/cifar10_full_audit/mamba_scratch/failure_images/02299_true-frog_pred-cat.png,frog,0.9999934434890747,True,,cat,0.6222240328788757,False,/home/tariq/Desktop/Awais-Tariq/base-KD/reports/cifar10_full_audit/mamba_kd_from_scratch_vit/failure_images/02299_true-frog_pred-cat.png,cat,0.9994747042655945,False,/home/tariq/Desktop/Awais-Tariq/base-KD/reports/cifar10_full_audit/mamba_kd_from_pretrained_vit/failure_images/02299_true-frog_pred-cat.png,3,mamba_scratch;mamba_kd_from_scratch_vit;mamba_kd_from_pretrained_vit,True,False,False,True,False,True
2305,cifar10_test_02305,/home/tariq/Desktop/Awais-Tariq/base-KD/data/cifar-10-batches-py/test_batch,2305,truck,bird,0.9935981035232544,False,/home/tariq/Desktop/Awais-Tariq/base-KD/reports/cifar10_full_audit/vit_scratch/failure_images/02305_true-truck_pred-bird.png,bird,0.7341145277023315,False,/home/tariq/Desktop/Awais-Tariq/base-KD/reports/cifar10_full_audit/mamba_scratch/failure_images/02305_true-truck_pred-bird.png,truck,0.9999997615814209,True,,bird,0.9671033620834351,False,/home/tariq/Desktop/Awais-Tariq/base-KD/reports/cifar10_full_audit/mamba_kd_from_scratch_vit/failure_images/02305_true-truck_pred-bird.png,bird,0.9967160224914551,False,/home/tariq/Desktop/Awais-Tariq/base-KD/reports/cifar10_full_audit/mamba_kd_from_pretrained_vit/failure_images/02305_true-truck_pred-bird.png,4,vit_scratch;mamba_scratch;mamba_kd_from_scratch_vit;mamba_kd_from_pretrained_vit,True,False,False,False,False,True
2331,cifar10_test_02331,/home/tariq/Desktop/Awais-Tariq/base-KD/data/cifar-10-batches-py/test_batch,2331,bird,bird,0.9149691462516785,True,,deer,0.705449640750885,False,/home/tariq/Desktop/Awais-Tariq/base-KD/reports/cifar10_full_audit/mamba_scratch/failure_images/02331_true-bird_pred-deer.png,bird,0.999998927116394,True,,deer,0.9198622107505798,False,/home/tariq/Desktop/Awais-Tariq/base-KD/reports/cifar10_full_audit/mamba_kd_from_scratch_vit/failure_images/02331_true-bird_pred-deer.png,deer,0.9998809099197388,False,/home/tariq/Desktop/Awais-Tariq/base-KD/reports/cifar10_full_audit/mamba_kd_from_pretrained_vit/failure_images/02331_true-bird_pred-deer.png,3,mamba_scratch;mamba_kd_from_scratch_vit;mamba_kd_from_pretrained_vit,True,False,False,True,False,True
2350,cifar10_test_02350,/home/tariq/Desktop/Awais-Tariq/base-KD/data/cifar-10-batches-py/test_batch,2350,cat,cat,0.9184411764144897,True,,dog,0.9946728348731995,False,/home/tariq/Desktop/Awais-Tariq/base-KD/reports/cifar10_full_audit/mamba_scratch/failure_images/02350_true-cat_pred-dog.png,cat,0.9999837875366211,True,,dog,0.988174557685852,False,/home/tariq/Desktop/Awais-Tariq/base-KD/reports/cifar10_full_audit/mamba_kd_from_scratch_vit/failure_images/02350_true-cat_pred-dog.png,dog,0.9998593330383301,False,/home/tariq/Desktop/Awais-Tariq/base-KD/reports/cifar10_full_audit/mamba_kd_from_pretrained_vit/failure_images/02350_true-cat_pred-dog.png,3,mamba_scratch;mamba_kd_from_scratch_vit;mamba_kd_from_pretrained_vit,True,False,False,True,False,True
2358,cifar10_test_02358,/home/tariq/Desktop/Awais-Tariq/base-KD/data/cifar-10-batches-py/test_batch,2358,horse,dog,0.9919732809066772,False,/home/tariq/Desktop/Awais-Tariq/base-KD/reports/cifar10_full_audit/vit_scratch/failure_images/02358_true-horse_pred-dog.png,cat,0.8154945969581604,False,/home/tariq/Desktop/Awais-Tariq/base-KD/reports/cifar10_full_audit/mamba_scratch/failure_images/02358_true-horse_pred-cat.png,horse,0.9999996423721313,True,,horse,0.9082948565483093,True,,cat,0.9690493941307068,False,/home/tariq/Desktop/Awais-Tariq/base-KD/reports/cifar10_full_audit/mamba_kd_from_pretrained_vit/failure_images/02358_true-horse_pred-cat.png,3,vit_scratch;mamba_scratch;mamba_kd_from_pretrained_vit,True,False,True,False,False,True
2379,cifar10_test_02379,/home/tariq/Desktop/Awais-Tariq/base-KD/data/cifar-10-batches-py/test_batch,2379,airplane,airplane,0.8735266923904419,True,,ship,0.844963788986206,False,/home/tariq/Desktop/Awais-Tariq/base-KD/reports/cifar10_full_audit/mamba_scratch/failure_images/02379_true-airplane_pred-ship.png,airplane,1.0,True,,ship,0.9841736555099487,False,/home/tariq/Desktop/Awais-Tariq/base-KD/reports/cifar10_full_audit/mamba_kd_from_scratch_vit/failure_images/02379_true-airplane_pred-ship.png,ship,0.9999608993530273,False,/home/tariq/Desktop/Awais-Tariq/base-KD/reports/cifar10_full_audit/mamba_kd_from_pretrained_vit/failure_images/02379_true-airplane_pred-ship.png,3,mamba_scratch;mamba_kd_from_scratch_vit;mamba_kd_from_pretrained_vit,True,False,False,True,False,True
2405,cifar10_test_02405,/home/tariq/Desktop/Awais-Tariq/base-KD/data/cifar-10-batches-py/test_batch,2405,cat,frog,0.9999978542327881,False,/home/tariq/Desktop/Awais-Tariq/base-KD/reports/cifar10_full_audit/vit_scratch/failure_images/02405_true-cat_pred-frog.png,frog,1.0,False,/home/tariq/Desktop/Awais-Tariq/base-KD/reports/cifar10_full_audit/mamba_scratch/failure_images/02405_true-cat_pred-frog.png,frog,0.9999998807907104,False,/home/tariq/Desktop/Awais-Tariq/base-KD/reports/cifar10_full_audit/vit_pretrained_finetuned/failure_images/02405_true-cat_pred-frog.png,frog,0.9999780654907227,False,/home/tariq/Desktop/Awais-Tariq/base-KD/reports/cifar10_full_audit/mamba_kd_from_scratch_vit/failure_images/02405_true-cat_pred-frog.png,frog,0.9999998807907104,False,/home/tariq/Desktop/Awais-Tariq/base-KD/reports/cifar10_full_audit/mamba_kd_from_pretrained_vit/failure_images/02405_true-cat_pred-frog.png,5,vit_scratch;mamba_scratch;vit_pretrained_finetuned;mamba_kd_from_scratch_vit;mamba_kd_from_pretrained_vit,True,True,False,False,False,False
2413,cifar10_test_02413,/home/tariq/Desktop/Awais-Tariq/base-KD/data/cifar-10-batches-py/test_batch,2413,deer,frog,0.9998791217803955,False,/home/tariq/Desktop/Awais-Tariq/base-KD/reports/cifar10_full_audit/vit_scratch/failure_images/02413_true-deer_pred-frog.png,frog,0.9996330738067627,False,/home/tariq/Desktop/Awais-Tariq/base-KD/reports/cifar10_full_audit/mamba_scratch/failure_images/02413_true-deer_pred-frog.png,deer,0.9999988079071045,True,,frog,0.9990410208702087,False,/home/tariq/Desktop/Awais-Tariq/base-KD/reports/cifar10_full_audit/mamba_kd_from_scratch_vit/failure_images/02413_true-deer_pred-frog.png,frog,0.9997656941413879,False,/home/tariq/Desktop/Awais-Tariq/base-KD/reports/cifar10_full_audit/mamba_kd_from_pretrained_vit/failure_images/02413_true-deer_pred-frog.png,4,vit_scratch;mamba_scratch;mamba_kd_from_scratch_vit;mamba_kd_from_pretrained_vit,True,False,False,False,False,True
2422,cifar10_test_02422,/home/tariq/Desktop/Awais-Tariq/base-KD/data/cifar-10-batches-py/test_batch,2422,cat,dog,0.9958361387252808,False,/home/tariq/Desktop/Awais-Tariq/base-KD/reports/cifar10_full_audit/vit_scratch/failure_images/02422_true-cat_pred-dog.png,deer,0.9978691339492798,False,/home/tariq/Desktop/Awais-Tariq/base-KD/reports/cifar10_full_audit/mamba_scratch/failure_images/02422_true-cat_pred-deer.png,cat,0.9999911785125732,True,,dog,0.9230756759643555,False,/home/tariq/Desktop/Awais-Tariq/base-KD/reports/cifar10_full_audit/mamba_kd_from_scratch_vit/failure_images/02422_true-cat_pred-dog.png,cat,0.8582003712654114,True,,3,vit_scratch;mamba_scratch;mamba_kd_from_scratch_vit,True,False,False,False,False,False
2423,cifar10_test_02423,/home/tariq/Desktop/Awais-Tariq/base-KD/data/cifar-10-batches-py/test_batch,2423,bird,frog,0.6834102272987366,False,/home/tariq/Desktop/Awais-Tariq/base-KD/reports/cifar10_full_audit/vit_scratch/failure_images/02423_true-bird_pred-frog.png,cat,0.9789230823516846,False,/home/tariq/Desktop/Awais-Tariq/base-KD/reports/cifar10_full_audit/mamba_scratch/failure_images/02423_true-bird_pred-cat.png,bird,0.9999995231628418,True,,cat,0.5243122577667236,False,/home/tariq/Desktop/Awais-Tariq/base-KD/reports/cifar10_full_audit/mamba_kd_from_scratch_vit/failure_images/02423_true-bird_pred-cat.png,cat,0.9913796186447144,False,/home/tariq/Desktop/Awais-Tariq/base-KD/reports/cifar10_full_audit/mamba_kd_from_pretrained_vit/failure_images/02423_true-bird_pred-cat.png,4,vit_scratch;mamba_scratch;mamba_kd_from_scratch_vit;mamba_kd_from_pretrained_vit,True,False,False,False,False,True
2435,cifar10_test_02435,/home/tariq/Desktop/Awais-Tariq/base-KD/data/cifar-10-batches-py/test_batch,2435,frog,bird,0.5906904339790344,False,/home/tariq/Desktop/Awais-Tariq/base-KD/reports/cifar10_full_audit/vit_scratch/failure_images/02435_true-frog_pred-bird.png,deer,0.8652058839797974,False,/home/tariq/Desktop/Awais-Tariq/base-KD/reports/cifar10_full_audit/mamba_scratch/failure_images/02435_true-frog_pred-deer.png,frog,0.9999997615814209,True,,deer,0.8998192548751831,False,/home/tariq/Desktop/Awais-Tariq/base-KD/reports/cifar10_full_audit/mamba_kd_from_scratch_vit/failure_images/02435_true-frog_pred-deer.png,frog,0.9999676942825317,True,,3,vit_scratch;mamba_scratch;mamba_kd_from_scratch_vit,True,False,False,False,False,False
2453,cifar10_test_02453,/home/tariq/Desktop/Awais-Tariq/base-KD/data/cifar-10-batches-py/test_batch,2453,cat,deer,0.9999866485595703,False,/home/tariq/Desktop/Awais-Tariq/base-KD/reports/cifar10_full_audit/vit_scratch/failure_images/02453_true-cat_pred-deer.png,deer,0.9873024225234985,False,/home/tariq/Desktop/Awais-Tariq/base-KD/reports/cifar10_full_audit/mamba_scratch/failure_images/02453_true-cat_pred-deer.png,cat,0.9997896552085876,True,,deer,0.9302543997764587,False,/home/tariq/Desktop/Awais-Tariq/base-KD/reports/cifar10_full_audit/mamba_kd_from_scratch_vit/failure_images/02453_true-cat_pred-deer.png,cat,0.9926965832710266,True,,3,vit_scratch;mamba_scratch;mamba_kd_from_scratch_vit,True,False,False,False,False,False
2464,cifar10_test_02464,/home/tariq/Desktop/Awais-Tariq/base-KD/data/cifar-10-batches-py/test_batch,2464,bird,frog,0.8521420359611511,False,/home/tariq/Desktop/Awais-Tariq/base-KD/reports/cifar10_full_audit/vit_scratch/failure_images/02464_true-bird_pred-frog.png,bird,0.9593133330345154,True,,bird,0.9999994039535522,True,,frog,0.4501044452190399,False,/home/tariq/Desktop/Awais-Tariq/base-KD/reports/cifar10_full_audit/mamba_kd_from_scratch_vit/failure_images/02464_true-bird_pred-frog.png,airplane,0.9991675615310669,False,/home/tariq/Desktop/Awais-Tariq/base-KD/reports/cifar10_full_audit/mamba_kd_from_pretrained_vit/failure_images/02464_true-bird_pred-airplane.png,3,vit_scratch;mamba_kd_from_scratch_vit;mamba_kd_from_pretrained_vit,True,False,False,False,False,True
2472,cifar10_test_02472,/home/tariq/Desktop/Awais-Tariq/base-KD/data/cifar-10-batches-py/test_batch,2472,dog,cat,0.812065064907074,False,/home/tariq/Desktop/Awais-Tariq/base-KD/reports/cifar10_full_audit/vit_scratch/failure_images/02472_true-dog_pred-cat.png,cat,0.9985119700431824,False,/home/tariq/Desktop/Awais-Tariq/base-KD/reports/cifar10_full_audit/mamba_scratch/failure_images/02472_true-dog_pred-cat.png,dog,0.9999988079071045,True,,cat,0.7631096243858337,False,/home/tariq/Desktop/Awais-Tariq/base-KD/reports/cifar10_full_audit/mamba_kd_from_scratch_vit/failure_images/02472_true-dog_pred-cat.png,dog,0.9999293088912964,True,,3,vit_scratch;mamba_scratch;mamba_kd_from_scratch_vit,True,False,False,False,False,False
2489,cifar10_test_02489,/home/tariq/Desktop/Awais-Tariq/base-KD/data/cifar-10-batches-py/test_batch,2489,cat,truck,0.9105538129806519,False,/home/tariq/Desktop/Awais-Tariq/base-KD/reports/cifar10_full_audit/vit_scratch/failure_images/02489_true-cat_pred-truck.png,deer,0.9465706944465637,False,/home/tariq/Desktop/Awais-Tariq/base-KD/reports/cifar10_full_audit/mamba_scratch/failure_images/02489_true-cat_pred-deer.png,cat,0.9999984502792358,True,,truck,0.5427672863006592,False,/home/tariq/Desktop/Awais-Tariq/base-KD/reports/cifar10_full_audit/mamba_kd_from_scratch_vit/failure_images/02489_true-cat_pred-truck.png,cat,0.9923031330108643,True,,3,vit_scratch;mamba_scratch;mamba_kd_from_scratch_vit,True,False,False,False,False,False
2495,cifar10_test_02495,/home/tariq/Desktop/Awais-Tariq/base-KD/data/cifar-10-batches-py/test_batch,2495,truck,horse,0.35652443766593933,False,/home/tariq/Desktop/Awais-Tariq/base-KD/reports/cifar10_full_audit/vit_scratch/failure_images/02495_true-truck_pred-horse.png,ship,0.9998587369918823,False,/home/tariq/Desktop/Awais-Tariq/base-KD/reports/cifar10_full_audit/mamba_scratch/failure_images/02495_true-truck_pred-ship.png,truck,0.9999071359634399,True,,ship,0.7927759289741516,False,/home/tariq/Desktop/Awais-Tariq/base-KD/reports/cifar10_full_audit/mamba_kd_from_scratch_vit/failure_images/02495_true-truck_pred-ship.png,ship,0.7847111821174622,False,/home/tariq/Desktop/Awais-Tariq/base-KD/reports/cifar10_full_audit/mamba_kd_from_pretrained_vit/failure_images/02495_true-truck_pred-ship.png,4,vit_scratch;mamba_scratch;mamba_kd_from_scratch_vit;mamba_kd_from_pretrained_vit,True,False,False,False,False,True
2511,cifar10_test_02511,/home/tariq/Desktop/Awais-Tariq/base-KD/data/cifar-10-batches-py/test_batch,2511,ship,automobile,0.9890038371086121,False,/home/tariq/Desktop/Awais-Tariq/base-KD/reports/cifar10_full_audit/vit_scratch/failure_images/02511_true-ship_pred-automobile.png,ship,0.8190944194793701,True,,ship,0.999994158744812,True,,automobile,0.5053452849388123,False,/home/tariq/Desktop/Awais-Tariq/base-KD/reports/cifar10_full_audit/mamba_kd_from_scratch_vit/failure_images/02511_true-ship_pred-automobile.png,airplane,0.9829453825950623,False,/home/tariq/Desktop/Awais-Tariq/base-KD/reports/cifar10_full_audit/mamba_kd_from_pretrained_vit/failure_images/02511_true-ship_pred-airplane.png,3,vit_scratch;mamba_kd_from_scratch_vit;mamba_kd_from_pretrained_vit,True,False,False,False,False,True
2525,cifar10_test_02525,/home/tariq/Desktop/Awais-Tariq/base-KD/data/cifar-10-batches-py/test_batch,2525,dog,cat,0.8838716149330139,False,/home/tariq/Desktop/Awais-Tariq/base-KD/reports/cifar10_full_audit/vit_scratch/failure_images/02525_true-dog_pred-cat.png,automobile,0.9070833325386047,False,/home/tariq/Desktop/Awais-Tariq/base-KD/reports/cifar10_full_audit/mamba_scratch/failure_images/02525_true-dog_pred-automobile.png,cat,0.999821126461029,False,/home/tariq/Desktop/Awais-Tariq/base-KD/reports/cifar10_full_audit/vit_pretrained_finetuned/failure_images/02525_true-dog_pred-cat.png,automobile,0.3344244956970215,False,/home/tariq/Desktop/Awais-Tariq/base-KD/reports/cifar10_full_audit/mamba_kd_from_scratch_vit/failure_images/02525_true-dog_pred-automobile.png,bird,0.8407279849052429,False,/home/tariq/Desktop/Awais-Tariq/base-KD/reports/cifar10_full_audit/mamba_kd_from_pretrained_vit/failure_images/02525_true-dog_pred-bird.png,5,vit_scratch;mamba_scratch;vit_pretrained_finetuned;mamba_kd_from_scratch_vit;mamba_kd_from_pretrained_vit,True,True,False,False,False,False
2532,cifar10_test_02532,/home/tariq/Desktop/Awais-Tariq/base-KD/data/cifar-10-batches-py/test_batch,2532,airplane,automobile,0.9997836947441101,False,/home/tariq/Desktop/Awais-Tariq/base-KD/reports/cifar10_full_audit/vit_scratch/failure_images/02532_true-airplane_pred-automobile.png,automobile,0.9822743535041809,False,/home/tariq/Desktop/Awais-Tariq/base-KD/reports/cifar10_full_audit/mamba_scratch/failure_images/02532_true-airplane_pred-automobile.png,automobile,0.9999899864196777,False,/home/tariq/Desktop/Awais-Tariq/base-KD/reports/cifar10_full_audit/vit_pretrained_finetuned/failure_images/02532_true-airplane_pred-automobile.png,automobile,0.9986351132392883,False,/home/tariq/Desktop/Awais-Tariq/base-KD/reports/cifar10_full_audit/mamba_kd_from_scratch_vit/failure_images/02532_true-airplane_pred-automobile.png,automobile,0.9988123178482056,False,/home/tariq/Desktop/Awais-Tariq/base-KD/reports/cifar10_full_audit/mamba_kd_from_pretrained_vit/failure_images/02532_true-airplane_pred-automobile.png,5,vit_scratch;mamba_scratch;vit_pretrained_finetuned;mamba_kd_from_scratch_vit;mamba_kd_from_pretrained_vit,True,True,False,False,False,False
2533,cifar10_test_02533,/home/tariq/Desktop/Awais-Tariq/base-KD/data/cifar-10-batches-py/test_batch,2533,ship,dog,0.9199234247207642,False,/home/tariq/Desktop/Awais-Tariq/base-KD/reports/cifar10_full_audit/vit_scratch/failure_images/02533_true-ship_pred-dog.png,horse,0.6710769534111023,False,/home/tariq/Desktop/Awais-Tariq/base-KD/reports/cifar10_full_audit/mamba_scratch/failure_images/02533_true-ship_pred-horse.png,ship,0.9906841516494751,True,,dog,0.606886088848114,False,/home/tariq/Desktop/Awais-Tariq/base-KD/reports/cifar10_full_audit/mamba_kd_from_scratch_vit/failure_images/02533_true-ship_pred-dog.png,frog,0.6058961749076843,False,/home/tariq/Desktop/Awais-Tariq/base-KD/reports/cifar10_full_audit/mamba_kd_from_pretrained_vit/failure_images/02533_true-ship_pred-frog.png,4,vit_scratch;mamba_scratch;mamba_kd_from_scratch_vit;mamba_kd_from_pretrained_vit,True,False,False,False,False,True
2542,cifar10_test_02542,/home/tariq/Desktop/Awais-Tariq/base-KD/data/cifar-10-batches-py/test_batch,2542,bird,airplane,0.9296813607215881,False,/home/tariq/Desktop/Awais-Tariq/base-KD/reports/cifar10_full_audit/vit_scratch/failure_images/02542_true-bird_pred-airplane.png,airplane,0.9484727382659912,False,/home/tariq/Desktop/Awais-Tariq/base-KD/reports/cifar10_full_audit/mamba_scratch/failure_images/02542_true-bird_pred-airplane.png,bird,0.9999995231628418,True,,airplane,0.9443127512931824,False,/home/tariq/Desktop/Awais-Tariq/base-KD/reports/cifar10_full_audit/mamba_kd_from_scratch_vit/failure_images/02542_true-bird_pred-airplane.png,bird,0.9401471018791199,True,,3,vit_scratch;mamba_scratch;mamba_kd_from_scratch_vit,True,False,False,False,False,False
2551,cifar10_test_02551,/home/tariq/Desktop/Awais-Tariq/base-KD/data/cifar-10-batches-py/test_batch,2551,bird,frog,0.8347055315971375,False,/home/tariq/Desktop/Awais-Tariq/base-KD/reports/cifar10_full_audit/vit_scratch/failure_images/02551_true-bird_pred-frog.png,frog,0.8370673656463623,False,/home/tariq/Desktop/Awais-Tariq/base-KD/reports/cifar10_full_audit/mamba_scratch/failure_images/02551_true-bird_pred-frog.png,bird,1.0,True,,frog,0.9022538065910339,False,/home/tariq/Desktop/Awais-Tariq/base-KD/reports/cifar10_full_audit/mamba_kd_from_scratch_vit/failure_images/02551_true-bird_pred-frog.png,frog,0.9059410095214844,False,/home/tariq/Desktop/Awais-Tariq/base-KD/reports/cifar10_full_audit/mamba_kd_from_pretrained_vit/failure_images/02551_true-bird_pred-frog.png,4,vit_scratch;mamba_scratch;mamba_kd_from_scratch_vit;mamba_kd_from_pretrained_vit,True,False,False,False,False,True
2554,cifar10_test_02554,/home/tariq/Desktop/Awais-Tariq/base-KD/data/cifar-10-batches-py/test_batch,2554,deer,horse,0.9743355512619019,False,/home/tariq/Desktop/Awais-Tariq/base-KD/reports/cifar10_full_audit/vit_scratch/failure_images/02554_true-deer_pred-horse.png,bird,0.970029890537262,False,/home/tariq/Desktop/Awais-Tariq/base-KD/reports/cifar10_full_audit/mamba_scratch/failure_images/02554_true-deer_pred-bird.png,deer,0.9999980926513672,True,,horse,0.9977880716323853,False,/home/tariq/Desktop/Awais-Tariq/base-KD/reports/cifar10_full_audit/mamba_kd_from_scratch_vit/failure_images/02554_true-deer_pred-horse.png,horse,0.9912235736846924,False,/home/tariq/Desktop/Awais-Tariq/base-KD/reports/cifar10_full_audit/mamba_kd_from_pretrained_vit/failure_images/02554_true-deer_pred-horse.png,4,vit_scratch;mamba_scratch;mamba_kd_from_scratch_vit;mamba_kd_from_pretrained_vit,True,False,False,False,False,True
2581,cifar10_test_02581,/home/tariq/Desktop/Awais-Tariq/base-KD/data/cifar-10-batches-py/test_batch,2581,deer,truck,0.9961113333702087,False,/home/tariq/Desktop/Awais-Tariq/base-KD/reports/cifar10_full_audit/vit_scratch/failure_images/02581_true-deer_pred-truck.png,deer,0.7324594259262085,True,,deer,0.9999978542327881,True,,truck,0.7429403066635132,False,/home/tariq/Desktop/Awais-Tariq/base-KD/reports/cifar10_full_audit/mamba_kd_from_scratch_vit/failure_images/02581_true-deer_pred-truck.png,truck,0.5938319563865662,False,/home/tariq/Desktop/Awais-Tariq/base-KD/reports/cifar10_full_audit/mamba_kd_from_pretrained_vit/failure_images/02581_true-deer_pred-truck.png,3,vit_scratch;mamba_kd_from_scratch_vit;mamba_kd_from_pretrained_vit,True,False,False,False,False,True
2585,cifar10_test_02585,/home/tariq/Desktop/Awais-Tariq/base-KD/data/cifar-10-batches-py/test_batch,2585,cat,dog,0.847920298576355,False,/home/tariq/Desktop/Awais-Tariq/base-KD/reports/cifar10_full_audit/vit_scratch/failure_images/02585_true-cat_pred-dog.png,dog,0.8305028080940247,False,/home/tariq/Desktop/Awais-Tariq/base-KD/reports/cifar10_full_audit/mamba_scratch/failure_images/02585_true-cat_pred-dog.png,cat,0.9999986886978149,True,,dog,0.9806011915206909,False,/home/tariq/Desktop/Awais-Tariq/base-KD/reports/cifar10_full_audit/mamba_kd_from_scratch_vit/failure_images/02585_true-cat_pred-dog.png,cat,0.6237263083457947,True,,3,vit_scratch;mamba_scratch;mamba_kd_from_scratch_vit,True,False,False,False,False,False
2586,cifar10_test_02586,/home/tariq/Desktop/Awais-Tariq/base-KD/data/cifar-10-batches-py/test_batch,2586,horse,bird,0.43549904227256775,False,/home/tariq/Desktop/Awais-Tariq/base-KD/reports/cifar10_full_audit/vit_scratch/failure_images/02586_true-horse_pred-bird.png,dog,0.6533238887786865,False,/home/tariq/Desktop/Awais-Tariq/base-KD/reports/cifar10_full_audit/mamba_scratch/failure_images/02586_true-horse_pred-dog.png,horse,0.9997530579566956,True,,dog,0.7715822458267212,False,/home/tariq/Desktop/Awais-Tariq/base-KD/reports/cifar10_full_audit/mamba_kd_from_scratch_vit/failure_images/02586_true-horse_pred-dog.png,horse,0.6829348206520081,True,,3,vit_scratch;mamba_scratch;mamba_kd_from_scratch_vit,True,False,False,False,False,False
2590,cifar10_test_02590,/home/tariq/Desktop/Awais-Tariq/base-KD/data/cifar-10-batches-py/test_batch,2590,dog,cat,0.9856799840927124,False,/home/tariq/Desktop/Awais-Tariq/base-KD/reports/cifar10_full_audit/vit_scratch/failure_images/02590_true-dog_pred-cat.png,cat,0.9983160495758057,False,/home/tariq/Desktop/Awais-Tariq/base-KD/reports/cifar10_full_audit/mamba_scratch/failure_images/02590_true-dog_pred-cat.png,dog,0.9897128343582153,True,,cat,0.9568791389465332,False,/home/tariq/Desktop/Awais-Tariq/base-KD/reports/cifar10_full_audit/mamba_kd_from_scratch_vit/failure_images/02590_true-dog_pred-cat.png,cat,0.9996631145477295,False,/home/tariq/Desktop/Awais-Tariq/base-KD/reports/cifar10_full_audit/mamba_kd_from_pretrained_vit/failure_images/02590_true-dog_pred-cat.png,4,vit_scratch;mamba_scratch;mamba_kd_from_scratch_vit;mamba_kd_from_pretrained_vit,True,False,False,False,False,True
2592,cifar10_test_02592,/home/tariq/Desktop/Awais-Tariq/base-KD/data/cifar-10-batches-py/test_batch,2592,bird,deer,0.9999891519546509,False,/home/tariq/Desktop/Awais-Tariq/base-KD/reports/cifar10_full_audit/vit_scratch/failure_images/02592_true-bird_pred-deer.png,deer,0.9797199368476868,False,/home/tariq/Desktop/Awais-Tariq/base-KD/reports/cifar10_full_audit/mamba_scratch/failure_images/02592_true-bird_pred-deer.png,deer,0.9989567995071411,False,/home/tariq/Desktop/Awais-Tariq/base-KD/reports/cifar10_full_audit/vit_pretrained_finetuned/failure_images/02592_true-bird_pred-deer.png,deer,0.9806446433067322,False,/home/tariq/Desktop/Awais-Tariq/base-KD/reports/cifar10_full_audit/mamba_kd_from_scratch_vit/failure_images/02592_true-bird_pred-deer.png,dog,0.9994884729385376,False,/home/tariq/Desktop/Awais-Tariq/base-KD/reports/cifar10_full_audit/mamba_kd_from_pretrained_vit/failure_images/02592_true-bird_pred-dog.png,5,vit_scratch;mamba_scratch;vit_pretrained_finetuned;mamba_kd_from_scratch_vit;mamba_kd_from_pretrained_vit,True,True,False,False,False,False
2599,cifar10_test_02599,/home/tariq/Desktop/Awais-Tariq/base-KD/data/cifar-10-batches-py/test_batch,2599,frog,frog,0.6532840132713318,True,,cat,0.9900220036506653,False,/home/tariq/Desktop/Awais-Tariq/base-KD/reports/cifar10_full_audit/mamba_scratch/failure_images/02599_true-frog_pred-cat.png,frog,0.9999856948852539,True,,cat,0.8950603008270264,False,/home/tariq/Desktop/Awais-Tariq/base-KD/reports/cifar10_full_audit/mamba_kd_from_scratch_vit/failure_images/02599_true-frog_pred-cat.png,cat,0.999527096748352,False,/home/tariq/Desktop/Awais-Tariq/base-KD/reports/cifar10_full_audit/mamba_kd_from_pretrained_vit/failure_images/02599_true-frog_pred-cat.png,3,mamba_scratch;mamba_kd_from_scratch_vit;mamba_kd_from_pretrained_vit,True,False,False,True,False,True
2605,cifar10_test_02605,/home/tariq/Desktop/Awais-Tariq/base-KD/data/cifar-10-batches-py/test_batch,2605,deer,horse,0.8240322470664978,False,/home/tariq/Desktop/Awais-Tariq/base-KD/reports/cifar10_full_audit/vit_scratch/failure_images/02605_true-deer_pred-horse.png,deer,0.9004946947097778,True,,cat,0.5072640776634216,False,/home/tariq/Desktop/Awais-Tariq/base-KD/reports/cifar10_full_audit/vit_pretrained_finetuned/failure_images/02605_true-deer_pred-cat.png,horse,0.8572193384170532,False,/home/tariq/Desktop/Awais-Tariq/base-KD/reports/cifar10_full_audit/mamba_kd_from_scratch_vit/failure_images/02605_true-deer_pred-horse.png,deer,0.9991710186004639,True,,3,vit_scratch;vit_pretrained_finetuned;mamba_kd_from_scratch_vit,True,False,False,False,True,False
2650,cifar10_test_02650,/home/tariq/Desktop/Awais-Tariq/base-KD/data/cifar-10-batches-py/test_batch,2650,dog,deer,0.9500396847724915,False,/home/tariq/Desktop/Awais-Tariq/base-KD/reports/cifar10_full_audit/vit_scratch/failure_images/02650_true-dog_pred-deer.png,cat,0.9876769781112671,False,/home/tariq/Desktop/Awais-Tariq/base-KD/reports/cifar10_full_audit/mamba_scratch/failure_images/02650_true-dog_pred-cat.png,dog,0.9999840259552002,True,,horse,0.9173778891563416,False,/home/tariq/Desktop/Awais-Tariq/base-KD/reports/cifar10_full_audit/mamba_kd_from_scratch_vit/failure_images/02650_true-dog_pred-horse.png,horse,0.9948046803474426,False,/home/tariq/Desktop/Awais-Tariq/base-KD/reports/cifar10_full_audit/mamba_kd_from_pretrained_vit/failure_images/02650_true-dog_pred-horse.png,4,vit_scratch;mamba_scratch;mamba_kd_from_scratch_vit;mamba_kd_from_pretrained_vit,True,False,False,False,False,True
2690,cifar10_test_02690,/home/tariq/Desktop/Awais-Tariq/base-KD/data/cifar-10-batches-py/test_batch,2690,bird,frog,0.8261268138885498,False,/home/tariq/Desktop/Awais-Tariq/base-KD/reports/cifar10_full_audit/vit_scratch/failure_images/02690_true-bird_pred-frog.png,frog,0.9975900650024414,False,/home/tariq/Desktop/Awais-Tariq/base-KD/reports/cifar10_full_audit/mamba_scratch/failure_images/02690_true-bird_pred-frog.png,bird,0.9999998807907104,True,,frog,0.6059631705284119,False,/home/tariq/Desktop/Awais-Tariq/base-KD/reports/cifar10_full_audit/mamba_kd_from_scratch_vit/failure_images/02690_true-bird_pred-frog.png,frog,0.9970364570617676,False,/home/tariq/Desktop/Awais-Tariq/base-KD/reports/cifar10_full_audit/mamba_kd_from_pretrained_vit/failure_images/02690_true-bird_pred-frog.png,4,vit_scratch;mamba_scratch;mamba_kd_from_scratch_vit;mamba_kd_from_pretrained_vit,True,False,False,False,False,True
2703,cifar10_test_02703,/home/tariq/Desktop/Awais-Tariq/base-KD/data/cifar-10-batches-py/test_batch,2703,truck,airplane,0.9734858274459839,False,/home/tariq/Desktop/Awais-Tariq/base-KD/reports/cifar10_full_audit/vit_scratch/failure_images/02703_true-truck_pred-airplane.png,airplane,0.6125648021697998,False,/home/tariq/Desktop/Awais-Tariq/base-KD/reports/cifar10_full_audit/mamba_scratch/failure_images/02703_true-truck_pred-airplane.png,truck,0.999997615814209,True,,airplane,0.980418860912323,False,/home/tariq/Desktop/Awais-Tariq/base-KD/reports/cifar10_full_audit/mamba_kd_from_scratch_vit/failure_images/02703_true-truck_pred-airplane.png,truck,0.8258164525032043,True,,3,vit_scratch;mamba_scratch;mamba_kd_from_scratch_vit,True,False,False,False,False,False
2719,cifar10_test_02719,/home/tariq/Desktop/Awais-Tariq/base-KD/data/cifar-10-batches-py/test_batch,2719,deer,dog,0.7637151479721069,False,/home/tariq/Desktop/Awais-Tariq/base-KD/reports/cifar10_full_audit/vit_scratch/failure_images/02719_true-deer_pred-dog.png,bird,0.965755045413971,False,/home/tariq/Desktop/Awais-Tariq/base-KD/reports/cifar10_full_audit/mamba_scratch/failure_images/02719_true-deer_pred-bird.png,deer,0.9999994039535522,True,,dog,0.7189367413520813,False,/home/tariq/Desktop/Awais-Tariq/base-KD/reports/cifar10_full_audit/mamba_kd_from_scratch_vit/failure_images/02719_true-deer_pred-dog.png,bird,0.9998515844345093,False,/home/tariq/Desktop/Awais-Tariq/base-KD/reports/cifar10_full_audit/mamba_kd_from_pretrained_vit/failure_images/02719_true-deer_pred-bird.png,4,vit_scratch;mamba_scratch;mamba_kd_from_scratch_vit;mamba_kd_from_pretrained_vit,True,False,False,False,False,True
2737,cifar10_test_02737,/home/tariq/Desktop/Awais-Tariq/base-KD/data/cifar-10-batches-py/test_batch,2737,ship,ship,0.9559852480888367,True,,airplane,0.9665087461471558,False,/home/tariq/Desktop/Awais-Tariq/base-KD/reports/cifar10_full_audit/mamba_scratch/failure_images/02737_true-ship_pred-airplane.png,ship,0.9999985694885254,True,,airplane,0.6109907031059265,False,/home/tariq/Desktop/Awais-Tariq/base-KD/reports/cifar10_full_audit/mamba_kd_from_scratch_vit/failure_images/02737_true-ship_pred-airplane.png,airplane,0.9996070265769958,False,/home/tariq/Desktop/Awais-Tariq/base-KD/reports/cifar10_full_audit/mamba_kd_from_pretrained_vit/failure_images/02737_true-ship_pred-airplane.png,3,mamba_scratch;mamba_kd_from_scratch_vit;mamba_kd_from_pretrained_vit,True,False,False,True,False,True
2767,cifar10_test_02767,/home/tariq/Desktop/Awais-Tariq/base-KD/data/cifar-10-batches-py/test_batch,2767,dog,cat,0.8455860018730164,False,/home/tariq/Desktop/Awais-Tariq/base-KD/reports/cifar10_full_audit/vit_scratch/failure_images/02767_true-dog_pred-cat.png,cat,0.9999784231185913,False,/home/tariq/Desktop/Awais-Tariq/base-KD/reports/cifar10_full_audit/mamba_scratch/failure_images/02767_true-dog_pred-cat.png,dog,0.9999803304672241,True,,cat,0.8329260945320129,False,/home/tariq/Desktop/Awais-Tariq/base-KD/reports/cifar10_full_audit/mamba_kd_from_scratch_vit/failure_images/02767_true-dog_pred-cat.png,cat,0.5423988699913025,False,/home/tariq/Desktop/Awais-Tariq/base-KD/reports/cifar10_full_audit/mamba_kd_from_pretrained_vit/failure_images/02767_true-dog_pred-cat.png,4,vit_scratch;mamba_scratch;mamba_kd_from_scratch_vit;mamba_kd_from_pretrained_vit,True,False,False,False,False,True
2770,cifar10_test_02770,/home/tariq/Desktop/Awais-Tariq/base-KD/data/cifar-10-batches-py/test_batch,2770,horse,airplane,0.3749408423900604,False,/home/tariq/Desktop/Awais-Tariq/base-KD/reports/cifar10_full_audit/vit_scratch/failure_images/02770_true-horse_pred-airplane.png,cat,0.7440235018730164,False,/home/tariq/Desktop/Awais-Tariq/base-KD/reports/cifar10_full_audit/mamba_scratch/failure_images/02770_true-horse_pred-cat.png,horse,0.9999867677688599,True,,frog,0.8666279315948486,False,/home/tariq/Desktop/Awais-Tariq/base-KD/reports/cifar10_full_audit/mamba_kd_from_scratch_vit/failure_images/02770_true-horse_pred-frog.png,bird,0.9999510049819946,False,/home/tariq/Desktop/Awais-Tariq/base-KD/reports/cifar10_full_audit/mamba_kd_from_pretrained_vit/failure_images/02770_true-horse_pred-bird.png,4,vit_scratch;mamba_scratch;mamba_kd_from_scratch_vit;mamba_kd_from_pretrained_vit,True,False,False,False,False,True
2779,cifar10_test_02779,/home/tariq/Desktop/Awais-Tariq/base-KD/data/cifar-10-batches-py/test_batch,2779,cat,dog,0.9975306391716003,False,/home/tariq/Desktop/Awais-Tariq/base-KD/reports/cifar10_full_audit/vit_scratch/failure_images/02779_true-cat_pred-dog.png,dog,0.5525946021080017,False,/home/tariq/Desktop/Awais-Tariq/base-KD/reports/cifar10_full_audit/mamba_scratch/failure_images/02779_true-cat_pred-dog.png,cat,0.9999938011169434,True,,dog,0.9950202703475952,False,/home/tariq/Desktop/Awais-Tariq/base-KD/reports/cifar10_full_audit/mamba_kd_from_scratch_vit/failure_images/02779_true-cat_pred-dog.png,dog,0.8681122064590454,False,/home/tariq/Desktop/Awais-Tariq/base-KD/reports/cifar10_full_audit/mamba_kd_from_pretrained_vit/failure_images/02779_true-cat_pred-dog.png,4,vit_scratch;mamba_scratch;mamba_kd_from_scratch_vit;mamba_kd_from_pretrained_vit,True,False,False,False,False,True
2804,cifar10_test_02804,/home/tariq/Desktop/Awais-Tariq/base-KD/data/cifar-10-batches-py/test_batch,2804,cat,bird,0.7844270467758179,False,/home/tariq/Desktop/Awais-Tariq/base-KD/reports/cifar10_full_audit/vit_scratch/failure_images/02804_true-cat_pred-bird.png,dog,0.8971405029296875,False,/home/tariq/Desktop/Awais-Tariq/base-KD/reports/cifar10_full_audit/mamba_scratch/failure_images/02804_true-cat_pred-dog.png,dog,0.9999988079071045,False,/home/tariq/Desktop/Awais-Tariq/base-KD/reports/cifar10_full_audit/vit_pretrained_finetuned/failure_images/02804_true-cat_pred-dog.png,dog,0.9987152814865112,False,/home/tariq/Desktop/Awais-Tariq/base-KD/reports/cifar10_full_audit/mamba_kd_from_scratch_vit/failure_images/02804_true-cat_pred-dog.png,dog,0.9997681975364685,False,/home/tariq/Desktop/Awais-Tariq/base-KD/reports/cifar10_full_audit/mamba_kd_from_pretrained_vit/failure_images/02804_true-cat_pred-dog.png,5,vit_scratch;mamba_scratch;vit_pretrained_finetuned;mamba_kd_from_scratch_vit;mamba_kd_from_pretrained_vit,True,True,False,False,False,False
2822,cifar10_test_02822,/home/tariq/Desktop/Awais-Tariq/base-KD/data/cifar-10-batches-py/test_batch,2822,cat,dog,0.9982444047927856,False,/home/tariq/Desktop/Awais-Tariq/base-KD/reports/cifar10_full_audit/vit_scratch/failure_images/02822_true-cat_pred-dog.png,dog,0.9973714351654053,False,/home/tariq/Desktop/Awais-Tariq/base-KD/reports/cifar10_full_audit/mamba_scratch/failure_images/02822_true-cat_pred-dog.png,cat,0.9998544454574585,True,,dog,0.9392649531364441,False,/home/tariq/Desktop/Awais-Tariq/base-KD/reports/cifar10_full_audit/mamba_kd_from_scratch_vit/failure_images/02822_true-cat_pred-dog.png,cat,0.7967278361320496,True,,3,vit_scratch;mamba_scratch;mamba_kd_from_scratch_vit,True,False,False,False,False,False
2831,cifar10_test_02831,/home/tariq/Desktop/Awais-Tariq/base-KD/data/cifar-10-batches-py/test_batch,2831,cat,automobile,0.4325386583805084,False,/home/tariq/Desktop/Awais-Tariq/base-KD/reports/cifar10_full_audit/vit_scratch/failure_images/02831_true-cat_pred-automobile.png,airplane,0.9975125789642334,False,/home/tariq/Desktop/Awais-Tariq/base-KD/reports/cifar10_full_audit/mamba_scratch/failure_images/02831_true-cat_pred-airplane.png,cat,0.9999465942382812,True,,airplane,0.5882218480110168,False,/home/tariq/Desktop/Awais-Tariq/base-KD/reports/cifar10_full_audit/mamba_kd_from_scratch_vit/failure_images/02831_true-cat_pred-airplane.png,cat,0.901954710483551,True,,3,vit_scratch;mamba_scratch;mamba_kd_from_scratch_vit,True,False,False,False,False,False
2843,cifar10_test_02843,/home/tariq/Desktop/Awais-Tariq/base-KD/data/cifar-10-batches-py/test_batch,2843,automobile,ship,0.7889652252197266,False,/home/tariq/Desktop/Awais-Tariq/base-KD/reports/cifar10_full_audit/vit_scratch/failure_images/02843_true-automobile_pred-ship.png,truck,0.9961668848991394,False,/home/tariq/Desktop/Awais-Tariq/base-KD/reports/cifar10_full_audit/mamba_scratch/failure_images/02843_true-automobile_pred-truck.png,automobile,0.9999984502792358,True,,airplane,0.3755055069923401,False,/home/tariq/Desktop/Awais-Tariq/base-KD/reports/cifar10_full_audit/mamba_kd_from_scratch_vit/failure_images/02843_true-automobile_pred-airplane.png,bird,0.6964052319526672,False,/home/tariq/Desktop/Awais-Tariq/base-KD/reports/cifar10_full_audit/mamba_kd_from_pretrained_vit/failure_images/02843_true-automobile_pred-bird.png,4,vit_scratch;mamba_scratch;mamba_kd_from_scratch_vit;mamba_kd_from_pretrained_vit,True,False,False,False,False,True
2845,cifar10_test_02845,/home/tariq/Desktop/Awais-Tariq/base-KD/data/cifar-10-batches-py/test_batch,2845,dog,dog,0.9261982440948486,True,,deer,0.9397488832473755,False,/home/tariq/Desktop/Awais-Tariq/base-KD/reports/cifar10_full_audit/mamba_scratch/failure_images/02845_true-dog_pred-deer.png,deer,0.995179295539856,False,/home/tariq/Desktop/Awais-Tariq/base-KD/reports/cifar10_full_audit/vit_pretrained_finetuned/failure_images/02845_true-dog_pred-deer.png,dog,0.5742565989494324,True,,cat,0.9988000392913818,False,/home/tariq/Desktop/Awais-Tariq/base-KD/reports/cifar10_full_audit/mamba_kd_from_pretrained_vit/failure_images/02845_true-dog_pred-cat.png,3,mamba_scratch;vit_pretrained_finetuned;mamba_kd_from_pretrained_vit,True,False,False,False,False,False
2854,cifar10_test_02854,/home/tariq/Desktop/Awais-Tariq/base-KD/data/cifar-10-batches-py/test_batch,2854,truck,airplane,0.5260893106460571,False,/home/tariq/Desktop/Awais-Tariq/base-KD/reports/cifar10_full_audit/vit_scratch/failure_images/02854_true-truck_pred-airplane.png,horse,0.9999058246612549,False,/home/tariq/Desktop/Awais-Tariq/base-KD/reports/cifar10_full_audit/mamba_scratch/failure_images/02854_true-truck_pred-horse.png,automobile,0.9999958276748657,False,/home/tariq/Desktop/Awais-Tariq/base-KD/reports/cifar10_full_audit/vit_pretrained_finetuned/failure_images/02854_true-truck_pred-automobile.png,airplane,0.36287665367126465,False,/home/tariq/Desktop/Awais-Tariq/base-KD/reports/cifar10_full_audit/mamba_kd_from_scratch_vit/failure_images/02854_true-truck_pred-airplane.png,horse,0.9991920590400696,False,/home/tariq/Desktop/Awais-Tariq/base-KD/reports/cifar10_full_audit/mamba_kd_from_pretrained_vit/failure_images/02854_true-truck_pred-horse.png,5,vit_scratch;mamba_scratch;vit_pretrained_finetuned;mamba_kd_from_scratch_vit;mamba_kd_from_pretrained_vit,True,True,False,False,False,False
2859,cifar10_test_02859,/home/tariq/Desktop/Awais-Tariq/base-KD/data/cifar-10-batches-py/test_batch,2859,automobile,truck,0.9986860156059265,False,/home/tariq/Desktop/Awais-Tariq/base-KD/reports/cifar10_full_audit/vit_scratch/failure_images/02859_true-automobile_pred-truck.png,bird,0.3370852768421173,False,/home/tariq/Desktop/Awais-Tariq/base-KD/reports/cifar10_full_audit/mamba_scratch/failure_images/02859_true-automobile_pred-bird.png,automobile,0.9999966621398926,True,,truck,0.926868736743927,False,/home/tariq/Desktop/Awais-Tariq/base-KD/reports/cifar10_full_audit/mamba_kd_from_scratch_vit/failure_images/02859_true-automobile_pred-truck.png,automobile,0.9996041655540466,True,,3,vit_scratch;mamba_scratch;mamba_kd_from_scratch_vit,True,False,False,False,False,False
2868,cifar10_test_02868,/home/tariq/Desktop/Awais-Tariq/base-KD/data/cifar-10-batches-py/test_batch,2868,truck,deer,0.875268280506134,False,/home/tariq/Desktop/Awais-Tariq/base-KD/reports/cifar10_full_audit/vit_scratch/failure_images/02868_true-truck_pred-deer.png,deer,0.8769842982292175,False,/home/tariq/Desktop/Awais-Tariq/base-KD/reports/cifar10_full_audit/mamba_scratch/failure_images/02868_true-truck_pred-deer.png,truck,0.9999744892120361,True,,deer,0.46970415115356445,False,/home/tariq/Desktop/Awais-Tariq/base-KD/reports/cifar10_full_audit/mamba_kd_from_scratch_vit/failure_images/02868_true-truck_pred-deer.png,automobile,0.997779905796051,False,/home/tariq/Desktop/Awais-Tariq/base-KD/reports/cifar10_full_audit/mamba_kd_from_pretrained_vit/failure_images/02868_true-truck_pred-automobile.png,4,vit_scratch;mamba_scratch;mamba_kd_from_scratch_vit;mamba_kd_from_pretrained_vit,True,False,False,False,False,True
2895,cifar10_test_02895,/home/tariq/Desktop/Awais-Tariq/base-KD/data/cifar-10-batches-py/test_batch,2895,horse,cat,0.8695006966590881,False,/home/tariq/Desktop/Awais-Tariq/base-KD/reports/cifar10_full_audit/vit_scratch/failure_images/02895_true-horse_pred-cat.png,dog,0.9516894817352295,False,/home/tariq/Desktop/Awais-Tariq/base-KD/reports/cifar10_full_audit/mamba_scratch/failure_images/02895_true-horse_pred-dog.png,horse,1.0,True,,dog,0.9053842425346375,False,/home/tariq/Desktop/Awais-Tariq/base-KD/reports/cifar10_full_audit/mamba_kd_from_scratch_vit/failure_images/02895_true-horse_pred-dog.png,dog,0.9998989105224609,False,/home/tariq/Desktop/Awais-Tariq/base-KD/reports/cifar10_full_audit/mamba_kd_from_pretrained_vit/failure_images/02895_true-horse_pred-dog.png,4,vit_scratch;mamba_scratch;mamba_kd_from_scratch_vit;mamba_kd_from_pretrained_vit,True,False,False,False,False,True
2912,cifar10_test_02912,/home/tariq/Desktop/Awais-Tariq/base-KD/data/cifar-10-batches-py/test_batch,2912,bird,deer,0.9999845027923584,False,/home/tariq/Desktop/Awais-Tariq/base-KD/reports/cifar10_full_audit/vit_scratch/failure_images/02912_true-bird_pred-deer.png,frog,0.9807389974594116,False,/home/tariq/Desktop/Awais-Tariq/base-KD/reports/cifar10_full_audit/mamba_scratch/failure_images/02912_true-bird_pred-frog.png,bird,0.9999983310699463,True,,deer,0.9994235038757324,False,/home/tariq/Desktop/Awais-Tariq/base-KD/reports/cifar10_full_audit/mamba_kd_from_scratch_vit/failure_images/02912_true-bird_pred-deer.png,deer,0.9569335579872131,False,/home/tariq/Desktop/Awais-Tariq/base-KD/reports/cifar10_full_audit/mamba_kd_from_pretrained_vit/failure_images/02912_true-bird_pred-deer.png,4,vit_scratch;mamba_scratch;mamba_kd_from_scratch_vit;mamba_kd_from_pretrained_vit,True,False,False,False,False,True
2923,cifar10_test_02923,/home/tariq/Desktop/Awais-Tariq/base-KD/data/cifar-10-batches-py/test_batch,2923,cat,dog,0.9884010553359985,False,/home/tariq/Desktop/Awais-Tariq/base-KD/reports/cifar10_full_audit/vit_scratch/failure_images/02923_true-cat_pred-dog.png,horse,0.9751147627830505,False,/home/tariq/Desktop/Awais-Tariq/base-KD/reports/cifar10_full_audit/mamba_scratch/failure_images/02923_true-cat_pred-horse.png,cat,0.9983999133110046,True,,dog,0.8067176938056946,False,/home/tariq/Desktop/Awais-Tariq/base-KD/reports/cifar10_full_audit/mamba_kd_from_scratch_vit/failure_images/02923_true-cat_pred-dog.png,horse,0.9994832277297974,False,/home/tariq/Desktop/Awais-Tariq/base-KD/reports/cifar10_full_audit/mamba_kd_from_pretrained_vit/failure_images/02923_true-cat_pred-horse.png,4,vit_scratch;mamba_scratch;mamba_kd_from_scratch_vit;mamba_kd_from_pretrained_vit,True,False,False,False,False,True
2940,cifar10_test_02940,/home/tariq/Desktop/Awais-Tariq/base-KD/data/cifar-10-batches-py/test_batch,2940,cat,airplane,0.9832732677459717,False,/home/tariq/Desktop/Awais-Tariq/base-KD/reports/cifar10_full_audit/vit_scratch/failure_images/02940_true-cat_pred-airplane.png,airplane,0.9999973773956299,False,/home/tariq/Desktop/Awais-Tariq/base-KD/reports/cifar10_full_audit/mamba_scratch/failure_images/02940_true-cat_pred-airplane.png,cat,0.9951533079147339,True,,airplane,0.9943066239356995,False,/home/tariq/Desktop/Awais-Tariq/base-KD/reports/cifar10_full_audit/mamba_kd_from_scratch_vit/failure_images/02940_true-cat_pred-airplane.png,airplane,0.9596355557441711,False,/home/tariq/Desktop/Awais-Tariq/base-KD/reports/cifar10_full_audit/mamba_kd_from_pretrained_vit/failure_images/02940_true-cat_pred-airplane.png,4,vit_scratch;mamba_scratch;mamba_kd_from_scratch_vit;mamba_kd_from_pretrained_vit,True,False,False,False,False,True
2948,cifar10_test_02948,/home/tariq/Desktop/Awais-Tariq/base-KD/data/cifar-10-batches-py/test_batch,2948,dog,deer,0.38269662857055664,False,/home/tariq/Desktop/Awais-Tariq/base-KD/reports/cifar10_full_audit/vit_scratch/failure_images/02948_true-dog_pred-deer.png,cat,0.7363657355308533,False,/home/tariq/Desktop/Awais-Tariq/base-KD/reports/cifar10_full_audit/mamba_scratch/failure_images/02948_true-dog_pred-cat.png,dog,0.9999020099639893,True,,deer,0.2694152891635895,False,/home/tariq/Desktop/Awais-Tariq/base-KD/reports/cifar10_full_audit/mamba_kd_from_scratch_vit/failure_images/02948_true-dog_pred-deer.png,cat,0.6582240462303162,False,/home/tariq/Desktop/Awais-Tariq/base-KD/reports/cifar10_full_audit/mamba_kd_from_pretrained_vit/failure_images/02948_true-dog_pred-cat.png,4,vit_scratch;mamba_scratch;mamba_kd_from_scratch_vit;mamba_kd_from_pretrained_vit,True,False,False,False,False,True
2955,cifar10_test_02955,/home/tariq/Desktop/Awais-Tariq/base-KD/data/cifar-10-batches-py/test_batch,2955,bird,airplane,0.3970813453197479,False,/home/tariq/Desktop/Awais-Tariq/base-KD/reports/cifar10_full_audit/vit_scratch/failure_images/02955_true-bird_pred-airplane.png,cat,0.975811779499054,False,/home/tariq/Desktop/Awais-Tariq/base-KD/reports/cifar10_full_audit/mamba_scratch/failure_images/02955_true-bird_pred-cat.png,bird,0.9999998807907104,True,,airplane,0.43001657724380493,False,/home/tariq/Desktop/Awais-Tariq/base-KD/reports/cifar10_full_audit/mamba_kd_from_scratch_vit/failure_images/02955_true-bird_pred-airplane.png,cat,0.8978948593139648,False,/home/tariq/Desktop/Awais-Tariq/base-KD/reports/cifar10_full_audit/mamba_kd_from_pretrained_vit/failure_images/02955_true-bird_pred-cat.png,4,vit_scratch;mamba_scratch;mamba_kd_from_scratch_vit;mamba_kd_from_pretrained_vit,True,False,False,False,False,True
2985,cifar10_test_02985,/home/tariq/Desktop/Awais-Tariq/base-KD/data/cifar-10-batches-py/test_batch,2985,bird,truck,0.9012355804443359,False,/home/tariq/Desktop/Awais-Tariq/base-KD/reports/cifar10_full_audit/vit_scratch/failure_images/02985_true-bird_pred-truck.png,bird,0.9723947048187256,True,,bird,1.0,True,,horse,0.4786849915981293,False,/home/tariq/Desktop/Awais-Tariq/base-KD/reports/cifar10_full_audit/mamba_kd_from_scratch_vit/failure_images/02985_true-bird_pred-horse.png,deer,0.6185340881347656,False,/home/tariq/Desktop/Awais-Tariq/base-KD/reports/cifar10_full_audit/mamba_kd_from_pretrained_vit/failure_images/02985_true-bird_pred-deer.png,3,vit_scratch;mamba_kd_from_scratch_vit;mamba_kd_from_pretrained_vit,True,False,False,False,False,True
2986,cifar10_test_02986,/home/tariq/Desktop/Awais-Tariq/base-KD/data/cifar-10-batches-py/test_batch,2986,automobile,ship,0.6524473428726196,False,/home/tariq/Desktop/Awais-Tariq/base-KD/reports/cifar10_full_audit/vit_scratch/failure_images/02986_true-automobile_pred-ship.png,ship,0.8103536367416382,False,/home/tariq/Desktop/Awais-Tariq/base-KD/reports/cifar10_full_audit/mamba_scratch/failure_images/02986_true-automobile_pred-ship.png,automobile,0.9999994039535522,True,,ship,0.9959418177604675,False,/home/tariq/Desktop/Awais-Tariq/base-KD/reports/cifar10_full_audit/mamba_kd_from_scratch_vit/failure_images/02986_true-automobile_pred-ship.png,automobile,0.9997873902320862,True,,3,vit_scratch;mamba_scratch;mamba_kd_from_scratch_vit,True,False,False,False,False,False
2987,cifar10_test_02987,/home/tariq/Desktop/Awais-Tariq/base-KD/data/cifar-10-batches-py/test_batch,2987,automobile,truck,0.6730176210403442,False,/home/tariq/Desktop/Awais-Tariq/base-KD/reports/cifar10_full_audit/vit_scratch/failure_images/02987_true-automobile_pred-truck.png,dog,0.680082380771637,False,/home/tariq/Desktop/Awais-Tariq/base-KD/reports/cifar10_full_audit/mamba_scratch/failure_images/02987_true-automobile_pred-dog.png,automobile,0.9999967813491821,True,,dog,0.4893852174282074,False,/home/tariq/Desktop/Awais-Tariq/base-KD/reports/cifar10_full_audit/mamba_kd_from_scratch_vit/failure_images/02987_true-automobile_pred-dog.png,dog,0.9256113171577454,False,/home/tariq/Desktop/Awais-Tariq/base-KD/reports/cifar10_full_audit/mamba_kd_from_pretrained_vit/failure_images/02987_true-automobile_pred-dog.png,4,vit_scratch;mamba_scratch;mamba_kd_from_scratch_vit;mamba_kd_from_pretrained_vit,True,False,False,False,False,True
2997,cifar10_test_02997,/home/tariq/Desktop/Awais-Tariq/base-KD/data/cifar-10-batches-py/test_batch,2997,bird,cat,0.6387229561805725,False,/home/tariq/Desktop/Awais-Tariq/base-KD/reports/cifar10_full_audit/vit_scratch/failure_images/02997_true-bird_pred-cat.png,dog,0.9971715807914734,False,/home/tariq/Desktop/Awais-Tariq/base-KD/reports/cifar10_full_audit/mamba_scratch/failure_images/02997_true-bird_pred-dog.png,bird,0.9999994039535522,True,,dog,0.784956157207489,False,/home/tariq/Desktop/Awais-Tariq/base-KD/reports/cifar10_full_audit/mamba_kd_from_scratch_vit/failure_images/02997_true-bird_pred-dog.png,dog,0.998258650302887,False,/home/tariq/Desktop/Awais-Tariq/base-KD/reports/cifar10_full_audit/mamba_kd_from_pretrained_vit/failure_images/02997_true-bird_pred-dog.png,4,vit_scratch;mamba_scratch;mamba_kd_from_scratch_vit;mamba_kd_from_pretrained_vit,True,False,False,False,False,True
3026,cifar10_test_03026,/home/tariq/Desktop/Awais-Tariq/base-KD/data/cifar-10-batches-py/test_batch,3026,dog,horse,0.9945957064628601,False,/home/tariq/Desktop/Awais-Tariq/base-KD/reports/cifar10_full_audit/vit_scratch/failure_images/03026_true-dog_pred-horse.png,deer,0.9887204766273499,False,/home/tariq/Desktop/Awais-Tariq/base-KD/reports/cifar10_full_audit/mamba_scratch/failure_images/03026_true-dog_pred-deer.png,dog,0.9999998807907104,True,,horse,0.8482845425605774,False,/home/tariq/Desktop/Awais-Tariq/base-KD/reports/cifar10_full_audit/mamba_kd_from_scratch_vit/failure_images/03026_true-dog_pred-horse.png,dog,0.8719586730003357,True,,3,vit_scratch;mamba_scratch;mamba_kd_from_scratch_vit,True,False,False,False,False,False
3052,cifar10_test_03052,/home/tariq/Desktop/Awais-Tariq/base-KD/data/cifar-10-batches-py/test_batch,3052,cat,bird,0.9804984927177429,False,/home/tariq/Desktop/Awais-Tariq/base-KD/reports/cifar10_full_audit/vit_scratch/failure_images/03052_true-cat_pred-bird.png,bird,0.6762790083885193,False,/home/tariq/Desktop/Awais-Tariq/base-KD/reports/cifar10_full_audit/mamba_scratch/failure_images/03052_true-cat_pred-bird.png,cat,0.99883633852005,True,,bird,0.8686127662658691,False,/home/tariq/Desktop/Awais-Tariq/base-KD/reports/cifar10_full_audit/mamba_kd_from_scratch_vit/failure_images/03052_true-cat_pred-bird.png,cat,0.6327387094497681,True,,3,vit_scratch;mamba_scratch;mamba_kd_from_scratch_vit,True,False,False,False,False,False
3059,cifar10_test_03059,/home/tariq/Desktop/Awais-Tariq/base-KD/data/cifar-10-batches-py/test_batch,3059,dog,bird,0.9997833371162415,False,/home/tariq/Desktop/Awais-Tariq/base-KD/reports/cifar10_full_audit/vit_scratch/failure_images/03059_true-dog_pred-bird.png,cat,0.8241228461265564,False,/home/tariq/Desktop/Awais-Tariq/base-KD/reports/cifar10_full_audit/mamba_scratch/failure_images/03059_true-dog_pred-cat.png,deer,0.9619340896606445,False,/home/tariq/Desktop/Awais-Tariq/base-KD/reports/cifar10_full_audit/vit_pretrained_finetuned/failure_images/03059_true-dog_pred-deer.png,bird,0.959496796131134,False,/home/tariq/Desktop/Awais-Tariq/base-KD/reports/cifar10_full_audit/mamba_kd_from_scratch_vit/failure_images/03059_true-dog_pred-bird.png,cat,0.7614689469337463,False,/home/tariq/Desktop/Awais-Tariq/base-KD/reports/cifar10_full_audit/mamba_kd_from_pretrained_vit/failure_images/03059_true-dog_pred-cat.png,5,vit_scratch;mamba_scratch;vit_pretrained_finetuned;mamba_kd_from_scratch_vit;mamba_kd_from_pretrained_vit,True,True,False,False,False,False
3072,cifar10_test_03072,/home/tariq/Desktop/Awais-Tariq/base-KD/data/cifar-10-batches-py/test_batch,3072,ship,automobile,0.7251635193824768,False,/home/tariq/Desktop/Awais-Tariq/base-KD/reports/cifar10_full_audit/vit_scratch/failure_images/03072_true-ship_pred-automobile.png,ship,0.9375690221786499,True,,ship,0.9999998807907104,True,,automobile,0.9802575707435608,False,/home/tariq/Desktop/Awais-Tariq/base-KD/reports/cifar10_full_audit/mamba_kd_from_scratch_vit/failure_images/03072_true-ship_pred-automobile.png,automobile,0.9964509010314941,False,/home/tariq/Desktop/Awais-Tariq/base-KD/reports/cifar10_full_audit/mamba_kd_from_pretrained_vit/failure_images/03072_true-ship_pred-automobile.png,3,vit_scratch;mamba_kd_from_scratch_vit;mamba_kd_from_pretrained_vit,True,False,False,False,False,True
3083,cifar10_test_03083,/home/tariq/Desktop/Awais-Tariq/base-KD/data/cifar-10-batches-py/test_batch,3083,dog,cat,0.9236881732940674,False,/home/tariq/Desktop/Awais-Tariq/base-KD/reports/cifar10_full_audit/vit_scratch/failure_images/03083_true-dog_pred-cat.png,dog,0.8942257165908813,True,,dog,0.9999287128448486,True,,cat,0.580644428730011,False,/home/tariq/Desktop/Awais-Tariq/base-KD/reports/cifar10_full_audit/mamba_kd_from_scratch_vit/failure_images/03083_true-dog_pred-cat.png,cat,0.9107877016067505,False,/home/tariq/Desktop/Awais-Tariq/base-KD/reports/cifar10_full_audit/mamba_kd_from_pretrained_vit/failure_images/03083_true-dog_pred-cat.png,3,vit_scratch;mamba_kd_from_scratch_vit;mamba_kd_from_pretrained_vit,True,False,False,False,False,True
3097,cifar10_test_03097,/home/tariq/Desktop/Awais-Tariq/base-KD/data/cifar-10-batches-py/test_batch,3097,airplane,dog,0.9529377222061157,False,/home/tariq/Desktop/Awais-Tariq/base-KD/reports/cifar10_full_audit/vit_scratch/failure_images/03097_true-airplane_pred-dog.png,airplane,0.9373971819877625,True,,airplane,1.0,True,,dog,0.5429522395133972,False,/home/tariq/Desktop/Awais-Tariq/base-KD/reports/cifar10_full_audit/mamba_kd_from_scratch_vit/failure_images/03097_true-airplane_pred-dog.png,bird,0.8571211695671082,False,/home/tariq/Desktop/Awais-Tariq/base-KD/reports/cifar10_full_audit/mamba_kd_from_pretrained_vit/failure_images/03097_true-airplane_pred-bird.png,3,vit_scratch;mamba_kd_from_scratch_vit;mamba_kd_from_pretrained_vit,True,False,False,False,False,True
3110,cifar10_test_03110,/home/tariq/Desktop/Awais-Tariq/base-KD/data/cifar-10-batches-py/test_batch,3110,horse,bird,0.9992417097091675,False,/home/tariq/Desktop/Awais-Tariq/base-KD/reports/cifar10_full_audit/vit_scratch/failure_images/03110_true-horse_pred-bird.png,dog,0.5993397831916809,False,/home/tariq/Desktop/Awais-Tariq/base-KD/reports/cifar10_full_audit/mamba_scratch/failure_images/03110_true-horse_pred-dog.png,horse,0.9999995231628418,True,,bird,0.7537802457809448,False,/home/tariq/Desktop/Awais-Tariq/base-KD/reports/cifar10_full_audit/mamba_kd_from_scratch_vit/failure_images/03110_true-horse_pred-bird.png,bird,0.45433297753334045,False,/home/tariq/Desktop/Awais-Tariq/base-KD/reports/cifar10_full_audit/mamba_kd_from_pretrained_vit/failure_images/03110_true-horse_pred-bird.png,4,vit_scratch;mamba_scratch;mamba_kd_from_scratch_vit;mamba_kd_from_pretrained_vit,True,False,False,False,False,True
3114,cifar10_test_03114,/home/tariq/Desktop/Awais-Tariq/base-KD/data/cifar-10-batches-py/test_batch,3114,bird,ship,0.46400341391563416,False,/home/tariq/Desktop/Awais-Tariq/base-KD/reports/cifar10_full_audit/vit_scratch/failure_images/03114_true-bird_pred-ship.png,automobile,0.2936969995498657,False,/home/tariq/Desktop/Awais-Tariq/base-KD/reports/cifar10_full_audit/mamba_scratch/failure_images/03114_true-bird_pred-automobile.png,bird,0.999998927116394,True,,airplane,0.8359874486923218,False,/home/tariq/Desktop/Awais-Tariq/base-KD/reports/cifar10_full_audit/mamba_kd_from_scratch_vit/failure_images/03114_true-bird_pred-airplane.png,bird,0.9999934434890747,True,,3,vit_scratch;mamba_scratch;mamba_kd_from_scratch_vit,True,False,False,False,False,False
3160,cifar10_test_03160,/home/tariq/Desktop/Awais-Tariq/base-KD/data/cifar-10-batches-py/test_batch,3160,frog,frog,0.856835663318634,True,,bird,0.8039796352386475,False,/home/tariq/Desktop/Awais-Tariq/base-KD/reports/cifar10_full_audit/mamba_scratch/failure_images/03160_true-frog_pred-bird.png,frog,0.9999994039535522,True,,bird,0.9538331627845764,False,/home/tariq/Desktop/Awais-Tariq/base-KD/reports/cifar10_full_audit/mamba_kd_from_scratch_vit/failure_images/03160_true-frog_pred-bird.png,bird,0.9970980882644653,False,/home/tariq/Desktop/Awais-Tariq/base-KD/reports/cifar10_full_audit/mamba_kd_from_pretrained_vit/failure_images/03160_true-frog_pred-bird.png,3,mamba_scratch;mamba_kd_from_scratch_vit;mamba_kd_from_pretrained_vit,True,False,False,True,False,True
3164,cifar10_test_03164,/home/tariq/Desktop/Awais-Tariq/base-KD/data/cifar-10-batches-py/test_batch,3164,airplane,bird,0.9918527007102966,False,/home/tariq/Desktop/Awais-Tariq/base-KD/reports/cifar10_full_audit/vit_scratch/failure_images/03164_true-airplane_pred-bird.png,airplane,0.9991331696510315,True,,airplane,0.9999998807907104,True,,bird,0.9494181871414185,False,/home/tariq/Desktop/Awais-Tariq/base-KD/reports/cifar10_full_audit/mamba_kd_from_scratch_vit/failure_images/03164_true-airplane_pred-bird.png,bird,0.9440165758132935,False,/home/tariq/Desktop/Awais-Tariq/base-KD/reports/cifar10_full_audit/mamba_kd_from_pretrained_vit/failure_images/03164_true-airplane_pred-bird.png,3,vit_scratch;mamba_kd_from_scratch_vit;mamba_kd_from_pretrained_vit,True,False,False,False,False,True
3183,cifar10_test_03183,/home/tariq/Desktop/Awais-Tariq/base-KD/data/cifar-10-batches-py/test_batch,3183,cat,cat,0.7047838568687439,True,,dog,0.9999861717224121,False,/home/tariq/Desktop/Awais-Tariq/base-KD/reports/cifar10_full_audit/mamba_scratch/failure_images/03183_true-cat_pred-dog.png,cat,0.999993085861206,True,,dog,0.6774642467498779,False,/home/tariq/Desktop/Awais-Tariq/base-KD/reports/cifar10_full_audit/mamba_kd_from_scratch_vit/failure_images/03183_true-cat_pred-dog.png,dog,0.9999995231628418,False,/home/tariq/Desktop/Awais-Tariq/base-KD/reports/cifar10_full_audit/mamba_kd_from_pretrained_vit/failure_images/03183_true-cat_pred-dog.png,3,mamba_scratch;mamba_kd_from_scratch_vit;mamba_kd_from_pretrained_vit,True,False,False,True,False,True
3192,cifar10_test_03192,/home/tariq/Desktop/Awais-Tariq/base-KD/data/cifar-10-batches-py/test_batch,3192,dog,deer,0.9983989596366882,False,/home/tariq/Desktop/Awais-Tariq/base-KD/reports/cifar10_full_audit/vit_scratch/failure_images/03192_true-dog_pred-deer.png,deer,0.9999887943267822,False,/home/tariq/Desktop/Awais-Tariq/base-KD/reports/cifar10_full_audit/mamba_scratch/failure_images/03192_true-dog_pred-deer.png,deer,0.9999979734420776,False,/home/tariq/Desktop/Awais-Tariq/base-KD/reports/cifar10_full_audit/vit_pretrained_finetuned/failure_images/03192_true-dog_pred-deer.png,deer,0.9995771050453186,False,/home/tariq/Desktop/Awais-Tariq/base-KD/reports/cifar10_full_audit/mamba_kd_from_scratch_vit/failure_images/03192_true-dog_pred-deer.png,deer,0.9824492931365967,False,/home/tariq/Desktop/Awais-Tariq/base-KD/reports/cifar10_full_audit/mamba_kd_from_pretrained_vit/failure_images/03192_true-dog_pred-deer.png,5,vit_scratch;mamba_scratch;vit_pretrained_finetuned;mamba_kd_from_scratch_vit;mamba_kd_from_pretrained_vit,True,True,False,False,False,False
3207,cifar10_test_03207,/home/tariq/Desktop/Awais-Tariq/base-KD/data/cifar-10-batches-py/test_batch,3207,airplane,cat,0.9922167062759399,False,/home/tariq/Desktop/Awais-Tariq/base-KD/reports/cifar10_full_audit/vit_scratch/failure_images/03207_true-airplane_pred-cat.png,cat,0.8316835165023804,False,/home/tariq/Desktop/Awais-Tariq/base-KD/reports/cifar10_full_audit/mamba_scratch/failure_images/03207_true-airplane_pred-cat.png,airplane,0.9999998807907104,True,,cat,0.8976681232452393,False,/home/tariq/Desktop/Awais-Tariq/base-KD/reports/cifar10_full_audit/mamba_kd_from_scratch_vit/failure_images/03207_true-airplane_pred-cat.png,airplane,0.9999996423721313,True,,3,vit_scratch;mamba_scratch;mamba_kd_from_scratch_vit,True,False,False,False,False,False
3209,cifar10_test_03209,/home/tariq/Desktop/Awais-Tariq/base-KD/data/cifar-10-batches-py/test_batch,3209,horse,cat,0.6545026302337646,False,/home/tariq/Desktop/Awais-Tariq/base-KD/reports/cifar10_full_audit/vit_scratch/failure_images/03209_true-horse_pred-cat.png,dog,0.4547789692878723,False,/home/tariq/Desktop/Awais-Tariq/base-KD/reports/cifar10_full_audit/mamba_scratch/failure_images/03209_true-horse_pred-dog.png,horse,0.9999997615814209,True,,horse,0.5037011504173279,True,,cat,0.7439092993736267,False,/home/tariq/Desktop/Awais-Tariq/base-KD/reports/cifar10_full_audit/mamba_kd_from_pretrained_vit/failure_images/03209_true-horse_pred-cat.png,3,vit_scratch;mamba_scratch;mamba_kd_from_pretrained_vit,True,False,True,False,False,True
3211,cifar10_test_03211,/home/tariq/Desktop/Awais-Tariq/base-KD/data/cifar-10-batches-py/test_batch,3211,airplane,automobile,0.9971509575843811,False,/home/tariq/Desktop/Awais-Tariq/base-KD/reports/cifar10_full_audit/vit_scratch/failure_images/03211_true-airplane_pred-automobile.png,truck,0.9972111582756042,False,/home/tariq/Desktop/Awais-Tariq/base-KD/reports/cifar10_full_audit/mamba_scratch/failure_images/03211_true-airplane_pred-truck.png,airplane,0.9999854564666748,True,,truck,0.8559636473655701,False,/home/tariq/Desktop/Awais-Tariq/base-KD/reports/cifar10_full_audit/mamba_kd_from_scratch_vit/failure_images/03211_true-airplane_pred-truck.png,truck,0.799050509929657,False,/home/tariq/Desktop/Awais-Tariq/base-KD/reports/cifar10_full_audit/mamba_kd_from_pretrained_vit/failure_images/03211_true-airplane_pred-truck.png,4,vit_scratch;mamba_scratch;mamba_kd_from_scratch_vit;mamba_kd_from_pretrained_vit,True,False,False,False,False,True
3220,cifar10_test_03220,/home/tariq/Desktop/Awais-Tariq/base-KD/data/cifar-10-batches-py/test_batch,3220,cat,truck,0.9657464623451233,False,/home/tariq/Desktop/Awais-Tariq/base-KD/reports/cifar10_full_audit/vit_scratch/failure_images/03220_true-cat_pred-truck.png,dog,0.9826605916023254,False,/home/tariq/Desktop/Awais-Tariq/base-KD/reports/cifar10_full_audit/mamba_scratch/failure_images/03220_true-cat_pred-dog.png,cat,0.9999986886978149,True,,truck,0.9594917297363281,False,/home/tariq/Desktop/Awais-Tariq/base-KD/reports/cifar10_full_audit/mamba_kd_from_scratch_vit/failure_images/03220_true-cat_pred-truck.png,cat,0.9978668093681335,True,,3,vit_scratch;mamba_scratch;mamba_kd_from_scratch_vit,True,False,False,False,False,False
3237,cifar10_test_03237,/home/tariq/Desktop/Awais-Tariq/base-KD/data/cifar-10-batches-py/test_batch,3237,truck,automobile,0.9989515542984009,False,/home/tariq/Desktop/Awais-Tariq/base-KD/reports/cifar10_full_audit/vit_scratch/failure_images/03237_true-truck_pred-automobile.png,automobile,0.5422557592391968,False,/home/tariq/Desktop/Awais-Tariq/base-KD/reports/cifar10_full_audit/mamba_scratch/failure_images/03237_true-truck_pred-automobile.png,truck,0.9999816417694092,True,,automobile,0.8350555896759033,False,/home/tariq/Desktop/Awais-Tariq/base-KD/reports/cifar10_full_audit/mamba_kd_from_scratch_vit/failure_images/03237_true-truck_pred-automobile.png,automobile,0.8576259016990662,False,/home/tariq/Desktop/Awais-Tariq/base-KD/reports/cifar10_full_audit/mamba_kd_from_pretrained_vit/failure_images/03237_true-truck_pred-automobile.png,4,vit_scratch;mamba_scratch;mamba_kd_from_scratch_vit;mamba_kd_from_pretrained_vit,True,False,False,False,False,True
3246,cifar10_test_03246,/home/tariq/Desktop/Awais-Tariq/base-KD/data/cifar-10-batches-py/test_batch,3246,automobile,automobile,0.8475940823554993,True,,bird,0.48160430788993835,False,/home/tariq/Desktop/Awais-Tariq/base-KD/reports/cifar10_full_audit/mamba_scratch/failure_images/03246_true-automobile_pred-bird.png,automobile,0.9999996423721313,True,,airplane,0.29363515973091125,False,/home/tariq/Desktop/Awais-Tariq/base-KD/reports/cifar10_full_audit/mamba_kd_from_scratch_vit/failure_images/03246_true-automobile_pred-airplane.png,ship,0.9185507893562317,False,/home/tariq/Desktop/Awais-Tariq/base-KD/reports/cifar10_full_audit/mamba_kd_from_pretrained_vit/failure_images/03246_true-automobile_pred-ship.png,3,mamba_scratch;mamba_kd_from_scratch_vit;mamba_kd_from_pretrained_vit,True,False,False,True,False,True
3247,cifar10_test_03247,/home/tariq/Desktop/Awais-Tariq/base-KD/data/cifar-10-batches-py/test_batch,3247,cat,cat,0.9008535742759705,True,,dog,0.876413106918335,False,/home/tariq/Desktop/Awais-Tariq/base-KD/reports/cifar10_full_audit/mamba_scratch/failure_images/03247_true-cat_pred-dog.png,cat,0.9999988079071045,True,,dog,0.827913224697113,False,/home/tariq/Desktop/Awais-Tariq/base-KD/reports/cifar10_full_audit/mamba_kd_from_scratch_vit/failure_images/03247_true-cat_pred-dog.png,dog,0.999992847442627,False,/home/tariq/Desktop/Awais-Tariq/base-KD/reports/cifar10_full_audit/mamba_kd_from_pretrained_vit/failure_images/03247_true-cat_pred-dog.png,3,mamba_scratch;mamba_kd_from_scratch_vit;mamba_kd_from_pretrained_vit,True,False,False,True,False,True
3258,cifar10_test_03258,/home/tariq/Desktop/Awais-Tariq/base-KD/data/cifar-10-batches-py/test_batch,3258,airplane,cat,0.9446753263473511,False,/home/tariq/Desktop/Awais-Tariq/base-KD/reports/cifar10_full_audit/vit_scratch/failure_images/03258_true-airplane_pred-cat.png,cat,0.5225082039833069,False,/home/tariq/Desktop/Awais-Tariq/base-KD/reports/cifar10_full_audit/mamba_scratch/failure_images/03258_true-airplane_pred-cat.png,airplane,1.0,True,,cat,0.7007458806037903,False,/home/tariq/Desktop/Awais-Tariq/base-KD/reports/cifar10_full_audit/mamba_kd_from_scratch_vit/failure_images/03258_true-airplane_pred-cat.png,airplane,0.8126533627510071,True,,3,vit_scratch;mamba_scratch;mamba_kd_from_scratch_vit,True,False,False,False,False,False
3297,cifar10_test_03297,/home/tariq/Desktop/Awais-Tariq/base-KD/data/cifar-10-batches-py/test_batch,3297,deer,frog,0.7448513507843018,False,/home/tariq/Desktop/Awais-Tariq/base-KD/reports/cifar10_full_audit/vit_scratch/failure_images/03297_true-deer_pred-frog.png,dog,0.6568105220794678,False,/home/tariq/Desktop/Awais-Tariq/base-KD/reports/cifar10_full_audit/mamba_scratch/failure_images/03297_true-deer_pred-dog.png,deer,0.9985176920890808,True,,dog,0.9283877611160278,False,/home/tariq/Desktop/Awais-Tariq/base-KD/reports/cifar10_full_audit/mamba_kd_from_scratch_vit/failure_images/03297_true-deer_pred-dog.png,dog,0.8182305693626404,False,/home/tariq/Desktop/Awais-Tariq/base-KD/reports/cifar10_full_audit/mamba_kd_from_pretrained_vit/failure_images/03297_true-deer_pred-dog.png,4,vit_scratch;mamba_scratch;mamba_kd_from_scratch_vit;mamba_kd_from_pretrained_vit,True,False,False,False,False,True
3306,cifar10_test_03306,/home/tariq/Desktop/Awais-Tariq/base-KD/data/cifar-10-batches-py/test_batch,3306,dog,horse,0.9170585870742798,False,/home/tariq/Desktop/Awais-Tariq/base-KD/reports/cifar10_full_audit/vit_scratch/failure_images/03306_true-dog_pred-horse.png,bird,0.6593523621559143,False,/home/tariq/Desktop/Awais-Tariq/base-KD/reports/cifar10_full_audit/mamba_scratch/failure_images/03306_true-dog_pred-bird.png,deer,0.9831667542457581,False,/home/tariq/Desktop/Awais-Tariq/base-KD/reports/cifar10_full_audit/vit_pretrained_finetuned/failure_images/03306_true-dog_pred-deer.png,horse,0.9753226637840271,False,/home/tariq/Desktop/Awais-Tariq/base-KD/reports/cifar10_full_audit/mamba_kd_from_scratch_vit/failure_images/03306_true-dog_pred-horse.png,dog,0.9938750863075256,True,,4,vit_scratch;mamba_scratch;vit_pretrained_finetuned;mamba_kd_from_scratch_vit,True,False,False,False,True,False
3314,cifar10_test_03314,/home/tariq/Desktop/Awais-Tariq/base-KD/data/cifar-10-batches-py/test_batch,3314,truck,automobile,0.9835230708122253,False,/home/tariq/Desktop/Awais-Tariq/base-KD/reports/cifar10_full_audit/vit_scratch/failure_images/03314_true-truck_pred-automobile.png,truck,0.9752784371376038,True,,truck,0.9999470710754395,True,,automobile,0.7621633410453796,False,/home/tariq/Desktop/Awais-Tariq/base-KD/reports/cifar10_full_audit/mamba_kd_from_scratch_vit/failure_images/03314_true-truck_pred-automobile.png,automobile,0.9939565658569336,False,/home/tariq/Desktop/Awais-Tariq/base-KD/reports/cifar10_full_audit/mamba_kd_from_pretrained_vit/failure_images/03314_true-truck_pred-automobile.png,3,vit_scratch;mamba_kd_from_scratch_vit;mamba_kd_from_pretrained_vit,True,False,False,False,False,True
3336,cifar10_test_03336,/home/tariq/Desktop/Awais-Tariq/base-KD/data/cifar-10-batches-py/test_batch,3336,airplane,truck,0.9893504977226257,False,/home/tariq/Desktop/Awais-Tariq/base-KD/reports/cifar10_full_audit/vit_scratch/failure_images/03336_true-airplane_pred-truck.png,truck,0.9984681010246277,False,/home/tariq/Desktop/Awais-Tariq/base-KD/reports/cifar10_full_audit/mamba_scratch/failure_images/03336_true-airplane_pred-truck.png,airplane,0.9971919655799866,True,,truck,0.912837028503418,False,/home/tariq/Desktop/Awais-Tariq/base-KD/reports/cifar10_full_audit/mamba_kd_from_scratch_vit/failure_images/03336_true-airplane_pred-truck.png,automobile,0.8047565817832947,False,/home/tariq/Desktop/Awais-Tariq/base-KD/reports/cifar10_full_audit/mamba_kd_from_pretrained_vit/failure_images/03336_true-airplane_pred-automobile.png,4,vit_scratch;mamba_scratch;mamba_kd_from_scratch_vit;mamba_kd_from_pretrained_vit,True,False,False,False,False,True
3343,cifar10_test_03343,/home/tariq/Desktop/Awais-Tariq/base-KD/data/cifar-10-batches-py/test_batch,3343,cat,dog,0.9987949132919312,False,/home/tariq/Desktop/Awais-Tariq/base-KD/reports/cifar10_full_audit/vit_scratch/failure_images/03343_true-cat_pred-dog.png,dog,0.6149416565895081,False,/home/tariq/Desktop/Awais-Tariq/base-KD/reports/cifar10_full_audit/mamba_scratch/failure_images/03343_true-cat_pred-dog.png,dog,0.9999051094055176,False,/home/tariq/Desktop/Awais-Tariq/base-KD/reports/cifar10_full_audit/vit_pretrained_finetuned/failure_images/03343_true-cat_pred-dog.png,dog,0.5998051762580872,False,/home/tariq/Desktop/Awais-Tariq/base-KD/reports/cifar10_full_audit/mamba_kd_from_scratch_vit/failure_images/03343_true-cat_pred-dog.png,dog,0.4567188024520874,False,/home/tariq/Desktop/Awais-Tariq/base-KD/reports/cifar10_full_audit/mamba_kd_from_pretrained_vit/failure_images/03343_true-cat_pred-dog.png,5,vit_scratch;mamba_scratch;vit_pretrained_finetuned;mamba_kd_from_scratch_vit;mamba_kd_from_pretrained_vit,True,True,False,False,False,False
3354,cifar10_test_03354,/home/tariq/Desktop/Awais-Tariq/base-KD/data/cifar-10-batches-py/test_batch,3354,cat,dog,0.9575104117393494,False,/home/tariq/Desktop/Awais-Tariq/base-KD/reports/cifar10_full_audit/vit_scratch/failure_images/03354_true-cat_pred-dog.png,dog,0.8239771127700806,False,/home/tariq/Desktop/Awais-Tariq/base-KD/reports/cifar10_full_audit/mamba_scratch/failure_images/03354_true-cat_pred-dog.png,cat,0.9952787160873413,True,,airplane,0.4622579514980316,False,/home/tariq/Desktop/Awais-Tariq/base-KD/reports/cifar10_full_audit/mamba_kd_from_scratch_vit/failure_images/03354_true-cat_pred-airplane.png,ship,0.6608392596244812,False,/home/tariq/Desktop/Awais-Tariq/base-KD/reports/cifar10_full_audit/mamba_kd_from_pretrained_vit/failure_images/03354_true-cat_pred-ship.png,4,vit_scratch;mamba_scratch;mamba_kd_from_scratch_vit;mamba_kd_from_pretrained_vit,True,False,False,False,False,True
3359,cifar10_test_03359,/home/tariq/Desktop/Awais-Tariq/base-KD/data/cifar-10-batches-py/test_batch,3359,horse,airplane,0.7811928987503052,False,/home/tariq/Desktop/Awais-Tariq/base-KD/reports/cifar10_full_audit/vit_scratch/failure_images/03359_true-horse_pred-airplane.png,deer,0.8673576712608337,False,/home/tariq/Desktop/Awais-Tariq/base-KD/reports/cifar10_full_audit/mamba_scratch/failure_images/03359_true-horse_pred-deer.png,horse,0.9983158111572266,True,,deer,0.6937190890312195,False,/home/tariq/Desktop/Awais-Tariq/base-KD/reports/cifar10_full_audit/mamba_kd_from_scratch_vit/failure_images/03359_true-horse_pred-deer.png,deer,0.9807631969451904,False,/home/tariq/Desktop/Awais-Tariq/base-KD/reports/cifar10_full_audit/mamba_kd_from_pretrained_vit/failure_images/03359_true-horse_pred-deer.png,4,vit_scratch;mamba_scratch;mamba_kd_from_scratch_vit;mamba_kd_from_pretrained_vit,True,False,False,False,False,True
3416,cifar10_test_03416,/home/tariq/Desktop/Awais-Tariq/base-KD/data/cifar-10-batches-py/test_batch,3416,horse,bird,0.5998769402503967,False,/home/tariq/Desktop/Awais-Tariq/base-KD/reports/cifar10_full_audit/vit_scratch/failure_images/03416_true-horse_pred-bird.png,bird,0.7742099165916443,False,/home/tariq/Desktop/Awais-Tariq/base-KD/reports/cifar10_full_audit/mamba_scratch/failure_images/03416_true-horse_pred-bird.png,horse,0.9998026490211487,True,,ship,0.8892521262168884,False,/home/tariq/Desktop/Awais-Tariq/base-KD/reports/cifar10_full_audit/mamba_kd_from_scratch_vit/failure_images/03416_true-horse_pred-ship.png,deer,0.9997116923332214,False,/home/tariq/Desktop/Awais-Tariq/base-KD/reports/cifar10_full_audit/mamba_kd_from_pretrained_vit/failure_images/03416_true-horse_pred-deer.png,4,vit_scratch;mamba_scratch;mamba_kd_from_scratch_vit;mamba_kd_from_pretrained_vit,True,False,False,False,False,True
3422,cifar10_test_03422,/home/tariq/Desktop/Awais-Tariq/base-KD/data/cifar-10-batches-py/test_batch,3422,bird,frog,0.8196947574615479,False,/home/tariq/Desktop/Awais-Tariq/base-KD/reports/cifar10_full_audit/vit_scratch/failure_images/03422_true-bird_pred-frog.png,cat,0.989716112613678,False,/home/tariq/Desktop/Awais-Tariq/base-KD/reports/cifar10_full_audit/mamba_scratch/failure_images/03422_true-bird_pred-cat.png,bird,1.0,True,,dog,0.5175409913063049,False,/home/tariq/Desktop/Awais-Tariq/base-KD/reports/cifar10_full_audit/mamba_kd_from_scratch_vit/failure_images/03422_true-bird_pred-dog.png,bird,0.9988089799880981,True,,3,vit_scratch;mamba_scratch;mamba_kd_from_scratch_vit,True,False,False,False,False,False
3439,cifar10_test_03439,/home/tariq/Desktop/Awais-Tariq/base-KD/data/cifar-10-batches-py/test_batch,3439,deer,horse,0.9964663982391357,False,/home/tariq/Desktop/Awais-Tariq/base-KD/reports/cifar10_full_audit/vit_scratch/failure_images/03439_true-deer_pred-horse.png,deer,0.9426400065422058,True,,deer,0.9999986886978149,True,,frog,0.9207723140716553,False,/home/tariq/Desktop/Awais-Tariq/base-KD/reports/cifar10_full_audit/mamba_kd_from_scratch_vit/failure_images/03439_true-deer_pred-frog.png,frog,0.9996932744979858,False,/home/tariq/Desktop/Awais-Tariq/base-KD/reports/cifar10_full_audit/mamba_kd_from_pretrained_vit/failure_images/03439_true-deer_pred-frog.png,3,vit_scratch;mamba_kd_from_scratch_vit;mamba_kd_from_pretrained_vit,True,False,False,False,False,True
3443,cifar10_test_03443,/home/tariq/Desktop/Awais-Tariq/base-KD/data/cifar-10-batches-py/test_batch,3443,deer,bird,0.9996192455291748,False,/home/tariq/Desktop/Awais-Tariq/base-KD/reports/cifar10_full_audit/vit_scratch/failure_images/03443_true-deer_pred-bird.png,bird,0.9996258020401001,False,/home/tariq/Desktop/Awais-Tariq/base-KD/reports/cifar10_full_audit/mamba_scratch/failure_images/03443_true-deer_pred-bird.png,bird,0.9999884366989136,False,/home/tariq/Desktop/Awais-Tariq/base-KD/reports/cifar10_full_audit/vit_pretrained_finetuned/failure_images/03443_true-deer_pred-bird.png,bird,0.9898309111595154,False,/home/tariq/Desktop/Awais-Tariq/base-KD/reports/cifar10_full_audit/mamba_kd_from_scratch_vit/failure_images/03443_true-deer_pred-bird.png,deer,0.999180257320404,True,,4,vit_scratch;mamba_scratch;vit_pretrained_finetuned;mamba_kd_from_scratch_vit,True,False,False,False,True,False
3444,cifar10_test_03444,/home/tariq/Desktop/Awais-Tariq/base-KD/data/cifar-10-batches-py/test_batch,3444,airplane,bird,0.9738658666610718,False,/home/tariq/Desktop/Awais-Tariq/base-KD/reports/cifar10_full_audit/vit_scratch/failure_images/03444_true-airplane_pred-bird.png,airplane,0.9810420274734497,True,,bird,0.9999955892562866,False,/home/tariq/Desktop/Awais-Tariq/base-KD/reports/cifar10_full_audit/vit_pretrained_finetuned/failure_images/03444_true-airplane_pred-bird.png,bird,0.6824632883071899,False,/home/tariq/Desktop/Awais-Tariq/base-KD/reports/cifar10_full_audit/mamba_kd_from_scratch_vit/failure_images/03444_true-airplane_pred-bird.png,bird,0.9916971921920776,False,/home/tariq/Desktop/Awais-Tariq/base-KD/reports/cifar10_full_audit/mamba_kd_from_pretrained_vit/failure_images/03444_true-airplane_pred-bird.png,4,vit_scratch;vit_pretrained_finetuned;mamba_kd_from_scratch_vit;mamba_kd_from_pretrained_vit,True,False,False,False,False,False
3450,cifar10_test_03450,/home/tariq/Desktop/Awais-Tariq/base-KD/data/cifar-10-batches-py/test_batch,3450,truck,automobile,0.8755778670310974,False,/home/tariq/Desktop/Awais-Tariq/base-KD/reports/cifar10_full_audit/vit_scratch/failure_images/03450_true-truck_pred-automobile.png,automobile,0.9947644472122192,False,/home/tariq/Desktop/Awais-Tariq/base-KD/reports/cifar10_full_audit/mamba_scratch/failure_images/03450_true-truck_pred-automobile.png,automobile,0.9999946355819702,False,/home/tariq/Desktop/Awais-Tariq/base-KD/reports/cifar10_full_audit/vit_pretrained_finetuned/failure_images/03450_true-truck_pred-automobile.png,automobile,0.9526010751724243,False,/home/tariq/Desktop/Awais-Tariq/base-KD/reports/cifar10_full_audit/mamba_kd_from_scratch_vit/failure_images/03450_true-truck_pred-automobile.png,automobile,0.9999998807907104,False,/home/tariq/Desktop/Awais-Tariq/base-KD/reports/cifar10_full_audit/mamba_kd_from_pretrained_vit/failure_images/03450_true-truck_pred-automobile.png,5,vit_scratch;mamba_scratch;vit_pretrained_finetuned;mamba_kd_from_scratch_vit;mamba_kd_from_pretrained_vit,True,True,False,False,False,False
3459,cifar10_test_03459,/home/tariq/Desktop/Awais-Tariq/base-KD/data/cifar-10-batches-py/test_batch,3459,truck,automobile,0.9963713884353638,False,/home/tariq/Desktop/Awais-Tariq/base-KD/reports/cifar10_full_audit/vit_scratch/failure_images/03459_true-truck_pred-automobile.png,truck,0.4267614483833313,True,,truck,0.999984860420227,True,,airplane,0.7988450527191162,False,/home/tariq/Desktop/Awais-Tariq/base-KD/reports/cifar10_full_audit/mamba_kd_from_scratch_vit/failure_images/03459_true-truck_pred-airplane.png,automobile,0.9473934173583984,False,/home/tariq/Desktop/Awais-Tariq/base-KD/reports/cifar10_full_audit/mamba_kd_from_pretrained_vit/failure_images/03459_true-truck_pred-automobile.png,3,vit_scratch;mamba_kd_from_scratch_vit;mamba_kd_from_pretrained_vit,True,False,False,False,False,True
3463,cifar10_test_03463,/home/tariq/Desktop/Awais-Tariq/base-KD/data/cifar-10-batches-py/test_batch,3463,cat,cat,0.9088847041130066,True,,dog,0.9123440980911255,False,/home/tariq/Desktop/Awais-Tariq/base-KD/reports/cifar10_full_audit/mamba_scratch/failure_images/03463_true-cat_pred-dog.png,cat,0.9999313354492188,True,,dog,0.7699167728424072,False,/home/tariq/Desktop/Awais-Tariq/base-KD/reports/cifar10_full_audit/mamba_kd_from_scratch_vit/failure_images/03463_true-cat_pred-dog.png,dog,0.5716223120689392,False,/home/tariq/Desktop/Awais-Tariq/base-KD/reports/cifar10_full_audit/mamba_kd_from_pretrained_vit/failure_images/03463_true-cat_pred-dog.png,3,mamba_scratch;mamba_kd_from_scratch_vit;mamba_kd_from_pretrained_vit,True,False,False,True,False,True
3490,cifar10_test_03490,/home/tariq/Desktop/Awais-Tariq/base-KD/data/cifar-10-batches-py/test_batch,3490,airplane,ship,0.9717232584953308,False,/home/tariq/Desktop/Awais-Tariq/base-KD/reports/cifar10_full_audit/vit_scratch/failure_images/03490_true-airplane_pred-ship.png,airplane,0.998245358467102,True,,ship,0.9994175434112549,False,/home/tariq/Desktop/Awais-Tariq/base-KD/reports/cifar10_full_audit/vit_pretrained_finetuned/failure_images/03490_true-airplane_pred-ship.png,ship,0.9251779317855835,False,/home/tariq/Desktop/Awais-Tariq/base-KD/reports/cifar10_full_audit/mamba_kd_from_scratch_vit/failure_images/03490_true-airplane_pred-ship.png,airplane,0.9994332194328308,True,,3,vit_scratch;vit_pretrained_finetuned;mamba_kd_from_scratch_vit,True,False,False,False,True,False
3494,cifar10_test_03494,/home/tariq/Desktop/Awais-Tariq/base-KD/data/cifar-10-batches-py/test_batch,3494,airplane,cat,0.8931225538253784,False,/home/tariq/Desktop/Awais-Tariq/base-KD/reports/cifar10_full_audit/vit_scratch/failure_images/03494_true-airplane_pred-cat.png,cat,0.7494776248931885,False,/home/tariq/Desktop/Awais-Tariq/base-KD/reports/cifar10_full_audit/mamba_scratch/failure_images/03494_true-airplane_pred-cat.png,airplane,0.9982342720031738,True,,cat,0.6720062494277954,False,/home/tariq/Desktop/Awais-Tariq/base-KD/reports/cifar10_full_audit/mamba_kd_from_scratch_vit/failure_images/03494_true-airplane_pred-cat.png,airplane,0.9995973706245422,True,,3,vit_scratch;mamba_scratch;mamba_kd_from_scratch_vit,True,False,False,False,False,False
3497,cifar10_test_03497,/home/tariq/Desktop/Awais-Tariq/base-KD/data/cifar-10-batches-py/test_batch,3497,airplane,automobile,0.9998138546943665,False,/home/tariq/Desktop/Awais-Tariq/base-KD/reports/cifar10_full_audit/vit_scratch/failure_images/03497_true-airplane_pred-automobile.png,automobile,0.8907918334007263,False,/home/tariq/Desktop/Awais-Tariq/base-KD/reports/cifar10_full_audit/mamba_scratch/failure_images/03497_true-airplane_pred-automobile.png,airplane,0.9999995231628418,True,,automobile,0.9818967580795288,False,/home/tariq/Desktop/Awais-Tariq/base-KD/reports/cifar10_full_audit/mamba_kd_from_scratch_vit/failure_images/03497_true-airplane_pred-automobile.png,automobile,0.9987063407897949,False,/home/tariq/Desktop/Awais-Tariq/base-KD/reports/cifar10_full_audit/mamba_kd_from_pretrained_vit/failure_images/03497_true-airplane_pred-automobile.png,4,vit_scratch;mamba_scratch;mamba_kd_from_scratch_vit;mamba_kd_from_pretrained_vit,True,False,False,False,False,True
3501,cifar10_test_03501,/home/tariq/Desktop/Awais-Tariq/base-KD/data/cifar-10-batches-py/test_batch,3501,truck,automobile,0.999441921710968,False,/home/tariq/Desktop/Awais-Tariq/base-KD/reports/cifar10_full_audit/vit_scratch/failure_images/03501_true-truck_pred-automobile.png,automobile,1.0,False,/home/tariq/Desktop/Awais-Tariq/base-KD/reports/cifar10_full_audit/mamba_scratch/failure_images/03501_true-truck_pred-automobile.png,automobile,0.9963746666908264,False,/home/tariq/Desktop/Awais-Tariq/base-KD/reports/cifar10_full_audit/vit_pretrained_finetuned/failure_images/03501_true-truck_pred-automobile.png,automobile,0.9999135732650757,False,/home/tariq/Desktop/Awais-Tariq/base-KD/reports/cifar10_full_audit/mamba_kd_from_scratch_vit/failure_images/03501_true-truck_pred-automobile.png,automobile,0.9978029131889343,False,/home/tariq/Desktop/Awais-Tariq/base-KD/reports/cifar10_full_audit/mamba_kd_from_pretrained_vit/failure_images/03501_true-truck_pred-automobile.png,5,vit_scratch;mamba_scratch;vit_pretrained_finetuned;mamba_kd_from_scratch_vit;mamba_kd_from_pretrained_vit,True,True,False,False,False,False
3514,cifar10_test_03514,/home/tariq/Desktop/Awais-Tariq/base-KD/data/cifar-10-batches-py/test_batch,3514,bird,bird,0.9788957238197327,True,,dog,0.9566465616226196,False,/home/tariq/Desktop/Awais-Tariq/base-KD/reports/cifar10_full_audit/mamba_scratch/failure_images/03514_true-bird_pred-dog.png,horse,0.9998606443405151,False,/home/tariq/Desktop/Awais-Tariq/base-KD/reports/cifar10_full_audit/vit_pretrained_finetuned/failure_images/03514_true-bird_pred-horse.png,bird,0.8176909685134888,True,,cat,0.9430898427963257,False,/home/tariq/Desktop/Awais-Tariq/base-KD/reports/cifar10_full_audit/mamba_kd_from_pretrained_vit/failure_images/03514_true-bird_pred-cat.png,3,mamba_scratch;vit_pretrained_finetuned;mamba_kd_from_pretrained_vit,True,False,False,False,False,False
3517,cifar10_test_03517,/home/tariq/Desktop/Awais-Tariq/base-KD/data/cifar-10-batches-py/test_batch,3517,automobile,airplane,0.9356838464736938,False,/home/tariq/Desktop/Awais-Tariq/base-KD/reports/cifar10_full_audit/vit_scratch/failure_images/03517_true-automobile_pred-airplane.png,automobile,0.951263427734375,True,,automobile,0.9999994039535522,True,,ship,0.6428126692771912,False,/home/tariq/Desktop/Awais-Tariq/base-KD/reports/cifar10_full_audit/mamba_kd_from_scratch_vit/failure_images/03517_true-automobile_pred-ship.png,cat,0.9776943922042847,False,/home/tariq/Desktop/Awais-Tariq/base-KD/reports/cifar10_full_audit/mamba_kd_from_pretrained_vit/failure_images/03517_true-automobile_pred-cat.png,3,vit_scratch;mamba_kd_from_scratch_vit;mamba_kd_from_pretrained_vit,True,False,False,False,False,True
3550,cifar10_test_03550,/home/tariq/Desktop/Awais-Tariq/base-KD/data/cifar-10-batches-py/test_batch,3550,airplane,deer,0.9995332956314087,False,/home/tariq/Desktop/Awais-Tariq/base-KD/reports/cifar10_full_audit/vit_scratch/failure_images/03550_true-airplane_pred-deer.png,horse,0.7338612675666809,False,/home/tariq/Desktop/Awais-Tariq/base-KD/reports/cifar10_full_audit/mamba_scratch/failure_images/03550_true-airplane_pred-horse.png,airplane,1.0,True,,deer,0.8728475570678711,False,/home/tariq/Desktop/Awais-Tariq/base-KD/reports/cifar10_full_audit/mamba_kd_from_scratch_vit/failure_images/03550_true-airplane_pred-deer.png,cat,0.9125540852546692,False,/home/tariq/Desktop/Awais-Tariq/base-KD/reports/cifar10_full_audit/mamba_kd_from_pretrained_vit/failure_images/03550_true-airplane_pred-cat.png,4,vit_scratch;mamba_scratch;mamba_kd_from_scratch_vit;mamba_kd_from_pretrained_vit,True,False,False,False,False,True
3557,cifar10_test_03557,/home/tariq/Desktop/Awais-Tariq/base-KD/data/cifar-10-batches-py/test_batch,3557,truck,frog,0.9890576004981995,False,/home/tariq/Desktop/Awais-Tariq/base-KD/reports/cifar10_full_audit/vit_scratch/failure_images/03557_true-truck_pred-frog.png,horse,0.9633362889289856,False,/home/tariq/Desktop/Awais-Tariq/base-KD/reports/cifar10_full_audit/mamba_scratch/failure_images/03557_true-truck_pred-horse.png,truck,0.9999979734420776,True,,cat,0.6888835430145264,False,/home/tariq/Desktop/Awais-Tariq/base-KD/reports/cifar10_full_audit/mamba_kd_from_scratch_vit/failure_images/03557_true-truck_pred-cat.png,airplane,0.9829977750778198,False,/home/tariq/Desktop/Awais-Tariq/base-KD/reports/cifar10_full_audit/mamba_kd_from_pretrained_vit/failure_images/03557_true-truck_pred-airplane.png,4,vit_scratch;mamba_scratch;mamba_kd_from_scratch_vit;mamba_kd_from_pretrained_vit,True,False,False,False,False,True
3560,cifar10_test_03560,/home/tariq/Desktop/Awais-Tariq/base-KD/data/cifar-10-batches-py/test_batch,3560,automobile,truck,0.9998985528945923,False,/home/tariq/Desktop/Awais-Tariq/base-KD/reports/cifar10_full_audit/vit_scratch/failure_images/03560_true-automobile_pred-truck.png,truck,0.9997355341911316,False,/home/tariq/Desktop/Awais-Tariq/base-KD/reports/cifar10_full_audit/mamba_scratch/failure_images/03560_true-automobile_pred-truck.png,truck,0.9999985694885254,False,/home/tariq/Desktop/Awais-Tariq/base-KD/reports/cifar10_full_audit/vit_pretrained_finetuned/failure_images/03560_true-automobile_pred-truck.png,truck,0.991413950920105,False,/home/tariq/Desktop/Awais-Tariq/base-KD/reports/cifar10_full_audit/mamba_kd_from_scratch_vit/failure_images/03560_true-automobile_pred-truck.png,truck,0.9999861717224121,False,/home/tariq/Desktop/Awais-Tariq/base-KD/reports/cifar10_full_audit/mamba_kd_from_pretrained_vit/failure_images/03560_true-automobile_pred-truck.png,5,vit_scratch;mamba_scratch;vit_pretrained_finetuned;mamba_kd_from_scratch_vit;mamba_kd_from_pretrained_vit,True,True,False,False,False,False
3596,cifar10_test_03596,/home/tariq/Desktop/Awais-Tariq/base-KD/data/cifar-10-batches-py/test_batch,3596,bird,deer,0.96034175157547,False,/home/tariq/Desktop/Awais-Tariq/base-KD/reports/cifar10_full_audit/vit_scratch/failure_images/03596_true-bird_pred-deer.png,frog,0.6784462928771973,False,/home/tariq/Desktop/Awais-Tariq/base-KD/reports/cifar10_full_audit/mamba_scratch/failure_images/03596_true-bird_pred-frog.png,bird,0.9999997615814209,True,,deer,0.9281800389289856,False,/home/tariq/Desktop/Awais-Tariq/base-KD/reports/cifar10_full_audit/mamba_kd_from_scratch_vit/failure_images/03596_true-bird_pred-deer.png,deer,0.6473218202590942,False,/home/tariq/Desktop/Awais-Tariq/base-KD/reports/cifar10_full_audit/mamba_kd_from_pretrained_vit/failure_images/03596_true-bird_pred-deer.png,4,vit_scratch;mamba_scratch;mamba_kd_from_scratch_vit;mamba_kd_from_pretrained_vit,True,False,False,False,False,True
3600,cifar10_test_03600,/home/tariq/Desktop/Awais-Tariq/base-KD/data/cifar-10-batches-py/test_batch,3600,deer,dog,0.9608442187309265,False,/home/tariq/Desktop/Awais-Tariq/base-KD/reports/cifar10_full_audit/vit_scratch/failure_images/03600_true-deer_pred-dog.png,dog,0.7384610176086426,False,/home/tariq/Desktop/Awais-Tariq/base-KD/reports/cifar10_full_audit/mamba_scratch/failure_images/03600_true-deer_pred-dog.png,dog,0.9999874830245972,False,/home/tariq/Desktop/Awais-Tariq/base-KD/reports/cifar10_full_audit/vit_pretrained_finetuned/failure_images/03600_true-deer_pred-dog.png,bird,0.6234559416770935,False,/home/tariq/Desktop/Awais-Tariq/base-KD/reports/cifar10_full_audit/mamba_kd_from_scratch_vit/failure_images/03600_true-deer_pred-bird.png,cat,0.9810997843742371,False,/home/tariq/Desktop/Awais-Tariq/base-KD/reports/cifar10_full_audit/mamba_kd_from_pretrained_vit/failure_images/03600_true-deer_pred-cat.png,5,vit_scratch;mamba_scratch;vit_pretrained_finetuned;mamba_kd_from_scratch_vit;mamba_kd_from_pretrained_vit,True,True,False,False,False,False
3607,cifar10_test_03607,/home/tariq/Desktop/Awais-Tariq/base-KD/data/cifar-10-batches-py/test_batch,3607,cat,dog,0.48785537481307983,False,/home/tariq/Desktop/Awais-Tariq/base-KD/reports/cifar10_full_audit/vit_scratch/failure_images/03607_true-cat_pred-dog.png,bird,0.9785245060920715,False,/home/tariq/Desktop/Awais-Tariq/base-KD/reports/cifar10_full_audit/mamba_scratch/failure_images/03607_true-cat_pred-bird.png,cat,0.9999979734420776,True,,dog,0.5494598150253296,False,/home/tariq/Desktop/Awais-Tariq/base-KD/reports/cifar10_full_audit/mamba_kd_from_scratch_vit/failure_images/03607_true-cat_pred-dog.png,bird,0.9992321729660034,False,/home/tariq/Desktop/Awais-Tariq/base-KD/reports/cifar10_full_audit/mamba_kd_from_pretrained_vit/failure_images/03607_true-cat_pred-bird.png,4,vit_scratch;mamba_scratch;mamba_kd_from_scratch_vit;mamba_kd_from_pretrained_vit,True,False,False,False,False,True
3615,cifar10_test_03615,/home/tariq/Desktop/Awais-Tariq/base-KD/data/cifar-10-batches-py/test_batch,3615,frog,frog,0.5958013534545898,True,,bird,0.9081955552101135,False,/home/tariq/Desktop/Awais-Tariq/base-KD/reports/cifar10_full_audit/mamba_scratch/failure_images/03615_true-frog_pred-bird.png,frog,0.9999991655349731,True,,airplane,0.5446692705154419,False,/home/tariq/Desktop/Awais-Tariq/base-KD/reports/cifar10_full_audit/mamba_kd_from_scratch_vit/failure_images/03615_true-frog_pred-airplane.png,airplane,0.9961791038513184,False,/home/tariq/Desktop/Awais-Tariq/base-KD/reports/cifar10_full_audit/mamba_kd_from_pretrained_vit/failure_images/03615_true-frog_pred-airplane.png,3,mamba_scratch;mamba_kd_from_scratch_vit;mamba_kd_from_pretrained_vit,True,False,False,True,False,True
3618,cifar10_test_03618,/home/tariq/Desktop/Awais-Tariq/base-KD/data/cifar-10-batches-py/test_batch,3618,deer,deer,0.9747820496559143,True,,bird,0.9914058446884155,False,/home/tariq/Desktop/Awais-Tariq/base-KD/reports/cifar10_full_audit/mamba_scratch/failure_images/03618_true-deer_pred-bird.png,deer,0.9999860525131226,True,,bird,0.9988629817962646,False,/home/tariq/Desktop/Awais-Tariq/base-KD/reports/cifar10_full_audit/mamba_kd_from_scratch_vit/failure_images/03618_true-deer_pred-bird.png,bird,0.999990701675415,False,/home/tariq/Desktop/Awais-Tariq/base-KD/reports/cifar10_full_audit/mamba_kd_from_pretrained_vit/failure_images/03618_true-deer_pred-bird.png,3,mamba_scratch;mamba_kd_from_scratch_vit;mamba_kd_from_pretrained_vit,True,False,False,True,False,True
3624,cifar10_test_03624,/home/tariq/Desktop/Awais-Tariq/base-KD/data/cifar-10-batches-py/test_batch,3624,bird,deer,0.9998294115066528,False,/home/tariq/Desktop/Awais-Tariq/base-KD/reports/cifar10_full_audit/vit_scratch/failure_images/03624_true-bird_pred-deer.png,deer,0.9985173344612122,False,/home/tariq/Desktop/Awais-Tariq/base-KD/reports/cifar10_full_audit/mamba_scratch/failure_images/03624_true-bird_pred-deer.png,bird,0.9999996423721313,True,,deer,0.9927191734313965,False,/home/tariq/Desktop/Awais-Tariq/base-KD/reports/cifar10_full_audit/mamba_kd_from_scratch_vit/failure_images/03624_true-bird_pred-deer.png,bird,0.665846586227417,True,,3,vit_scratch;mamba_scratch;mamba_kd_from_scratch_vit,True,False,False,False,False,False
3636,cifar10_test_03636,/home/tariq/Desktop/Awais-Tariq/base-KD/data/cifar-10-batches-py/test_batch,3636,deer,frog,0.9734312295913696,False,/home/tariq/Desktop/Awais-Tariq/base-KD/reports/cifar10_full_audit/vit_scratch/failure_images/03636_true-deer_pred-frog.png,deer,0.8393065333366394,True,,deer,0.9999978542327881,True,,frog,0.9918648600578308,False,/home/tariq/Desktop/Awais-Tariq/base-KD/reports/cifar10_full_audit/mamba_kd_from_scratch_vit/failure_images/03636_true-deer_pred-frog.png,frog,0.994279146194458,False,/home/tariq/Desktop/Awais-Tariq/base-KD/reports/cifar10_full_audit/mamba_kd_from_pretrained_vit/failure_images/03636_true-deer_pred-frog.png,3,vit_scratch;mamba_kd_from_scratch_vit;mamba_kd_from_pretrained_vit,True,False,False,False,False,True
3645,cifar10_test_03645,/home/tariq/Desktop/Awais-Tariq/base-KD/data/cifar-10-batches-py/test_batch,3645,automobile,truck,0.9922283291816711,False,/home/tariq/Desktop/Awais-Tariq/base-KD/reports/cifar10_full_audit/vit_scratch/failure_images/03645_true-automobile_pred-truck.png,truck,0.999998927116394,False,/home/tariq/Desktop/Awais-Tariq/base-KD/reports/cifar10_full_audit/mamba_scratch/failure_images/03645_true-automobile_pred-truck.png,truck,0.9954715967178345,False,/home/tariq/Desktop/Awais-Tariq/base-KD/reports/cifar10_full_audit/vit_pretrained_finetuned/failure_images/03645_true-automobile_pred-truck.png,truck,0.9994449019432068,False,/home/tariq/Desktop/Awais-Tariq/base-KD/reports/cifar10_full_audit/mamba_kd_from_scratch_vit/failure_images/03645_true-automobile_pred-truck.png,truck,0.9999972581863403,False,/home/tariq/Desktop/Awais-Tariq/base-KD/reports/cifar10_full_audit/mamba_kd_from_pretrained_vit/failure_images/03645_true-automobile_pred-truck.png,5,vit_scratch;mamba_scratch;vit_pretrained_finetuned;mamba_kd_from_scratch_vit;mamba_kd_from_pretrained_vit,True,True,False,False,False,False
3696,cifar10_test_03696,/home/tariq/Desktop/Awais-Tariq/base-KD/data/cifar-10-batches-py/test_batch,3696,deer,bird,0.9984631538391113,False,/home/tariq/Desktop/Awais-Tariq/base-KD/reports/cifar10_full_audit/vit_scratch/failure_images/03696_true-deer_pred-bird.png,cat,0.9660981297492981,False,/home/tariq/Desktop/Awais-Tariq/base-KD/reports/cifar10_full_audit/mamba_scratch/failure_images/03696_true-deer_pred-cat.png,deer,0.9995753169059753,True,,bird,0.9421076774597168,False,/home/tariq/Desktop/Awais-Tariq/base-KD/reports/cifar10_full_audit/mamba_kd_from_scratch_vit/failure_images/03696_true-deer_pred-bird.png,cat,1.0,False,/home/tariq/Desktop/Awais-Tariq/base-KD/reports/cifar10_full_audit/mamba_kd_from_pretrained_vit/failure_images/03696_true-deer_pred-cat.png,4,vit_scratch;mamba_scratch;mamba_kd_from_scratch_vit;mamba_kd_from_pretrained_vit,True,False,False,False,False,True
3704,cifar10_test_03704,/home/tariq/Desktop/Awais-Tariq/base-KD/data/cifar-10-batches-py/test_batch,3704,dog,dog,0.9313443303108215,True,,cat,0.983851969242096,False,/home/tariq/Desktop/Awais-Tariq/base-KD/reports/cifar10_full_audit/mamba_scratch/failure_images/03704_true-dog_pred-cat.png,cat,0.9168968796730042,False,/home/tariq/Desktop/Awais-Tariq/base-KD/reports/cifar10_full_audit/vit_pretrained_finetuned/failure_images/03704_true-dog_pred-cat.png,cat,0.6421527862548828,False,/home/tariq/Desktop/Awais-Tariq/base-KD/reports/cifar10_full_audit/mamba_kd_from_scratch_vit/failure_images/03704_true-dog_pred-cat.png,cat,0.5110914707183838,False,/home/tariq/Desktop/Awais-Tariq/base-KD/reports/cifar10_full_audit/mamba_kd_from_pretrained_vit/failure_images/03704_true-dog_pred-cat.png,4,mamba_scratch;vit_pretrained_finetuned;mamba_kd_from_scratch_vit;mamba_kd_from_pretrained_vit,True,False,False,True,False,False
3708,cifar10_test_03708,/home/tariq/Desktop/Awais-Tariq/base-KD/data/cifar-10-batches-py/test_batch,3708,deer,frog,0.9885329008102417,False,/home/tariq/Desktop/Awais-Tariq/base-KD/reports/cifar10_full_audit/vit_scratch/failure_images/03708_true-deer_pred-frog.png,frog,0.9999520778656006,False,/home/tariq/Desktop/Awais-Tariq/base-KD/reports/cifar10_full_audit/mamba_scratch/failure_images/03708_true-deer_pred-frog.png,bird,0.8951501846313477,False,/home/tariq/Desktop/Awais-Tariq/base-KD/reports/cifar10_full_audit/vit_pretrained_finetuned/failure_images/03708_true-deer_pred-bird.png,frog,0.611818790435791,False,/home/tariq/Desktop/Awais-Tariq/base-KD/reports/cifar10_full_audit/mamba_kd_from_scratch_vit/failure_images/03708_true-deer_pred-frog.png,deer,0.879757285118103,True,,4,vit_scratch;mamba_scratch;vit_pretrained_finetuned;mamba_kd_from_scratch_vit,True,False,False,False,True,False
3716,cifar10_test_03716,/home/tariq/Desktop/Awais-Tariq/base-KD/data/cifar-10-batches-py/test_batch,3716,cat,frog,0.9760472774505615,False,/home/tariq/Desktop/Awais-Tariq/base-KD/reports/cifar10_full_audit/vit_scratch/failure_images/03716_true-cat_pred-frog.png,frog,0.744397759437561,False,/home/tariq/Desktop/Awais-Tariq/base-KD/reports/cifar10_full_audit/mamba_scratch/failure_images/03716_true-cat_pred-frog.png,cat,0.9999332427978516,True,,frog,0.994350254535675,False,/home/tariq/Desktop/Awais-Tariq/base-KD/reports/cifar10_full_audit/mamba_kd_from_scratch_vit/failure_images/03716_true-cat_pred-frog.png,frog,0.9985849857330322,False,/home/tariq/Desktop/Awais-Tariq/base-KD/reports/cifar10_full_audit/mamba_kd_from_pretrained_vit/failure_images/03716_true-cat_pred-frog.png,4,vit_scratch;mamba_scratch;mamba_kd_from_scratch_vit;mamba_kd_from_pretrained_vit,True,False,False,False,False,True
3721,cifar10_test_03721,/home/tariq/Desktop/Awais-Tariq/base-KD/data/cifar-10-batches-py/test_batch,3721,bird,airplane,0.9995808005332947,False,/home/tariq/Desktop/Awais-Tariq/base-KD/reports/cifar10_full_audit/vit_scratch/failure_images/03721_true-bird_pred-airplane.png,frog,0.5976951122283936,False,/home/tariq/Desktop/Awais-Tariq/base-KD/reports/cifar10_full_audit/mamba_scratch/failure_images/03721_true-bird_pred-frog.png,bird,0.9999998807907104,True,,airplane,0.9793131947517395,False,/home/tariq/Desktop/Awais-Tariq/base-KD/reports/cifar10_full_audit/mamba_kd_from_scratch_vit/failure_images/03721_true-bird_pred-airplane.png,bird,0.5002855658531189,True,,3,vit_scratch;mamba_scratch;mamba_kd_from_scratch_vit,True,False,False,False,False,False
3728,cifar10_test_03728,/home/tariq/Desktop/Awais-Tariq/base-KD/data/cifar-10-batches-py/test_batch,3728,bird,airplane,0.5411545634269714,False,/home/tariq/Desktop/Awais-Tariq/base-KD/reports/cifar10_full_audit/vit_scratch/failure_images/03728_true-bird_pred-airplane.png,cat,0.8954651951789856,False,/home/tariq/Desktop/Awais-Tariq/base-KD/reports/cifar10_full_audit/mamba_scratch/failure_images/03728_true-bird_pred-cat.png,bird,0.9989443421363831,True,,cat,0.9871168732643127,False,/home/tariq/Desktop/Awais-Tariq/base-KD/reports/cifar10_full_audit/mamba_kd_from_scratch_vit/failure_images/03728_true-bird_pred-cat.png,cat,0.9638242721557617,False,/home/tariq/Desktop/Awais-Tariq/base-KD/reports/cifar10_full_audit/mamba_kd_from_pretrained_vit/failure_images/03728_true-bird_pred-cat.png,4,vit_scratch;mamba_scratch;mamba_kd_from_scratch_vit;mamba_kd_from_pretrained_vit,True,False,False,False,False,True
3744,cifar10_test_03744,/home/tariq/Desktop/Awais-Tariq/base-KD/data/cifar-10-batches-py/test_batch,3744,deer,deer,0.5207169651985168,True,,horse,0.9870185852050781,False,/home/tariq/Desktop/Awais-Tariq/base-KD/reports/cifar10_full_audit/mamba_scratch/failure_images/03744_true-deer_pred-horse.png,horse,0.9815007448196411,False,/home/tariq/Desktop/Awais-Tariq/base-KD/reports/cifar10_full_audit/vit_pretrained_finetuned/failure_images/03744_true-deer_pred-horse.png,horse,0.9139817953109741,False,/home/tariq/Desktop/Awais-Tariq/base-KD/reports/cifar10_full_audit/mamba_kd_from_scratch_vit/failure_images/03744_true-deer_pred-horse.png,deer,0.869598388671875,True,,3,mamba_scratch;vit_pretrained_finetuned;mamba_kd_from_scratch_vit,True,False,False,True,True,False
3753,cifar10_test_03753,/home/tariq/Desktop/Awais-Tariq/base-KD/data/cifar-10-batches-py/test_batch,3753,deer,cat,0.6786550283432007,False,/home/tariq/Desktop/Awais-Tariq/base-KD/reports/cifar10_full_audit/vit_scratch/failure_images/03753_true-deer_pred-cat.png,cat,0.5204434394836426,False,/home/tariq/Desktop/Awais-Tariq/base-KD/reports/cifar10_full_audit/mamba_scratch/failure_images/03753_true-deer_pred-cat.png,deer,0.999996542930603,True,,cat,0.8119865655899048,False,/home/tariq/Desktop/Awais-Tariq/base-KD/reports/cifar10_full_audit/mamba_kd_from_scratch_vit/failure_images/03753_true-deer_pred-cat.png,cat,0.9951872825622559,False,/home/tariq/Desktop/Awais-Tariq/base-KD/reports/cifar10_full_audit/mamba_kd_from_pretrained_vit/failure_images/03753_true-deer_pred-cat.png,4,vit_scratch;mamba_scratch;mamba_kd_from_scratch_vit;mamba_kd_from_pretrained_vit,True,False,False,False,False,True
3755,cifar10_test_03755,/home/tariq/Desktop/Awais-Tariq/base-KD/data/cifar-10-batches-py/test_batch,3755,truck,cat,0.7697732448577881,False,/home/tariq/Desktop/Awais-Tariq/base-KD/reports/cifar10_full_audit/vit_scratch/failure_images/03755_true-truck_pred-cat.png,automobile,0.8325587511062622,False,/home/tariq/Desktop/Awais-Tariq/base-KD/reports/cifar10_full_audit/mamba_scratch/failure_images/03755_true-truck_pred-automobile.png,truck,0.9998869895935059,True,,truck,0.9306078553199768,True,,automobile,0.7382387518882751,False,/home/tariq/Desktop/Awais-Tariq/base-KD/reports/cifar10_full_audit/mamba_kd_from_pretrained_vit/failure_images/03755_true-truck_pred-automobile.png,3,vit_scratch;mamba_scratch;mamba_kd_from_pretrained_vit,True,False,True,False,False,True
3773,cifar10_test_03773,/home/tariq/Desktop/Awais-Tariq/base-KD/data/cifar-10-batches-py/test_batch,3773,bird,dog,0.9971864819526672,False,/home/tariq/Desktop/Awais-Tariq/base-KD/reports/cifar10_full_audit/vit_scratch/failure_images/03773_true-bird_pred-dog.png,dog,0.9491979479789734,False,/home/tariq/Desktop/Awais-Tariq/base-KD/reports/cifar10_full_audit/mamba_scratch/failure_images/03773_true-bird_pred-dog.png,bird,0.9999998807907104,True,,dog,0.9990938901901245,False,/home/tariq/Desktop/Awais-Tariq/base-KD/reports/cifar10_full_audit/mamba_kd_from_scratch_vit/failure_images/03773_true-bird_pred-dog.png,dog,0.9999816417694092,False,/home/tariq/Desktop/Awais-Tariq/base-KD/reports/cifar10_full_audit/mamba_kd_from_pretrained_vit/failure_images/03773_true-bird_pred-dog.png,4,vit_scratch;mamba_scratch;mamba_kd_from_scratch_vit;mamba_kd_from_pretrained_vit,True,False,False,False,False,True
3787,cifar10_test_03787,/home/tariq/Desktop/Awais-Tariq/base-KD/data/cifar-10-batches-py/test_batch,3787,cat,deer,0.7219313383102417,False,/home/tariq/Desktop/Awais-Tariq/base-KD/reports/cifar10_full_audit/vit_scratch/failure_images/03787_true-cat_pred-deer.png,deer,0.8170153498649597,False,/home/tariq/Desktop/Awais-Tariq/base-KD/reports/cifar10_full_audit/mamba_scratch/failure_images/03787_true-cat_pred-deer.png,cat,0.9999847412109375,True,,deer,0.8880974650382996,False,/home/tariq/Desktop/Awais-Tariq/base-KD/reports/cifar10_full_audit/mamba_kd_from_scratch_vit/failure_images/03787_true-cat_pred-deer.png,deer,0.6426392197608948,False,/home/tariq/Desktop/Awais-Tariq/base-KD/reports/cifar10_full_audit/mamba_kd_from_pretrained_vit/failure_images/03787_true-cat_pred-deer.png,4,vit_scratch;mamba_scratch;mamba_kd_from_scratch_vit;mamba_kd_from_pretrained_vit,True,False,False,False,False,True
3789,cifar10_test_03789,/home/tariq/Desktop/Awais-Tariq/base-KD/data/cifar-10-batches-py/test_batch,3789,truck,dog,0.9242660403251648,False,/home/tariq/Desktop/Awais-Tariq/base-KD/reports/cifar10_full_audit/vit_scratch/failure_images/03789_true-truck_pred-dog.png,cat,0.8437319993972778,False,/home/tariq/Desktop/Awais-Tariq/base-KD/reports/cifar10_full_audit/mamba_scratch/failure_images/03789_true-truck_pred-cat.png,automobile,0.9999997615814209,False,/home/tariq/Desktop/Awais-Tariq/base-KD/reports/cifar10_full_audit/vit_pretrained_finetuned/failure_images/03789_true-truck_pred-automobile.png,automobile,0.7990826368331909,False,/home/tariq/Desktop/Awais-Tariq/base-KD/reports/cifar10_full_audit/mamba_kd_from_scratch_vit/failure_images/03789_true-truck_pred-automobile.png,automobile,0.9999998807907104,False,/home/tariq/Desktop/Awais-Tariq/base-KD/reports/cifar10_full_audit/mamba_kd_from_pretrained_vit/failure_images/03789_true-truck_pred-automobile.png,5,vit_scratch;mamba_scratch;vit_pretrained_finetuned;mamba_kd_from_scratch_vit;mamba_kd_from_pretrained_vit,True,True,False,False,False,False
3799,cifar10_test_03799,/home/tariq/Desktop/Awais-Tariq/base-KD/data/cifar-10-batches-py/test_batch,3799,cat,cat,0.8364969491958618,True,,horse,0.9865372180938721,False,/home/tariq/Desktop/Awais-Tariq/base-KD/reports/cifar10_full_audit/mamba_scratch/failure_images/03799_true-cat_pred-horse.png,dog,0.630188524723053,False,/home/tariq/Desktop/Awais-Tariq/base-KD/reports/cifar10_full_audit/vit_pretrained_finetuned/failure_images/03799_true-cat_pred-dog.png,dog,0.5281957983970642,False,/home/tariq/Desktop/Awais-Tariq/base-KD/reports/cifar10_full_audit/mamba_kd_from_scratch_vit/failure_images/03799_true-cat_pred-dog.png,dog,0.9928387999534607,False,/home/tariq/Desktop/Awais-Tariq/base-KD/reports/cifar10_full_audit/mamba_kd_from_pretrained_vit/failure_images/03799_true-cat_pred-dog.png,4,mamba_scratch;vit_pretrained_finetuned;mamba_kd_from_scratch_vit;mamba_kd_from_pretrained_vit,True,False,False,True,False,False
3821,cifar10_test_03821,/home/tariq/Desktop/Awais-Tariq/base-KD/data/cifar-10-batches-py/test_batch,3821,ship,cat,0.5438733696937561,False,/home/tariq/Desktop/Awais-Tariq/base-KD/reports/cifar10_full_audit/vit_scratch/failure_images/03821_true-ship_pred-cat.png,frog,0.5752677321434021,False,/home/tariq/Desktop/Awais-Tariq/base-KD/reports/cifar10_full_audit/mamba_scratch/failure_images/03821_true-ship_pred-frog.png,ship,0.9999997615814209,True,,frog,0.9789161086082458,False,/home/tariq/Desktop/Awais-Tariq/base-KD/reports/cifar10_full_audit/mamba_kd_from_scratch_vit/failure_images/03821_true-ship_pred-frog.png,cat,0.9876010417938232,False,/home/tariq/Desktop/Awais-Tariq/base-KD/reports/cifar10_full_audit/mamba_kd_from_pretrained_vit/failure_images/03821_true-ship_pred-cat.png,4,vit_scratch;mamba_scratch;mamba_kd_from_scratch_vit;mamba_kd_from_pretrained_vit,True,False,False,False,False,True
3828,cifar10_test_03828,/home/tariq/Desktop/Awais-Tariq/base-KD/data/cifar-10-batches-py/test_batch,3828,automobile,automobile,0.4939172863960266,True,,airplane,0.9991438388824463,False,/home/tariq/Desktop/Awais-Tariq/base-KD/reports/cifar10_full_audit/mamba_scratch/failure_images/03828_true-automobile_pred-airplane.png,automobile,0.7426440119743347,True,,airplane,0.9993212223052979,False,/home/tariq/Desktop/Awais-Tariq/base-KD/reports/cifar10_full_audit/mamba_kd_from_scratch_vit/failure_images/03828_true-automobile_pred-airplane.png,airplane,0.9972414970397949,False,/home/tariq/Desktop/Awais-Tariq/base-KD/reports/cifar10_full_audit/mamba_kd_from_pretrained_vit/failure_images/03828_true-automobile_pred-airplane.png,3,mamba_scratch;mamba_kd_from_scratch_vit;mamba_kd_from_pretrained_vit,True,False,False,True,False,True
3867,cifar10_test_03867,/home/tariq/Desktop/Awais-Tariq/base-KD/data/cifar-10-batches-py/test_batch,3867,cat,cat,0.9732315540313721,True,,dog,0.9999969005584717,False,/home/tariq/Desktop/Awais-Tariq/base-KD/reports/cifar10_full_audit/mamba_scratch/failure_images/03867_true-cat_pred-dog.png,dog,0.8441007137298584,False,/home/tariq/Desktop/Awais-Tariq/base-KD/reports/cifar10_full_audit/vit_pretrained_finetuned/failure_images/03867_true-cat_pred-dog.png,dog,0.9376692771911621,False,/home/tariq/Desktop/Awais-Tariq/base-KD/reports/cifar10_full_audit/mamba_kd_from_scratch_vit/failure_images/03867_true-cat_pred-dog.png,dog,1.0,False,/home/tariq/Desktop/Awais-Tariq/base-KD/reports/cifar10_full_audit/mamba_kd_from_pretrained_vit/failure_images/03867_true-cat_pred-dog.png,4,mamba_scratch;vit_pretrained_finetuned;mamba_kd_from_scratch_vit;mamba_kd_from_pretrained_vit,True,False,False,True,False,False
3887,cifar10_test_03887,/home/tariq/Desktop/Awais-Tariq/base-KD/data/cifar-10-batches-py/test_batch,3887,bird,cat,0.888022243976593,False,/home/tariq/Desktop/Awais-Tariq/base-KD/reports/cifar10_full_audit/vit_scratch/failure_images/03887_true-bird_pred-cat.png,bird,0.6767862439155579,True,,bird,0.9998940229415894,True,,deer,0.8509775400161743,False,/home/tariq/Desktop/Awais-Tariq/base-KD/reports/cifar10_full_audit/mamba_kd_from_scratch_vit/failure_images/03887_true-bird_pred-deer.png,deer,0.9767462015151978,False,/home/tariq/Desktop/Awais-Tariq/base-KD/reports/cifar10_full_audit/mamba_kd_from_pretrained_vit/failure_images/03887_true-bird_pred-deer.png,3,vit_scratch;mamba_kd_from_scratch_vit;mamba_kd_from_pretrained_vit,True,False,False,False,False,True
3899,cifar10_test_03899,/home/tariq/Desktop/Awais-Tariq/base-KD/data/cifar-10-batches-py/test_batch,3899,frog,bird,0.5206375122070312,False,/home/tariq/Desktop/Awais-Tariq/base-KD/reports/cifar10_full_audit/vit_scratch/failure_images/03899_true-frog_pred-bird.png,bird,0.9952928423881531,False,/home/tariq/Desktop/Awais-Tariq/base-KD/reports/cifar10_full_audit/mamba_scratch/failure_images/03899_true-frog_pred-bird.png,frog,0.9999995231628418,True,,bird,0.9962211847305298,False,/home/tariq/Desktop/Awais-Tariq/base-KD/reports/cifar10_full_audit/mamba_kd_from_scratch_vit/failure_images/03899_true-frog_pred-bird.png,frog,0.999953031539917,True,,3,vit_scratch;mamba_scratch;mamba_kd_from_scratch_vit,True,False,False,False,False,False
3906,cifar10_test_03906,/home/tariq/Desktop/Awais-Tariq/base-KD/data/cifar-10-batches-py/test_batch,3906,cat,dog,0.9995766282081604,False,/home/tariq/Desktop/Awais-Tariq/base-KD/reports/cifar10_full_audit/vit_scratch/failure_images/03906_true-cat_pred-dog.png,dog,0.9999221563339233,False,/home/tariq/Desktop/Awais-Tariq/base-KD/reports/cifar10_full_audit/mamba_scratch/failure_images/03906_true-cat_pred-dog.png,cat,0.9992484450340271,True,,dog,0.987585186958313,False,/home/tariq/Desktop/Awais-Tariq/base-KD/reports/cifar10_full_audit/mamba_kd_from_scratch_vit/failure_images/03906_true-cat_pred-dog.png,dog,0.9802771210670471,False,/home/tariq/Desktop/Awais-Tariq/base-KD/reports/cifar10_full_audit/mamba_kd_from_pretrained_vit/failure_images/03906_true-cat_pred-dog.png,4,vit_scratch;mamba_scratch;mamba_kd_from_scratch_vit;mamba_kd_from_pretrained_vit,True,False,False,False,False,True
3920,cifar10_test_03920,/home/tariq/Desktop/Awais-Tariq/base-KD/data/cifar-10-batches-py/test_batch,3920,horse,cat,0.5293471813201904,False,/home/tariq/Desktop/Awais-Tariq/base-KD/reports/cifar10_full_audit/vit_scratch/failure_images/03920_true-horse_pred-cat.png,cat,0.9689304232597351,False,/home/tariq/Desktop/Awais-Tariq/base-KD/reports/cifar10_full_audit/mamba_scratch/failure_images/03920_true-horse_pred-cat.png,horse,0.9999990463256836,True,,dog,0.5441794395446777,False,/home/tariq/Desktop/Awais-Tariq/base-KD/reports/cifar10_full_audit/mamba_kd_from_scratch_vit/failure_images/03920_true-horse_pred-dog.png,dog,0.9972912669181824,False,/home/tariq/Desktop/Awais-Tariq/base-KD/reports/cifar10_full_audit/mamba_kd_from_pretrained_vit/failure_images/03920_true-horse_pred-dog.png,4,vit_scratch;mamba_scratch;mamba_kd_from_scratch_vit;mamba_kd_from_pretrained_vit,True,False,False,False,False,True
3923,cifar10_test_03923,/home/tariq/Desktop/Awais-Tariq/base-KD/data/cifar-10-batches-py/test_batch,3923,cat,dog,0.5924595594406128,False,/home/tariq/Desktop/Awais-Tariq/base-KD/reports/cifar10_full_audit/vit_scratch/failure_images/03923_true-cat_pred-dog.png,dog,0.8992699980735779,False,/home/tariq/Desktop/Awais-Tariq/base-KD/reports/cifar10_full_audit/mamba_scratch/failure_images/03923_true-cat_pred-dog.png,cat,0.9999960660934448,True,,cat,0.5348688960075378,True,,dog,0.7885258793830872,False,/home/tariq/Desktop/Awais-Tariq/base-KD/reports/cifar10_full_audit/mamba_kd_from_pretrained_vit/failure_images/03923_true-cat_pred-dog.png,3,vit_scratch;mamba_scratch;mamba_kd_from_pretrained_vit,True,False,True,False,False,True
3953,cifar10_test_03953,/home/tariq/Desktop/Awais-Tariq/base-KD/data/cifar-10-batches-py/test_batch,3953,horse,horse,0.7212017178535461,True,,cat,0.5544371604919434,False,/home/tariq/Desktop/Awais-Tariq/base-KD/reports/cifar10_full_audit/mamba_scratch/failure_images/03953_true-horse_pred-cat.png,horse,0.9999998807907104,True,,bird,0.5781540274620056,False,/home/tariq/Desktop/Awais-Tariq/base-KD/reports/cifar10_full_audit/mamba_kd_from_scratch_vit/failure_images/03953_true-horse_pred-bird.png,cat,0.9583892822265625,False,/home/tariq/Desktop/Awais-Tariq/base-KD/reports/cifar10_full_audit/mamba_kd_from_pretrained_vit/failure_images/03953_true-horse_pred-cat.png,3,mamba_scratch;mamba_kd_from_scratch_vit;mamba_kd_from_pretrained_vit,True,False,False,True,False,True
3957,cifar10_test_03957,/home/tariq/Desktop/Awais-Tariq/base-KD/data/cifar-10-batches-py/test_batch,3957,truck,airplane,0.999221682548523,False,/home/tariq/Desktop/Awais-Tariq/base-KD/reports/cifar10_full_audit/vit_scratch/failure_images/03957_true-truck_pred-airplane.png,truck,0.778322696685791,True,,truck,0.999994158744812,True,,airplane,0.9900931715965271,False,/home/tariq/Desktop/Awais-Tariq/base-KD/reports/cifar10_full_audit/mamba_kd_from_scratch_vit/failure_images/03957_true-truck_pred-airplane.png,airplane,0.9999862909317017,False,/home/tariq/Desktop/Awais-Tariq/base-KD/reports/cifar10_full_audit/mamba_kd_from_pretrained_vit/failure_images/03957_true-truck_pred-airplane.png,3,vit_scratch;mamba_kd_from_scratch_vit;mamba_kd_from_pretrained_vit,True,False,False,False,False,True
3962,cifar10_test_03962,/home/tariq/Desktop/Awais-Tariq/base-KD/data/cifar-10-batches-py/test_batch,3962,deer,horse,0.9823091626167297,False,/home/tariq/Desktop/Awais-Tariq/base-KD/reports/cifar10_full_audit/vit_scratch/failure_images/03962_true-deer_pred-horse.png,horse,0.9998704195022583,False,/home/tariq/Desktop/Awais-Tariq/base-KD/reports/cifar10_full_audit/mamba_scratch/failure_images/03962_true-deer_pred-horse.png,deer,0.9999964237213135,True,,horse,0.9725649356842041,False,/home/tariq/Desktop/Awais-Tariq/base-KD/reports/cifar10_full_audit/mamba_kd_from_scratch_vit/failure_images/03962_true-deer_pred-horse.png,horse,0.9985400438308716,False,/home/tariq/Desktop/Awais-Tariq/base-KD/reports/cifar10_full_audit/mamba_kd_from_pretrained_vit/failure_images/03962_true-deer_pred-horse.png,4,vit_scratch;mamba_scratch;mamba_kd_from_scratch_vit;mamba_kd_from_pretrained_vit,True,False,False,False,False,True
3977,cifar10_test_03977,/home/tariq/Desktop/Awais-Tariq/base-KD/data/cifar-10-batches-py/test_batch,3977,cat,frog,0.7824347615242004,False,/home/tariq/Desktop/Awais-Tariq/base-KD/reports/cifar10_full_audit/vit_scratch/failure_images/03977_true-cat_pred-frog.png,frog,0.9998267292976379,False,/home/tariq/Desktop/Awais-Tariq/base-KD/reports/cifar10_full_audit/mamba_scratch/failure_images/03977_true-cat_pred-frog.png,frog,0.9999648332595825,False,/home/tariq/Desktop/Awais-Tariq/base-KD/reports/cifar10_full_audit/vit_pretrained_finetuned/failure_images/03977_true-cat_pred-frog.png,frog,0.999919056892395,False,/home/tariq/Desktop/Awais-Tariq/base-KD/reports/cifar10_full_audit/mamba_kd_from_scratch_vit/failure_images/03977_true-cat_pred-frog.png,frog,0.9999932050704956,False,/home/tariq/Desktop/Awais-Tariq/base-KD/reports/cifar10_full_audit/mamba_kd_from_pretrained_vit/failure_images/03977_true-cat_pred-frog.png,5,vit_scratch;mamba_scratch;vit_pretrained_finetuned;mamba_kd_from_scratch_vit;mamba_kd_from_pretrained_vit,True,True,False,False,False,False
3980,cifar10_test_03980,/home/tariq/Desktop/Awais-Tariq/base-KD/data/cifar-10-batches-py/test_batch,3980,truck,deer,0.8359671235084534,False,/home/tariq/Desktop/Awais-Tariq/base-KD/reports/cifar10_full_audit/vit_scratch/failure_images/03980_true-truck_pred-deer.png,bird,0.9415258169174194,False,/home/tariq/Desktop/Awais-Tariq/base-KD/reports/cifar10_full_audit/mamba_scratch/failure_images/03980_true-truck_pred-bird.png,truck,0.9999998807907104,True,,bird,0.9030336141586304,False,/home/tariq/Desktop/Awais-Tariq/base-KD/reports/cifar10_full_audit/mamba_kd_from_scratch_vit/failure_images/03980_true-truck_pred-bird.png,bird,0.9931011199951172,False,/home/tariq/Desktop/Awais-Tariq/base-KD/reports/cifar10_full_audit/mamba_kd_from_pretrained_vit/failure_images/03980_true-truck_pred-bird.png,4,vit_scratch;mamba_scratch;mamba_kd_from_scratch_vit;mamba_kd_from_pretrained_vit,True,False,False,False,False,True
3995,cifar10_test_03995,/home/tariq/Desktop/Awais-Tariq/base-KD/data/cifar-10-batches-py/test_batch,3995,horse,cat,0.874826192855835,False,/home/tariq/Desktop/Awais-Tariq/base-KD/reports/cifar10_full_audit/vit_scratch/failure_images/03995_true-horse_pred-cat.png,horse,0.9285223484039307,True,,horse,1.0,True,,truck,0.8775550127029419,False,/home/tariq/Desktop/Awais-Tariq/base-KD/reports/cifar10_full_audit/mamba_kd_from_scratch_vit/failure_images/03995_true-horse_pred-truck.png,dog,0.7747078537940979,False,/home/tariq/Desktop/Awais-Tariq/base-KD/reports/cifar10_full_audit/mamba_kd_from_pretrained_vit/failure_images/03995_true-horse_pred-dog.png,3,vit_scratch;mamba_kd_from_scratch_vit;mamba_kd_from_pretrained_vit,True,False,False,False,False,True
4000,cifar10_test_04000,/home/tariq/Desktop/Awais-Tariq/base-KD/data/cifar-10-batches-py/test_batch,4000,ship,airplane,0.999693751335144,False,/home/tariq/Desktop/Awais-Tariq/base-KD/reports/cifar10_full_audit/vit_scratch/failure_images/04000_true-ship_pred-airplane.png,horse,0.8234137892723083,False,/home/tariq/Desktop/Awais-Tariq/base-KD/reports/cifar10_full_audit/mamba_scratch/failure_images/04000_true-ship_pred-horse.png,ship,0.9813481569290161,True,,airplane,0.9887824654579163,False,/home/tariq/Desktop/Awais-Tariq/base-KD/reports/cifar10_full_audit/mamba_kd_from_scratch_vit/failure_images/04000_true-ship_pred-airplane.png,ship,0.9615979194641113,True,,3,vit_scratch;mamba_scratch;mamba_kd_from_scratch_vit,True,False,False,False,False,False
4003,cifar10_test_04003,/home/tariq/Desktop/Awais-Tariq/base-KD/data/cifar-10-batches-py/test_batch,4003,bird,airplane,0.9009502530097961,False,/home/tariq/Desktop/Awais-Tariq/base-KD/reports/cifar10_full_audit/vit_scratch/failure_images/04003_true-bird_pred-airplane.png,airplane,0.9841763973236084,False,/home/tariq/Desktop/Awais-Tariq/base-KD/reports/cifar10_full_audit/mamba_scratch/failure_images/04003_true-bird_pred-airplane.png,bird,0.9999891519546509,True,,airplane,0.9307309985160828,False,/home/tariq/Desktop/Awais-Tariq/base-KD/reports/cifar10_full_audit/mamba_kd_from_scratch_vit/failure_images/04003_true-bird_pred-airplane.png,airplane,0.9975282549858093,False,/home/tariq/Desktop/Awais-Tariq/base-KD/reports/cifar10_full_audit/mamba_kd_from_pretrained_vit/failure_images/04003_true-bird_pred-airplane.png,4,vit_scratch;mamba_scratch;mamba_kd_from_scratch_vit;mamba_kd_from_pretrained_vit,True,False,False,False,False,True
4012,cifar10_test_04012,/home/tariq/Desktop/Awais-Tariq/base-KD/data/cifar-10-batches-py/test_batch,4012,cat,deer,0.6890878677368164,False,/home/tariq/Desktop/Awais-Tariq/base-KD/reports/cifar10_full_audit/vit_scratch/failure_images/04012_true-cat_pred-deer.png,horse,0.8138156533241272,False,/home/tariq/Desktop/Awais-Tariq/base-KD/reports/cifar10_full_audit/mamba_scratch/failure_images/04012_true-cat_pred-horse.png,dog,0.9690784811973572,False,/home/tariq/Desktop/Awais-Tariq/base-KD/reports/cifar10_full_audit/vit_pretrained_finetuned/failure_images/04012_true-cat_pred-dog.png,dog,0.9408096671104431,False,/home/tariq/Desktop/Awais-Tariq/base-KD/reports/cifar10_full_audit/mamba_kd_from_scratch_vit/failure_images/04012_true-cat_pred-dog.png,deer,0.8362901210784912,False,/home/tariq/Desktop/Awais-Tariq/base-KD/reports/cifar10_full_audit/mamba_kd_from_pretrained_vit/failure_images/04012_true-cat_pred-deer.png,5,vit_scratch;mamba_scratch;vit_pretrained_finetuned;mamba_kd_from_scratch_vit;mamba_kd_from_pretrained_vit,True,True,False,False,False,False
4036,cifar10_test_04036,/home/tariq/Desktop/Awais-Tariq/base-KD/data/cifar-10-batches-py/test_batch,4036,horse,airplane,0.9999574422836304,False,/home/tariq/Desktop/Awais-Tariq/base-KD/reports/cifar10_full_audit/vit_scratch/failure_images/04036_true-horse_pred-airplane.png,airplane,0.6538575291633606,False,/home/tariq/Desktop/Awais-Tariq/base-KD/reports/cifar10_full_audit/mamba_scratch/failure_images/04036_true-horse_pred-airplane.png,horse,0.9999983310699463,True,,airplane,0.9992398023605347,False,/home/tariq/Desktop/Awais-Tariq/base-KD/reports/cifar10_full_audit/mamba_kd_from_scratch_vit/failure_images/04036_true-horse_pred-airplane.png,airplane,0.6447045207023621,False,/home/tariq/Desktop/Awais-Tariq/base-KD/reports/cifar10_full_audit/mamba_kd_from_pretrained_vit/failure_images/04036_true-horse_pred-airplane.png,4,vit_scratch;mamba_scratch;mamba_kd_from_scratch_vit;mamba_kd_from_pretrained_vit,True,False,False,False,False,True
4054,cifar10_test_04054,/home/tariq/Desktop/Awais-Tariq/base-KD/data/cifar-10-batches-py/test_batch,4054,horse,ship,0.9871659874916077,False,/home/tariq/Desktop/Awais-Tariq/base-KD/reports/cifar10_full_audit/vit_scratch/failure_images/04054_true-horse_pred-ship.png,cat,0.9264106750488281,False,/home/tariq/Desktop/Awais-Tariq/base-KD/reports/cifar10_full_audit/mamba_scratch/failure_images/04054_true-horse_pred-cat.png,truck,0.8271800875663757,False,/home/tariq/Desktop/Awais-Tariq/base-KD/reports/cifar10_full_audit/vit_pretrained_finetuned/failure_images/04054_true-horse_pred-truck.png,truck,0.4478349983692169,False,/home/tariq/Desktop/Awais-Tariq/base-KD/reports/cifar10_full_audit/mamba_kd_from_scratch_vit/failure_images/04054_true-horse_pred-truck.png,horse,0.9999234676361084,True,,4,vit_scratch;mamba_scratch;vit_pretrained_finetuned;mamba_kd_from_scratch_vit,True,False,False,False,True,False
4055,cifar10_test_04055,/home/tariq/Desktop/Awais-Tariq/base-KD/data/cifar-10-batches-py/test_batch,4055,automobile,truck,0.4099293053150177,False,/home/tariq/Desktop/Awais-Tariq/base-KD/reports/cifar10_full_audit/vit_scratch/failure_images/04055_true-automobile_pred-truck.png,airplane,0.9786773920059204,False,/home/tariq/Desktop/Awais-Tariq/base-KD/reports/cifar10_full_audit/mamba_scratch/failure_images/04055_true-automobile_pred-airplane.png,automobile,0.9993552565574646,True,,airplane,0.7189157009124756,False,/home/tariq/Desktop/Awais-Tariq/base-KD/reports/cifar10_full_audit/mamba_kd_from_scratch_vit/failure_images/04055_true-automobile_pred-airplane.png,airplane,0.9978815913200378,False,/home/tariq/Desktop/Awais-Tariq/base-KD/reports/cifar10_full_audit/mamba_kd_from_pretrained_vit/failure_images/04055_true-automobile_pred-airplane.png,4,vit_scratch;mamba_scratch;mamba_kd_from_scratch_vit;mamba_kd_from_pretrained_vit,True,False,False,False,False,True
4071,cifar10_test_04071,/home/tariq/Desktop/Awais-Tariq/base-KD/data/cifar-10-batches-py/test_batch,4071,cat,frog,0.8355726599693298,False,/home/tariq/Desktop/Awais-Tariq/base-KD/reports/cifar10_full_audit/vit_scratch/failure_images/04071_true-cat_pred-frog.png,bird,0.9077073335647583,False,/home/tariq/Desktop/Awais-Tariq/base-KD/reports/cifar10_full_audit/mamba_scratch/failure_images/04071_true-cat_pred-bird.png,cat,0.9999996423721313,True,,airplane,0.6546375751495361,False,/home/tariq/Desktop/Awais-Tariq/base-KD/reports/cifar10_full_audit/mamba_kd_from_scratch_vit/failure_images/04071_true-cat_pred-airplane.png,cat,0.9480977654457092,True,,3,vit_scratch;mamba_scratch;mamba_kd_from_scratch_vit,True,False,False,False,False,False
4077,cifar10_test_04077,/home/tariq/Desktop/Awais-Tariq/base-KD/data/cifar-10-batches-py/test_batch,4077,cat,dog,0.9870620369911194,False,/home/tariq/Desktop/Awais-Tariq/base-KD/reports/cifar10_full_audit/vit_scratch/failure_images/04077_true-cat_pred-dog.png,dog,0.9999704360961914,False,/home/tariq/Desktop/Awais-Tariq/base-KD/reports/cifar10_full_audit/mamba_scratch/failure_images/04077_true-cat_pred-dog.png,cat,0.9999721050262451,True,,dog,0.756615400314331,False,/home/tariq/Desktop/Awais-Tariq/base-KD/reports/cifar10_full_audit/mamba_kd_from_scratch_vit/failure_images/04077_true-cat_pred-dog.png,dog,0.9951011538505554,False,/home/tariq/Desktop/Awais-Tariq/base-KD/reports/cifar10_full_audit/mamba_kd_from_pretrained_vit/failure_images/04077_true-cat_pred-dog.png,4,vit_scratch;mamba_scratch;mamba_kd_from_scratch_vit;mamba_kd_from_pretrained_vit,True,False,False,False,False,True
4094,cifar10_test_04094,/home/tariq/Desktop/Awais-Tariq/base-KD/data/cifar-10-batches-py/test_batch,4094,cat,dog,0.9630372524261475,False,/home/tariq/Desktop/Awais-Tariq/base-KD/reports/cifar10_full_audit/vit_scratch/failure_images/04094_true-cat_pred-dog.png,dog,0.9602177143096924,False,/home/tariq/Desktop/Awais-Tariq/base-KD/reports/cifar10_full_audit/mamba_scratch/failure_images/04094_true-cat_pred-dog.png,cat,0.9999710321426392,True,,horse,0.6473543047904968,False,/home/tariq/Desktop/Awais-Tariq/base-KD/reports/cifar10_full_audit/mamba_kd_from_scratch_vit/failure_images/04094_true-cat_pred-horse.png,dog,0.902173638343811,False,/home/tariq/Desktop/Awais-Tariq/base-KD/reports/cifar10_full_audit/mamba_kd_from_pretrained_vit/failure_images/04094_true-cat_pred-dog.png,4,vit_scratch;mamba_scratch;mamba_kd_from_scratch_vit;mamba_kd_from_pretrained_vit,True,False,False,False,False,True
4097,cifar10_test_04097,/home/tariq/Desktop/Awais-Tariq/base-KD/data/cifar-10-batches-py/test_batch,4097,cat,frog,0.9958160519599915,False,/home/tariq/Desktop/Awais-Tariq/base-KD/reports/cifar10_full_audit/vit_scratch/failure_images/04097_true-cat_pred-frog.png,frog,0.9986045956611633,False,/home/tariq/Desktop/Awais-Tariq/base-KD/reports/cifar10_full_audit/mamba_scratch/failure_images/04097_true-cat_pred-frog.png,cat,0.9998840093612671,True,,frog,0.9930597543716431,False,/home/tariq/Desktop/Awais-Tariq/base-KD/reports/cifar10_full_audit/mamba_kd_from_scratch_vit/failure_images/04097_true-cat_pred-frog.png,cat,0.9919650554656982,True,,3,vit_scratch;mamba_scratch;mamba_kd_from_scratch_vit,True,False,False,False,False,False
4137,cifar10_test_04137,/home/tariq/Desktop/Awais-Tariq/base-KD/data/cifar-10-batches-py/test_batch,4137,deer,dog,0.9938293099403381,False,/home/tariq/Desktop/Awais-Tariq/base-KD/reports/cifar10_full_audit/vit_scratch/failure_images/04137_true-deer_pred-dog.png,cat,0.38791847229003906,False,/home/tariq/Desktop/Awais-Tariq/base-KD/reports/cifar10_full_audit/mamba_scratch/failure_images/04137_true-deer_pred-cat.png,deer,0.9999995231628418,True,,dog,0.4887583255767822,False,/home/tariq/Desktop/Awais-Tariq/base-KD/reports/cifar10_full_audit/mamba_kd_from_scratch_vit/failure_images/04137_true-deer_pred-dog.png,cat,0.5885763764381409,False,/home/tariq/Desktop/Awais-Tariq/base-KD/reports/cifar10_full_audit/mamba_kd_from_pretrained_vit/failure_images/04137_true-deer_pred-cat.png,4,vit_scratch;mamba_scratch;mamba_kd_from_scratch_vit;mamba_kd_from_pretrained_vit,True,False,False,False,False,True
4139,cifar10_test_04139,/home/tariq/Desktop/Awais-Tariq/base-KD/data/cifar-10-batches-py/test_batch,4139,dog,dog,0.9424184560775757,True,,ship,0.37314730882644653,False,/home/tariq/Desktop/Awais-Tariq/base-KD/reports/cifar10_full_audit/mamba_scratch/failure_images/04139_true-dog_pred-ship.png,dog,0.9999927282333374,True,,horse,0.3536275327205658,False,/home/tariq/Desktop/Awais-Tariq/base-KD/reports/cifar10_full_audit/mamba_kd_from_scratch_vit/failure_images/04139_true-dog_pred-horse.png,airplane,0.678129255771637,False,/home/tariq/Desktop/Awais-Tariq/base-KD/reports/cifar10_full_audit/mamba_kd_from_pretrained_vit/failure_images/04139_true-dog_pred-airplane.png,3,mamba_scratch;mamba_kd_from_scratch_vit;mamba_kd_from_pretrained_vit,True,False,False,True,False,True
4152,cifar10_test_04152,/home/tariq/Desktop/Awais-Tariq/base-KD/data/cifar-10-batches-py/test_batch,4152,dog,automobile,0.9544523358345032,False,/home/tariq/Desktop/Awais-Tariq/base-KD/reports/cifar10_full_audit/vit_scratch/failure_images/04152_true-dog_pred-automobile.png,cat,0.6778266429901123,False,/home/tariq/Desktop/Awais-Tariq/base-KD/reports/cifar10_full_audit/mamba_scratch/failure_images/04152_true-dog_pred-cat.png,cat,0.999976396560669,False,/home/tariq/Desktop/Awais-Tariq/base-KD/reports/cifar10_full_audit/vit_pretrained_finetuned/failure_images/04152_true-dog_pred-cat.png,automobile,0.9246916174888611,False,/home/tariq/Desktop/Awais-Tariq/base-KD/reports/cifar10_full_audit/mamba_kd_from_scratch_vit/failure_images/04152_true-dog_pred-automobile.png,cat,0.9474155902862549,False,/home/tariq/Desktop/Awais-Tariq/base-KD/reports/cifar10_full_audit/mamba_kd_from_pretrained_vit/failure_images/04152_true-dog_pred-cat.png,5,vit_scratch;mamba_scratch;vit_pretrained_finetuned;mamba_kd_from_scratch_vit;mamba_kd_from_pretrained_vit,True,True,False,False,False,False
4169,cifar10_test_04169,/home/tariq/Desktop/Awais-Tariq/base-KD/data/cifar-10-batches-py/test_batch,4169,cat,dog,0.9668017625808716,False,/home/tariq/Desktop/Awais-Tariq/base-KD/reports/cifar10_full_audit/vit_scratch/failure_images/04169_true-cat_pred-dog.png,dog,0.9982869029045105,False,/home/tariq/Desktop/Awais-Tariq/base-KD/reports/cifar10_full_audit/mamba_scratch/failure_images/04169_true-cat_pred-dog.png,cat,0.9999469518661499,True,,dog,0.8681114912033081,False,/home/tariq/Desktop/Awais-Tariq/base-KD/reports/cifar10_full_audit/mamba_kd_from_scratch_vit/failure_images/04169_true-cat_pred-dog.png,cat,0.9662327766418457,True,,3,vit_scratch;mamba_scratch;mamba_kd_from_scratch_vit,True,False,False,False,False,False
4198,cifar10_test_04198,/home/tariq/Desktop/Awais-Tariq/base-KD/data/cifar-10-batches-py/test_batch,4198,ship,deer,0.9697092175483704,False,/home/tariq/Desktop/Awais-Tariq/base-KD/reports/cifar10_full_audit/vit_scratch/failure_images/04198_true-ship_pred-deer.png,airplane,0.9999761581420898,False,/home/tariq/Desktop/Awais-Tariq/base-KD/reports/cifar10_full_audit/mamba_scratch/failure_images/04198_true-ship_pred-airplane.png,airplane,0.897052526473999,False,/home/tariq/Desktop/Awais-Tariq/base-KD/reports/cifar10_full_audit/vit_pretrained_finetuned/failure_images/04198_true-ship_pred-airplane.png,airplane,0.9916000366210938,False,/home/tariq/Desktop/Awais-Tariq/base-KD/reports/cifar10_full_audit/mamba_kd_from_scratch_vit/failure_images/04198_true-ship_pred-airplane.png,airplane,0.9999914169311523,False,/home/tariq/Desktop/Awais-Tariq/base-KD/reports/cifar10_full_audit/mamba_kd_from_pretrained_vit/failure_images/04198_true-ship_pred-airplane.png,5,vit_scratch;mamba_scratch;vit_pretrained_finetuned;mamba_kd_from_scratch_vit;mamba_kd_from_pretrained_vit,True,True,False,False,False,False
4210,cifar10_test_04210,/home/tariq/Desktop/Awais-Tariq/base-KD/data/cifar-10-batches-py/test_batch,4210,cat,truck,0.8686904907226562,False,/home/tariq/Desktop/Awais-Tariq/base-KD/reports/cifar10_full_audit/vit_scratch/failure_images/04210_true-cat_pred-truck.png,cat,0.7410900592803955,True,,cat,0.9998959302902222,True,,truck,0.8617122173309326,False,/home/tariq/Desktop/Awais-Tariq/base-KD/reports/cifar10_full_audit/mamba_kd_from_scratch_vit/failure_images/04210_true-cat_pred-truck.png,dog,0.6537402272224426,False,/home/tariq/Desktop/Awais-Tariq/base-KD/reports/cifar10_full_audit/mamba_kd_from_pretrained_vit/failure_images/04210_true-cat_pred-dog.png,3,vit_scratch;mamba_kd_from_scratch_vit;mamba_kd_from_pretrained_vit,True,False,False,False,False,True
4238,cifar10_test_04238,/home/tariq/Desktop/Awais-Tariq/base-KD/data/cifar-10-batches-py/test_batch,4238,dog,cat,0.9642075896263123,False,/home/tariq/Desktop/Awais-Tariq/base-KD/reports/cifar10_full_audit/vit_scratch/failure_images/04238_true-dog_pred-cat.png,dog,0.815441906452179,True,,dog,0.9999994039535522,True,,cat,0.6602489948272705,False,/home/tariq/Desktop/Awais-Tariq/base-KD/reports/cifar10_full_audit/mamba_kd_from_scratch_vit/failure_images/04238_true-dog_pred-cat.png,cat,0.6835458278656006,False,/home/tariq/Desktop/Awais-Tariq/base-KD/reports/cifar10_full_audit/mamba_kd_from_pretrained_vit/failure_images/04238_true-dog_pred-cat.png,3,vit_scratch;mamba_kd_from_scratch_vit;mamba_kd_from_pretrained_vit,True,False,False,False,False,True
4244,cifar10_test_04244,/home/tariq/Desktop/Awais-Tariq/base-KD/data/cifar-10-batches-py/test_batch,4244,bird,horse,0.9486071467399597,False,/home/tariq/Desktop/Awais-Tariq/base-KD/reports/cifar10_full_audit/vit_scratch/failure_images/04244_true-bird_pred-horse.png,deer,0.7661305069923401,False,/home/tariq/Desktop/Awais-Tariq/base-KD/reports/cifar10_full_audit/mamba_scratch/failure_images/04244_true-bird_pred-deer.png,bird,0.9960620999336243,True,,horse,0.7392473816871643,False,/home/tariq/Desktop/Awais-Tariq/base-KD/reports/cifar10_full_audit/mamba_kd_from_scratch_vit/failure_images/04244_true-bird_pred-horse.png,deer,0.9984102249145508,False,/home/tariq/Desktop/Awais-Tariq/base-KD/reports/cifar10_full_audit/mamba_kd_from_pretrained_vit/failure_images/04244_true-bird_pred-deer.png,4,vit_scratch;mamba_scratch;mamba_kd_from_scratch_vit;mamba_kd_from_pretrained_vit,True,False,False,False,False,True
4248,cifar10_test_04248,/home/tariq/Desktop/Awais-Tariq/base-KD/data/cifar-10-batches-py/test_batch,4248,cat,cat,0.9539620280265808,True,,dog,0.9968915581703186,False,/home/tariq/Desktop/Awais-Tariq/base-KD/reports/cifar10_full_audit/mamba_scratch/failure_images/04248_true-cat_pred-dog.png,cat,0.9998987913131714,True,,dog,0.5926846861839294,False,/home/tariq/Desktop/Awais-Tariq/base-KD/reports/cifar10_full_audit/mamba_kd_from_scratch_vit/failure_images/04248_true-cat_pred-dog.png,dog,0.9999481439590454,False,/home/tariq/Desktop/Awais-Tariq/base-KD/reports/cifar10_full_audit/mamba_kd_from_pretrained_vit/failure_images/04248_true-cat_pred-dog.png,3,mamba_scratch;mamba_kd_from_scratch_vit;mamba_kd_from_pretrained_vit,True,False,False,True,False,True
4251,cifar10_test_04251,/home/tariq/Desktop/Awais-Tariq/base-KD/data/cifar-10-batches-py/test_batch,4251,ship,automobile,0.6892125606536865,False,/home/tariq/Desktop/Awais-Tariq/base-KD/reports/cifar10_full_audit/vit_scratch/failure_images/04251_true-ship_pred-automobile.png,ship,0.9424340128898621,True,,ship,0.9999992847442627,True,,automobile,0.7313759326934814,False,/home/tariq/Desktop/Awais-Tariq/base-KD/reports/cifar10_full_audit/mamba_kd_from_scratch_vit/failure_images/04251_true-ship_pred-automobile.png,airplane,0.8179054856300354,False,/home/tariq/Desktop/Awais-Tariq/base-KD/reports/cifar10_full_audit/mamba_kd_from_pretrained_vit/failure_images/04251_true-ship_pred-airplane.png,3,vit_scratch;mamba_kd_from_scratch_vit;mamba_kd_from_pretrained_vit,True,False,False,False,False,True
4255,cifar10_test_04255,/home/tariq/Desktop/Awais-Tariq/base-KD/data/cifar-10-batches-py/test_batch,4255,truck,airplane,0.9751631617546082,False,/home/tariq/Desktop/Awais-Tariq/base-KD/reports/cifar10_full_audit/vit_scratch/failure_images/04255_true-truck_pred-airplane.png,truck,0.9999321699142456,True,,frog,0.9974406957626343,False,/home/tariq/Desktop/Awais-Tariq/base-KD/reports/cifar10_full_audit/vit_pretrained_finetuned/failure_images/04255_true-truck_pred-frog.png,horse,0.9349938631057739,False,/home/tariq/Desktop/Awais-Tariq/base-KD/reports/cifar10_full_audit/mamba_kd_from_scratch_vit/failure_images/04255_true-truck_pred-horse.png,truck,0.9999576807022095,True,,3,vit_scratch;vit_pretrained_finetuned;mamba_kd_from_scratch_vit,True,False,False,False,True,False
4275,cifar10_test_04275,/home/tariq/Desktop/Awais-Tariq/base-KD/data/cifar-10-batches-py/test_batch,4275,dog,bird,0.5758956074714661,False,/home/tariq/Desktop/Awais-Tariq/base-KD/reports/cifar10_full_audit/vit_scratch/failure_images/04275_true-dog_pred-bird.png,bird,0.8019763827323914,False,/home/tariq/Desktop/Awais-Tariq/base-KD/reports/cifar10_full_audit/mamba_scratch/failure_images/04275_true-dog_pred-bird.png,dog,0.9998722076416016,True,,cat,0.9262272715568542,False,/home/tariq/Desktop/Awais-Tariq/base-KD/reports/cifar10_full_audit/mamba_kd_from_scratch_vit/failure_images/04275_true-dog_pred-cat.png,dog,0.9999444484710693,True,,3,vit_scratch;mamba_scratch;mamba_kd_from_scratch_vit,True,False,False,False,False,False
4276,cifar10_test_04276,/home/tariq/Desktop/Awais-Tariq/base-KD/data/cifar-10-batches-py/test_batch,4276,truck,automobile,0.5097704529762268,False,/home/tariq/Desktop/Awais-Tariq/base-KD/reports/cifar10_full_audit/vit_scratch/failure_images/04276_true-truck_pred-automobile.png,automobile,0.9999995231628418,False,/home/tariq/Desktop/Awais-Tariq/base-KD/reports/cifar10_full_audit/mamba_scratch/failure_images/04276_true-truck_pred-automobile.png,automobile,0.9999743700027466,False,/home/tariq/Desktop/Awais-Tariq/base-KD/reports/cifar10_full_audit/vit_pretrained_finetuned/failure_images/04276_true-truck_pred-automobile.png,automobile,0.5580539107322693,False,/home/tariq/Desktop/Awais-Tariq/base-KD/reports/cifar10_full_audit/mamba_kd_from_scratch_vit/failure_images/04276_true-truck_pred-automobile.png,automobile,0.9989759922027588,False,/home/tariq/Desktop/Awais-Tariq/base-KD/reports/cifar10_full_audit/mamba_kd_from_pretrained_vit/failure_images/04276_true-truck_pred-automobile.png,5,vit_scratch;mamba_scratch;vit_pretrained_finetuned;mamba_kd_from_scratch_vit;mamba_kd_from_pretrained_vit,True,True,False,False,False,False
4287,cifar10_test_04287,/home/tariq/Desktop/Awais-Tariq/base-KD/data/cifar-10-batches-py/test_batch,4287,airplane,frog,0.8908989429473877,False,/home/tariq/Desktop/Awais-Tariq/base-KD/reports/cifar10_full_audit/vit_scratch/failure_images/04287_true-airplane_pred-frog.png,frog,0.5960842967033386,False,/home/tariq/Desktop/Awais-Tariq/base-KD/reports/cifar10_full_audit/mamba_scratch/failure_images/04287_true-airplane_pred-frog.png,airplane,1.0,True,,frog,0.858596682548523,False,/home/tariq/Desktop/Awais-Tariq/base-KD/reports/cifar10_full_audit/mamba_kd_from_scratch_vit/failure_images/04287_true-airplane_pred-frog.png,airplane,0.38671234250068665,True,,3,vit_scratch;mamba_scratch;mamba_kd_from_scratch_vit,True,False,False,False,False,False
4302,cifar10_test_04302,/home/tariq/Desktop/Awais-Tariq/base-KD/data/cifar-10-batches-py/test_batch,4302,bird,horse,0.7411140203475952,False,/home/tariq/Desktop/Awais-Tariq/base-KD/reports/cifar10_full_audit/vit_scratch/failure_images/04302_true-bird_pred-horse.png,dog,0.7073229551315308,False,/home/tariq/Desktop/Awais-Tariq/base-KD/reports/cifar10_full_audit/mamba_scratch/failure_images/04302_true-bird_pred-dog.png,bird,1.0,True,,dog,0.8043193817138672,False,/home/tariq/Desktop/Awais-Tariq/base-KD/reports/cifar10_full_audit/mamba_kd_from_scratch_vit/failure_images/04302_true-bird_pred-dog.png,dog,0.9993422627449036,False,/home/tariq/Desktop/Awais-Tariq/base-KD/reports/cifar10_full_audit/mamba_kd_from_pretrained_vit/failure_images/04302_true-bird_pred-dog.png,4,vit_scratch;mamba_scratch;mamba_kd_from_scratch_vit;mamba_kd_from_pretrained_vit,True,False,False,False,False,True
4309,cifar10_test_04309,/home/tariq/Desktop/Awais-Tariq/base-KD/data/cifar-10-batches-py/test_batch,4309,horse,horse,0.9476975202560425,True,,dog,0.9992914199829102,False,/home/tariq/Desktop/Awais-Tariq/base-KD/reports/cifar10_full_audit/mamba_scratch/failure_images/04309_true-horse_pred-dog.png,deer,0.9954426288604736,False,/home/tariq/Desktop/Awais-Tariq/base-KD/reports/cifar10_full_audit/vit_pretrained_finetuned/failure_images/04309_true-horse_pred-deer.png,dog,0.9982737302780151,False,/home/tariq/Desktop/Awais-Tariq/base-KD/reports/cifar10_full_audit/mamba_kd_from_scratch_vit/failure_images/04309_true-horse_pred-dog.png,dog,0.9979978203773499,False,/home/tariq/Desktop/Awais-Tariq/base-KD/reports/cifar10_full_audit/mamba_kd_from_pretrained_vit/failure_images/04309_true-horse_pred-dog.png,4,mamba_scratch;vit_pretrained_finetuned;mamba_kd_from_scratch_vit;mamba_kd_from_pretrained_vit,True,False,False,True,False,False
4331,cifar10_test_04331,/home/tariq/Desktop/Awais-Tariq/base-KD/data/cifar-10-batches-py/test_batch,4331,bird,frog,0.5680103302001953,False,/home/tariq/Desktop/Awais-Tariq/base-KD/reports/cifar10_full_audit/vit_scratch/failure_images/04331_true-bird_pred-frog.png,bird,0.5781970024108887,True,,bird,0.9999995231628418,True,,deer,0.5031130909919739,False,/home/tariq/Desktop/Awais-Tariq/base-KD/reports/cifar10_full_audit/mamba_kd_from_scratch_vit/failure_images/04331_true-bird_pred-deer.png,cat,0.8440117835998535,False,/home/tariq/Desktop/Awais-Tariq/base-KD/reports/cifar10_full_audit/mamba_kd_from_pretrained_vit/failure_images/04331_true-bird_pred-cat.png,3,vit_scratch;mamba_kd_from_scratch_vit;mamba_kd_from_pretrained_vit,True,False,False,False,False,True
4355,cifar10_test_04355,/home/tariq/Desktop/Awais-Tariq/base-KD/data/cifar-10-batches-py/test_batch,4355,airplane,bird,0.9041044116020203,False,/home/tariq/Desktop/Awais-Tariq/base-KD/reports/cifar10_full_audit/vit_scratch/failure_images/04355_true-airplane_pred-bird.png,bird,0.6331445574760437,False,/home/tariq/Desktop/Awais-Tariq/base-KD/reports/cifar10_full_audit/mamba_scratch/failure_images/04355_true-airplane_pred-bird.png,airplane,0.9999998807907104,True,,cat,0.8727552890777588,False,/home/tariq/Desktop/Awais-Tariq/base-KD/reports/cifar10_full_audit/mamba_kd_from_scratch_vit/failure_images/04355_true-airplane_pred-cat.png,cat,0.9990921020507812,False,/home/tariq/Desktop/Awais-Tariq/base-KD/reports/cifar10_full_audit/mamba_kd_from_pretrained_vit/failure_images/04355_true-airplane_pred-cat.png,4,vit_scratch;mamba_scratch;mamba_kd_from_scratch_vit;mamba_kd_from_pretrained_vit,True,False,False,False,False,True
4391,cifar10_test_04391,/home/tariq/Desktop/Awais-Tariq/base-KD/data/cifar-10-batches-py/test_batch,4391,cat,cat,0.5789682269096375,True,,truck,0.7802414894104004,False,/home/tariq/Desktop/Awais-Tariq/base-KD/reports/cifar10_full_audit/mamba_scratch/failure_images/04391_true-cat_pred-truck.png,cat,0.9999996423721313,True,,truck,0.6265760064125061,False,/home/tariq/Desktop/Awais-Tariq/base-KD/reports/cifar10_full_audit/mamba_kd_from_scratch_vit/failure_images/04391_true-cat_pred-truck.png,airplane,0.9700970649719238,False,/home/tariq/Desktop/Awais-Tariq/base-KD/reports/cifar10_full_audit/mamba_kd_from_pretrained_vit/failure_images/04391_true-cat_pred-airplane.png,3,mamba_scratch;mamba_kd_from_scratch_vit;mamba_kd_from_pretrained_vit,True,False,False,True,False,True
4398,cifar10_test_04398,/home/tariq/Desktop/Awais-Tariq/base-KD/data/cifar-10-batches-py/test_batch,4398,deer,horse,0.9982231259346008,False,/home/tariq/Desktop/Awais-Tariq/base-KD/reports/cifar10_full_audit/vit_scratch/failure_images/04398_true-deer_pred-horse.png,deer,0.8074759840965271,True,,deer,0.9999994039535522,True,,horse,0.8828392624855042,False,/home/tariq/Desktop/Awais-Tariq/base-KD/reports/cifar10_full_audit/mamba_kd_from_scratch_vit/failure_images/04398_true-deer_pred-horse.png,bird,0.9521015882492065,False,/home/tariq/Desktop/Awais-Tariq/base-KD/reports/cifar10_full_audit/mamba_kd_from_pretrained_vit/failure_images/04398_true-deer_pred-bird.png,3,vit_scratch;mamba_kd_from_scratch_vit;mamba_kd_from_pretrained_vit,True,False,False,False,False,True
4404,cifar10_test_04404,/home/tariq/Desktop/Awais-Tariq/base-KD/data/cifar-10-batches-py/test_batch,4404,cat,deer,0.9462766647338867,False,/home/tariq/Desktop/Awais-Tariq/base-KD/reports/cifar10_full_audit/vit_scratch/failure_images/04404_true-cat_pred-deer.png,deer,0.9872674345970154,False,/home/tariq/Desktop/Awais-Tariq/base-KD/reports/cifar10_full_audit/mamba_scratch/failure_images/04404_true-cat_pred-deer.png,cat,0.9999986886978149,True,,deer,0.9996002316474915,False,/home/tariq/Desktop/Awais-Tariq/base-KD/reports/cifar10_full_audit/mamba_kd_from_scratch_vit/failure_images/04404_true-cat_pred-deer.png,deer,0.9997586607933044,False,/home/tariq/Desktop/Awais-Tariq/base-KD/reports/cifar10_full_audit/mamba_kd_from_pretrained_vit/failure_images/04404_true-cat_pred-deer.png,4,vit_scratch;mamba_scratch;mamba_kd_from_scratch_vit;mamba_kd_from_pretrained_vit,True,False,False,False,False,True
4414,cifar10_test_04414,/home/tariq/Desktop/Awais-Tariq/base-KD/data/cifar-10-batches-py/test_batch,4414,bird,frog,0.9999312162399292,False,/home/tariq/Desktop/Awais-Tariq/base-KD/reports/cifar10_full_audit/vit_scratch/failure_images/04414_true-bird_pred-frog.png,frog,0.8904569745063782,False,/home/tariq/Desktop/Awais-Tariq/base-KD/reports/cifar10_full_audit/mamba_scratch/failure_images/04414_true-bird_pred-frog.png,bird,0.9999998807907104,True,,frog,0.8710782527923584,False,/home/tariq/Desktop/Awais-Tariq/base-KD/reports/cifar10_full_audit/mamba_kd_from_scratch_vit/failure_images/04414_true-bird_pred-frog.png,bird,0.9999970197677612,True,,3,vit_scratch;mamba_scratch;mamba_kd_from_scratch_vit,True,False,False,False,False,False
4442,cifar10_test_04442,/home/tariq/Desktop/Awais-Tariq/base-KD/data/cifar-10-batches-py/test_batch,4442,cat,airplane,0.3664765954017639,False,/home/tariq/Desktop/Awais-Tariq/base-KD/reports/cifar10_full_audit/vit_scratch/failure_images/04442_true-cat_pred-airplane.png,automobile,0.41934484243392944,False,/home/tariq/Desktop/Awais-Tariq/base-KD/reports/cifar10_full_audit/mamba_scratch/failure_images/04442_true-cat_pred-automobile.png,cat,0.9999880790710449,True,,automobile,0.6772196888923645,False,/home/tariq/Desktop/Awais-Tariq/base-KD/reports/cifar10_full_audit/mamba_kd_from_scratch_vit/failure_images/04442_true-cat_pred-automobile.png,airplane,0.41447362303733826,False,/home/tariq/Desktop/Awais-Tariq/base-KD/reports/cifar10_full_audit/mamba_kd_from_pretrained_vit/failure_images/04442_true-cat_pred-airplane.png,4,vit_scratch;mamba_scratch;mamba_kd_from_scratch_vit;mamba_kd_from_pretrained_vit,True,False,False,False,False,True
4477,cifar10_test_04477,/home/tariq/Desktop/Awais-Tariq/base-KD/data/cifar-10-batches-py/test_batch,4477,frog,bird,0.9616350531578064,False,/home/tariq/Desktop/Awais-Tariq/base-KD/reports/cifar10_full_audit/vit_scratch/failure_images/04477_true-frog_pred-bird.png,dog,0.6552232503890991,False,/home/tariq/Desktop/Awais-Tariq/base-KD/reports/cifar10_full_audit/mamba_scratch/failure_images/04477_true-frog_pred-dog.png,frog,0.9999992847442627,True,,frog,0.9657657146453857,True,,airplane,0.4253038763999939,False,/home/tariq/Desktop/Awais-Tariq/base-KD/reports/cifar10_full_audit/mamba_kd_from_pretrained_vit/failure_images/04477_true-frog_pred-airplane.png,3,vit_scratch;mamba_scratch;mamba_kd_from_pretrained_vit,True,False,True,False,False,True
4479,cifar10_test_04479,/home/tariq/Desktop/Awais-Tariq/base-KD/data/cifar-10-batches-py/test_batch,4479,horse,horse,0.7533222436904907,True,,deer,0.9998867511749268,False,/home/tariq/Desktop/Awais-Tariq/base-KD/reports/cifar10_full_audit/mamba_scratch/failure_images/04479_true-horse_pred-deer.png,horse,0.9999998807907104,True,,deer,0.8648870587348938,False,/home/tariq/Desktop/Awais-Tariq/base-KD/reports/cifar10_full_audit/mamba_kd_from_scratch_vit/failure_images/04479_true-horse_pred-deer.png,deer,0.9731725454330444,False,/home/tariq/Desktop/Awais-Tariq/base-KD/reports/cifar10_full_audit/mamba_kd_from_pretrained_vit/failure_images/04479_true-horse_pred-deer.png,3,mamba_scratch;mamba_kd_from_scratch_vit;mamba_kd_from_pretrained_vit,True,False,False,True,False,True
4485,cifar10_test_04485,/home/tariq/Desktop/Awais-Tariq/base-KD/data/cifar-10-batches-py/test_batch,4485,cat,horse,0.9998225569725037,False,/home/tariq/Desktop/Awais-Tariq/base-KD/reports/cifar10_full_audit/vit_scratch/failure_images/04485_true-cat_pred-horse.png,horse,0.9995552897453308,False,/home/tariq/Desktop/Awais-Tariq/base-KD/reports/cifar10_full_audit/mamba_scratch/failure_images/04485_true-cat_pred-horse.png,cat,0.999943733215332,True,,cat,0.968509316444397,True,,dog,0.6807395815849304,False,/home/tariq/Desktop/Awais-Tariq/base-KD/reports/cifar10_full_audit/mamba_kd_from_pretrained_vit/failure_images/04485_true-cat_pred-dog.png,3,vit_scratch;mamba_scratch;mamba_kd_from_pretrained_vit,True,False,True,False,False,True
4486,cifar10_test_04486,/home/tariq/Desktop/Awais-Tariq/base-KD/data/cifar-10-batches-py/test_batch,4486,ship,automobile,0.9998773336410522,False,/home/tariq/Desktop/Awais-Tariq/base-KD/reports/cifar10_full_audit/vit_scratch/failure_images/04486_true-ship_pred-automobile.png,ship,0.7984492182731628,True,,ship,1.0,True,,automobile,0.99779212474823,False,/home/tariq/Desktop/Awais-Tariq/base-KD/reports/cifar10_full_audit/mamba_kd_from_scratch_vit/failure_images/04486_true-ship_pred-automobile.png,automobile,0.998908519744873,False,/home/tariq/Desktop/Awais-Tariq/base-KD/reports/cifar10_full_audit/mamba_kd_from_pretrained_vit/failure_images/04486_true-ship_pred-automobile.png,3,vit_scratch;mamba_kd_from_scratch_vit;mamba_kd_from_pretrained_vit,True,False,False,False,False,True
4495,cifar10_test_04495,/home/tariq/Desktop/Awais-Tariq/base-KD/data/cifar-10-batches-py/test_batch,4495,cat,cat,0.9997100234031677,True,,dog,0.9346352219581604,False,/home/tariq/Desktop/Awais-Tariq/base-KD/reports/cifar10_full_audit/mamba_scratch/failure_images/04495_true-cat_pred-dog.png,dog,0.9978128671646118,False,/home/tariq/Desktop/Awais-Tariq/base-KD/reports/cifar10_full_audit/vit_pretrained_finetuned/failure_images/04495_true-cat_pred-dog.png,dog,0.5641540884971619,False,/home/tariq/Desktop/Awais-Tariq/base-KD/reports/cifar10_full_audit/mamba_kd_from_scratch_vit/failure_images/04495_true-cat_pred-dog.png,dog,0.999161958694458,False,/home/tariq/Desktop/Awais-Tariq/base-KD/reports/cifar10_full_audit/mamba_kd_from_pretrained_vit/failure_images/04495_true-cat_pred-dog.png,4,mamba_scratch;vit_pretrained_finetuned;mamba_kd_from_scratch_vit;mamba_kd_from_pretrained_vit,True,False,False,True,False,False
4503,cifar10_test_04503,/home/tariq/Desktop/Awais-Tariq/base-KD/data/cifar-10-batches-py/test_batch,4503,horse,cat,0.8454246520996094,False,/home/tariq/Desktop/Awais-Tariq/base-KD/reports/cifar10_full_audit/vit_scratch/failure_images/04503_true-horse_pred-cat.png,cat,0.6033163070678711,False,/home/tariq/Desktop/Awais-Tariq/base-KD/reports/cifar10_full_audit/mamba_scratch/failure_images/04503_true-horse_pred-cat.png,horse,0.9999996423721313,True,,cat,0.6482280492782593,False,/home/tariq/Desktop/Awais-Tariq/base-KD/reports/cifar10_full_audit/mamba_kd_from_scratch_vit/failure_images/04503_true-horse_pred-cat.png,horse,0.7903520464897156,True,,3,vit_scratch;mamba_scratch;mamba_kd_from_scratch_vit,True,False,False,False,False,False
4528,cifar10_test_04528,/home/tariq/Desktop/Awais-Tariq/base-KD/data/cifar-10-batches-py/test_batch,4528,dog,deer,0.992555558681488,False,/home/tariq/Desktop/Awais-Tariq/base-KD/reports/cifar10_full_audit/vit_scratch/failure_images/04528_true-dog_pred-deer.png,deer,0.9830136299133301,False,/home/tariq/Desktop/Awais-Tariq/base-KD/reports/cifar10_full_audit/mamba_scratch/failure_images/04528_true-dog_pred-deer.png,deer,0.9437574744224548,False,/home/tariq/Desktop/Awais-Tariq/base-KD/reports/cifar10_full_audit/vit_pretrained_finetuned/failure_images/04528_true-dog_pred-deer.png,deer,0.9947978258132935,False,/home/tariq/Desktop/Awais-Tariq/base-KD/reports/cifar10_full_audit/mamba_kd_from_scratch_vit/failure_images/04528_true-dog_pred-deer.png,deer,0.9992563128471375,False,/home/tariq/Desktop/Awais-Tariq/base-KD/reports/cifar10_full_audit/mamba_kd_from_pretrained_vit/failure_images/04528_true-dog_pred-deer.png,5,vit_scratch;mamba_scratch;vit_pretrained_finetuned;mamba_kd_from_scratch_vit;mamba_kd_from_pretrained_vit,True,True,False,False,False,False
4542,cifar10_test_04542,/home/tariq/Desktop/Awais-Tariq/base-KD/data/cifar-10-batches-py/test_batch,4542,cat,bird,0.9861161708831787,False,/home/tariq/Desktop/Awais-Tariq/base-KD/reports/cifar10_full_audit/vit_scratch/failure_images/04542_true-cat_pred-bird.png,deer,0.898881733417511,False,/home/tariq/Desktop/Awais-Tariq/base-KD/reports/cifar10_full_audit/mamba_scratch/failure_images/04542_true-cat_pred-deer.png,cat,0.9999936819076538,True,,deer,0.7833536863327026,False,/home/tariq/Desktop/Awais-Tariq/base-KD/reports/cifar10_full_audit/mamba_kd_from_scratch_vit/failure_images/04542_true-cat_pred-deer.png,bird,0.984434187412262,False,/home/tariq/Desktop/Awais-Tariq/base-KD/reports/cifar10_full_audit/mamba_kd_from_pretrained_vit/failure_images/04542_true-cat_pred-bird.png,4,vit_scratch;mamba_scratch;mamba_kd_from_scratch_vit;mamba_kd_from_pretrained_vit,True,False,False,False,False,True
4545,cifar10_test_04545,/home/tariq/Desktop/Awais-Tariq/base-KD/data/cifar-10-batches-py/test_batch,4545,cat,deer,0.9156035780906677,False,/home/tariq/Desktop/Awais-Tariq/base-KD/reports/cifar10_full_audit/vit_scratch/failure_images/04545_true-cat_pred-deer.png,deer,0.7757908701896667,False,/home/tariq/Desktop/Awais-Tariq/base-KD/reports/cifar10_full_audit/mamba_scratch/failure_images/04545_true-cat_pred-deer.png,cat,0.999954104423523,True,,deer,0.9852724671363831,False,/home/tariq/Desktop/Awais-Tariq/base-KD/reports/cifar10_full_audit/mamba_kd_from_scratch_vit/failure_images/04545_true-cat_pred-deer.png,cat,0.9924059510231018,True,,3,vit_scratch;mamba_scratch;mamba_kd_from_scratch_vit,True,False,False,False,False,False
4547,cifar10_test_04547,/home/tariq/Desktop/Awais-Tariq/base-KD/data/cifar-10-batches-py/test_batch,4547,cat,cat,0.9546658992767334,True,,dog,0.9737842679023743,False,/home/tariq/Desktop/Awais-Tariq/base-KD/reports/cifar10_full_audit/mamba_scratch/failure_images/04547_true-cat_pred-dog.png,cat,0.9999889135360718,True,,dog,0.77210533618927,False,/home/tariq/Desktop/Awais-Tariq/base-KD/reports/cifar10_full_audit/mamba_kd_from_scratch_vit/failure_images/04547_true-cat_pred-dog.png,dog,0.9838024377822876,False,/home/tariq/Desktop/Awais-Tariq/base-KD/reports/cifar10_full_audit/mamba_kd_from_pretrained_vit/failure_images/04547_true-cat_pred-dog.png,3,mamba_scratch;mamba_kd_from_scratch_vit;mamba_kd_from_pretrained_vit,True,False,False,True,False,True
4548,cifar10_test_04548,/home/tariq/Desktop/Awais-Tariq/base-KD/data/cifar-10-batches-py/test_batch,4548,airplane,cat,0.9511827230453491,False,/home/tariq/Desktop/Awais-Tariq/base-KD/reports/cifar10_full_audit/vit_scratch/failure_images/04548_true-airplane_pred-cat.png,cat,0.7202090620994568,False,/home/tariq/Desktop/Awais-Tariq/base-KD/reports/cifar10_full_audit/mamba_scratch/failure_images/04548_true-airplane_pred-cat.png,airplane,0.9999998807907104,True,,cat,0.5679157376289368,False,/home/tariq/Desktop/Awais-Tariq/base-KD/reports/cifar10_full_audit/mamba_kd_from_scratch_vit/failure_images/04548_true-airplane_pred-cat.png,airplane,0.9937200546264648,True,,3,vit_scratch;mamba_scratch;mamba_kd_from_scratch_vit,True,False,False,False,False,False
4555,cifar10_test_04555,/home/tariq/Desktop/Awais-Tariq/base-KD/data/cifar-10-batches-py/test_batch,4555,dog,horse,0.9786432385444641,False,/home/tariq/Desktop/Awais-Tariq/base-KD/reports/cifar10_full_audit/vit_scratch/failure_images/04555_true-dog_pred-horse.png,dog,0.7675077319145203,True,,cat,0.9996739625930786,False,/home/tariq/Desktop/Awais-Tariq/base-KD/reports/cifar10_full_audit/vit_pretrained_finetuned/failure_images/04555_true-dog_pred-cat.png,horse,0.9157547354698181,False,/home/tariq/Desktop/Awais-Tariq/base-KD/reports/cifar10_full_audit/mamba_kd_from_scratch_vit/failure_images/04555_true-dog_pred-horse.png,dog,0.9423654079437256,True,,3,vit_scratch;vit_pretrained_finetuned;mamba_kd_from_scratch_vit,True,False,False,False,True,False
4574,cifar10_test_04574,/home/tariq/Desktop/Awais-Tariq/base-KD/data/cifar-10-batches-py/test_batch,4574,cat,dog,0.9712528586387634,False,/home/tariq/Desktop/Awais-Tariq/base-KD/reports/cifar10_full_audit/vit_scratch/failure_images/04574_true-cat_pred-dog.png,dog,0.8168091773986816,False,/home/tariq/Desktop/Awais-Tariq/base-KD/reports/cifar10_full_audit/mamba_scratch/failure_images/04574_true-cat_pred-dog.png,cat,0.9999749660491943,True,,dog,0.5502698421478271,False,/home/tariq/Desktop/Awais-Tariq/base-KD/reports/cifar10_full_audit/mamba_kd_from_scratch_vit/failure_images/04574_true-cat_pred-dog.png,cat,0.7521454095840454,True,,3,vit_scratch;mamba_scratch;mamba_kd_from_scratch_vit,True,False,False,False,False,False
4581,cifar10_test_04581,/home/tariq/Desktop/Awais-Tariq/base-KD/data/cifar-10-batches-py/test_batch,4581,cat,cat,0.6520761251449585,True,,dog,0.931776762008667,False,/home/tariq/Desktop/Awais-Tariq/base-KD/reports/cifar10_full_audit/mamba_scratch/failure_images/04581_true-cat_pred-dog.png,cat,0.9999954700469971,True,,horse,0.7672757506370544,False,/home/tariq/Desktop/Awais-Tariq/base-KD/reports/cifar10_full_audit/mamba_kd_from_scratch_vit/failure_images/04581_true-cat_pred-horse.png,bird,0.8316019177436829,False,/home/tariq/Desktop/Awais-Tariq/base-KD/reports/cifar10_full_audit/mamba_kd_from_pretrained_vit/failure_images/04581_true-cat_pred-bird.png,3,mamba_scratch;mamba_kd_from_scratch_vit;mamba_kd_from_pretrained_vit,True,False,False,True,False,True
4590,cifar10_test_04590,/home/tariq/Desktop/Awais-Tariq/base-KD/data/cifar-10-batches-py/test_batch,4590,truck,truck,0.6026229858398438,True,,bird,0.9944578409194946,False,/home/tariq/Desktop/Awais-Tariq/base-KD/reports/cifar10_full_audit/mamba_scratch/failure_images/04590_true-truck_pred-bird.png,automobile,0.6311058402061462,False,/home/tariq/Desktop/Awais-Tariq/base-KD/reports/cifar10_full_audit/vit_pretrained_finetuned/failure_images/04590_true-truck_pred-automobile.png,bird,0.9400274157524109,False,/home/tariq/Desktop/Awais-Tariq/base-KD/reports/cifar10_full_audit/mamba_kd_from_scratch_vit/failure_images/04590_true-truck_pred-bird.png,automobile,0.571191132068634,False,/home/tariq/Desktop/Awais-Tariq/base-KD/reports/cifar10_full_audit/mamba_kd_from_pretrained_vit/failure_images/04590_true-truck_pred-automobile.png,4,mamba_scratch;vit_pretrained_finetuned;mamba_kd_from_scratch_vit;mamba_kd_from_pretrained_vit,True,False,False,True,False,False
4606,cifar10_test_04606,/home/tariq/Desktop/Awais-Tariq/base-KD/data/cifar-10-batches-py/test_batch,4606,airplane,cat,0.9219405651092529,False,/home/tariq/Desktop/Awais-Tariq/base-KD/reports/cifar10_full_audit/vit_scratch/failure_images/04606_true-airplane_pred-cat.png,horse,0.9476752281188965,False,/home/tariq/Desktop/Awais-Tariq/base-KD/reports/cifar10_full_audit/mamba_scratch/failure_images/04606_true-airplane_pred-horse.png,airplane,0.9999958276748657,True,,airplane,0.7010176777839661,True,,horse,0.9590421319007874,False,/home/tariq/Desktop/Awais-Tariq/base-KD/reports/cifar10_full_audit/mamba_kd_from_pretrained_vit/failure_images/04606_true-airplane_pred-horse.png,3,vit_scratch;mamba_scratch;mamba_kd_from_pretrained_vit,True,False,True,False,False,True
4614,cifar10_test_04614,/home/tariq/Desktop/Awais-Tariq/base-KD/data/cifar-10-batches-py/test_batch,4614,cat,horse,0.5558836460113525,False,/home/tariq/Desktop/Awais-Tariq/base-KD/reports/cifar10_full_audit/vit_scratch/failure_images/04614_true-cat_pred-horse.png,dog,0.45200636982917786,False,/home/tariq/Desktop/Awais-Tariq/base-KD/reports/cifar10_full_audit/mamba_scratch/failure_images/04614_true-cat_pred-dog.png,dog,0.9999051094055176,False,/home/tariq/Desktop/Awais-Tariq/base-KD/reports/cifar10_full_audit/vit_pretrained_finetuned/failure_images/04614_true-cat_pred-dog.png,dog,0.9901942610740662,False,/home/tariq/Desktop/Awais-Tariq/base-KD/reports/cifar10_full_audit/mamba_kd_from_scratch_vit/failure_images/04614_true-cat_pred-dog.png,dog,0.9999926090240479,False,/home/tariq/Desktop/Awais-Tariq/base-KD/reports/cifar10_full_audit/mamba_kd_from_pretrained_vit/failure_images/04614_true-cat_pred-dog.png,5,vit_scratch;mamba_scratch;vit_pretrained_finetuned;mamba_kd_from_scratch_vit;mamba_kd_from_pretrained_vit,True,True,False,False,False,False
4615,cifar10_test_04615,/home/tariq/Desktop/Awais-Tariq/base-KD/data/cifar-10-batches-py/test_batch,4615,dog,deer,0.8975182175636292,False,/home/tariq/Desktop/Awais-Tariq/base-KD/reports/cifar10_full_audit/vit_scratch/failure_images/04615_true-dog_pred-deer.png,bird,0.718723714351654,False,/home/tariq/Desktop/Awais-Tariq/base-KD/reports/cifar10_full_audit/mamba_scratch/failure_images/04615_true-dog_pred-bird.png,dog,0.9999500513076782,True,,dog,0.9333451986312866,True,,bird,0.9998522996902466,False,/home/tariq/Desktop/Awais-Tariq/base-KD/reports/cifar10_full_audit/mamba_kd_from_pretrained_vit/failure_images/04615_true-dog_pred-bird.png,3,vit_scratch;mamba_scratch;mamba_kd_from_pretrained_vit,True,False,True,False,False,True
4630,cifar10_test_04630,/home/tariq/Desktop/Awais-Tariq/base-KD/data/cifar-10-batches-py/test_batch,4630,bird,deer,0.8318732380867004,False,/home/tariq/Desktop/Awais-Tariq/base-KD/reports/cifar10_full_audit/vit_scratch/failure_images/04630_true-bird_pred-deer.png,bird,0.953822135925293,True,,bird,0.9997989535331726,True,,deer,0.6923099756240845,False,/home/tariq/Desktop/Awais-Tariq/base-KD/reports/cifar10_full_audit/mamba_kd_from_scratch_vit/failure_images/04630_true-bird_pred-deer.png,deer,0.921410322189331,False,/home/tariq/Desktop/Awais-Tariq/base-KD/reports/cifar10_full_audit/mamba_kd_from_pretrained_vit/failure_images/04630_true-bird_pred-deer.png,3,vit_scratch;mamba_kd_from_scratch_vit;mamba_kd_from_pretrained_vit,True,False,False,False,False,True
4646,cifar10_test_04646,/home/tariq/Desktop/Awais-Tariq/base-KD/data/cifar-10-batches-py/test_batch,4646,bird,dog,0.9783404469490051,False,/home/tariq/Desktop/Awais-Tariq/base-KD/reports/cifar10_full_audit/vit_scratch/failure_images/04646_true-bird_pred-dog.png,cat,0.8309738636016846,False,/home/tariq/Desktop/Awais-Tariq/base-KD/reports/cifar10_full_audit/mamba_scratch/failure_images/04646_true-bird_pred-cat.png,cat,0.9999969005584717,False,/home/tariq/Desktop/Awais-Tariq/base-KD/reports/cifar10_full_audit/vit_pretrained_finetuned/failure_images/04646_true-bird_pred-cat.png,cat,0.8385735154151917,False,/home/tariq/Desktop/Awais-Tariq/base-KD/reports/cifar10_full_audit/mamba_kd_from_scratch_vit/failure_images/04646_true-bird_pred-cat.png,dog,0.9612483978271484,False,/home/tariq/Desktop/Awais-Tariq/base-KD/reports/cifar10_full_audit/mamba_kd_from_pretrained_vit/failure_images/04646_true-bird_pred-dog.png,5,vit_scratch;mamba_scratch;vit_pretrained_finetuned;mamba_kd_from_scratch_vit;mamba_kd_from_pretrained_vit,True,True,False,False,False,False
4661,cifar10_test_04661,/home/tariq/Desktop/Awais-Tariq/base-KD/data/cifar-10-batches-py/test_batch,4661,deer,cat,0.9493511319160461,False,/home/tariq/Desktop/Awais-Tariq/base-KD/reports/cifar10_full_audit/vit_scratch/failure_images/04661_true-deer_pred-cat.png,cat,0.581250011920929,False,/home/tariq/Desktop/Awais-Tariq/base-KD/reports/cifar10_full_audit/mamba_scratch/failure_images/04661_true-deer_pred-cat.png,deer,0.9999978542327881,True,,cat,0.9665120244026184,False,/home/tariq/Desktop/Awais-Tariq/base-KD/reports/cifar10_full_audit/mamba_kd_from_scratch_vit/failure_images/04661_true-deer_pred-cat.png,cat,0.9999924898147583,False,/home/tariq/Desktop/Awais-Tariq/base-KD/reports/cifar10_full_audit/mamba_kd_from_pretrained_vit/failure_images/04661_true-deer_pred-cat.png,4,vit_scratch;mamba_scratch;mamba_kd_from_scratch_vit;mamba_kd_from_pretrained_vit,True,False,False,False,False,True
4686,cifar10_test_04686,/home/tariq/Desktop/Awais-Tariq/base-KD/data/cifar-10-batches-py/test_batch,4686,airplane,ship,0.9959717392921448,False,/home/tariq/Desktop/Awais-Tariq/base-KD/reports/cifar10_full_audit/vit_scratch/failure_images/04686_true-airplane_pred-ship.png,ship,0.9732228517532349,False,/home/tariq/Desktop/Awais-Tariq/base-KD/reports/cifar10_full_audit/mamba_scratch/failure_images/04686_true-airplane_pred-ship.png,ship,0.9997580647468567,False,/home/tariq/Desktop/Awais-Tariq/base-KD/reports/cifar10_full_audit/vit_pretrained_finetuned/failure_images/04686_true-airplane_pred-ship.png,ship,0.9557663202285767,False,/home/tariq/Desktop/Awais-Tariq/base-KD/reports/cifar10_full_audit/mamba_kd_from_scratch_vit/failure_images/04686_true-airplane_pred-ship.png,ship,0.9999513626098633,False,/home/tariq/Desktop/Awais-Tariq/base-KD/reports/cifar10_full_audit/mamba_kd_from_pretrained_vit/failure_images/04686_true-airplane_pred-ship.png,5,vit_scratch;mamba_scratch;vit_pretrained_finetuned;mamba_kd_from_scratch_vit;mamba_kd_from_pretrained_vit,True,True,False,False,False,False
4705,cifar10_test_04705,/home/tariq/Desktop/Awais-Tariq/base-KD/data/cifar-10-batches-py/test_batch,4705,cat,frog,0.6830803751945496,False,/home/tariq/Desktop/Awais-Tariq/base-KD/reports/cifar10_full_audit/vit_scratch/failure_images/04705_true-cat_pred-frog.png,cat,0.9535018801689148,True,,cat,0.9999812841415405,True,,deer,0.9409567713737488,False,/home/tariq/Desktop/Awais-Tariq/base-KD/reports/cifar10_full_audit/mamba_kd_from_scratch_vit/failure_images/04705_true-cat_pred-deer.png,deer,0.9982819557189941,False,/home/tariq/Desktop/Awais-Tariq/base-KD/reports/cifar10_full_audit/mamba_kd_from_pretrained_vit/failure_images/04705_true-cat_pred-deer.png,3,vit_scratch;mamba_kd_from_scratch_vit;mamba_kd_from_pretrained_vit,True,False,False,False,False,True
4710,cifar10_test_04710,/home/tariq/Desktop/Awais-Tariq/base-KD/data/cifar-10-batches-py/test_batch,4710,cat,horse,0.998273491859436,False,/home/tariq/Desktop/Awais-Tariq/base-KD/reports/cifar10_full_audit/vit_scratch/failure_images/04710_true-cat_pred-horse.png,horse,0.8474401235580444,False,/home/tariq/Desktop/Awais-Tariq/base-KD/reports/cifar10_full_audit/mamba_scratch/failure_images/04710_true-cat_pred-horse.png,cat,0.9997926354408264,True,,horse,0.78277188539505,False,/home/tariq/Desktop/Awais-Tariq/base-KD/reports/cifar10_full_audit/mamba_kd_from_scratch_vit/failure_images/04710_true-cat_pred-horse.png,cat,0.9736027717590332,True,,3,vit_scratch;mamba_scratch;mamba_kd_from_scratch_vit,True,False,False,False,False,False
4732,cifar10_test_04732,/home/tariq/Desktop/Awais-Tariq/base-KD/data/cifar-10-batches-py/test_batch,4732,bird,frog,0.9366939067840576,False,/home/tariq/Desktop/Awais-Tariq/base-KD/reports/cifar10_full_audit/vit_scratch/failure_images/04732_true-bird_pred-frog.png,deer,0.9276338815689087,False,/home/tariq/Desktop/Awais-Tariq/base-KD/reports/cifar10_full_audit/mamba_scratch/failure_images/04732_true-bird_pred-deer.png,bird,0.9537080526351929,True,,deer,0.8389362096786499,False,/home/tariq/Desktop/Awais-Tariq/base-KD/reports/cifar10_full_audit/mamba_kd_from_scratch_vit/failure_images/04732_true-bird_pred-deer.png,deer,0.9886052012443542,False,/home/tariq/Desktop/Awais-Tariq/base-KD/reports/cifar10_full_audit/mamba_kd_from_pretrained_vit/failure_images/04732_true-bird_pred-deer.png,4,vit_scratch;mamba_scratch;mamba_kd_from_scratch_vit;mamba_kd_from_pretrained_vit,True,False,False,False,False,True
4740,cifar10_test_04740,/home/tariq/Desktop/Awais-Tariq/base-KD/data/cifar-10-batches-py/test_batch,4740,dog,frog,0.6395324468612671,False,/home/tariq/Desktop/Awais-Tariq/base-KD/reports/cifar10_full_audit/vit_scratch/failure_images/04740_true-dog_pred-frog.png,cat,0.9954984188079834,False,/home/tariq/Desktop/Awais-Tariq/base-KD/reports/cifar10_full_audit/mamba_scratch/failure_images/04740_true-dog_pred-cat.png,cat,0.9999784231185913,False,/home/tariq/Desktop/Awais-Tariq/base-KD/reports/cifar10_full_audit/vit_pretrained_finetuned/failure_images/04740_true-dog_pred-cat.png,cat,0.6576749086380005,False,/home/tariq/Desktop/Awais-Tariq/base-KD/reports/cifar10_full_audit/mamba_kd_from_scratch_vit/failure_images/04740_true-dog_pred-cat.png,cat,0.9996016621589661,False,/home/tariq/Desktop/Awais-Tariq/base-KD/reports/cifar10_full_audit/mamba_kd_from_pretrained_vit/failure_images/04740_true-dog_pred-cat.png,5,vit_scratch;mamba_scratch;vit_pretrained_finetuned;mamba_kd_from_scratch_vit;mamba_kd_from_pretrained_vit,True,True,False,False,False,False
4744,cifar10_test_04744,/home/tariq/Desktop/Awais-Tariq/base-KD/data/cifar-10-batches-py/test_batch,4744,frog,airplane,0.9976034760475159,False,/home/tariq/Desktop/Awais-Tariq/base-KD/reports/cifar10_full_audit/vit_scratch/failure_images/04744_true-frog_pred-airplane.png,airplane,0.8292504549026489,False,/home/tariq/Desktop/Awais-Tariq/base-KD/reports/cifar10_full_audit/mamba_scratch/failure_images/04744_true-frog_pred-airplane.png,frog,0.9999206066131592,True,,airplane,0.9979891777038574,False,/home/tariq/Desktop/Awais-Tariq/base-KD/reports/cifar10_full_audit/mamba_kd_from_scratch_vit/failure_images/04744_true-frog_pred-airplane.png,airplane,0.9997542500495911,False,/home/tariq/Desktop/Awais-Tariq/base-KD/reports/cifar10_full_audit/mamba_kd_from_pretrained_vit/failure_images/04744_true-frog_pred-airplane.png,4,vit_scratch;mamba_scratch;mamba_kd_from_scratch_vit;mamba_kd_from_pretrained_vit,True,False,False,False,False,True
4749,cifar10_test_04749,/home/tariq/Desktop/Awais-Tariq/base-KD/data/cifar-10-batches-py/test_batch,4749,bird,cat,0.9985920786857605,False,/home/tariq/Desktop/Awais-Tariq/base-KD/reports/cifar10_full_audit/vit_scratch/failure_images/04749_true-bird_pred-cat.png,cat,0.4477672278881073,False,/home/tariq/Desktop/Awais-Tariq/base-KD/reports/cifar10_full_audit/mamba_scratch/failure_images/04749_true-bird_pred-cat.png,bird,0.9999994039535522,True,,dog,0.8778038024902344,False,/home/tariq/Desktop/Awais-Tariq/base-KD/reports/cifar10_full_audit/mamba_kd_from_scratch_vit/failure_images/04749_true-bird_pred-dog.png,cat,0.7167338132858276,False,/home/tariq/Desktop/Awais-Tariq/base-KD/reports/cifar10_full_audit/mamba_kd_from_pretrained_vit/failure_images/04749_true-bird_pred-cat.png,4,vit_scratch;mamba_scratch;mamba_kd_from_scratch_vit;mamba_kd_from_pretrained_vit,True,False,False,False,False,True
4750,cifar10_test_04750,/home/tariq/Desktop/Awais-Tariq/base-KD/data/cifar-10-batches-py/test_batch,4750,horse,truck,0.8199251294136047,False,/home/tariq/Desktop/Awais-Tariq/base-KD/reports/cifar10_full_audit/vit_scratch/failure_images/04750_true-horse_pred-truck.png,truck,0.9747129678726196,False,/home/tariq/Desktop/Awais-Tariq/base-KD/reports/cifar10_full_audit/mamba_scratch/failure_images/04750_true-horse_pred-truck.png,horse,0.9999978542327881,True,,truck,0.8011373281478882,False,/home/tariq/Desktop/Awais-Tariq/base-KD/reports/cifar10_full_audit/mamba_kd_from_scratch_vit/failure_images/04750_true-horse_pred-truck.png,truck,0.9972105622291565,False,/home/tariq/Desktop/Awais-Tariq/base-KD/reports/cifar10_full_audit/mamba_kd_from_pretrained_vit/failure_images/04750_true-horse_pred-truck.png,4,vit_scratch;mamba_scratch;mamba_kd_from_scratch_vit;mamba_kd_from_pretrained_vit,True,False,False,False,False,True
4754,cifar10_test_04754,/home/tariq/Desktop/Awais-Tariq/base-KD/data/cifar-10-batches-py/test_batch,4754,cat,ship,0.9984105825424194,False,/home/tariq/Desktop/Awais-Tariq/base-KD/reports/cifar10_full_audit/vit_scratch/failure_images/04754_true-cat_pred-ship.png,horse,0.6374030113220215,False,/home/tariq/Desktop/Awais-Tariq/base-KD/reports/cifar10_full_audit/mamba_scratch/failure_images/04754_true-cat_pred-horse.png,cat,0.9999915361404419,True,,airplane,0.5260967016220093,False,/home/tariq/Desktop/Awais-Tariq/base-KD/reports/cifar10_full_audit/mamba_kd_from_scratch_vit/failure_images/04754_true-cat_pred-airplane.png,airplane,0.9773534536361694,False,/home/tariq/Desktop/Awais-Tariq/base-KD/reports/cifar10_full_audit/mamba_kd_from_pretrained_vit/failure_images/04754_true-cat_pred-airplane.png,4,vit_scratch;mamba_scratch;mamba_kd_from_scratch_vit;mamba_kd_from_pretrained_vit,True,False,False,False,False,True
4786,cifar10_test_04786,/home/tariq/Desktop/Awais-Tariq/base-KD/data/cifar-10-batches-py/test_batch,4786,frog,frog,0.9991037249565125,True,,dog,0.9639490842819214,False,/home/tariq/Desktop/Awais-Tariq/base-KD/reports/cifar10_full_audit/mamba_scratch/failure_images/04786_true-frog_pred-dog.png,frog,0.9999998807907104,True,,dog,0.3782230019569397,False,/home/tariq/Desktop/Awais-Tariq/base-KD/reports/cifar10_full_audit/mamba_kd_from_scratch_vit/failure_images/04786_true-frog_pred-dog.png,dog,0.8536127805709839,False,/home/tariq/Desktop/Awais-Tariq/base-KD/reports/cifar10_full_audit/mamba_kd_from_pretrained_vit/failure_images/04786_true-frog_pred-dog.png,3,mamba_scratch;mamba_kd_from_scratch_vit;mamba_kd_from_pretrained_vit,True,False,False,True,False,True
4794,cifar10_test_04794,/home/tariq/Desktop/Awais-Tariq/base-KD/data/cifar-10-batches-py/test_batch,4794,deer,bird,0.9979740977287292,False,/home/tariq/Desktop/Awais-Tariq/base-KD/reports/cifar10_full_audit/vit_scratch/failure_images/04794_true-deer_pred-bird.png,bird,0.9999891519546509,False,/home/tariq/Desktop/Awais-Tariq/base-KD/reports/cifar10_full_audit/mamba_scratch/failure_images/04794_true-deer_pred-bird.png,deer,0.9999744892120361,True,,bird,0.9984211921691895,False,/home/tariq/Desktop/Awais-Tariq/base-KD/reports/cifar10_full_audit/mamba_kd_from_scratch_vit/failure_images/04794_true-deer_pred-bird.png,bird,0.9999997615814209,False,/home/tariq/Desktop/Awais-Tariq/base-KD/reports/cifar10_full_audit/mamba_kd_from_pretrained_vit/failure_images/04794_true-deer_pred-bird.png,4,vit_scratch;mamba_scratch;mamba_kd_from_scratch_vit;mamba_kd_from_pretrained_vit,True,False,False,False,False,True
4795,cifar10_test_04795,/home/tariq/Desktop/Awais-Tariq/base-KD/data/cifar-10-batches-py/test_batch,4795,dog,cat,0.9998748302459717,False,/home/tariq/Desktop/Awais-Tariq/base-KD/reports/cifar10_full_audit/vit_scratch/failure_images/04795_true-dog_pred-cat.png,dog,0.7675175666809082,True,,dog,0.7562623023986816,True,,cat,0.9917522072792053,False,/home/tariq/Desktop/Awais-Tariq/base-KD/reports/cifar10_full_audit/mamba_kd_from_scratch_vit/failure_images/04795_true-dog_pred-cat.png,cat,0.6713459491729736,False,/home/tariq/Desktop/Awais-Tariq/base-KD/reports/cifar10_full_audit/mamba_kd_from_pretrained_vit/failure_images/04795_true-dog_pred-cat.png,3,vit_scratch;mamba_kd_from_scratch_vit;mamba_kd_from_pretrained_vit,True,False,False,False,False,True
4815,cifar10_test_04815,/home/tariq/Desktop/Awais-Tariq/base-KD/data/cifar-10-batches-py/test_batch,4815,truck,ship,0.6534743905067444,False,/home/tariq/Desktop/Awais-Tariq/base-KD/reports/cifar10_full_audit/vit_scratch/failure_images/04815_true-truck_pred-ship.png,truck,0.9997658133506775,True,,truck,0.9999997615814209,True,,ship,0.8007381558418274,False,/home/tariq/Desktop/Awais-Tariq/base-KD/reports/cifar10_full_audit/mamba_kd_from_scratch_vit/failure_images/04815_true-truck_pred-ship.png,ship,0.6496697068214417,False,/home/tariq/Desktop/Awais-Tariq/base-KD/reports/cifar10_full_audit/mamba_kd_from_pretrained_vit/failure_images/04815_true-truck_pred-ship.png,3,vit_scratch;mamba_kd_from_scratch_vit;mamba_kd_from_pretrained_vit,True,False,False,False,False,True
4832,cifar10_test_04832,/home/tariq/Desktop/Awais-Tariq/base-KD/data/cifar-10-batches-py/test_batch,4832,deer,frog,0.5477139949798584,False,/home/tariq/Desktop/Awais-Tariq/base-KD/reports/cifar10_full_audit/vit_scratch/failure_images/04832_true-deer_pred-frog.png,bird,0.4656677544116974,False,/home/tariq/Desktop/Awais-Tariq/base-KD/reports/cifar10_full_audit/mamba_scratch/failure_images/04832_true-deer_pred-bird.png,deer,0.9999963045120239,True,,frog,0.8058382868766785,False,/home/tariq/Desktop/Awais-Tariq/base-KD/reports/cifar10_full_audit/mamba_kd_from_scratch_vit/failure_images/04832_true-deer_pred-frog.png,deer,0.38848501443862915,True,,3,vit_scratch;mamba_scratch;mamba_kd_from_scratch_vit,True,False,False,False,False,False
4849,cifar10_test_04849,/home/tariq/Desktop/Awais-Tariq/base-KD/data/cifar-10-batches-py/test_batch,4849,dog,cat,0.6286065578460693,False,/home/tariq/Desktop/Awais-Tariq/base-KD/reports/cifar10_full_audit/vit_scratch/failure_images/04849_true-dog_pred-cat.png,cat,0.9150606393814087,False,/home/tariq/Desktop/Awais-Tariq/base-KD/reports/cifar10_full_audit/mamba_scratch/failure_images/04849_true-dog_pred-cat.png,dog,0.9707748293876648,True,,cat,0.9218809008598328,False,/home/tariq/Desktop/Awais-Tariq/base-KD/reports/cifar10_full_audit/mamba_kd_from_scratch_vit/failure_images/04849_true-dog_pred-cat.png,frog,0.9429751634597778,False,/home/tariq/Desktop/Awais-Tariq/base-KD/reports/cifar10_full_audit/mamba_kd_from_pretrained_vit/failure_images/04849_true-dog_pred-frog.png,4,vit_scratch;mamba_scratch;mamba_kd_from_scratch_vit;mamba_kd_from_pretrained_vit,True,False,False,False,False,True
4871,cifar10_test_04871,/home/tariq/Desktop/Awais-Tariq/base-KD/data/cifar-10-batches-py/test_batch,4871,horse,dog,0.9927998781204224,False,/home/tariq/Desktop/Awais-Tariq/base-KD/reports/cifar10_full_audit/vit_scratch/failure_images/04871_true-horse_pred-dog.png,dog,0.9655062556266785,False,/home/tariq/Desktop/Awais-Tariq/base-KD/reports/cifar10_full_audit/mamba_scratch/failure_images/04871_true-horse_pred-dog.png,horse,0.9994742274284363,True,,dog,0.8979936838150024,False,/home/tariq/Desktop/Awais-Tariq/base-KD/reports/cifar10_full_audit/mamba_kd_from_scratch_vit/failure_images/04871_true-horse_pred-dog.png,horse,0.6491750478744507,True,,3,vit_scratch;mamba_scratch;mamba_kd_from_scratch_vit,True,False,False,False,False,False
4892,cifar10_test_04892,/home/tariq/Desktop/Awais-Tariq/base-KD/data/cifar-10-batches-py/test_batch,4892,horse,deer,0.9871568083763123,False,/home/tariq/Desktop/Awais-Tariq/base-KD/reports/cifar10_full_audit/vit_scratch/failure_images/04892_true-horse_pred-deer.png,deer,0.9982682466506958,False,/home/tariq/Desktop/Awais-Tariq/base-KD/reports/cifar10_full_audit/mamba_scratch/failure_images/04892_true-horse_pred-deer.png,horse,0.9999982118606567,True,,deer,0.9995478987693787,False,/home/tariq/Desktop/Awais-Tariq/base-KD/reports/cifar10_full_audit/mamba_kd_from_scratch_vit/failure_images/04892_true-horse_pred-deer.png,deer,0.68584144115448,False,/home/tariq/Desktop/Awais-Tariq/base-KD/reports/cifar10_full_audit/mamba_kd_from_pretrained_vit/failure_images/04892_true-horse_pred-deer.png,4,vit_scratch;mamba_scratch;mamba_kd_from_scratch_vit;mamba_kd_from_pretrained_vit,True,False,False,False,False,True
4906,cifar10_test_04906,/home/tariq/Desktop/Awais-Tariq/base-KD/data/cifar-10-batches-py/test_batch,4906,dog,horse,0.5967375636100769,False,/home/tariq/Desktop/Awais-Tariq/base-KD/reports/cifar10_full_audit/vit_scratch/failure_images/04906_true-dog_pred-horse.png,cat,0.8463840484619141,False,/home/tariq/Desktop/Awais-Tariq/base-KD/reports/cifar10_full_audit/mamba_scratch/failure_images/04906_true-dog_pred-cat.png,cat,0.9998878240585327,False,/home/tariq/Desktop/Awais-Tariq/base-KD/reports/cifar10_full_audit/vit_pretrained_finetuned/failure_images/04906_true-dog_pred-cat.png,cat,0.5414506196975708,False,/home/tariq/Desktop/Awais-Tariq/base-KD/reports/cifar10_full_audit/mamba_kd_from_scratch_vit/failure_images/04906_true-dog_pred-cat.png,cat,0.9977715015411377,False,/home/tariq/Desktop/Awais-Tariq/base-KD/reports/cifar10_full_audit/mamba_kd_from_pretrained_vit/failure_images/04906_true-dog_pred-cat.png,5,vit_scratch;mamba_scratch;vit_pretrained_finetuned;mamba_kd_from_scratch_vit;mamba_kd_from_pretrained_vit,True,True,False,False,False,False
4910,cifar10_test_04910,/home/tariq/Desktop/Awais-Tariq/base-KD/data/cifar-10-batches-py/test_batch,4910,ship,truck,0.9999452829360962,False,/home/tariq/Desktop/Awais-Tariq/base-KD/reports/cifar10_full_audit/vit_scratch/failure_images/04910_true-ship_pred-truck.png,truck,0.9999949932098389,False,/home/tariq/Desktop/Awais-Tariq/base-KD/reports/cifar10_full_audit/mamba_scratch/failure_images/04910_true-ship_pred-truck.png,truck,0.9999651908874512,False,/home/tariq/Desktop/Awais-Tariq/base-KD/reports/cifar10_full_audit/vit_pretrained_finetuned/failure_images/04910_true-ship_pred-truck.png,truck,0.9999004602432251,False,/home/tariq/Desktop/Awais-Tariq/base-KD/reports/cifar10_full_audit/mamba_kd_from_scratch_vit/failure_images/04910_true-ship_pred-truck.png,truck,0.9999885559082031,False,/home/tariq/Desktop/Awais-Tariq/base-KD/reports/cifar10_full_audit/mamba_kd_from_pretrained_vit/failure_images/04910_true-ship_pred-truck.png,5,vit_scratch;mamba_scratch;vit_pretrained_finetuned;mamba_kd_from_scratch_vit;mamba_kd_from_pretrained_vit,True,True,False,False,False,False
4917,cifar10_test_04917,/home/tariq/Desktop/Awais-Tariq/base-KD/data/cifar-10-batches-py/test_batch,4917,dog,frog,0.7209130525588989,False,/home/tariq/Desktop/Awais-Tariq/base-KD/reports/cifar10_full_audit/vit_scratch/failure_images/04917_true-dog_pred-frog.png,cat,0.3874415457248688,False,/home/tariq/Desktop/Awais-Tariq/base-KD/reports/cifar10_full_audit/mamba_scratch/failure_images/04917_true-dog_pred-cat.png,dog,0.999996542930603,True,,cat,0.3410526514053345,False,/home/tariq/Desktop/Awais-Tariq/base-KD/reports/cifar10_full_audit/mamba_kd_from_scratch_vit/failure_images/04917_true-dog_pred-cat.png,horse,0.7096841335296631,False,/home/tariq/Desktop/Awais-Tariq/base-KD/reports/cifar10_full_audit/mamba_kd_from_pretrained_vit/failure_images/04917_true-dog_pred-horse.png,4,vit_scratch;mamba_scratch;mamba_kd_from_scratch_vit;mamba_kd_from_pretrained_vit,True,False,False,False,False,True
4921,cifar10_test_04921,/home/tariq/Desktop/Awais-Tariq/base-KD/data/cifar-10-batches-py/test_batch,4921,dog,airplane,0.9336807727813721,False,/home/tariq/Desktop/Awais-Tariq/base-KD/reports/cifar10_full_audit/vit_scratch/failure_images/04921_true-dog_pred-airplane.png,truck,0.5459887385368347,False,/home/tariq/Desktop/Awais-Tariq/base-KD/reports/cifar10_full_audit/mamba_scratch/failure_images/04921_true-dog_pred-truck.png,dog,0.9999722242355347,True,,frog,0.977493166923523,False,/home/tariq/Desktop/Awais-Tariq/base-KD/reports/cifar10_full_audit/mamba_kd_from_scratch_vit/failure_images/04921_true-dog_pred-frog.png,truck,0.9976964592933655,False,/home/tariq/Desktop/Awais-Tariq/base-KD/reports/cifar10_full_audit/mamba_kd_from_pretrained_vit/failure_images/04921_true-dog_pred-truck.png,4,vit_scratch;mamba_scratch;mamba_kd_from_scratch_vit;mamba_kd_from_pretrained_vit,True,False,False,False,False,True
4931,cifar10_test_04931,/home/tariq/Desktop/Awais-Tariq/base-KD/data/cifar-10-batches-py/test_batch,4931,truck,automobile,0.6638485193252563,False,/home/tariq/Desktop/Awais-Tariq/base-KD/reports/cifar10_full_audit/vit_scratch/failure_images/04931_true-truck_pred-automobile.png,automobile,0.9213523268699646,False,/home/tariq/Desktop/Awais-Tariq/base-KD/reports/cifar10_full_audit/mamba_scratch/failure_images/04931_true-truck_pred-automobile.png,automobile,0.9999936819076538,False,/home/tariq/Desktop/Awais-Tariq/base-KD/reports/cifar10_full_audit/vit_pretrained_finetuned/failure_images/04931_true-truck_pred-automobile.png,automobile,0.772090494632721,False,/home/tariq/Desktop/Awais-Tariq/base-KD/reports/cifar10_full_audit/mamba_kd_from_scratch_vit/failure_images/04931_true-truck_pred-automobile.png,automobile,0.9998034834861755,False,/home/tariq/Desktop/Awais-Tariq/base-KD/reports/cifar10_full_audit/mamba_kd_from_pretrained_vit/failure_images/04931_true-truck_pred-automobile.png,5,vit_scratch;mamba_scratch;vit_pretrained_finetuned;mamba_kd_from_scratch_vit;mamba_kd_from_pretrained_vit,True,True,False,False,False,False
4942,cifar10_test_04942,/home/tariq/Desktop/Awais-Tariq/base-KD/data/cifar-10-batches-py/test_batch,4942,dog,bird,0.7594974040985107,False,/home/tariq/Desktop/Awais-Tariq/base-KD/reports/cifar10_full_audit/vit_scratch/failure_images/04942_true-dog_pred-bird.png,airplane,0.9991614818572998,False,/home/tariq/Desktop/Awais-Tariq/base-KD/reports/cifar10_full_audit/mamba_scratch/failure_images/04942_true-dog_pred-airplane.png,dog,0.9992395639419556,True,,airplane,0.8918145298957825,False,/home/tariq/Desktop/Awais-Tariq/base-KD/reports/cifar10_full_audit/mamba_kd_from_scratch_vit/failure_images/04942_true-dog_pred-airplane.png,airplane,0.9999957084655762,False,/home/tariq/Desktop/Awais-Tariq/base-KD/reports/cifar10_full_audit/mamba_kd_from_pretrained_vit/failure_images/04942_true-dog_pred-airplane.png,4,vit_scratch;mamba_scratch;mamba_kd_from_scratch_vit;mamba_kd_from_pretrained_vit,True,False,False,False,False,True
4947,cifar10_test_04947,/home/tariq/Desktop/Awais-Tariq/base-KD/data/cifar-10-batches-py/test_batch,4947,dog,cat,0.9959335923194885,False,/home/tariq/Desktop/Awais-Tariq/base-KD/reports/cifar10_full_audit/vit_scratch/failure_images/04947_true-dog_pred-cat.png,frog,0.9503215551376343,False,/home/tariq/Desktop/Awais-Tariq/base-KD/reports/cifar10_full_audit/mamba_scratch/failure_images/04947_true-dog_pred-frog.png,dog,0.9999998807907104,True,,cat,0.8061497211456299,False,/home/tariq/Desktop/Awais-Tariq/base-KD/reports/cifar10_full_audit/mamba_kd_from_scratch_vit/failure_images/04947_true-dog_pred-cat.png,dog,0.5778375267982483,True,,3,vit_scratch;mamba_scratch;mamba_kd_from_scratch_vit,True,False,False,False,False,False
4955,cifar10_test_04955,/home/tariq/Desktop/Awais-Tariq/base-KD/data/cifar-10-batches-py/test_batch,4955,bird,ship,0.8273563385009766,False,/home/tariq/Desktop/Awais-Tariq/base-KD/reports/cifar10_full_audit/vit_scratch/failure_images/04955_true-bird_pred-ship.png,bird,0.7723643779754639,True,,bird,0.9999998807907104,True,,airplane,0.4302312135696411,False,/home/tariq/Desktop/Awais-Tariq/base-KD/reports/cifar10_full_audit/mamba_kd_from_scratch_vit/failure_images/04955_true-bird_pred-airplane.png,airplane,0.9967772364616394,False,/home/tariq/Desktop/Awais-Tariq/base-KD/reports/cifar10_full_audit/mamba_kd_from_pretrained_vit/failure_images/04955_true-bird_pred-airplane.png,3,vit_scratch;mamba_kd_from_scratch_vit;mamba_kd_from_pretrained_vit,True,False,False,False,False,True
4964,cifar10_test_04964,/home/tariq/Desktop/Awais-Tariq/base-KD/data/cifar-10-batches-py/test_batch,4964,dog,deer,0.8787739872932434,False,/home/tariq/Desktop/Awais-Tariq/base-KD/reports/cifar10_full_audit/vit_scratch/failure_images/04964_true-dog_pred-deer.png,deer,0.9697892069816589,False,/home/tariq/Desktop/Awais-Tariq/base-KD/reports/cifar10_full_audit/mamba_scratch/failure_images/04964_true-dog_pred-deer.png,horse,0.9999661445617676,False,/home/tariq/Desktop/Awais-Tariq/base-KD/reports/cifar10_full_audit/vit_pretrained_finetuned/failure_images/04964_true-dog_pred-horse.png,deer,0.838948667049408,False,/home/tariq/Desktop/Awais-Tariq/base-KD/reports/cifar10_full_audit/mamba_kd_from_scratch_vit/failure_images/04964_true-dog_pred-deer.png,bird,0.6210060119628906,False,/home/tariq/Desktop/Awais-Tariq/base-KD/reports/cifar10_full_audit/mamba_kd_from_pretrained_vit/failure_images/04964_true-dog_pred-bird.png,5,vit_scratch;mamba_scratch;vit_pretrained_finetuned;mamba_kd_from_scratch_vit;mamba_kd_from_pretrained_vit,True,True,False,False,False,False
4965,cifar10_test_04965,/home/tariq/Desktop/Awais-Tariq/base-KD/data/cifar-10-batches-py/test_batch,4965,cat,deer,0.9965692758560181,False,/home/tariq/Desktop/Awais-Tariq/base-KD/reports/cifar10_full_audit/vit_scratch/failure_images/04965_true-cat_pred-deer.png,deer,0.9999964237213135,False,/home/tariq/Desktop/Awais-Tariq/base-KD/reports/cifar10_full_audit/mamba_scratch/failure_images/04965_true-cat_pred-deer.png,deer,0.999969482421875,False,/home/tariq/Desktop/Awais-Tariq/base-KD/reports/cifar10_full_audit/vit_pretrained_finetuned/failure_images/04965_true-cat_pred-deer.png,deer,0.9974454641342163,False,/home/tariq/Desktop/Awais-Tariq/base-KD/reports/cifar10_full_audit/mamba_kd_from_scratch_vit/failure_images/04965_true-cat_pred-deer.png,deer,0.9999936819076538,False,/home/tariq/Desktop/Awais-Tariq/base-KD/reports/cifar10_full_audit/mamba_kd_from_pretrained_vit/failure_images/04965_true-cat_pred-deer.png,5,vit_scratch;mamba_scratch;vit_pretrained_finetuned;mamba_kd_from_scratch_vit;mamba_kd_from_pretrained_vit,True,True,False,False,False,False
4970,cifar10_test_04970,/home/tariq/Desktop/Awais-Tariq/base-KD/data/cifar-10-batches-py/test_batch,4970,bird,cat,0.6398423314094543,False,/home/tariq/Desktop/Awais-Tariq/base-KD/reports/cifar10_full_audit/vit_scratch/failure_images/04970_true-bird_pred-cat.png,cat,0.9951115250587463,False,/home/tariq/Desktop/Awais-Tariq/base-KD/reports/cifar10_full_audit/mamba_scratch/failure_images/04970_true-bird_pred-cat.png,cat,0.9996899366378784,False,/home/tariq/Desktop/Awais-Tariq/base-KD/reports/cifar10_full_audit/vit_pretrained_finetuned/failure_images/04970_true-bird_pred-cat.png,bird,0.7027474045753479,True,,bird,0.9999229907989502,True,,3,vit_scratch;mamba_scratch;vit_pretrained_finetuned,True,False,True,False,True,False
4985,cifar10_test_04985,/home/tariq/Desktop/Awais-Tariq/base-KD/data/cifar-10-batches-py/test_batch,4985,deer,deer,0.9912432432174683,True,,horse,0.9997285008430481,False,/home/tariq/Desktop/Awais-Tariq/base-KD/reports/cifar10_full_audit/mamba_scratch/failure_images/04985_true-deer_pred-horse.png,horse,0.7841150760650635,False,/home/tariq/Desktop/Awais-Tariq/base-KD/reports/cifar10_full_audit/vit_pretrained_finetuned/failure_images/04985_true-deer_pred-horse.png,deer,0.9083579182624817,True,,horse,0.6254485249519348,False,/home/tariq/Desktop/Awais-Tariq/base-KD/reports/cifar10_full_audit/mamba_kd_from_pretrained_vit/failure_images/04985_true-deer_pred-horse.png,3,mamba_scratch;vit_pretrained_finetuned;mamba_kd_from_pretrained_vit,True,False,False,False,False,False
4995,cifar10_test_04995,/home/tariq/Desktop/Awais-Tariq/base-KD/data/cifar-10-batches-py/test_batch,4995,bird,dog,0.893528938293457,False,/home/tariq/Desktop/Awais-Tariq/base-KD/reports/cifar10_full_audit/vit_scratch/failure_images/04995_true-bird_pred-dog.png,dog,0.576627254486084,False,/home/tariq/Desktop/Awais-Tariq/base-KD/reports/cifar10_full_audit/mamba_scratch/failure_images/04995_true-bird_pred-dog.png,bird,1.0,True,,cat,0.5572108626365662,False,/home/tariq/Desktop/Awais-Tariq/base-KD/reports/cifar10_full_audit/mamba_kd_from_scratch_vit/failure_images/04995_true-bird_pred-cat.png,cat,0.7850529551506042,False,/home/tariq/Desktop/Awais-Tariq/base-KD/reports/cifar10_full_audit/mamba_kd_from_pretrained_vit/failure_images/04995_true-bird_pred-cat.png,4,vit_scratch;mamba_scratch;mamba_kd_from_scratch_vit;mamba_kd_from_pretrained_vit,True,False,False,False,False,True
5006,cifar10_test_05006,/home/tariq/Desktop/Awais-Tariq/base-KD/data/cifar-10-batches-py/test_batch,5006,horse,deer,0.9987291693687439,False,/home/tariq/Desktop/Awais-Tariq/base-KD/reports/cifar10_full_audit/vit_scratch/failure_images/05006_true-horse_pred-deer.png,bird,0.9999953508377075,False,/home/tariq/Desktop/Awais-Tariq/base-KD/reports/cifar10_full_audit/mamba_scratch/failure_images/05006_true-horse_pred-bird.png,horse,0.9999998807907104,True,,deer,0.8610280752182007,False,/home/tariq/Desktop/Awais-Tariq/base-KD/reports/cifar10_full_audit/mamba_kd_from_scratch_vit/failure_images/05006_true-horse_pred-deer.png,bird,0.9999995231628418,False,/home/tariq/Desktop/Awais-Tariq/base-KD/reports/cifar10_full_audit/mamba_kd_from_pretrained_vit/failure_images/05006_true-horse_pred-bird.png,4,vit_scratch;mamba_scratch;mamba_kd_from_scratch_vit;mamba_kd_from_pretrained_vit,True,False,False,False,False,True
5011,cifar10_test_05011,/home/tariq/Desktop/Awais-Tariq/base-KD/data/cifar-10-batches-py/test_batch,5011,cat,dog,0.9894040822982788,False,/home/tariq/Desktop/Awais-Tariq/base-KD/reports/cifar10_full_audit/vit_scratch/failure_images/05011_true-cat_pred-dog.png,cat,0.9364686608314514,True,,cat,0.9999970197677612,True,,deer,0.9095265865325928,False,/home/tariq/Desktop/Awais-Tariq/base-KD/reports/cifar10_full_audit/mamba_kd_from_scratch_vit/failure_images/05011_true-cat_pred-deer.png,deer,0.5520210862159729,False,/home/tariq/Desktop/Awais-Tariq/base-KD/reports/cifar10_full_audit/mamba_kd_from_pretrained_vit/failure_images/05011_true-cat_pred-deer.png,3,vit_scratch;mamba_kd_from_scratch_vit;mamba_kd_from_pretrained_vit,True,False,False,False,False,True
5068,cifar10_test_05068,/home/tariq/Desktop/Awais-Tariq/base-KD/data/cifar-10-batches-py/test_batch,5068,deer,dog,0.7922326922416687,False,/home/tariq/Desktop/Awais-Tariq/base-KD/reports/cifar10_full_audit/vit_scratch/failure_images/05068_true-deer_pred-dog.png,dog,0.9914674758911133,False,/home/tariq/Desktop/Awais-Tariq/base-KD/reports/cifar10_full_audit/mamba_scratch/failure_images/05068_true-deer_pred-dog.png,deer,0.9999970197677612,True,,dog,0.6441583633422852,False,/home/tariq/Desktop/Awais-Tariq/base-KD/reports/cifar10_full_audit/mamba_kd_from_scratch_vit/failure_images/05068_true-deer_pred-dog.png,deer,0.9983510971069336,True,,3,vit_scratch;mamba_scratch;mamba_kd_from_scratch_vit,True,False,False,False,False,False
5074,cifar10_test_05074,/home/tariq/Desktop/Awais-Tariq/base-KD/data/cifar-10-batches-py/test_batch,5074,airplane,truck,0.6465869545936584,False,/home/tariq/Desktop/Awais-Tariq/base-KD/reports/cifar10_full_audit/vit_scratch/failure_images/05074_true-airplane_pred-truck.png,bird,0.3545196056365967,False,/home/tariq/Desktop/Awais-Tariq/base-KD/reports/cifar10_full_audit/mamba_scratch/failure_images/05074_true-airplane_pred-bird.png,airplane,0.9999988079071045,True,,ship,0.9625235199928284,False,/home/tariq/Desktop/Awais-Tariq/base-KD/reports/cifar10_full_audit/mamba_kd_from_scratch_vit/failure_images/05074_true-airplane_pred-ship.png,airplane,0.9622287154197693,True,,3,vit_scratch;mamba_scratch;mamba_kd_from_scratch_vit,True,False,False,False,False,False
5102,cifar10_test_05102,/home/tariq/Desktop/Awais-Tariq/base-KD/data/cifar-10-batches-py/test_batch,5102,dog,frog,0.5264471173286438,False,/home/tariq/Desktop/Awais-Tariq/base-KD/reports/cifar10_full_audit/vit_scratch/failure_images/05102_true-dog_pred-frog.png,dog,0.9993840456008911,True,,dog,0.9999285936355591,True,,cat,0.5351817011833191,False,/home/tariq/Desktop/Awais-Tariq/base-KD/reports/cifar10_full_audit/mamba_kd_from_scratch_vit/failure_images/05102_true-dog_pred-cat.png,cat,0.9042961001396179,False,/home/tariq/Desktop/Awais-Tariq/base-KD/reports/cifar10_full_audit/mamba_kd_from_pretrained_vit/failure_images/05102_true-dog_pred-cat.png,3,vit_scratch;mamba_kd_from_scratch_vit;mamba_kd_from_pretrained_vit,True,False,False,False,False,True
5134,cifar10_test_05134,/home/tariq/Desktop/Awais-Tariq/base-KD/data/cifar-10-batches-py/test_batch,5134,dog,frog,0.9345524311065674,False,/home/tariq/Desktop/Awais-Tariq/base-KD/reports/cifar10_full_audit/vit_scratch/failure_images/05134_true-dog_pred-frog.png,frog,0.990861177444458,False,/home/tariq/Desktop/Awais-Tariq/base-KD/reports/cifar10_full_audit/mamba_scratch/failure_images/05134_true-dog_pred-frog.png,dog,0.9999988079071045,True,,frog,0.8393835425376892,False,/home/tariq/Desktop/Awais-Tariq/base-KD/reports/cifar10_full_audit/mamba_kd_from_scratch_vit/failure_images/05134_true-dog_pred-frog.png,dog,0.9993019104003906,True,,3,vit_scratch;mamba_scratch;mamba_kd_from_scratch_vit,True,False,False,False,False,False
5141,cifar10_test_05141,/home/tariq/Desktop/Awais-Tariq/base-KD/data/cifar-10-batches-py/test_batch,5141,frog,frog,0.542069673538208,True,,cat,0.9999878406524658,False,/home/tariq/Desktop/Awais-Tariq/base-KD/reports/cifar10_full_audit/mamba_scratch/failure_images/05141_true-frog_pred-cat.png,cat,0.9999481439590454,False,/home/tariq/Desktop/Awais-Tariq/base-KD/reports/cifar10_full_audit/vit_pretrained_finetuned/failure_images/05141_true-frog_pred-cat.png,cat,0.9829967021942139,False,/home/tariq/Desktop/Awais-Tariq/base-KD/reports/cifar10_full_audit/mamba_kd_from_scratch_vit/failure_images/05141_true-frog_pred-cat.png,cat,0.996738612651825,False,/home/tariq/Desktop/Awais-Tariq/base-KD/reports/cifar10_full_audit/mamba_kd_from_pretrained_vit/failure_images/05141_true-frog_pred-cat.png,4,mamba_scratch;vit_pretrained_finetuned;mamba_kd_from_scratch_vit;mamba_kd_from_pretrained_vit,True,False,False,True,False,False
5151,cifar10_test_05151,/home/tariq/Desktop/Awais-Tariq/base-KD/data/cifar-10-batches-py/test_batch,5151,truck,cat,0.999371349811554,False,/home/tariq/Desktop/Awais-Tariq/base-KD/reports/cifar10_full_audit/vit_scratch/failure_images/05151_true-truck_pred-cat.png,cat,0.9975518584251404,False,/home/tariq/Desktop/Awais-Tariq/base-KD/reports/cifar10_full_audit/mamba_scratch/failure_images/05151_true-truck_pred-cat.png,truck,0.9999992847442627,True,,cat,0.9779326915740967,False,/home/tariq/Desktop/Awais-Tariq/base-KD/reports/cifar10_full_audit/mamba_kd_from_scratch_vit/failure_images/05151_true-truck_pred-cat.png,cat,0.9727019667625427,False,/home/tariq/Desktop/Awais-Tariq/base-KD/reports/cifar10_full_audit/mamba_kd_from_pretrained_vit/failure_images/05151_true-truck_pred-cat.png,4,vit_scratch;mamba_scratch;mamba_kd_from_scratch_vit;mamba_kd_from_pretrained_vit,True,False,False,False,False,True
5155,cifar10_test_05155,/home/tariq/Desktop/Awais-Tariq/base-KD/data/cifar-10-batches-py/test_batch,5155,cat,bird,0.9911379218101501,False,/home/tariq/Desktop/Awais-Tariq/base-KD/reports/cifar10_full_audit/vit_scratch/failure_images/05155_true-cat_pred-bird.png,dog,0.676595151424408,False,/home/tariq/Desktop/Awais-Tariq/base-KD/reports/cifar10_full_audit/mamba_scratch/failure_images/05155_true-cat_pred-dog.png,cat,0.9985079169273376,True,,dog,0.8562664985656738,False,/home/tariq/Desktop/Awais-Tariq/base-KD/reports/cifar10_full_audit/mamba_kd_from_scratch_vit/failure_images/05155_true-cat_pred-dog.png,dog,0.9829984307289124,False,/home/tariq/Desktop/Awais-Tariq/base-KD/reports/cifar10_full_audit/mamba_kd_from_pretrained_vit/failure_images/05155_true-cat_pred-dog.png,4,vit_scratch;mamba_scratch;mamba_kd_from_scratch_vit;mamba_kd_from_pretrained_vit,True,False,False,False,False,True
5162,cifar10_test_05162,/home/tariq/Desktop/Awais-Tariq/base-KD/data/cifar-10-batches-py/test_batch,5162,horse,airplane,0.7375708222389221,False,/home/tariq/Desktop/Awais-Tariq/base-KD/reports/cifar10_full_audit/vit_scratch/failure_images/05162_true-horse_pred-airplane.png,bird,0.9313841462135315,False,/home/tariq/Desktop/Awais-Tariq/base-KD/reports/cifar10_full_audit/mamba_scratch/failure_images/05162_true-horse_pred-bird.png,horse,1.0,True,,horse,0.5043860077857971,True,,ship,0.7605223655700684,False,/home/tariq/Desktop/Awais-Tariq/base-KD/reports/cifar10_full_audit/mamba_kd_from_pretrained_vit/failure_images/05162_true-horse_pred-ship.png,3,vit_scratch;mamba_scratch;mamba_kd_from_pretrained_vit,True,False,True,False,False,True
5166,cifar10_test_05166,/home/tariq/Desktop/Awais-Tariq/base-KD/data/cifar-10-batches-py/test_batch,5166,truck,cat,0.9165340065956116,False,/home/tariq/Desktop/Awais-Tariq/base-KD/reports/cifar10_full_audit/vit_scratch/failure_images/05166_true-truck_pred-cat.png,ship,0.9857290983200073,False,/home/tariq/Desktop/Awais-Tariq/base-KD/reports/cifar10_full_audit/mamba_scratch/failure_images/05166_true-truck_pred-ship.png,ship,0.9995032548904419,False,/home/tariq/Desktop/Awais-Tariq/base-KD/reports/cifar10_full_audit/vit_pretrained_finetuned/failure_images/05166_true-truck_pred-ship.png,horse,0.2988792061805725,False,/home/tariq/Desktop/Awais-Tariq/base-KD/reports/cifar10_full_audit/mamba_kd_from_scratch_vit/failure_images/05166_true-truck_pred-horse.png,truck,0.9510737061500549,True,,4,vit_scratch;mamba_scratch;vit_pretrained_finetuned;mamba_kd_from_scratch_vit,True,False,False,False,True,False
5172,cifar10_test_05172,/home/tariq/Desktop/Awais-Tariq/base-KD/data/cifar-10-batches-py/test_batch,5172,deer,dog,0.43901100754737854,False,/home/tariq/Desktop/Awais-Tariq/base-KD/reports/cifar10_full_audit/vit_scratch/failure_images/05172_true-deer_pred-dog.png,cat,0.7222403883934021,False,/home/tariq/Desktop/Awais-Tariq/base-KD/reports/cifar10_full_audit/mamba_scratch/failure_images/05172_true-deer_pred-cat.png,deer,0.9999980926513672,True,,frog,0.8581659197807312,False,/home/tariq/Desktop/Awais-Tariq/base-KD/reports/cifar10_full_audit/mamba_kd_from_scratch_vit/failure_images/05172_true-deer_pred-frog.png,dog,0.9074235558509827,False,/home/tariq/Desktop/Awais-Tariq/base-KD/reports/cifar10_full_audit/mamba_kd_from_pretrained_vit/failure_images/05172_true-deer_pred-dog.png,4,vit_scratch;mamba_scratch;mamba_kd_from_scratch_vit;mamba_kd_from_pretrained_vit,True,False,False,False,False,True
5200,cifar10_test_05200,/home/tariq/Desktop/Awais-Tariq/base-KD/data/cifar-10-batches-py/test_batch,5200,cat,dog,0.7546475529670715,False,/home/tariq/Desktop/Awais-Tariq/base-KD/reports/cifar10_full_audit/vit_scratch/failure_images/05200_true-cat_pred-dog.png,bird,0.5373145341873169,False,/home/tariq/Desktop/Awais-Tariq/base-KD/reports/cifar10_full_audit/mamba_scratch/failure_images/05200_true-cat_pred-bird.png,cat,0.9669529795646667,True,,dog,0.9968993663787842,False,/home/tariq/Desktop/Awais-Tariq/base-KD/reports/cifar10_full_audit/mamba_kd_from_scratch_vit/failure_images/05200_true-cat_pred-dog.png,cat,0.928138256072998,True,,3,vit_scratch;mamba_scratch;mamba_kd_from_scratch_vit,True,False,False,False,False,False
5211,cifar10_test_05211,/home/tariq/Desktop/Awais-Tariq/base-KD/data/cifar-10-batches-py/test_batch,5211,horse,ship,0.7602519392967224,False,/home/tariq/Desktop/Awais-Tariq/base-KD/reports/cifar10_full_audit/vit_scratch/failure_images/05211_true-horse_pred-ship.png,deer,0.8616911172866821,False,/home/tariq/Desktop/Awais-Tariq/base-KD/reports/cifar10_full_audit/mamba_scratch/failure_images/05211_true-horse_pred-deer.png,deer,0.9997132420539856,False,/home/tariq/Desktop/Awais-Tariq/base-KD/reports/cifar10_full_audit/vit_pretrained_finetuned/failure_images/05211_true-horse_pred-deer.png,ship,0.9441380500793457,False,/home/tariq/Desktop/Awais-Tariq/base-KD/reports/cifar10_full_audit/mamba_kd_from_scratch_vit/failure_images/05211_true-horse_pred-ship.png,deer,0.996817946434021,False,/home/tariq/Desktop/Awais-Tariq/base-KD/reports/cifar10_full_audit/mamba_kd_from_pretrained_vit/failure_images/05211_true-horse_pred-deer.png,5,vit_scratch;mamba_scratch;vit_pretrained_finetuned;mamba_kd_from_scratch_vit;mamba_kd_from_pretrained_vit,True,True,False,False,False,False
5218,cifar10_test_05218,/home/tariq/Desktop/Awais-Tariq/base-KD/data/cifar-10-batches-py/test_batch,5218,cat,frog,0.9980745315551758,False,/home/tariq/Desktop/Awais-Tariq/base-KD/reports/cifar10_full_audit/vit_scratch/failure_images/05218_true-cat_pred-frog.png,frog,0.9322846531867981,False,/home/tariq/Desktop/Awais-Tariq/base-KD/reports/cifar10_full_audit/mamba_scratch/failure_images/05218_true-cat_pred-frog.png,cat,0.9999934434890747,True,,cat,0.5036079287528992,True,,frog,0.9858884215354919,False,/home/tariq/Desktop/Awais-Tariq/base-KD/reports/cifar10_full_audit/mamba_kd_from_pretrained_vit/failure_images/05218_true-cat_pred-frog.png,3,vit_scratch;mamba_scratch;mamba_kd_from_pretrained_vit,True,False,True,False,False,True
5227,cifar10_test_05227,/home/tariq/Desktop/Awais-Tariq/base-KD/data/cifar-10-batches-py/test_batch,5227,deer,frog,0.9980675578117371,False,/home/tariq/Desktop/Awais-Tariq/base-KD/reports/cifar10_full_audit/vit_scratch/failure_images/05227_true-deer_pred-frog.png,frog,0.9957756400108337,False,/home/tariq/Desktop/Awais-Tariq/base-KD/reports/cifar10_full_audit/mamba_scratch/failure_images/05227_true-deer_pred-frog.png,deer,0.9999958276748657,True,,frog,0.9971244931221008,False,/home/tariq/Desktop/Awais-Tariq/base-KD/reports/cifar10_full_audit/mamba_kd_from_scratch_vit/failure_images/05227_true-deer_pred-frog.png,frog,0.9940885305404663,False,/home/tariq/Desktop/Awais-Tariq/base-KD/reports/cifar10_full_audit/mamba_kd_from_pretrained_vit/failure_images/05227_true-deer_pred-frog.png,4,vit_scratch;mamba_scratch;mamba_kd_from_scratch_vit;mamba_kd_from_pretrained_vit,True,False,False,False,False,True
5229,cifar10_test_05229,/home/tariq/Desktop/Awais-Tariq/base-KD/data/cifar-10-batches-py/test_batch,5229,dog,cat,0.6440439820289612,False,/home/tariq/Desktop/Awais-Tariq/base-KD/reports/cifar10_full_audit/vit_scratch/failure_images/05229_true-dog_pred-cat.png,cat,0.8834753036499023,False,/home/tariq/Desktop/Awais-Tariq/base-KD/reports/cifar10_full_audit/mamba_scratch/failure_images/05229_true-dog_pred-cat.png,dog,0.9998688697814941,True,,cat,0.8249512314796448,False,/home/tariq/Desktop/Awais-Tariq/base-KD/reports/cifar10_full_audit/mamba_kd_from_scratch_vit/failure_images/05229_true-dog_pred-cat.png,cat,0.848480761051178,False,/home/tariq/Desktop/Awais-Tariq/base-KD/reports/cifar10_full_audit/mamba_kd_from_pretrained_vit/failure_images/05229_true-dog_pred-cat.png,4,vit_scratch;mamba_scratch;mamba_kd_from_scratch_vit;mamba_kd_from_pretrained_vit,True,False,False,False,False,True
5238,cifar10_test_05238,/home/tariq/Desktop/Awais-Tariq/base-KD/data/cifar-10-batches-py/test_batch,5238,bird,airplane,0.951698899269104,False,/home/tariq/Desktop/Awais-Tariq/base-KD/reports/cifar10_full_audit/vit_scratch/failure_images/05238_true-bird_pred-airplane.png,bird,0.5385438203811646,True,,bird,0.9999998807907104,True,,airplane,0.6994208693504333,False,/home/tariq/Desktop/Awais-Tariq/base-KD/reports/cifar10_full_audit/mamba_kd_from_scratch_vit/failure_images/05238_true-bird_pred-airplane.png,airplane,0.9992159605026245,False,/home/tariq/Desktop/Awais-Tariq/base-KD/reports/cifar10_full_audit/mamba_kd_from_pretrained_vit/failure_images/05238_true-bird_pred-airplane.png,3,vit_scratch;mamba_kd_from_scratch_vit;mamba_kd_from_pretrained_vit,True,False,False,False,False,True
5280,cifar10_test_05280,/home/tariq/Desktop/Awais-Tariq/base-KD/data/cifar-10-batches-py/test_batch,5280,airplane,cat,0.9124255776405334,False,/home/tariq/Desktop/Awais-Tariq/base-KD/reports/cifar10_full_audit/vit_scratch/failure_images/05280_true-airplane_pred-cat.png,deer,0.4732387959957123,False,/home/tariq/Desktop/Awais-Tariq/base-KD/reports/cifar10_full_audit/mamba_scratch/failure_images/05280_true-airplane_pred-deer.png,airplane,0.9999986886978149,True,,deer,0.9261213541030884,False,/home/tariq/Desktop/Awais-Tariq/base-KD/reports/cifar10_full_audit/mamba_kd_from_scratch_vit/failure_images/05280_true-airplane_pred-deer.png,airplane,0.6487605571746826,True,,3,vit_scratch;mamba_scratch;mamba_kd_from_scratch_vit,True,False,False,False,False,False
5283,cifar10_test_05283,/home/tariq/Desktop/Awais-Tariq/base-KD/data/cifar-10-batches-py/test_batch,5283,deer,bird,0.9936954379081726,False,/home/tariq/Desktop/Awais-Tariq/base-KD/reports/cifar10_full_audit/vit_scratch/failure_images/05283_true-deer_pred-bird.png,horse,0.6515305042266846,False,/home/tariq/Desktop/Awais-Tariq/base-KD/reports/cifar10_full_audit/mamba_scratch/failure_images/05283_true-deer_pred-horse.png,deer,0.9999991655349731,True,,horse,0.6097094416618347,False,/home/tariq/Desktop/Awais-Tariq/base-KD/reports/cifar10_full_audit/mamba_kd_from_scratch_vit/failure_images/05283_true-deer_pred-horse.png,bird,0.9987768530845642,False,/home/tariq/Desktop/Awais-Tariq/base-KD/reports/cifar10_full_audit/mamba_kd_from_pretrained_vit/failure_images/05283_true-deer_pred-bird.png,4,vit_scratch;mamba_scratch;mamba_kd_from_scratch_vit;mamba_kd_from_pretrained_vit,True,False,False,False,False,True
5287,cifar10_test_05287,/home/tariq/Desktop/Awais-Tariq/base-KD/data/cifar-10-batches-py/test_batch,5287,horse,dog,0.9999581575393677,False,/home/tariq/Desktop/Awais-Tariq/base-KD/reports/cifar10_full_audit/vit_scratch/failure_images/05287_true-horse_pred-dog.png,dog,0.5129871964454651,False,/home/tariq/Desktop/Awais-Tariq/base-KD/reports/cifar10_full_audit/mamba_scratch/failure_images/05287_true-horse_pred-dog.png,horse,1.0,True,,dog,0.9874743223190308,False,/home/tariq/Desktop/Awais-Tariq/base-KD/reports/cifar10_full_audit/mamba_kd_from_scratch_vit/failure_images/05287_true-horse_pred-dog.png,dog,0.972082793712616,False,/home/tariq/Desktop/Awais-Tariq/base-KD/reports/cifar10_full_audit/mamba_kd_from_pretrained_vit/failure_images/05287_true-horse_pred-dog.png,4,vit_scratch;mamba_scratch;mamba_kd_from_scratch_vit;mamba_kd_from_pretrained_vit,True,False,False,False,False,True
5290,cifar10_test_05290,/home/tariq/Desktop/Awais-Tariq/base-KD/data/cifar-10-batches-py/test_batch,5290,cat,cat,0.8449482917785645,True,,horse,0.7846584320068359,False,/home/tariq/Desktop/Awais-Tariq/base-KD/reports/cifar10_full_audit/mamba_scratch/failure_images/05290_true-cat_pred-horse.png,cat,0.9953967928886414,True,,dog,0.3924107849597931,False,/home/tariq/Desktop/Awais-Tariq/base-KD/reports/cifar10_full_audit/mamba_kd_from_scratch_vit/failure_images/05290_true-cat_pred-dog.png,dog,0.9917157292366028,False,/home/tariq/Desktop/Awais-Tariq/base-KD/reports/cifar10_full_audit/mamba_kd_from_pretrained_vit/failure_images/05290_true-cat_pred-dog.png,3,mamba_scratch;mamba_kd_from_scratch_vit;mamba_kd_from_pretrained_vit,True,False,False,True,False,True
5292,cifar10_test_05292,/home/tariq/Desktop/Awais-Tariq/base-KD/data/cifar-10-batches-py/test_batch,5292,deer,horse,0.9999759197235107,False,/home/tariq/Desktop/Awais-Tariq/base-KD/reports/cifar10_full_audit/vit_scratch/failure_images/05292_true-deer_pred-horse.png,deer,0.7712757587432861,True,,deer,0.9999985694885254,True,,horse,0.9357506632804871,False,/home/tariq/Desktop/Awais-Tariq/base-KD/reports/cifar10_full_audit/mamba_kd_from_scratch_vit/failure_images/05292_true-deer_pred-horse.png,horse,0.98665851354599,False,/home/tariq/Desktop/Awais-Tariq/base-KD/reports/cifar10_full_audit/mamba_kd_from_pretrained_vit/failure_images/05292_true-deer_pred-horse.png,3,vit_scratch;mamba_kd_from_scratch_vit;mamba_kd_from_pretrained_vit,True,False,False,False,False,True
5311,cifar10_test_05311,/home/tariq/Desktop/Awais-Tariq/base-KD/data/cifar-10-batches-py/test_batch,5311,truck,automobile,0.8046755790710449,False,/home/tariq/Desktop/Awais-Tariq/base-KD/reports/cifar10_full_audit/vit_scratch/failure_images/05311_true-truck_pred-automobile.png,automobile,0.991710364818573,False,/home/tariq/Desktop/Awais-Tariq/base-KD/reports/cifar10_full_audit/mamba_scratch/failure_images/05311_true-truck_pred-automobile.png,truck,0.999991774559021,True,,automobile,0.594717264175415,False,/home/tariq/Desktop/Awais-Tariq/base-KD/reports/cifar10_full_audit/mamba_kd_from_scratch_vit/failure_images/05311_true-truck_pred-automobile.png,truck,0.6473889350891113,True,,3,vit_scratch;mamba_scratch;mamba_kd_from_scratch_vit,True,False,False,False,False,False
5327,cifar10_test_05327,/home/tariq/Desktop/Awais-Tariq/base-KD/data/cifar-10-batches-py/test_batch,5327,airplane,ship,0.7318436503410339,False,/home/tariq/Desktop/Awais-Tariq/base-KD/reports/cifar10_full_audit/vit_scratch/failure_images/05327_true-airplane_pred-ship.png,airplane,0.7812001705169678,True,,airplane,0.9999996423721313,True,,ship,0.9100974202156067,False,/home/tariq/Desktop/Awais-Tariq/base-KD/reports/cifar10_full_audit/mamba_kd_from_scratch_vit/failure_images/05327_true-airplane_pred-ship.png,ship,0.9982138872146606,False,/home/tariq/Desktop/Awais-Tariq/base-KD/reports/cifar10_full_audit/mamba_kd_from_pretrained_vit/failure_images/05327_true-airplane_pred-ship.png,3,vit_scratch;mamba_kd_from_scratch_vit;mamba_kd_from_pretrained_vit,True,False,False,False,False,True
5330,cifar10_test_05330,/home/tariq/Desktop/Awais-Tariq/base-KD/data/cifar-10-batches-py/test_batch,5330,horse,frog,0.8921241760253906,False,/home/tariq/Desktop/Awais-Tariq/base-KD/reports/cifar10_full_audit/vit_scratch/failure_images/05330_true-horse_pred-frog.png,horse,0.9723490476608276,True,,horse,0.9999996423721313,True,,cat,0.472192645072937,False,/home/tariq/Desktop/Awais-Tariq/base-KD/reports/cifar10_full_audit/mamba_kd_from_scratch_vit/failure_images/05330_true-horse_pred-cat.png,cat,0.9936031699180603,False,/home/tariq/Desktop/Awais-Tariq/base-KD/reports/cifar10_full_audit/mamba_kd_from_pretrained_vit/failure_images/05330_true-horse_pred-cat.png,3,vit_scratch;mamba_kd_from_scratch_vit;mamba_kd_from_pretrained_vit,True,False,False,False,False,True
5340,cifar10_test_05340,/home/tariq/Desktop/Awais-Tariq/base-KD/data/cifar-10-batches-py/test_batch,5340,cat,deer,0.994416356086731,False,/home/tariq/Desktop/Awais-Tariq/base-KD/reports/cifar10_full_audit/vit_scratch/failure_images/05340_true-cat_pred-deer.png,dog,0.8259459733963013,False,/home/tariq/Desktop/Awais-Tariq/base-KD/reports/cifar10_full_audit/mamba_scratch/failure_images/05340_true-cat_pred-dog.png,cat,0.9998801946640015,True,,deer,0.6865472197532654,False,/home/tariq/Desktop/Awais-Tariq/base-KD/reports/cifar10_full_audit/mamba_kd_from_scratch_vit/failure_images/05340_true-cat_pred-deer.png,deer,0.9999841451644897,False,/home/tariq/Desktop/Awais-Tariq/base-KD/reports/cifar10_full_audit/mamba_kd_from_pretrained_vit/failure_images/05340_true-cat_pred-deer.png,4,vit_scratch;mamba_scratch;mamba_kd_from_scratch_vit;mamba_kd_from_pretrained_vit,True,False,False,False,False,True
5387,cifar10_test_05387,/home/tariq/Desktop/Awais-Tariq/base-KD/data/cifar-10-batches-py/test_batch,5387,cat,frog,0.9972671270370483,False,/home/tariq/Desktop/Awais-Tariq/base-KD/reports/cifar10_full_audit/vit_scratch/failure_images/05387_true-cat_pred-frog.png,deer,0.9993200302124023,False,/home/tariq/Desktop/Awais-Tariq/base-KD/reports/cifar10_full_audit/mamba_scratch/failure_images/05387_true-cat_pred-deer.png,cat,0.9991123080253601,True,,frog,0.5559541583061218,False,/home/tariq/Desktop/Awais-Tariq/base-KD/reports/cifar10_full_audit/mamba_kd_from_scratch_vit/failure_images/05387_true-cat_pred-frog.png,frog,0.9990625977516174,False,/home/tariq/Desktop/Awais-Tariq/base-KD/reports/cifar10_full_audit/mamba_kd_from_pretrained_vit/failure_images/05387_true-cat_pred-frog.png,4,vit_scratch;mamba_scratch;mamba_kd_from_scratch_vit;mamba_kd_from_pretrained_vit,True,False,False,False,False,True
5388,cifar10_test_05388,/home/tariq/Desktop/Awais-Tariq/base-KD/data/cifar-10-batches-py/test_batch,5388,frog,frog,0.9462969303131104,True,,dog,0.9771549105644226,False,/home/tariq/Desktop/Awais-Tariq/base-KD/reports/cifar10_full_audit/mamba_scratch/failure_images/05388_true-frog_pred-dog.png,frog,0.999998927116394,True,,dog,0.6358104348182678,False,/home/tariq/Desktop/Awais-Tariq/base-KD/reports/cifar10_full_audit/mamba_kd_from_scratch_vit/failure_images/05388_true-frog_pred-dog.png,deer,0.32157909870147705,False,/home/tariq/Desktop/Awais-Tariq/base-KD/reports/cifar10_full_audit/mamba_kd_from_pretrained_vit/failure_images/05388_true-frog_pred-deer.png,3,mamba_scratch;mamba_kd_from_scratch_vit;mamba_kd_from_pretrained_vit,True,False,False,True,False,True
5398,cifar10_test_05398,/home/tariq/Desktop/Awais-Tariq/base-KD/data/cifar-10-batches-py/test_batch,5398,ship,airplane,0.8941119313240051,False,/home/tariq/Desktop/Awais-Tariq/base-KD/reports/cifar10_full_audit/vit_scratch/failure_images/05398_true-ship_pred-airplane.png,airplane,0.9629964232444763,False,/home/tariq/Desktop/Awais-Tariq/base-KD/reports/cifar10_full_audit/mamba_scratch/failure_images/05398_true-ship_pred-airplane.png,ship,0.999984860420227,True,,airplane,0.8628984689712524,False,/home/tariq/Desktop/Awais-Tariq/base-KD/reports/cifar10_full_audit/mamba_kd_from_scratch_vit/failure_images/05398_true-ship_pred-airplane.png,ship,0.609656810760498,True,,3,vit_scratch;mamba_scratch;mamba_kd_from_scratch_vit,True,False,False,False,False,False
5407,cifar10_test_05407,/home/tariq/Desktop/Awais-Tariq/base-KD/data/cifar-10-batches-py/test_batch,5407,deer,horse,0.9994412064552307,False,/home/tariq/Desktop/Awais-Tariq/base-KD/reports/cifar10_full_audit/vit_scratch/failure_images/05407_true-deer_pred-horse.png,horse,0.6877354979515076,False,/home/tariq/Desktop/Awais-Tariq/base-KD/reports/cifar10_full_audit/mamba_scratch/failure_images/05407_true-deer_pred-horse.png,deer,0.9999995231628418,True,,horse,0.9999102354049683,False,/home/tariq/Desktop/Awais-Tariq/base-KD/reports/cifar10_full_audit/mamba_kd_from_scratch_vit/failure_images/05407_true-deer_pred-horse.png,deer,0.9487569332122803,True,,3,vit_scratch;mamba_scratch;mamba_kd_from_scratch_vit,True,False,False,False,False,False
5410,cifar10_test_05410,/home/tariq/Desktop/Awais-Tariq/base-KD/data/cifar-10-batches-py/test_batch,5410,cat,horse,0.8593843579292297,False,/home/tariq/Desktop/Awais-Tariq/base-KD/reports/cifar10_full_audit/vit_scratch/failure_images/05410_true-cat_pred-horse.png,horse,0.8653126358985901,False,/home/tariq/Desktop/Awais-Tariq/base-KD/reports/cifar10_full_audit/mamba_scratch/failure_images/05410_true-cat_pred-horse.png,dog,0.9999970197677612,False,/home/tariq/Desktop/Awais-Tariq/base-KD/reports/cifar10_full_audit/vit_pretrained_finetuned/failure_images/05410_true-cat_pred-dog.png,horse,0.9349582195281982,False,/home/tariq/Desktop/Awais-Tariq/base-KD/reports/cifar10_full_audit/mamba_kd_from_scratch_vit/failure_images/05410_true-cat_pred-horse.png,dog,0.9851926565170288,False,/home/tariq/Desktop/Awais-Tariq/base-KD/reports/cifar10_full_audit/mamba_kd_from_pretrained_vit/failure_images/05410_true-cat_pred-dog.png,5,vit_scratch;mamba_scratch;vit_pretrained_finetuned;mamba_kd_from_scratch_vit;mamba_kd_from_pretrained_vit,True,True,False,False,False,False
5416,cifar10_test_05416,/home/tariq/Desktop/Awais-Tariq/base-KD/data/cifar-10-batches-py/test_batch,5416,truck,automobile,0.9977091550827026,False,/home/tariq/Desktop/Awais-Tariq/base-KD/reports/cifar10_full_audit/vit_scratch/failure_images/05416_true-truck_pred-automobile.png,automobile,0.9999979734420776,False,/home/tariq/Desktop/Awais-Tariq/base-KD/reports/cifar10_full_audit/mamba_scratch/failure_images/05416_true-truck_pred-automobile.png,automobile,0.9999924898147583,False,/home/tariq/Desktop/Awais-Tariq/base-KD/reports/cifar10_full_audit/vit_pretrained_finetuned/failure_images/05416_true-truck_pred-automobile.png,automobile,0.9070109724998474,False,/home/tariq/Desktop/Awais-Tariq/base-KD/reports/cifar10_full_audit/mamba_kd_from_scratch_vit/failure_images/05416_true-truck_pred-automobile.png,automobile,0.9999971389770508,False,/home/tariq/Desktop/Awais-Tariq/base-KD/reports/cifar10_full_audit/mamba_kd_from_pretrained_vit/failure_images/05416_true-truck_pred-automobile.png,5,vit_scratch;mamba_scratch;vit_pretrained_finetuned;mamba_kd_from_scratch_vit;mamba_kd_from_pretrained_vit,True,True,False,False,False,False
5417,cifar10_test_05417,/home/tariq/Desktop/Awais-Tariq/base-KD/data/cifar-10-batches-py/test_batch,5417,deer,horse,0.9670097231864929,False,/home/tariq/Desktop/Awais-Tariq/base-KD/reports/cifar10_full_audit/vit_scratch/failure_images/05417_true-deer_pred-horse.png,cat,0.7121239304542542,False,/home/tariq/Desktop/Awais-Tariq/base-KD/reports/cifar10_full_audit/mamba_scratch/failure_images/05417_true-deer_pred-cat.png,deer,0.9999991655349731,True,,deer,0.9620307683944702,True,,cat,0.9963471293449402,False,/home/tariq/Desktop/Awais-Tariq/base-KD/reports/cifar10_full_audit/mamba_kd_from_pretrained_vit/failure_images/05417_true-deer_pred-cat.png,3,vit_scratch;mamba_scratch;mamba_kd_from_pretrained_vit,True,False,True,False,False,True
5426,cifar10_test_05426,/home/tariq/Desktop/Awais-Tariq/base-KD/data/cifar-10-batches-py/test_batch,5426,dog,cat,0.9997597336769104,False,/home/tariq/Desktop/Awais-Tariq/base-KD/reports/cifar10_full_audit/vit_scratch/failure_images/05426_true-dog_pred-cat.png,cat,0.9999691247940063,False,/home/tariq/Desktop/Awais-Tariq/base-KD/reports/cifar10_full_audit/mamba_scratch/failure_images/05426_true-dog_pred-cat.png,cat,0.9999829530715942,False,/home/tariq/Desktop/Awais-Tariq/base-KD/reports/cifar10_full_audit/vit_pretrained_finetuned/failure_images/05426_true-dog_pred-cat.png,cat,0.9943639039993286,False,/home/tariq/Desktop/Awais-Tariq/base-KD/reports/cifar10_full_audit/mamba_kd_from_scratch_vit/failure_images/05426_true-dog_pred-cat.png,cat,0.9999969005584717,False,/home/tariq/Desktop/Awais-Tariq/base-KD/reports/cifar10_full_audit/mamba_kd_from_pretrained_vit/failure_images/05426_true-dog_pred-cat.png,5,vit_scratch;mamba_scratch;vit_pretrained_finetuned;mamba_kd_from_scratch_vit;mamba_kd_from_pretrained_vit,True,True,False,False,False,False
5433,cifar10_test_05433,/home/tariq/Desktop/Awais-Tariq/base-KD/data/cifar-10-batches-py/test_batch,5433,cat,dog,0.9964960217475891,False,/home/tariq/Desktop/Awais-Tariq/base-KD/reports/cifar10_full_audit/vit_scratch/failure_images/05433_true-cat_pred-dog.png,dog,1.0,False,/home/tariq/Desktop/Awais-Tariq/base-KD/reports/cifar10_full_audit/mamba_scratch/failure_images/05433_true-cat_pred-dog.png,cat,0.9999696016311646,True,,dog,0.9284501075744629,False,/home/tariq/Desktop/Awais-Tariq/base-KD/reports/cifar10_full_audit/mamba_kd_from_scratch_vit/failure_images/05433_true-cat_pred-dog.png,dog,0.9999256134033203,False,/home/tariq/Desktop/Awais-Tariq/base-KD/reports/cifar10_full_audit/mamba_kd_from_pretrained_vit/failure_images/05433_true-cat_pred-dog.png,4,vit_scratch;mamba_scratch;mamba_kd_from_scratch_vit;mamba_kd_from_pretrained_vit,True,False,False,False,False,True
5450,cifar10_test_05450,/home/tariq/Desktop/Awais-Tariq/base-KD/data/cifar-10-batches-py/test_batch,5450,dog,cat,0.9883588552474976,False,/home/tariq/Desktop/Awais-Tariq/base-KD/reports/cifar10_full_audit/vit_scratch/failure_images/05450_true-dog_pred-cat.png,cat,0.988909900188446,False,/home/tariq/Desktop/Awais-Tariq/base-KD/reports/cifar10_full_audit/mamba_scratch/failure_images/05450_true-dog_pred-cat.png,dog,0.9999866485595703,True,,cat,0.7518965005874634,False,/home/tariq/Desktop/Awais-Tariq/base-KD/reports/cifar10_full_audit/mamba_kd_from_scratch_vit/failure_images/05450_true-dog_pred-cat.png,dog,0.7917269468307495,True,,3,vit_scratch;mamba_scratch;mamba_kd_from_scratch_vit,True,False,False,False,False,False
5455,cifar10_test_05455,/home/tariq/Desktop/Awais-Tariq/base-KD/data/cifar-10-batches-py/test_batch,5455,truck,truck,0.9713095426559448,True,,airplane,0.7583133578300476,False,/home/tariq/Desktop/Awais-Tariq/base-KD/reports/cifar10_full_audit/mamba_scratch/failure_images/05455_true-truck_pred-airplane.png,automobile,0.9999432563781738,False,/home/tariq/Desktop/Awais-Tariq/base-KD/reports/cifar10_full_audit/vit_pretrained_finetuned/failure_images/05455_true-truck_pred-automobile.png,truck,0.6600123047828674,True,,airplane,0.9956186413764954,False,/home/tariq/Desktop/Awais-Tariq/base-KD/reports/cifar10_full_audit/mamba_kd_from_pretrained_vit/failure_images/05455_true-truck_pred-airplane.png,3,mamba_scratch;vit_pretrained_finetuned;mamba_kd_from_pretrained_vit,True,False,False,False,False,False
5458,cifar10_test_05458,/home/tariq/Desktop/Awais-Tariq/base-KD/data/cifar-10-batches-py/test_batch,5458,cat,deer,0.8618432283401489,False,/home/tariq/Desktop/Awais-Tariq/base-KD/reports/cifar10_full_audit/vit_scratch/failure_images/05458_true-cat_pred-deer.png,frog,0.7976152896881104,False,/home/tariq/Desktop/Awais-Tariq/base-KD/reports/cifar10_full_audit/mamba_scratch/failure_images/05458_true-cat_pred-frog.png,frog,0.9987647533416748,False,/home/tariq/Desktop/Awais-Tariq/base-KD/reports/cifar10_full_audit/vit_pretrained_finetuned/failure_images/05458_true-cat_pred-frog.png,frog,0.8807339668273926,False,/home/tariq/Desktop/Awais-Tariq/base-KD/reports/cifar10_full_audit/mamba_kd_from_scratch_vit/failure_images/05458_true-cat_pred-frog.png,frog,0.9998959302902222,False,/home/tariq/Desktop/Awais-Tariq/base-KD/reports/cifar10_full_audit/mamba_kd_from_pretrained_vit/failure_images/05458_true-cat_pred-frog.png,5,vit_scratch;mamba_scratch;vit_pretrained_finetuned;mamba_kd_from_scratch_vit;mamba_kd_from_pretrained_vit,True,True,False,False,False,False
5487,cifar10_test_05487,/home/tariq/Desktop/Awais-Tariq/base-KD/data/cifar-10-batches-py/test_batch,5487,frog,cat,0.9855637550354004,False,/home/tariq/Desktop/Awais-Tariq/base-KD/reports/cifar10_full_audit/vit_scratch/failure_images/05487_true-frog_pred-cat.png,frog,0.7704915404319763,True,,frog,0.9999991655349731,True,,cat,0.5507667660713196,False,/home/tariq/Desktop/Awais-Tariq/base-KD/reports/cifar10_full_audit/mamba_kd_from_scratch_vit/failure_images/05487_true-frog_pred-cat.png,cat,0.9984837174415588,False,/home/tariq/Desktop/Awais-Tariq/base-KD/reports/cifar10_full_audit/mamba_kd_from_pretrained_vit/failure_images/05487_true-frog_pred-cat.png,3,vit_scratch;mamba_kd_from_scratch_vit;mamba_kd_from_pretrained_vit,True,False,False,False,False,True
5506,cifar10_test_05506,/home/tariq/Desktop/Awais-Tariq/base-KD/data/cifar-10-batches-py/test_batch,5506,cat,deer,0.9985175728797913,False,/home/tariq/Desktop/Awais-Tariq/base-KD/reports/cifar10_full_audit/vit_scratch/failure_images/05506_true-cat_pred-deer.png,deer,0.9738149046897888,False,/home/tariq/Desktop/Awais-Tariq/base-KD/reports/cifar10_full_audit/mamba_scratch/failure_images/05506_true-cat_pred-deer.png,cat,0.9999953508377075,True,,deer,0.9997809529304504,False,/home/tariq/Desktop/Awais-Tariq/base-KD/reports/cifar10_full_audit/mamba_kd_from_scratch_vit/failure_images/05506_true-cat_pred-deer.png,deer,0.8272942900657654,False,/home/tariq/Desktop/Awais-Tariq/base-KD/reports/cifar10_full_audit/mamba_kd_from_pretrained_vit/failure_images/05506_true-cat_pred-deer.png,4,vit_scratch;mamba_scratch;mamba_kd_from_scratch_vit;mamba_kd_from_pretrained_vit,True,False,False,False,False,True
5511,cifar10_test_05511,/home/tariq/Desktop/Awais-Tariq/base-KD/data/cifar-10-batches-py/test_batch,5511,cat,frog,0.999931812286377,False,/home/tariq/Desktop/Awais-Tariq/base-KD/reports/cifar10_full_audit/vit_scratch/failure_images/05511_true-cat_pred-frog.png,frog,0.9999470710754395,False,/home/tariq/Desktop/Awais-Tariq/base-KD/reports/cifar10_full_audit/mamba_scratch/failure_images/05511_true-cat_pred-frog.png,cat,0.9999977350234985,True,,frog,0.9984506368637085,False,/home/tariq/Desktop/Awais-Tariq/base-KD/reports/cifar10_full_audit/mamba_kd_from_scratch_vit/failure_images/05511_true-cat_pred-frog.png,frog,0.9999808073043823,False,/home/tariq/Desktop/Awais-Tariq/base-KD/reports/cifar10_full_audit/mamba_kd_from_pretrained_vit/failure_images/05511_true-cat_pred-frog.png,4,vit_scratch;mamba_scratch;mamba_kd_from_scratch_vit;mamba_kd_from_pretrained_vit,True,False,False,False,False,True
5525,cifar10_test_05525,/home/tariq/Desktop/Awais-Tariq/base-KD/data/cifar-10-batches-py/test_batch,5525,cat,deer,0.6114274859428406,False,/home/tariq/Desktop/Awais-Tariq/base-KD/reports/cifar10_full_audit/vit_scratch/failure_images/05525_true-cat_pred-deer.png,cat,0.9112855792045593,True,,cat,0.9999991655349731,True,,airplane,0.7665015459060669,False,/home/tariq/Desktop/Awais-Tariq/base-KD/reports/cifar10_full_audit/mamba_kd_from_scratch_vit/failure_images/05525_true-cat_pred-airplane.png,deer,0.9954623579978943,False,/home/tariq/Desktop/Awais-Tariq/base-KD/reports/cifar10_full_audit/mamba_kd_from_pretrained_vit/failure_images/05525_true-cat_pred-deer.png,3,vit_scratch;mamba_kd_from_scratch_vit;mamba_kd_from_pretrained_vit,True,False,False,False,False,True
5529,cifar10_test_05529,/home/tariq/Desktop/Awais-Tariq/base-KD/data/cifar-10-batches-py/test_batch,5529,cat,ship,0.5352641344070435,False,/home/tariq/Desktop/Awais-Tariq/base-KD/reports/cifar10_full_audit/vit_scratch/failure_images/05529_true-cat_pred-ship.png,ship,0.6232119798660278,False,/home/tariq/Desktop/Awais-Tariq/base-KD/reports/cifar10_full_audit/mamba_scratch/failure_images/05529_true-cat_pred-ship.png,cat,0.9999982118606567,True,,ship,0.7969250082969666,False,/home/tariq/Desktop/Awais-Tariq/base-KD/reports/cifar10_full_audit/mamba_kd_from_scratch_vit/failure_images/05529_true-cat_pred-ship.png,cat,0.7870941162109375,True,,3,vit_scratch;mamba_scratch;mamba_kd_from_scratch_vit,True,False,False,False,False,False
5537,cifar10_test_05537,/home/tariq/Desktop/Awais-Tariq/base-KD/data/cifar-10-batches-py/test_batch,5537,bird,cat,0.9195747971534729,False,/home/tariq/Desktop/Awais-Tariq/base-KD/reports/cifar10_full_audit/vit_scratch/failure_images/05537_true-bird_pred-cat.png,dog,0.5410416126251221,False,/home/tariq/Desktop/Awais-Tariq/base-KD/reports/cifar10_full_audit/mamba_scratch/failure_images/05537_true-bird_pred-dog.png,bird,1.0,True,,dog,0.5741766095161438,False,/home/tariq/Desktop/Awais-Tariq/base-KD/reports/cifar10_full_audit/mamba_kd_from_scratch_vit/failure_images/05537_true-bird_pred-dog.png,dog,0.9286366701126099,False,/home/tariq/Desktop/Awais-Tariq/base-KD/reports/cifar10_full_audit/mamba_kd_from_pretrained_vit/failure_images/05537_true-bird_pred-dog.png,4,vit_scratch;mamba_scratch;mamba_kd_from_scratch_vit;mamba_kd_from_pretrained_vit,True,False,False,False,False,True
5548,cifar10_test_05548,/home/tariq/Desktop/Awais-Tariq/base-KD/data/cifar-10-batches-py/test_batch,5548,ship,airplane,0.9987279772758484,False,/home/tariq/Desktop/Awais-Tariq/base-KD/reports/cifar10_full_audit/vit_scratch/failure_images/05548_true-ship_pred-airplane.png,airplane,0.9999611377716064,False,/home/tariq/Desktop/Awais-Tariq/base-KD/reports/cifar10_full_audit/mamba_scratch/failure_images/05548_true-ship_pred-airplane.png,ship,0.9999929666519165,True,,airplane,0.9922208189964294,False,/home/tariq/Desktop/Awais-Tariq/base-KD/reports/cifar10_full_audit/mamba_kd_from_scratch_vit/failure_images/05548_true-ship_pred-airplane.png,airplane,0.9999951124191284,False,/home/tariq/Desktop/Awais-Tariq/base-KD/reports/cifar10_full_audit/mamba_kd_from_pretrained_vit/failure_images/05548_true-ship_pred-airplane.png,4,vit_scratch;mamba_scratch;mamba_kd_from_scratch_vit;mamba_kd_from_pretrained_vit,True,False,False,False,False,True
5562,cifar10_test_05562,/home/tariq/Desktop/Awais-Tariq/base-KD/data/cifar-10-batches-py/test_batch,5562,deer,deer,0.9880114197731018,True,,horse,0.9952474236488342,False,/home/tariq/Desktop/Awais-Tariq/base-KD/reports/cifar10_full_audit/mamba_scratch/failure_images/05562_true-deer_pred-horse.png,deer,0.9994947910308838,True,,horse,0.7554612755775452,False,/home/tariq/Desktop/Awais-Tariq/base-KD/reports/cifar10_full_audit/mamba_kd_from_scratch_vit/failure_images/05562_true-deer_pred-horse.png,horse,0.9979566335678101,False,/home/tariq/Desktop/Awais-Tariq/base-KD/reports/cifar10_full_audit/mamba_kd_from_pretrained_vit/failure_images/05562_true-deer_pred-horse.png,3,mamba_scratch;mamba_kd_from_scratch_vit;mamba_kd_from_pretrained_vit,True,False,False,True,False,True
5582,cifar10_test_05582,/home/tariq/Desktop/Awais-Tariq/base-KD/data/cifar-10-batches-py/test_batch,5582,deer,horse,0.7617231607437134,False,/home/tariq/Desktop/Awais-Tariq/base-KD/reports/cifar10_full_audit/vit_scratch/failure_images/05582_true-deer_pred-horse.png,horse,0.9997702240943909,False,/home/tariq/Desktop/Awais-Tariq/base-KD/reports/cifar10_full_audit/mamba_scratch/failure_images/05582_true-deer_pred-horse.png,deer,0.9999860525131226,True,,horse,0.8712418079376221,False,/home/tariq/Desktop/Awais-Tariq/base-KD/reports/cifar10_full_audit/mamba_kd_from_scratch_vit/failure_images/05582_true-deer_pred-horse.png,bird,0.9999915361404419,False,/home/tariq/Desktop/Awais-Tariq/base-KD/reports/cifar10_full_audit/mamba_kd_from_pretrained_vit/failure_images/05582_true-deer_pred-bird.png,4,vit_scratch;mamba_scratch;mamba_kd_from_scratch_vit;mamba_kd_from_pretrained_vit,True,False,False,False,False,True
5607,cifar10_test_05607,/home/tariq/Desktop/Awais-Tariq/base-KD/data/cifar-10-batches-py/test_batch,5607,frog,airplane,0.999761164188385,False,/home/tariq/Desktop/Awais-Tariq/base-KD/reports/cifar10_full_audit/vit_scratch/failure_images/05607_true-frog_pred-airplane.png,airplane,0.9491215944290161,False,/home/tariq/Desktop/Awais-Tariq/base-KD/reports/cifar10_full_audit/mamba_scratch/failure_images/05607_true-frog_pred-airplane.png,frog,0.9999961853027344,True,,airplane,0.9909188747406006,False,/home/tariq/Desktop/Awais-Tariq/base-KD/reports/cifar10_full_audit/mamba_kd_from_scratch_vit/failure_images/05607_true-frog_pred-airplane.png,airplane,0.9362965226173401,False,/home/tariq/Desktop/Awais-Tariq/base-KD/reports/cifar10_full_audit/mamba_kd_from_pretrained_vit/failure_images/05607_true-frog_pred-airplane.png,4,vit_scratch;mamba_scratch;mamba_kd_from_scratch_vit;mamba_kd_from_pretrained_vit,True,False,False,False,False,True
5609,cifar10_test_05609,/home/tariq/Desktop/Awais-Tariq/base-KD/data/cifar-10-batches-py/test_batch,5609,dog,dog,0.8402191996574402,True,,truck,0.8484887480735779,False,/home/tariq/Desktop/Awais-Tariq/base-KD/reports/cifar10_full_audit/mamba_scratch/failure_images/05609_true-dog_pred-truck.png,cat,0.920328676700592,False,/home/tariq/Desktop/Awais-Tariq/base-KD/reports/cifar10_full_audit/vit_pretrained_finetuned/failure_images/05609_true-dog_pred-cat.png,dog,0.8833544850349426,True,,cat,0.7386084198951721,False,/home/tariq/Desktop/Awais-Tariq/base-KD/reports/cifar10_full_audit/mamba_kd_from_pretrained_vit/failure_images/05609_true-dog_pred-cat.png,3,mamba_scratch;vit_pretrained_finetuned;mamba_kd_from_pretrained_vit,True,False,False,False,False,False
5628,cifar10_test_05628,/home/tariq/Desktop/Awais-Tariq/base-KD/data/cifar-10-batches-py/test_batch,5628,ship,automobile,0.9999449253082275,False,/home/tariq/Desktop/Awais-Tariq/base-KD/reports/cifar10_full_audit/vit_scratch/failure_images/05628_true-ship_pred-automobile.png,truck,0.7059450745582581,False,/home/tariq/Desktop/Awais-Tariq/base-KD/reports/cifar10_full_audit/mamba_scratch/failure_images/05628_true-ship_pred-truck.png,ship,0.9999982118606567,True,,automobile,0.9931736588478088,False,/home/tariq/Desktop/Awais-Tariq/base-KD/reports/cifar10_full_audit/mamba_kd_from_scratch_vit/failure_images/05628_true-ship_pred-automobile.png,ship,0.9171397686004639,True,,3,vit_scratch;mamba_scratch;mamba_kd_from_scratch_vit,True,False,False,False,False,False
5632,cifar10_test_05632,/home/tariq/Desktop/Awais-Tariq/base-KD/data/cifar-10-batches-py/test_batch,5632,cat,truck,0.9882388114929199,False,/home/tariq/Desktop/Awais-Tariq/base-KD/reports/cifar10_full_audit/vit_scratch/failure_images/05632_true-cat_pred-truck.png,automobile,0.9081223011016846,False,/home/tariq/Desktop/Awais-Tariq/base-KD/reports/cifar10_full_audit/mamba_scratch/failure_images/05632_true-cat_pred-automobile.png,cat,0.9995433688163757,True,,dog,0.5465526580810547,False,/home/tariq/Desktop/Awais-Tariq/base-KD/reports/cifar10_full_audit/mamba_kd_from_scratch_vit/failure_images/05632_true-cat_pred-dog.png,cat,0.9101613163948059,True,,3,vit_scratch;mamba_scratch;mamba_kd_from_scratch_vit,True,False,False,False,False,False
5634,cifar10_test_05634,/home/tariq/Desktop/Awais-Tariq/base-KD/data/cifar-10-batches-py/test_batch,5634,deer,dog,0.8517638444900513,False,/home/tariq/Desktop/Awais-Tariq/base-KD/reports/cifar10_full_audit/vit_scratch/failure_images/05634_true-deer_pred-dog.png,bird,0.4779936969280243,False,/home/tariq/Desktop/Awais-Tariq/base-KD/reports/cifar10_full_audit/mamba_scratch/failure_images/05634_true-deer_pred-bird.png,deer,0.9999899864196777,True,,bird,0.9838243722915649,False,/home/tariq/Desktop/Awais-Tariq/base-KD/reports/cifar10_full_audit/mamba_kd_from_scratch_vit/failure_images/05634_true-deer_pred-bird.png,dog,0.5128775835037231,False,/home/tariq/Desktop/Awais-Tariq/base-KD/reports/cifar10_full_audit/mamba_kd_from_pretrained_vit/failure_images/05634_true-deer_pred-dog.png,4,vit_scratch;mamba_scratch;mamba_kd_from_scratch_vit;mamba_kd_from_pretrained_vit,True,False,False,False,False,True
5642,cifar10_test_05642,/home/tariq/Desktop/Awais-Tariq/base-KD/data/cifar-10-batches-py/test_batch,5642,dog,dog,0.4696401059627533,True,,deer,0.6461741328239441,False,/home/tariq/Desktop/Awais-Tariq/base-KD/reports/cifar10_full_audit/mamba_scratch/failure_images/05642_true-dog_pred-deer.png,dog,0.9998918771743774,True,,deer,0.9283381104469299,False,/home/tariq/Desktop/Awais-Tariq/base-KD/reports/cifar10_full_audit/mamba_kd_from_scratch_vit/failure_images/05642_true-dog_pred-deer.png,deer,0.5708624720573425,False,/home/tariq/Desktop/Awais-Tariq/base-KD/reports/cifar10_full_audit/mamba_kd_from_pretrained_vit/failure_images/05642_true-dog_pred-deer.png,3,mamba_scratch;mamba_kd_from_scratch_vit;mamba_kd_from_pretrained_vit,True,False,False,True,False,True
5655,cifar10_test_05655,/home/tariq/Desktop/Awais-Tariq/base-KD/data/cifar-10-batches-py/test_batch,5655,cat,horse,0.9937844276428223,False,/home/tariq/Desktop/Awais-Tariq/base-KD/reports/cifar10_full_audit/vit_scratch/failure_images/05655_true-cat_pred-horse.png,dog,0.9841199517250061,False,/home/tariq/Desktop/Awais-Tariq/base-KD/reports/cifar10_full_audit/mamba_scratch/failure_images/05655_true-cat_pred-dog.png,cat,0.9999982118606567,True,,dog,0.5616429448127747,False,/home/tariq/Desktop/Awais-Tariq/base-KD/reports/cifar10_full_audit/mamba_kd_from_scratch_vit/failure_images/05655_true-cat_pred-dog.png,cat,0.9985760450363159,True,,3,vit_scratch;mamba_scratch;mamba_kd_from_scratch_vit,True,False,False,False,False,False
5669,cifar10_test_05669,/home/tariq/Desktop/Awais-Tariq/base-KD/data/cifar-10-batches-py/test_batch,5669,airplane,automobile,0.7335841655731201,False,/home/tariq/Desktop/Awais-Tariq/base-KD/reports/cifar10_full_audit/vit_scratch/failure_images/05669_true-airplane_pred-automobile.png,ship,0.4735185205936432,False,/home/tariq/Desktop/Awais-Tariq/base-KD/reports/cifar10_full_audit/mamba_scratch/failure_images/05669_true-airplane_pred-ship.png,airplane,1.0,True,,automobile,0.5969813466072083,False,/home/tariq/Desktop/Awais-Tariq/base-KD/reports/cifar10_full_audit/mamba_kd_from_scratch_vit/failure_images/05669_true-airplane_pred-automobile.png,airplane,1.0,True,,3,vit_scratch;mamba_scratch;mamba_kd_from_scratch_vit,True,False,False,False,False,False
5690,cifar10_test_05690,/home/tariq/Desktop/Awais-Tariq/base-KD/data/cifar-10-batches-py/test_batch,5690,horse,deer,0.8717360496520996,False,/home/tariq/Desktop/Awais-Tariq/base-KD/reports/cifar10_full_audit/vit_scratch/failure_images/05690_true-horse_pred-deer.png,deer,0.9998512268066406,False,/home/tariq/Desktop/Awais-Tariq/base-KD/reports/cifar10_full_audit/mamba_scratch/failure_images/05690_true-horse_pred-deer.png,dog,0.9942378997802734,False,/home/tariq/Desktop/Awais-Tariq/base-KD/reports/cifar10_full_audit/vit_pretrained_finetuned/failure_images/05690_true-horse_pred-dog.png,horse,0.6654988527297974,True,,deer,0.998551070690155,False,/home/tariq/Desktop/Awais-Tariq/base-KD/reports/cifar10_full_audit/mamba_kd_from_pretrained_vit/failure_images/05690_true-horse_pred-deer.png,4,vit_scratch;mamba_scratch;vit_pretrained_finetuned;mamba_kd_from_pretrained_vit,True,False,True,False,False,False
5714,cifar10_test_05714,/home/tariq/Desktop/Awais-Tariq/base-KD/data/cifar-10-batches-py/test_batch,5714,bird,frog,0.9981120824813843,False,/home/tariq/Desktop/Awais-Tariq/base-KD/reports/cifar10_full_audit/vit_scratch/failure_images/05714_true-bird_pred-frog.png,frog,0.4267669916152954,False,/home/tariq/Desktop/Awais-Tariq/base-KD/reports/cifar10_full_audit/mamba_scratch/failure_images/05714_true-bird_pred-frog.png,bird,1.0,True,,frog,0.9539014101028442,False,/home/tariq/Desktop/Awais-Tariq/base-KD/reports/cifar10_full_audit/mamba_kd_from_scratch_vit/failure_images/05714_true-bird_pred-frog.png,bird,0.9948244094848633,True,,3,vit_scratch;mamba_scratch;mamba_kd_from_scratch_vit,True,False,False,False,False,False
5730,cifar10_test_05730,/home/tariq/Desktop/Awais-Tariq/base-KD/data/cifar-10-batches-py/test_batch,5730,dog,cat,0.6702409386634827,False,/home/tariq/Desktop/Awais-Tariq/base-KD/reports/cifar10_full_audit/vit_scratch/failure_images/05730_true-dog_pred-cat.png,deer,0.9028696417808533,False,/home/tariq/Desktop/Awais-Tariq/base-KD/reports/cifar10_full_audit/mamba_scratch/failure_images/05730_true-dog_pred-deer.png,dog,0.9999927282333374,True,,deer,0.9898505210876465,False,/home/tariq/Desktop/Awais-Tariq/base-KD/reports/cifar10_full_audit/mamba_kd_from_scratch_vit/failure_images/05730_true-dog_pred-deer.png,deer,0.5926158428192139,False,/home/tariq/Desktop/Awais-Tariq/base-KD/reports/cifar10_full_audit/mamba_kd_from_pretrained_vit/failure_images/05730_true-dog_pred-deer.png,4,vit_scratch;mamba_scratch;mamba_kd_from_scratch_vit;mamba_kd_from_pretrained_vit,True,False,False,False,False,True
5749,cifar10_test_05749,/home/tariq/Desktop/Awais-Tariq/base-KD/data/cifar-10-batches-py/test_batch,5749,dog,deer,0.7591788172721863,False,/home/tariq/Desktop/Awais-Tariq/base-KD/reports/cifar10_full_audit/vit_scratch/failure_images/05749_true-dog_pred-deer.png,dog,0.7992525100708008,True,,dog,0.9999039173126221,True,,cat,0.8123565912246704,False,/home/tariq/Desktop/Awais-Tariq/base-KD/reports/cifar10_full_audit/mamba_kd_from_scratch_vit/failure_images/05749_true-dog_pred-cat.png,cat,0.9799361228942871,False,/home/tariq/Desktop/Awais-Tariq/base-KD/reports/cifar10_full_audit/mamba_kd_from_pretrained_vit/failure_images/05749_true-dog_pred-cat.png,3,vit_scratch;mamba_kd_from_scratch_vit;mamba_kd_from_pretrained_vit,True,False,False,False,False,True
5806,cifar10_test_05806,/home/tariq/Desktop/Awais-Tariq/base-KD/data/cifar-10-batches-py/test_batch,5806,airplane,ship,0.9995074272155762,False,/home/tariq/Desktop/Awais-Tariq/base-KD/reports/cifar10_full_audit/vit_scratch/failure_images/05806_true-airplane_pred-ship.png,airplane,0.9919878244400024,True,,airplane,0.9999991655349731,True,,ship,0.9208094477653503,False,/home/tariq/Desktop/Awais-Tariq/base-KD/reports/cifar10_full_audit/mamba_kd_from_scratch_vit/failure_images/05806_true-airplane_pred-ship.png,ship,0.9995105266571045,False,/home/tariq/Desktop/Awais-Tariq/base-KD/reports/cifar10_full_audit/mamba_kd_from_pretrained_vit/failure_images/05806_true-airplane_pred-ship.png,3,vit_scratch;mamba_kd_from_scratch_vit;mamba_kd_from_pretrained_vit,True,False,False,False,False,True
5808,cifar10_test_05808,/home/tariq/Desktop/Awais-Tariq/base-KD/data/cifar-10-batches-py/test_batch,5808,dog,horse,0.8927471041679382,False,/home/tariq/Desktop/Awais-Tariq/base-KD/reports/cifar10_full_audit/vit_scratch/failure_images/05808_true-dog_pred-horse.png,horse,0.9992671608924866,False,/home/tariq/Desktop/Awais-Tariq/base-KD/reports/cifar10_full_audit/mamba_scratch/failure_images/05808_true-dog_pred-horse.png,dog,0.99997878074646,True,,cat,0.7881542444229126,False,/home/tariq/Desktop/Awais-Tariq/base-KD/reports/cifar10_full_audit/mamba_kd_from_scratch_vit/failure_images/05808_true-dog_pred-cat.png,dog,0.9268940687179565,True,,3,vit_scratch;mamba_scratch;mamba_kd_from_scratch_vit,True,False,False,False,False,False
5812,cifar10_test_05812,/home/tariq/Desktop/Awais-Tariq/base-KD/data/cifar-10-batches-py/test_batch,5812,deer,cat,0.9998233914375305,False,/home/tariq/Desktop/Awais-Tariq/base-KD/reports/cifar10_full_audit/vit_scratch/failure_images/05812_true-deer_pred-cat.png,deer,0.5486522316932678,True,,deer,0.9999992847442627,True,,cat,0.9677417278289795,False,/home/tariq/Desktop/Awais-Tariq/base-KD/reports/cifar10_full_audit/mamba_kd_from_scratch_vit/failure_images/05812_true-deer_pred-cat.png,cat,0.9930312633514404,False,/home/tariq/Desktop/Awais-Tariq/base-KD/reports/cifar10_full_audit/mamba_kd_from_pretrained_vit/failure_images/05812_true-deer_pred-cat.png,3,vit_scratch;mamba_kd_from_scratch_vit;mamba_kd_from_pretrained_vit,True,False,False,False,False,True
5830,cifar10_test_05830,/home/tariq/Desktop/Awais-Tariq/base-KD/data/cifar-10-batches-py/test_batch,5830,dog,dog,0.957664966583252,True,,cat,0.7279613614082336,False,/home/tariq/Desktop/Awais-Tariq/base-KD/reports/cifar10_full_audit/mamba_scratch/failure_images/05830_true-dog_pred-cat.png,cat,0.9998767375946045,False,/home/tariq/Desktop/Awais-Tariq/base-KD/reports/cifar10_full_audit/vit_pretrained_finetuned/failure_images/05830_true-dog_pred-cat.png,cat,0.7727850079536438,False,/home/tariq/Desktop/Awais-Tariq/base-KD/reports/cifar10_full_audit/mamba_kd_from_scratch_vit/failure_images/05830_true-dog_pred-cat.png,cat,0.9998770952224731,False,/home/tariq/Desktop/Awais-Tariq/base-KD/reports/cifar10_full_audit/mamba_kd_from_pretrained_vit/failure_images/05830_true-dog_pred-cat.png,4,mamba_scratch;vit_pretrained_finetuned;mamba_kd_from_scratch_vit;mamba_kd_from_pretrained_vit,True,False,False,True,False,False
5855,cifar10_test_05855,/home/tariq/Desktop/Awais-Tariq/base-KD/data/cifar-10-batches-py/test_batch,5855,horse,bird,0.5418616533279419,False,/home/tariq/Desktop/Awais-Tariq/base-KD/reports/cifar10_full_audit/vit_scratch/failure_images/05855_true-horse_pred-bird.png,bird,0.9999992847442627,False,/home/tariq/Desktop/Awais-Tariq/base-KD/reports/cifar10_full_audit/mamba_scratch/failure_images/05855_true-horse_pred-bird.png,horse,0.9999997615814209,True,,bird,0.995536208152771,False,/home/tariq/Desktop/Awais-Tariq/base-KD/reports/cifar10_full_audit/mamba_kd_from_scratch_vit/failure_images/05855_true-horse_pred-bird.png,horse,0.9997877478599548,True,,3,vit_scratch;mamba_scratch;mamba_kd_from_scratch_vit,True,False,False,False,False,False
5856,cifar10_test_05856,/home/tariq/Desktop/Awais-Tariq/base-KD/data/cifar-10-batches-py/test_batch,5856,cat,dog,0.8444895148277283,False,/home/tariq/Desktop/Awais-Tariq/base-KD/reports/cifar10_full_audit/vit_scratch/failure_images/05856_true-cat_pred-dog.png,dog,0.6606257557868958,False,/home/tariq/Desktop/Awais-Tariq/base-KD/reports/cifar10_full_audit/mamba_scratch/failure_images/05856_true-cat_pred-dog.png,cat,0.999997615814209,True,,dog,0.7100552916526794,False,/home/tariq/Desktop/Awais-Tariq/base-KD/reports/cifar10_full_audit/mamba_kd_from_scratch_vit/failure_images/05856_true-cat_pred-dog.png,cat,0.9895002245903015,True,,3,vit_scratch;mamba_scratch;mamba_kd_from_scratch_vit,True,False,False,False,False,False
5864,cifar10_test_05864,/home/tariq/Desktop/Awais-Tariq/base-KD/data/cifar-10-batches-py/test_batch,5864,truck,automobile,0.5395998358726501,False,/home/tariq/Desktop/Awais-Tariq/base-KD/reports/cifar10_full_audit/vit_scratch/failure_images/05864_true-truck_pred-automobile.png,automobile,0.6594783663749695,False,/home/tariq/Desktop/Awais-Tariq/base-KD/reports/cifar10_full_audit/mamba_scratch/failure_images/05864_true-truck_pred-automobile.png,automobile,0.9999951124191284,False,/home/tariq/Desktop/Awais-Tariq/base-KD/reports/cifar10_full_audit/vit_pretrained_finetuned/failure_images/05864_true-truck_pred-automobile.png,automobile,0.9492861032485962,False,/home/tariq/Desktop/Awais-Tariq/base-KD/reports/cifar10_full_audit/mamba_kd_from_scratch_vit/failure_images/05864_true-truck_pred-automobile.png,automobile,0.9973599314689636,False,/home/tariq/Desktop/Awais-Tariq/base-KD/reports/cifar10_full_audit/mamba_kd_from_pretrained_vit/failure_images/05864_true-truck_pred-automobile.png,5,vit_scratch;mamba_scratch;vit_pretrained_finetuned;mamba_kd_from_scratch_vit;mamba_kd_from_pretrained_vit,True,True,False,False,False,False
5881,cifar10_test_05881,/home/tariq/Desktop/Awais-Tariq/base-KD/data/cifar-10-batches-py/test_batch,5881,cat,dog,0.9951530694961548,False,/home/tariq/Desktop/Awais-Tariq/base-KD/reports/cifar10_full_audit/vit_scratch/failure_images/05881_true-cat_pred-dog.png,dog,0.9941391944885254,False,/home/tariq/Desktop/Awais-Tariq/base-KD/reports/cifar10_full_audit/mamba_scratch/failure_images/05881_true-cat_pred-dog.png,dog,0.5298681259155273,False,/home/tariq/Desktop/Awais-Tariq/base-KD/reports/cifar10_full_audit/vit_pretrained_finetuned/failure_images/05881_true-cat_pred-dog.png,dog,0.9999313354492188,False,/home/tariq/Desktop/Awais-Tariq/base-KD/reports/cifar10_full_audit/mamba_kd_from_scratch_vit/failure_images/05881_true-cat_pred-dog.png,dog,1.0,False,/home/tariq/Desktop/Awais-Tariq/base-KD/reports/cifar10_full_audit/mamba_kd_from_pretrained_vit/failure_images/05881_true-cat_pred-dog.png,5,vit_scratch;mamba_scratch;vit_pretrained_finetuned;mamba_kd_from_scratch_vit;mamba_kd_from_pretrained_vit,True,True,False,False,False,False
5896,cifar10_test_05896,/home/tariq/Desktop/Awais-Tariq/base-KD/data/cifar-10-batches-py/test_batch,5896,ship,truck,0.9973345994949341,False,/home/tariq/Desktop/Awais-Tariq/base-KD/reports/cifar10_full_audit/vit_scratch/failure_images/05896_true-ship_pred-truck.png,ship,0.8290268182754517,True,,ship,0.9998527765274048,True,,truck,0.6875883340835571,False,/home/tariq/Desktop/Awais-Tariq/base-KD/reports/cifar10_full_audit/mamba_kd_from_scratch_vit/failure_images/05896_true-ship_pred-truck.png,automobile,0.8273557424545288,False,/home/tariq/Desktop/Awais-Tariq/base-KD/reports/cifar10_full_audit/mamba_kd_from_pretrained_vit/failure_images/05896_true-ship_pred-automobile.png,3,vit_scratch;mamba_kd_from_scratch_vit;mamba_kd_from_pretrained_vit,True,False,False,False,False,True
5900,cifar10_test_05900,/home/tariq/Desktop/Awais-Tariq/base-KD/data/cifar-10-batches-py/test_batch,5900,deer,cat,0.9831185936927795,False,/home/tariq/Desktop/Awais-Tariq/base-KD/reports/cifar10_full_audit/vit_scratch/failure_images/05900_true-deer_pred-cat.png,horse,0.9718167781829834,False,/home/tariq/Desktop/Awais-Tariq/base-KD/reports/cifar10_full_audit/mamba_scratch/failure_images/05900_true-deer_pred-horse.png,deer,0.9999947547912598,True,,cat,0.994669497013092,False,/home/tariq/Desktop/Awais-Tariq/base-KD/reports/cifar10_full_audit/mamba_kd_from_scratch_vit/failure_images/05900_true-deer_pred-cat.png,deer,0.5290274620056152,True,,3,vit_scratch;mamba_scratch;mamba_kd_from_scratch_vit,True,False,False,False,False,False
5908,cifar10_test_05908,/home/tariq/Desktop/Awais-Tariq/base-KD/data/cifar-10-batches-py/test_batch,5908,cat,bird,0.9936791062355042,False,/home/tariq/Desktop/Awais-Tariq/base-KD/reports/cifar10_full_audit/vit_scratch/failure_images/05908_true-cat_pred-bird.png,bird,0.9916312098503113,False,/home/tariq/Desktop/Awais-Tariq/base-KD/reports/cifar10_full_audit/mamba_scratch/failure_images/05908_true-cat_pred-bird.png,cat,0.9999716281890869,True,,frog,0.6997803449630737,False,/home/tariq/Desktop/Awais-Tariq/base-KD/reports/cifar10_full_audit/mamba_kd_from_scratch_vit/failure_images/05908_true-cat_pred-frog.png,bird,0.9999974966049194,False,/home/tariq/Desktop/Awais-Tariq/base-KD/reports/cifar10_full_audit/mamba_kd_from_pretrained_vit/failure_images/05908_true-cat_pred-bird.png,4,vit_scratch;mamba_scratch;mamba_kd_from_scratch_vit;mamba_kd_from_pretrained_vit,True,False,False,False,False,True
5910,cifar10_test_05910,/home/tariq/Desktop/Awais-Tariq/base-KD/data/cifar-10-batches-py/test_batch,5910,bird,dog,0.857002854347229,False,/home/tariq/Desktop/Awais-Tariq/base-KD/reports/cifar10_full_audit/vit_scratch/failure_images/05910_true-bird_pred-dog.png,cat,0.7291797399520874,False,/home/tariq/Desktop/Awais-Tariq/base-KD/reports/cifar10_full_audit/mamba_scratch/failure_images/05910_true-bird_pred-cat.png,bird,0.9999996423721313,True,,dog,0.7596725821495056,False,/home/tariq/Desktop/Awais-Tariq/base-KD/reports/cifar10_full_audit/mamba_kd_from_scratch_vit/failure_images/05910_true-bird_pred-dog.png,cat,0.9911295175552368,False,/home/tariq/Desktop/Awais-Tariq/base-KD/reports/cifar10_full_audit/mamba_kd_from_pretrained_vit/failure_images/05910_true-bird_pred-cat.png,4,vit_scratch;mamba_scratch;mamba_kd_from_scratch_vit;mamba_kd_from_pretrained_vit,True,False,False,False,False,True
5915,cifar10_test_05915,/home/tariq/Desktop/Awais-Tariq/base-KD/data/cifar-10-batches-py/test_batch,5915,dog,cat,0.999118983745575,False,/home/tariq/Desktop/Awais-Tariq/base-KD/reports/cifar10_full_audit/vit_scratch/failure_images/05915_true-dog_pred-cat.png,dog,0.5141743421554565,True,,dog,0.9999954700469971,True,,cat,0.6139912605285645,False,/home/tariq/Desktop/Awais-Tariq/base-KD/reports/cifar10_full_audit/mamba_kd_from_scratch_vit/failure_images/05915_true-dog_pred-cat.png,cat,0.9863337874412537,False,/home/tariq/Desktop/Awais-Tariq/base-KD/reports/cifar10_full_audit/mamba_kd_from_pretrained_vit/failure_images/05915_true-dog_pred-cat.png,3,vit_scratch;mamba_kd_from_scratch_vit;mamba_kd_from_pretrained_vit,True,False,False,False,False,True
5917,cifar10_test_05917,/home/tariq/Desktop/Awais-Tariq/base-KD/data/cifar-10-batches-py/test_batch,5917,cat,bird,0.9945003986358643,False,/home/tariq/Desktop/Awais-Tariq/base-KD/reports/cifar10_full_audit/vit_scratch/failure_images/05917_true-cat_pred-bird.png,bird,0.9999114274978638,False,/home/tariq/Desktop/Awais-Tariq/base-KD/reports/cifar10_full_audit/mamba_scratch/failure_images/05917_true-cat_pred-bird.png,cat,0.9999974966049194,True,,bird,0.9993005990982056,False,/home/tariq/Desktop/Awais-Tariq/base-KD/reports/cifar10_full_audit/mamba_kd_from_scratch_vit/failure_images/05917_true-cat_pred-bird.png,bird,0.9999986886978149,False,/home/tariq/Desktop/Awais-Tariq/base-KD/reports/cifar10_full_audit/mamba_kd_from_pretrained_vit/failure_images/05917_true-cat_pred-bird.png,4,vit_scratch;mamba_scratch;mamba_kd_from_scratch_vit;mamba_kd_from_pretrained_vit,True,False,False,False,False,True
5924,cifar10_test_05924,/home/tariq/Desktop/Awais-Tariq/base-KD/data/cifar-10-batches-py/test_batch,5924,deer,frog,0.8685404062271118,False,/home/tariq/Desktop/Awais-Tariq/base-KD/reports/cifar10_full_audit/vit_scratch/failure_images/05924_true-deer_pred-frog.png,bird,0.8272802829742432,False,/home/tariq/Desktop/Awais-Tariq/base-KD/reports/cifar10_full_audit/mamba_scratch/failure_images/05924_true-deer_pred-bird.png,deer,0.9999996423721313,True,,bird,0.5142345428466797,False,/home/tariq/Desktop/Awais-Tariq/base-KD/reports/cifar10_full_audit/mamba_kd_from_scratch_vit/failure_images/05924_true-deer_pred-bird.png,bird,0.9999849796295166,False,/home/tariq/Desktop/Awais-Tariq/base-KD/reports/cifar10_full_audit/mamba_kd_from_pretrained_vit/failure_images/05924_true-deer_pred-bird.png,4,vit_scratch;mamba_scratch;mamba_kd_from_scratch_vit;mamba_kd_from_pretrained_vit,True,False,False,False,False,True
5930,cifar10_test_05930,/home/tariq/Desktop/Awais-Tariq/base-KD/data/cifar-10-batches-py/test_batch,5930,dog,bird,0.9235413074493408,False,/home/tariq/Desktop/Awais-Tariq/base-KD/reports/cifar10_full_audit/vit_scratch/failure_images/05930_true-dog_pred-bird.png,bird,0.9943788647651672,False,/home/tariq/Desktop/Awais-Tariq/base-KD/reports/cifar10_full_audit/mamba_scratch/failure_images/05930_true-dog_pred-bird.png,dog,0.9999997615814209,True,,bird,0.791042149066925,False,/home/tariq/Desktop/Awais-Tariq/base-KD/reports/cifar10_full_audit/mamba_kd_from_scratch_vit/failure_images/05930_true-dog_pred-bird.png,bird,0.8923872709274292,False,/home/tariq/Desktop/Awais-Tariq/base-KD/reports/cifar10_full_audit/mamba_kd_from_pretrained_vit/failure_images/05930_true-dog_pred-bird.png,4,vit_scratch;mamba_scratch;mamba_kd_from_scratch_vit;mamba_kd_from_pretrained_vit,True,False,False,False,False,True
5986,cifar10_test_05986,/home/tariq/Desktop/Awais-Tariq/base-KD/data/cifar-10-batches-py/test_batch,5986,cat,cat,0.8290464878082275,True,,dog,0.6184249520301819,False,/home/tariq/Desktop/Awais-Tariq/base-KD/reports/cifar10_full_audit/mamba_scratch/failure_images/05986_true-cat_pred-dog.png,cat,0.9998466968536377,True,,dog,0.9742237329483032,False,/home/tariq/Desktop/Awais-Tariq/base-KD/reports/cifar10_full_audit/mamba_kd_from_scratch_vit/failure_images/05986_true-cat_pred-dog.png,dog,0.9965447783470154,False,/home/tariq/Desktop/Awais-Tariq/base-KD/reports/cifar10_full_audit/mamba_kd_from_pretrained_vit/failure_images/05986_true-cat_pred-dog.png,3,mamba_scratch;mamba_kd_from_scratch_vit;mamba_kd_from_pretrained_vit,True,False,False,True,False,True
6008,cifar10_test_06008,/home/tariq/Desktop/Awais-Tariq/base-KD/data/cifar-10-batches-py/test_batch,6008,cat,bird,0.7859525084495544,False,/home/tariq/Desktop/Awais-Tariq/base-KD/reports/cifar10_full_audit/vit_scratch/failure_images/06008_true-cat_pred-bird.png,bird,0.9914392232894897,False,/home/tariq/Desktop/Awais-Tariq/base-KD/reports/cifar10_full_audit/mamba_scratch/failure_images/06008_true-cat_pred-bird.png,cat,0.9999983310699463,True,,bird,0.9893354773521423,False,/home/tariq/Desktop/Awais-Tariq/base-KD/reports/cifar10_full_audit/mamba_kd_from_scratch_vit/failure_images/06008_true-cat_pred-bird.png,bird,0.9696612358093262,False,/home/tariq/Desktop/Awais-Tariq/base-KD/reports/cifar10_full_audit/mamba_kd_from_pretrained_vit/failure_images/06008_true-cat_pred-bird.png,4,vit_scratch;mamba_scratch;mamba_kd_from_scratch_vit;mamba_kd_from_pretrained_vit,True,False,False,False,False,True
6014,cifar10_test_06014,/home/tariq/Desktop/Awais-Tariq/base-KD/data/cifar-10-batches-py/test_batch,6014,dog,horse,0.9781694412231445,False,/home/tariq/Desktop/Awais-Tariq/base-KD/reports/cifar10_full_audit/vit_scratch/failure_images/06014_true-dog_pred-horse.png,horse,0.9625535607337952,False,/home/tariq/Desktop/Awais-Tariq/base-KD/reports/cifar10_full_audit/mamba_scratch/failure_images/06014_true-dog_pred-horse.png,dog,0.9999796152114868,True,,horse,0.820861279964447,False,/home/tariq/Desktop/Awais-Tariq/base-KD/reports/cifar10_full_audit/mamba_kd_from_scratch_vit/failure_images/06014_true-dog_pred-horse.png,deer,0.6003508567810059,False,/home/tariq/Desktop/Awais-Tariq/base-KD/reports/cifar10_full_audit/mamba_kd_from_pretrained_vit/failure_images/06014_true-dog_pred-deer.png,4,vit_scratch;mamba_scratch;mamba_kd_from_scratch_vit;mamba_kd_from_pretrained_vit,True,False,False,False,False,True
6016,cifar10_test_06016,/home/tariq/Desktop/Awais-Tariq/base-KD/data/cifar-10-batches-py/test_batch,6016,deer,frog,0.9999520778656006,False,/home/tariq/Desktop/Awais-Tariq/base-KD/reports/cifar10_full_audit/vit_scratch/failure_images/06016_true-deer_pred-frog.png,frog,0.9992977380752563,False,/home/tariq/Desktop/Awais-Tariq/base-KD/reports/cifar10_full_audit/mamba_scratch/failure_images/06016_true-deer_pred-frog.png,deer,0.9999982118606567,True,,frog,0.9999161958694458,False,/home/tariq/Desktop/Awais-Tariq/base-KD/reports/cifar10_full_audit/mamba_kd_from_scratch_vit/failure_images/06016_true-deer_pred-frog.png,frog,0.8153507113456726,False,/home/tariq/Desktop/Awais-Tariq/base-KD/reports/cifar10_full_audit/mamba_kd_from_pretrained_vit/failure_images/06016_true-deer_pred-frog.png,4,vit_scratch;mamba_scratch;mamba_kd_from_scratch_vit;mamba_kd_from_pretrained_vit,True,False,False,False,False,True
6051,cifar10_test_06051,/home/tariq/Desktop/Awais-Tariq/base-KD/data/cifar-10-batches-py/test_batch,6051,deer,horse,0.9833481907844543,False,/home/tariq/Desktop/Awais-Tariq/base-KD/reports/cifar10_full_audit/vit_scratch/failure_images/06051_true-deer_pred-horse.png,horse,0.4312305152416229,False,/home/tariq/Desktop/Awais-Tariq/base-KD/reports/cifar10_full_audit/mamba_scratch/failure_images/06051_true-deer_pred-horse.png,deer,0.9999997615814209,True,,horse,0.43465957045555115,False,/home/tariq/Desktop/Awais-Tariq/base-KD/reports/cifar10_full_audit/mamba_kd_from_scratch_vit/failure_images/06051_true-deer_pred-horse.png,deer,0.8596935868263245,True,,3,vit_scratch;mamba_scratch;mamba_kd_from_scratch_vit,True,False,False,False,False,False
6064,cifar10_test_06064,/home/tariq/Desktop/Awais-Tariq/base-KD/data/cifar-10-batches-py/test_batch,6064,dog,dog,0.8747546076774597,True,,cat,0.9999585151672363,False,/home/tariq/Desktop/Awais-Tariq/base-KD/reports/cifar10_full_audit/mamba_scratch/failure_images/06064_true-dog_pred-cat.png,dog,0.9999986886978149,True,,cat,0.6842312216758728,False,/home/tariq/Desktop/Awais-Tariq/base-KD/reports/cifar10_full_audit/mamba_kd_from_scratch_vit/failure_images/06064_true-dog_pred-cat.png,cat,0.9816998839378357,False,/home/tariq/Desktop/Awais-Tariq/base-KD/reports/cifar10_full_audit/mamba_kd_from_pretrained_vit/failure_images/06064_true-dog_pred-cat.png,3,mamba_scratch;mamba_kd_from_scratch_vit;mamba_kd_from_pretrained_vit,True,False,False,True,False,True
6068,cifar10_test_06068,/home/tariq/Desktop/Awais-Tariq/base-KD/data/cifar-10-batches-py/test_batch,6068,dog,cat,0.9559948444366455,False,/home/tariq/Desktop/Awais-Tariq/base-KD/reports/cifar10_full_audit/vit_scratch/failure_images/06068_true-dog_pred-cat.png,cat,0.5565109252929688,False,/home/tariq/Desktop/Awais-Tariq/base-KD/reports/cifar10_full_audit/mamba_scratch/failure_images/06068_true-dog_pred-cat.png,dog,0.999996542930603,True,,cat,0.985217273235321,False,/home/tariq/Desktop/Awais-Tariq/base-KD/reports/cifar10_full_audit/mamba_kd_from_scratch_vit/failure_images/06068_true-dog_pred-cat.png,cat,0.9995601773262024,False,/home/tariq/Desktop/Awais-Tariq/base-KD/reports/cifar10_full_audit/mamba_kd_from_pretrained_vit/failure_images/06068_true-dog_pred-cat.png,4,vit_scratch;mamba_scratch;mamba_kd_from_scratch_vit;mamba_kd_from_pretrained_vit,True,False,False,False,False,True
6070,cifar10_test_06070,/home/tariq/Desktop/Awais-Tariq/base-KD/data/cifar-10-batches-py/test_batch,6070,ship,ship,0.899524450302124,True,,truck,0.999337375164032,False,/home/tariq/Desktop/Awais-Tariq/base-KD/reports/cifar10_full_audit/mamba_scratch/failure_images/06070_true-ship_pred-truck.png,ship,0.9999963045120239,True,,truck,0.7250798940658569,False,/home/tariq/Desktop/Awais-Tariq/base-KD/reports/cifar10_full_audit/mamba_kd_from_scratch_vit/failure_images/06070_true-ship_pred-truck.png,truck,0.9992488026618958,False,/home/tariq/Desktop/Awais-Tariq/base-KD/reports/cifar10_full_audit/mamba_kd_from_pretrained_vit/failure_images/06070_true-ship_pred-truck.png,3,mamba_scratch;mamba_kd_from_scratch_vit;mamba_kd_from_pretrained_vit,True,False,False,True,False,True
6083,cifar10_test_06083,/home/tariq/Desktop/Awais-Tariq/base-KD/data/cifar-10-batches-py/test_batch,6083,bird,cat,0.627900242805481,False,/home/tariq/Desktop/Awais-Tariq/base-KD/reports/cifar10_full_audit/vit_scratch/failure_images/06083_true-bird_pred-cat.png,cat,0.9985145926475525,False,/home/tariq/Desktop/Awais-Tariq/base-KD/reports/cifar10_full_audit/mamba_scratch/failure_images/06083_true-bird_pred-cat.png,bird,1.0,True,,truck,0.533932626247406,False,/home/tariq/Desktop/Awais-Tariq/base-KD/reports/cifar10_full_audit/mamba_kd_from_scratch_vit/failure_images/06083_true-bird_pred-truck.png,cat,0.8219899535179138,False,/home/tariq/Desktop/Awais-Tariq/base-KD/reports/cifar10_full_audit/mamba_kd_from_pretrained_vit/failure_images/06083_true-bird_pred-cat.png,4,vit_scratch;mamba_scratch;mamba_kd_from_scratch_vit;mamba_kd_from_pretrained_vit,True,False,False,False,False,True
6111,cifar10_test_06111,/home/tariq/Desktop/Awais-Tariq/base-KD/data/cifar-10-batches-py/test_batch,6111,cat,bird,0.9965687990188599,False,/home/tariq/Desktop/Awais-Tariq/base-KD/reports/cifar10_full_audit/vit_scratch/failure_images/06111_true-cat_pred-bird.png,dog,0.6099920272827148,False,/home/tariq/Desktop/Awais-Tariq/base-KD/reports/cifar10_full_audit/mamba_scratch/failure_images/06111_true-cat_pred-dog.png,cat,0.8873696327209473,True,,bird,0.5440206527709961,False,/home/tariq/Desktop/Awais-Tariq/base-KD/reports/cifar10_full_audit/mamba_kd_from_scratch_vit/failure_images/06111_true-cat_pred-bird.png,bird,0.9662603139877319,False,/home/tariq/Desktop/Awais-Tariq/base-KD/reports/cifar10_full_audit/mamba_kd_from_pretrained_vit/failure_images/06111_true-cat_pred-bird.png,4,vit_scratch;mamba_scratch;mamba_kd_from_scratch_vit;mamba_kd_from_pretrained_vit,True,False,False,False,False,True
6116,cifar10_test_06116,/home/tariq/Desktop/Awais-Tariq/base-KD/data/cifar-10-batches-py/test_batch,6116,dog,deer,0.9990659356117249,False,/home/tariq/Desktop/Awais-Tariq/base-KD/reports/cifar10_full_audit/vit_scratch/failure_images/06116_true-dog_pred-deer.png,deer,0.9985225796699524,False,/home/tariq/Desktop/Awais-Tariq/base-KD/reports/cifar10_full_audit/mamba_scratch/failure_images/06116_true-dog_pred-deer.png,dog,0.9999992847442627,True,,deer,0.9436851739883423,False,/home/tariq/Desktop/Awais-Tariq/base-KD/reports/cifar10_full_audit/mamba_kd_from_scratch_vit/failure_images/06116_true-dog_pred-deer.png,dog,0.8222687840461731,True,,3,vit_scratch;mamba_scratch;mamba_kd_from_scratch_vit,True,False,False,False,False,False
6134,cifar10_test_06134,/home/tariq/Desktop/Awais-Tariq/base-KD/data/cifar-10-batches-py/test_batch,6134,cat,truck,0.8242468237876892,False,/home/tariq/Desktop/Awais-Tariq/base-KD/reports/cifar10_full_audit/vit_scratch/failure_images/06134_true-cat_pred-truck.png,truck,0.9939565658569336,False,/home/tariq/Desktop/Awais-Tariq/base-KD/reports/cifar10_full_audit/mamba_scratch/failure_images/06134_true-cat_pred-truck.png,cat,0.9999872446060181,True,,truck,0.9908105134963989,False,/home/tariq/Desktop/Awais-Tariq/base-KD/reports/cifar10_full_audit/mamba_kd_from_scratch_vit/failure_images/06134_true-cat_pred-truck.png,truck,0.8995214700698853,False,/home/tariq/Desktop/Awais-Tariq/base-KD/reports/cifar10_full_audit/mamba_kd_from_pretrained_vit/failure_images/06134_true-cat_pred-truck.png,4,vit_scratch;mamba_scratch;mamba_kd_from_scratch_vit;mamba_kd_from_pretrained_vit,True,False,False,False,False,True
6135,cifar10_test_06135,/home/tariq/Desktop/Awais-Tariq/base-KD/data/cifar-10-batches-py/test_batch,6135,cat,horse,0.9593294858932495,False,/home/tariq/Desktop/Awais-Tariq/base-KD/reports/cifar10_full_audit/vit_scratch/failure_images/06135_true-cat_pred-horse.png,dog,0.7311170101165771,False,/home/tariq/Desktop/Awais-Tariq/base-KD/reports/cifar10_full_audit/mamba_scratch/failure_images/06135_true-cat_pred-dog.png,cat,0.9999265670776367,True,,horse,0.587904155254364,False,/home/tariq/Desktop/Awais-Tariq/base-KD/reports/cifar10_full_audit/mamba_kd_from_scratch_vit/failure_images/06135_true-cat_pred-horse.png,cat,0.9999226331710815,True,,3,vit_scratch;mamba_scratch;mamba_kd_from_scratch_vit,True,False,False,False,False,False
6138,cifar10_test_06138,/home/tariq/Desktop/Awais-Tariq/base-KD/data/cifar-10-batches-py/test_batch,6138,cat,frog,0.5190521478652954,False,/home/tariq/Desktop/Awais-Tariq/base-KD/reports/cifar10_full_audit/vit_scratch/failure_images/06138_true-cat_pred-frog.png,airplane,0.9999158382415771,False,/home/tariq/Desktop/Awais-Tariq/base-KD/reports/cifar10_full_audit/mamba_scratch/failure_images/06138_true-cat_pred-airplane.png,cat,0.9999988079071045,True,,airplane,0.9305906295776367,False,/home/tariq/Desktop/Awais-Tariq/base-KD/reports/cifar10_full_audit/mamba_kd_from_scratch_vit/failure_images/06138_true-cat_pred-airplane.png,cat,0.7841585874557495,True,,3,vit_scratch;mamba_scratch;mamba_kd_from_scratch_vit,True,False,False,False,False,False
6142,cifar10_test_06142,/home/tariq/Desktop/Awais-Tariq/base-KD/data/cifar-10-batches-py/test_batch,6142,dog,cat,0.9764313697814941,False,/home/tariq/Desktop/Awais-Tariq/base-KD/reports/cifar10_full_audit/vit_scratch/failure_images/06142_true-dog_pred-cat.png,cat,0.5599149465560913,False,/home/tariq/Desktop/Awais-Tariq/base-KD/reports/cifar10_full_audit/mamba_scratch/failure_images/06142_true-dog_pred-cat.png,dog,0.999998927116394,True,,cat,0.8759852051734924,False,/home/tariq/Desktop/Awais-Tariq/base-KD/reports/cifar10_full_audit/mamba_kd_from_scratch_vit/failure_images/06142_true-dog_pred-cat.png,horse,0.5059317946434021,False,/home/tariq/Desktop/Awais-Tariq/base-KD/reports/cifar10_full_audit/mamba_kd_from_pretrained_vit/failure_images/06142_true-dog_pred-horse.png,4,vit_scratch;mamba_scratch;mamba_kd_from_scratch_vit;mamba_kd_from_pretrained_vit,True,False,False,False,False,True
6146,cifar10_test_06146,/home/tariq/Desktop/Awais-Tariq/base-KD/data/cifar-10-batches-py/test_batch,6146,airplane,truck,0.9822685718536377,False,/home/tariq/Desktop/Awais-Tariq/base-KD/reports/cifar10_full_audit/vit_scratch/failure_images/06146_true-airplane_pred-truck.png,truck,0.9875126481056213,False,/home/tariq/Desktop/Awais-Tariq/base-KD/reports/cifar10_full_audit/mamba_scratch/failure_images/06146_true-airplane_pred-truck.png,airplane,0.9999995231628418,True,,truck,0.9880226850509644,False,/home/tariq/Desktop/Awais-Tariq/base-KD/reports/cifar10_full_audit/mamba_kd_from_scratch_vit/failure_images/06146_true-airplane_pred-truck.png,truck,0.9999842643737793,False,/home/tariq/Desktop/Awais-Tariq/base-KD/reports/cifar10_full_audit/mamba_kd_from_pretrained_vit/failure_images/06146_true-airplane_pred-truck.png,4,vit_scratch;mamba_scratch;mamba_kd_from_scratch_vit;mamba_kd_from_pretrained_vit,True,False,False,False,False,True
6153,cifar10_test_06153,/home/tariq/Desktop/Awais-Tariq/base-KD/data/cifar-10-batches-py/test_batch,6153,deer,horse,0.9749178886413574,False,/home/tariq/Desktop/Awais-Tariq/base-KD/reports/cifar10_full_audit/vit_scratch/failure_images/06153_true-deer_pred-horse.png,deer,0.5283589363098145,True,,deer,0.998853325843811,True,,horse,0.8892865777015686,False,/home/tariq/Desktop/Awais-Tariq/base-KD/reports/cifar10_full_audit/mamba_kd_from_scratch_vit/failure_images/06153_true-deer_pred-horse.png,horse,0.925930380821228,False,/home/tariq/Desktop/Awais-Tariq/base-KD/reports/cifar10_full_audit/mamba_kd_from_pretrained_vit/failure_images/06153_true-deer_pred-horse.png,3,vit_scratch;mamba_kd_from_scratch_vit;mamba_kd_from_pretrained_vit,True,False,False,False,False,True
6174,cifar10_test_06174,/home/tariq/Desktop/Awais-Tariq/base-KD/data/cifar-10-batches-py/test_batch,6174,cat,dog,0.8647136688232422,False,/home/tariq/Desktop/Awais-Tariq/base-KD/reports/cifar10_full_audit/vit_scratch/failure_images/06174_true-cat_pred-dog.png,cat,0.9977831244468689,True,,cat,0.9999563694000244,True,,dog,0.5352793335914612,False,/home/tariq/Desktop/Awais-Tariq/base-KD/reports/cifar10_full_audit/mamba_kd_from_scratch_vit/failure_images/06174_true-cat_pred-dog.png,dog,0.9983194470405579,False,/home/tariq/Desktop/Awais-Tariq/base-KD/reports/cifar10_full_audit/mamba_kd_from_pretrained_vit/failure_images/06174_true-cat_pred-dog.png,3,vit_scratch;mamba_kd_from_scratch_vit;mamba_kd_from_pretrained_vit,True,False,False,False,False,True
6197,cifar10_test_06197,/home/tariq/Desktop/Awais-Tariq/base-KD/data/cifar-10-batches-py/test_batch,6197,deer,bird,0.9068906307220459,False,/home/tariq/Desktop/Awais-Tariq/base-KD/reports/cifar10_full_audit/vit_scratch/failure_images/06197_true-deer_pred-bird.png,cat,0.9969083666801453,False,/home/tariq/Desktop/Awais-Tariq/base-KD/reports/cifar10_full_audit/mamba_scratch/failure_images/06197_true-deer_pred-cat.png,cat,0.9986802935600281,False,/home/tariq/Desktop/Awais-Tariq/base-KD/reports/cifar10_full_audit/vit_pretrained_finetuned/failure_images/06197_true-deer_pred-cat.png,deer,0.8820872902870178,True,,cat,0.896023154258728,False,/home/tariq/Desktop/Awais-Tariq/base-KD/reports/cifar10_full_audit/mamba_kd_from_pretrained_vit/failure_images/06197_true-deer_pred-cat.png,4,vit_scratch;mamba_scratch;vit_pretrained_finetuned;mamba_kd_from_pretrained_vit,True,False,True,False,False,False
6202,cifar10_test_06202,/home/tariq/Desktop/Awais-Tariq/base-KD/data/cifar-10-batches-py/test_batch,6202,cat,bird,0.8022704720497131,False,/home/tariq/Desktop/Awais-Tariq/base-KD/reports/cifar10_full_audit/vit_scratch/failure_images/06202_true-cat_pred-bird.png,bird,0.765519917011261,False,/home/tariq/Desktop/Awais-Tariq/base-KD/reports/cifar10_full_audit/mamba_scratch/failure_images/06202_true-cat_pred-bird.png,cat,0.8531594276428223,True,,dog,0.8197648525238037,False,/home/tariq/Desktop/Awais-Tariq/base-KD/reports/cifar10_full_audit/mamba_kd_from_scratch_vit/failure_images/06202_true-cat_pred-dog.png,dog,0.4697924256324768,False,/home/tariq/Desktop/Awais-Tariq/base-KD/reports/cifar10_full_audit/mamba_kd_from_pretrained_vit/failure_images/06202_true-cat_pred-dog.png,4,vit_scratch;mamba_scratch;mamba_kd_from_scratch_vit;mamba_kd_from_pretrained_vit,True,False,False,False,False,True
6210,cifar10_test_06210,/home/tariq/Desktop/Awais-Tariq/base-KD/data/cifar-10-batches-py/test_batch,6210,deer,cat,0.919098436832428,False,/home/tariq/Desktop/Awais-Tariq/base-KD/reports/cifar10_full_audit/vit_scratch/failure_images/06210_true-deer_pred-cat.png,dog,0.9849226474761963,False,/home/tariq/Desktop/Awais-Tariq/base-KD/reports/cifar10_full_audit/mamba_scratch/failure_images/06210_true-deer_pred-dog.png,deer,0.9999926090240479,True,,dog,0.9136819243431091,False,/home/tariq/Desktop/Awais-Tariq/base-KD/reports/cifar10_full_audit/mamba_kd_from_scratch_vit/failure_images/06210_true-deer_pred-dog.png,dog,0.930144727230072,False,/home/tariq/Desktop/Awais-Tariq/base-KD/reports/cifar10_full_audit/mamba_kd_from_pretrained_vit/failure_images/06210_true-deer_pred-dog.png,4,vit_scratch;mamba_scratch;mamba_kd_from_scratch_vit;mamba_kd_from_pretrained_vit,True,False,False,False,False,True
6218,cifar10_test_06218,/home/tariq/Desktop/Awais-Tariq/base-KD/data/cifar-10-batches-py/test_batch,6218,truck,frog,0.9998388290405273,False,/home/tariq/Desktop/Awais-Tariq/base-KD/reports/cifar10_full_audit/vit_scratch/failure_images/06218_true-truck_pred-frog.png,frog,0.806458592414856,False,/home/tariq/Desktop/Awais-Tariq/base-KD/reports/cifar10_full_audit/mamba_scratch/failure_images/06218_true-truck_pred-frog.png,truck,0.9999856948852539,True,,frog,0.8351921439170837,False,/home/tariq/Desktop/Awais-Tariq/base-KD/reports/cifar10_full_audit/mamba_kd_from_scratch_vit/failure_images/06218_true-truck_pred-frog.png,cat,0.8521513938903809,False,/home/tariq/Desktop/Awais-Tariq/base-KD/reports/cifar10_full_audit/mamba_kd_from_pretrained_vit/failure_images/06218_true-truck_pred-cat.png,4,vit_scratch;mamba_scratch;mamba_kd_from_scratch_vit;mamba_kd_from_pretrained_vit,True,False,False,False,False,True
6253,cifar10_test_06253,/home/tariq/Desktop/Awais-Tariq/base-KD/data/cifar-10-batches-py/test_batch,6253,dog,deer,0.9986851811408997,False,/home/tariq/Desktop/Awais-Tariq/base-KD/reports/cifar10_full_audit/vit_scratch/failure_images/06253_true-dog_pred-deer.png,dog,0.7946592569351196,True,,dog,0.9999994039535522,True,,deer,0.8639666438102722,False,/home/tariq/Desktop/Awais-Tariq/base-KD/reports/cifar10_full_audit/mamba_kd_from_scratch_vit/failure_images/06253_true-dog_pred-deer.png,deer,0.7572494745254517,False,/home/tariq/Desktop/Awais-Tariq/base-KD/reports/cifar10_full_audit/mamba_kd_from_pretrained_vit/failure_images/06253_true-dog_pred-deer.png,3,vit_scratch;mamba_kd_from_scratch_vit;mamba_kd_from_pretrained_vit,True,False,False,False,False,True
6257,cifar10_test_06257,/home/tariq/Desktop/Awais-Tariq/base-KD/data/cifar-10-batches-py/test_batch,6257,dog,cat,0.838346540927887,False,/home/tariq/Desktop/Awais-Tariq/base-KD/reports/cifar10_full_audit/vit_scratch/failure_images/06257_true-dog_pred-cat.png,bird,0.9615840315818787,False,/home/tariq/Desktop/Awais-Tariq/base-KD/reports/cifar10_full_audit/mamba_scratch/failure_images/06257_true-dog_pred-bird.png,cat,0.9882212281227112,False,/home/tariq/Desktop/Awais-Tariq/base-KD/reports/cifar10_full_audit/vit_pretrained_finetuned/failure_images/06257_true-dog_pred-cat.png,cat,0.559444785118103,False,/home/tariq/Desktop/Awais-Tariq/base-KD/reports/cifar10_full_audit/mamba_kd_from_scratch_vit/failure_images/06257_true-dog_pred-cat.png,cat,0.9998576641082764,False,/home/tariq/Desktop/Awais-Tariq/base-KD/reports/cifar10_full_audit/mamba_kd_from_pretrained_vit/failure_images/06257_true-dog_pred-cat.png,5,vit_scratch;mamba_scratch;vit_pretrained_finetuned;mamba_kd_from_scratch_vit;mamba_kd_from_pretrained_vit,True,True,False,False,False,False
6305,cifar10_test_06305,/home/tariq/Desktop/Awais-Tariq/base-KD/data/cifar-10-batches-py/test_batch,6305,frog,frog,0.8549736142158508,True,,deer,0.9822192192077637,False,/home/tariq/Desktop/Awais-Tariq/base-KD/reports/cifar10_full_audit/mamba_scratch/failure_images/06305_true-frog_pred-deer.png,frog,0.9999966621398926,True,,bird,0.6355184316635132,False,/home/tariq/Desktop/Awais-Tariq/base-KD/reports/cifar10_full_audit/mamba_kd_from_scratch_vit/failure_images/06305_true-frog_pred-bird.png,bird,0.9874797463417053,False,/home/tariq/Desktop/Awais-Tariq/base-KD/reports/cifar10_full_audit/mamba_kd_from_pretrained_vit/failure_images/06305_true-frog_pred-bird.png,3,mamba_scratch;mamba_kd_from_scratch_vit;mamba_kd_from_pretrained_vit,True,False,False,True,False,True
6326,cifar10_test_06326,/home/tariq/Desktop/Awais-Tariq/base-KD/data/cifar-10-batches-py/test_batch,6326,horse,ship,0.6246353387832642,False,/home/tariq/Desktop/Awais-Tariq/base-KD/reports/cifar10_full_audit/vit_scratch/failure_images/06326_true-horse_pred-ship.png,horse,0.9969592094421387,True,,horse,0.9999982118606567,True,,ship,0.7412125468254089,False,/home/tariq/Desktop/Awais-Tariq/base-KD/reports/cifar10_full_audit/mamba_kd_from_scratch_vit/failure_images/06326_true-horse_pred-ship.png,truck,0.7294988036155701,False,/home/tariq/Desktop/Awais-Tariq/base-KD/reports/cifar10_full_audit/mamba_kd_from_pretrained_vit/failure_images/06326_true-horse_pred-truck.png,3,vit_scratch;mamba_kd_from_scratch_vit;mamba_kd_from_pretrained_vit,True,False,False,False,False,True
6381,cifar10_test_06381,/home/tariq/Desktop/Awais-Tariq/base-KD/data/cifar-10-batches-py/test_batch,6381,truck,truck,0.6673243641853333,True,,truck,0.9933376312255859,True,,automobile,0.9999935626983643,False,/home/tariq/Desktop/Awais-Tariq/base-KD/reports/cifar10_full_audit/vit_pretrained_finetuned/failure_images/06381_true-truck_pred-automobile.png,automobile,0.9362255334854126,False,/home/tariq/Desktop/Awais-Tariq/base-KD/reports/cifar10_full_audit/mamba_kd_from_scratch_vit/failure_images/06381_true-truck_pred-automobile.png,automobile,0.999852180480957,False,/home/tariq/Desktop/Awais-Tariq/base-KD/reports/cifar10_full_audit/mamba_kd_from_pretrained_vit/failure_images/06381_true-truck_pred-automobile.png,3,vit_pretrained_finetuned;mamba_kd_from_scratch_vit;mamba_kd_from_pretrained_vit,True,False,False,True,False,False
6382,cifar10_test_06382,/home/tariq/Desktop/Awais-Tariq/base-KD/data/cifar-10-batches-py/test_batch,6382,deer,cat,0.8894671201705933,False,/home/tariq/Desktop/Awais-Tariq/base-KD/reports/cifar10_full_audit/vit_scratch/failure_images/06382_true-deer_pred-cat.png,cat,0.9594071507453918,False,/home/tariq/Desktop/Awais-Tariq/base-KD/reports/cifar10_full_audit/mamba_scratch/failure_images/06382_true-deer_pred-cat.png,deer,0.9999994039535522,True,,horse,0.8943100571632385,False,/home/tariq/Desktop/Awais-Tariq/base-KD/reports/cifar10_full_audit/mamba_kd_from_scratch_vit/failure_images/06382_true-deer_pred-horse.png,deer,0.9997240900993347,True,,3,vit_scratch;mamba_scratch;mamba_kd_from_scratch_vit,True,False,False,False,False,False
6387,cifar10_test_06387,/home/tariq/Desktop/Awais-Tariq/base-KD/data/cifar-10-batches-py/test_batch,6387,bird,deer,0.9168581962585449,False,/home/tariq/Desktop/Awais-Tariq/base-KD/reports/cifar10_full_audit/vit_scratch/failure_images/06387_true-bird_pred-deer.png,bird,0.9982975125312805,True,,bird,0.9999997615814209,True,,deer,0.7124273777008057,False,/home/tariq/Desktop/Awais-Tariq/base-KD/reports/cifar10_full_audit/mamba_kd_from_scratch_vit/failure_images/06387_true-bird_pred-deer.png,deer,0.8851925730705261,False,/home/tariq/Desktop/Awais-Tariq/base-KD/reports/cifar10_full_audit/mamba_kd_from_pretrained_vit/failure_images/06387_true-bird_pred-deer.png,3,vit_scratch;mamba_kd_from_scratch_vit;mamba_kd_from_pretrained_vit,True,False,False,False,False,True
6396,cifar10_test_06396,/home/tariq/Desktop/Awais-Tariq/base-KD/data/cifar-10-batches-py/test_batch,6396,deer,frog,0.9837664365768433,False,/home/tariq/Desktop/Awais-Tariq/base-KD/reports/cifar10_full_audit/vit_scratch/failure_images/06396_true-deer_pred-frog.png,frog,0.9319267272949219,False,/home/tariq/Desktop/Awais-Tariq/base-KD/reports/cifar10_full_audit/mamba_scratch/failure_images/06396_true-deer_pred-frog.png,deer,0.9999996423721313,True,,frog,0.8519917130470276,False,/home/tariq/Desktop/Awais-Tariq/base-KD/reports/cifar10_full_audit/mamba_kd_from_scratch_vit/failure_images/06396_true-deer_pred-frog.png,deer,0.8306174874305725,True,,3,vit_scratch;mamba_scratch;mamba_kd_from_scratch_vit,True,False,False,False,False,False
6401,cifar10_test_06401,/home/tariq/Desktop/Awais-Tariq/base-KD/data/cifar-10-batches-py/test_batch,6401,deer,horse,0.99250727891922,False,/home/tariq/Desktop/Awais-Tariq/base-KD/reports/cifar10_full_audit/vit_scratch/failure_images/06401_true-deer_pred-horse.png,horse,0.8919097185134888,False,/home/tariq/Desktop/Awais-Tariq/base-KD/reports/cifar10_full_audit/mamba_scratch/failure_images/06401_true-deer_pred-horse.png,deer,0.9999992847442627,True,,deer,0.9178889989852905,True,,dog,0.9936331510543823,False,/home/tariq/Desktop/Awais-Tariq/base-KD/reports/cifar10_full_audit/mamba_kd_from_pretrained_vit/failure_images/06401_true-deer_pred-dog.png,3,vit_scratch;mamba_scratch;mamba_kd_from_pretrained_vit,True,False,True,False,False,True
6412,cifar10_test_06412,/home/tariq/Desktop/Awais-Tariq/base-KD/data/cifar-10-batches-py/test_batch,6412,ship,truck,0.7970029711723328,False,/home/tariq/Desktop/Awais-Tariq/base-KD/reports/cifar10_full_audit/vit_scratch/failure_images/06412_true-ship_pred-truck.png,truck,0.9987758994102478,False,/home/tariq/Desktop/Awais-Tariq/base-KD/reports/cifar10_full_audit/mamba_scratch/failure_images/06412_true-ship_pred-truck.png,ship,0.9999923706054688,True,,truck,0.7195099592208862,False,/home/tariq/Desktop/Awais-Tariq/base-KD/reports/cifar10_full_audit/mamba_kd_from_scratch_vit/failure_images/06412_true-ship_pred-truck.png,ship,0.8544265627861023,True,,3,vit_scratch;mamba_scratch;mamba_kd_from_scratch_vit,True,False,False,False,False,False
6419,cifar10_test_06419,/home/tariq/Desktop/Awais-Tariq/base-KD/data/cifar-10-batches-py/test_batch,6419,truck,ship,0.931154191493988,False,/home/tariq/Desktop/Awais-Tariq/base-KD/reports/cifar10_full_audit/vit_scratch/failure_images/06419_true-truck_pred-ship.png,ship,0.9818615913391113,False,/home/tariq/Desktop/Awais-Tariq/base-KD/reports/cifar10_full_audit/mamba_scratch/failure_images/06419_true-truck_pred-ship.png,truck,0.9999853372573853,True,,ship,0.729697048664093,False,/home/tariq/Desktop/Awais-Tariq/base-KD/reports/cifar10_full_audit/mamba_kd_from_scratch_vit/failure_images/06419_true-truck_pred-ship.png,ship,0.9663292765617371,False,/home/tariq/Desktop/Awais-Tariq/base-KD/reports/cifar10_full_audit/mamba_kd_from_pretrained_vit/failure_images/06419_true-truck_pred-ship.png,4,vit_scratch;mamba_scratch;mamba_kd_from_scratch_vit;mamba_kd_from_pretrained_vit,True,False,False,False,False,True
6428,cifar10_test_06428,/home/tariq/Desktop/Awais-Tariq/base-KD/data/cifar-10-batches-py/test_batch,6428,dog,cat,0.9711217284202576,False,/home/tariq/Desktop/Awais-Tariq/base-KD/reports/cifar10_full_audit/vit_scratch/failure_images/06428_true-dog_pred-cat.png,frog,0.572648823261261,False,/home/tariq/Desktop/Awais-Tariq/base-KD/reports/cifar10_full_audit/mamba_scratch/failure_images/06428_true-dog_pred-frog.png,dog,0.9999456405639648,True,,cat,0.5980989336967468,False,/home/tariq/Desktop/Awais-Tariq/base-KD/reports/cifar10_full_audit/mamba_kd_from_scratch_vit/failure_images/06428_true-dog_pred-cat.png,frog,0.9987406134605408,False,/home/tariq/Desktop/Awais-Tariq/base-KD/reports/cifar10_full_audit/mamba_kd_from_pretrained_vit/failure_images/06428_true-dog_pred-frog.png,4,vit_scratch;mamba_scratch;mamba_kd_from_scratch_vit;mamba_kd_from_pretrained_vit,True,False,False,False,False,True
6434,cifar10_test_06434,/home/tariq/Desktop/Awais-Tariq/base-KD/data/cifar-10-batches-py/test_batch,6434,airplane,ship,0.9998290538787842,False,/home/tariq/Desktop/Awais-Tariq/base-KD/reports/cifar10_full_audit/vit_scratch/failure_images/06434_true-airplane_pred-ship.png,ship,0.8518839478492737,False,/home/tariq/Desktop/Awais-Tariq/base-KD/reports/cifar10_full_audit/mamba_scratch/failure_images/06434_true-airplane_pred-ship.png,airplane,0.9999995231628418,True,,ship,0.9959895014762878,False,/home/tariq/Desktop/Awais-Tariq/base-KD/reports/cifar10_full_audit/mamba_kd_from_scratch_vit/failure_images/06434_true-airplane_pred-ship.png,ship,0.999342143535614,False,/home/tariq/Desktop/Awais-Tariq/base-KD/reports/cifar10_full_audit/mamba_kd_from_pretrained_vit/failure_images/06434_true-airplane_pred-ship.png,4,vit_scratch;mamba_scratch;mamba_kd_from_scratch_vit;mamba_kd_from_pretrained_vit,True,False,False,False,False,True
6439,cifar10_test_06439,/home/tariq/Desktop/Awais-Tariq/base-KD/data/cifar-10-batches-py/test_batch,6439,cat,frog,0.998115062713623,False,/home/tariq/Desktop/Awais-Tariq/base-KD/reports/cifar10_full_audit/vit_scratch/failure_images/06439_true-cat_pred-frog.png,deer,0.9249008297920227,False,/home/tariq/Desktop/Awais-Tariq/base-KD/reports/cifar10_full_audit/mamba_scratch/failure_images/06439_true-cat_pred-deer.png,cat,0.9999967813491821,True,,deer,0.8303264379501343,False,/home/tariq/Desktop/Awais-Tariq/base-KD/reports/cifar10_full_audit/mamba_kd_from_scratch_vit/failure_images/06439_true-cat_pred-deer.png,deer,0.5910257697105408,False,/home/tariq/Desktop/Awais-Tariq/base-KD/reports/cifar10_full_audit/mamba_kd_from_pretrained_vit/failure_images/06439_true-cat_pred-deer.png,4,vit_scratch;mamba_scratch;mamba_kd_from_scratch_vit;mamba_kd_from_pretrained_vit,True,False,False,False,False,True
6444,cifar10_test_06444,/home/tariq/Desktop/Awais-Tariq/base-KD/data/cifar-10-batches-py/test_batch,6444,cat,dog,0.5350908041000366,False,/home/tariq/Desktop/Awais-Tariq/base-KD/reports/cifar10_full_audit/vit_scratch/failure_images/06444_true-cat_pred-dog.png,cat,0.7077004313468933,True,,cat,0.9999970197677612,True,,dog,0.9555667638778687,False,/home/tariq/Desktop/Awais-Tariq/base-KD/reports/cifar10_full_audit/mamba_kd_from_scratch_vit/failure_images/06444_true-cat_pred-dog.png,dog,0.9850131273269653,False,/home/tariq/Desktop/Awais-Tariq/base-KD/reports/cifar10_full_audit/mamba_kd_from_pretrained_vit/failure_images/06444_true-cat_pred-dog.png,3,vit_scratch;mamba_kd_from_scratch_vit;mamba_kd_from_pretrained_vit,True,False,False,False,False,True
6481,cifar10_test_06481,/home/tariq/Desktop/Awais-Tariq/base-KD/data/cifar-10-batches-py/test_batch,6481,airplane,frog,0.6694868206977844,False,/home/tariq/Desktop/Awais-Tariq/base-KD/reports/cifar10_full_audit/vit_scratch/failure_images/06481_true-airplane_pred-frog.png,airplane,0.9803782105445862,True,,airplane,0.9999998807907104,True,,cat,0.46713986992836,False,/home/tariq/Desktop/Awais-Tariq/base-KD/reports/cifar10_full_audit/mamba_kd_from_scratch_vit/failure_images/06481_true-airplane_pred-cat.png,ship,0.9964297413825989,False,/home/tariq/Desktop/Awais-Tariq/base-KD/reports/cifar10_full_audit/mamba_kd_from_pretrained_vit/failure_images/06481_true-airplane_pred-ship.png,3,vit_scratch;mamba_kd_from_scratch_vit;mamba_kd_from_pretrained_vit,True,False,False,False,False,True
6497,cifar10_test_06497,/home/tariq/Desktop/Awais-Tariq/base-KD/data/cifar-10-batches-py/test_batch,6497,deer,bird,0.9991896748542786,False,/home/tariq/Desktop/Awais-Tariq/base-KD/reports/cifar10_full_audit/vit_scratch/failure_images/06497_true-deer_pred-bird.png,bird,0.9496312141418457,False,/home/tariq/Desktop/Awais-Tariq/base-KD/reports/cifar10_full_audit/mamba_scratch/failure_images/06497_true-deer_pred-bird.png,deer,0.9998997449874878,True,,bird,0.9573062062263489,False,/home/tariq/Desktop/Awais-Tariq/base-KD/reports/cifar10_full_audit/mamba_kd_from_scratch_vit/failure_images/06497_true-deer_pred-bird.png,horse,0.9505192637443542,False,/home/tariq/Desktop/Awais-Tariq/base-KD/reports/cifar10_full_audit/mamba_kd_from_pretrained_vit/failure_images/06497_true-deer_pred-horse.png,4,vit_scratch;mamba_scratch;mamba_kd_from_scratch_vit;mamba_kd_from_pretrained_vit,True,False,False,False,False,True
6500,cifar10_test_06500,/home/tariq/Desktop/Awais-Tariq/base-KD/data/cifar-10-batches-py/test_batch,6500,horse,cat,0.9815493226051331,False,/home/tariq/Desktop/Awais-Tariq/base-KD/reports/cifar10_full_audit/vit_scratch/failure_images/06500_true-horse_pred-cat.png,deer,0.9968816041946411,False,/home/tariq/Desktop/Awais-Tariq/base-KD/reports/cifar10_full_audit/mamba_scratch/failure_images/06500_true-horse_pred-deer.png,horse,0.9999982118606567,True,,dog,0.5314011573791504,False,/home/tariq/Desktop/Awais-Tariq/base-KD/reports/cifar10_full_audit/mamba_kd_from_scratch_vit/failure_images/06500_true-horse_pred-dog.png,dog,0.9633880257606506,False,/home/tariq/Desktop/Awais-Tariq/base-KD/reports/cifar10_full_audit/mamba_kd_from_pretrained_vit/failure_images/06500_true-horse_pred-dog.png,4,vit_scratch;mamba_scratch;mamba_kd_from_scratch_vit;mamba_kd_from_pretrained_vit,True,False,False,False,False,True
6522,cifar10_test_06522,/home/tariq/Desktop/Awais-Tariq/base-KD/data/cifar-10-batches-py/test_batch,6522,truck,automobile,0.9661756753921509,False,/home/tariq/Desktop/Awais-Tariq/base-KD/reports/cifar10_full_audit/vit_scratch/failure_images/06522_true-truck_pred-automobile.png,automobile,0.9912511706352234,False,/home/tariq/Desktop/Awais-Tariq/base-KD/reports/cifar10_full_audit/mamba_scratch/failure_images/06522_true-truck_pred-automobile.png,truck,0.9999639987945557,True,,automobile,0.9936904907226562,False,/home/tariq/Desktop/Awais-Tariq/base-KD/reports/cifar10_full_audit/mamba_kd_from_scratch_vit/failure_images/06522_true-truck_pred-automobile.png,truck,0.998993456363678,True,,3,vit_scratch;mamba_scratch;mamba_kd_from_scratch_vit,True,False,False,False,False,False
6545,cifar10_test_06545,/home/tariq/Desktop/Awais-Tariq/base-KD/data/cifar-10-batches-py/test_batch,6545,truck,ship,0.9978711605072021,False,/home/tariq/Desktop/Awais-Tariq/base-KD/reports/cifar10_full_audit/vit_scratch/failure_images/06545_true-truck_pred-ship.png,truck,0.9997788071632385,True,,ship,0.9945759773254395,False,/home/tariq/Desktop/Awais-Tariq/base-KD/reports/cifar10_full_audit/vit_pretrained_finetuned/failure_images/06545_true-truck_pred-ship.png,truck,0.7319728136062622,True,,ship,0.6612435579299927,False,/home/tariq/Desktop/Awais-Tariq/base-KD/reports/cifar10_full_audit/mamba_kd_from_pretrained_vit/failure_images/06545_true-truck_pred-ship.png,3,vit_scratch;vit_pretrained_finetuned;mamba_kd_from_pretrained_vit,True,False,True,False,False,False
6559,cifar10_test_06559,/home/tariq/Desktop/Awais-Tariq/base-KD/data/cifar-10-batches-py/test_batch,6559,bird,deer,0.999607503414154,False,/home/tariq/Desktop/Awais-Tariq/base-KD/reports/cifar10_full_audit/vit_scratch/failure_images/06559_true-bird_pred-deer.png,deer,0.999985933303833,False,/home/tariq/Desktop/Awais-Tariq/base-KD/reports/cifar10_full_audit/mamba_scratch/failure_images/06559_true-bird_pred-deer.png,bird,0.9999984502792358,True,,deer,0.9999405145645142,False,/home/tariq/Desktop/Awais-Tariq/base-KD/reports/cifar10_full_audit/mamba_kd_from_scratch_vit/failure_images/06559_true-bird_pred-deer.png,bird,0.5179029703140259,True,,3,vit_scratch;mamba_scratch;mamba_kd_from_scratch_vit,True,False,False,False,False,False
6560,cifar10_test_06560,/home/tariq/Desktop/Awais-Tariq/base-KD/data/cifar-10-batches-py/test_batch,6560,frog,deer,0.6497858762741089,False,/home/tariq/Desktop/Awais-Tariq/base-KD/reports/cifar10_full_audit/vit_scratch/failure_images/06560_true-frog_pred-deer.png,deer,0.5038237571716309,False,/home/tariq/Desktop/Awais-Tariq/base-KD/reports/cifar10_full_audit/mamba_scratch/failure_images/06560_true-frog_pred-deer.png,frog,0.9999943971633911,True,,deer,0.9217857718467712,False,/home/tariq/Desktop/Awais-Tariq/base-KD/reports/cifar10_full_audit/mamba_kd_from_scratch_vit/failure_images/06560_true-frog_pred-deer.png,frog,0.9999996423721313,True,,3,vit_scratch;mamba_scratch;mamba_kd_from_scratch_vit,True,False,False,False,False,False
6584,cifar10_test_06584,/home/tariq/Desktop/Awais-Tariq/base-KD/data/cifar-10-batches-py/test_batch,6584,dog,frog,0.9911441802978516,False,/home/tariq/Desktop/Awais-Tariq/base-KD/reports/cifar10_full_audit/vit_scratch/failure_images/06584_true-dog_pred-frog.png,frog,0.5513175129890442,False,/home/tariq/Desktop/Awais-Tariq/base-KD/reports/cifar10_full_audit/mamba_scratch/failure_images/06584_true-dog_pred-frog.png,dog,0.9999991655349731,True,,frog,0.7254919409751892,False,/home/tariq/Desktop/Awais-Tariq/base-KD/reports/cifar10_full_audit/mamba_kd_from_scratch_vit/failure_images/06584_true-dog_pred-frog.png,dog,0.9925228953361511,True,,3,vit_scratch;mamba_scratch;mamba_kd_from_scratch_vit,True,False,False,False,False,False
6590,cifar10_test_06590,/home/tariq/Desktop/Awais-Tariq/base-KD/data/cifar-10-batches-py/test_batch,6590,dog,horse,0.996852695941925,False,/home/tariq/Desktop/Awais-Tariq/base-KD/reports/cifar10_full_audit/vit_scratch/failure_images/06590_true-dog_pred-horse.png,dog,0.9336122870445251,True,,dog,0.9999160766601562,True,,horse,0.9993224143981934,False,/home/tariq/Desktop/Awais-Tariq/base-KD/reports/cifar10_full_audit/mamba_kd_from_scratch_vit/failure_images/06590_true-dog_pred-horse.png,deer,0.6251267194747925,False,/home/tariq/Desktop/Awais-Tariq/base-KD/reports/cifar10_full_audit/mamba_kd_from_pretrained_vit/failure_images/06590_true-dog_pred-deer.png,3,vit_scratch;mamba_kd_from_scratch_vit;mamba_kd_from_pretrained_vit,True,False,False,False,False,True
6653,cifar10_test_06653,/home/tariq/Desktop/Awais-Tariq/base-KD/data/cifar-10-batches-py/test_batch,6653,airplane,bird,0.6884868741035461,False,/home/tariq/Desktop/Awais-Tariq/base-KD/reports/cifar10_full_audit/vit_scratch/failure_images/06653_true-airplane_pred-bird.png,horse,0.9859280586242676,False,/home/tariq/Desktop/Awais-Tariq/base-KD/reports/cifar10_full_audit/mamba_scratch/failure_images/06653_true-airplane_pred-horse.png,airplane,0.9999996423721313,True,,airplane,0.983748197555542,True,,bird,0.9891858696937561,False,/home/tariq/Desktop/Awais-Tariq/base-KD/reports/cifar10_full_audit/mamba_kd_from_pretrained_vit/failure_images/06653_true-airplane_pred-bird.png,3,vit_scratch;mamba_scratch;mamba_kd_from_pretrained_vit,True,False,True,False,False,True
6656,cifar10_test_06656,/home/tariq/Desktop/Awais-Tariq/base-KD/data/cifar-10-batches-py/test_batch,6656,frog,cat,0.601181149482727,False,/home/tariq/Desktop/Awais-Tariq/base-KD/reports/cifar10_full_audit/vit_scratch/failure_images/06656_true-frog_pred-cat.png,dog,0.8101414442062378,False,/home/tariq/Desktop/Awais-Tariq/base-KD/reports/cifar10_full_audit/mamba_scratch/failure_images/06656_true-frog_pred-dog.png,frog,0.999995231628418,True,,dog,0.4996494650840759,False,/home/tariq/Desktop/Awais-Tariq/base-KD/reports/cifar10_full_audit/mamba_kd_from_scratch_vit/failure_images/06656_true-frog_pred-dog.png,frog,0.9511569738388062,True,,3,vit_scratch;mamba_scratch;mamba_kd_from_scratch_vit,True,False,False,False,False,False
6669,cifar10_test_06669,/home/tariq/Desktop/Awais-Tariq/base-KD/data/cifar-10-batches-py/test_batch,6669,dog,bird,0.9995582699775696,False,/home/tariq/Desktop/Awais-Tariq/base-KD/reports/cifar10_full_audit/vit_scratch/failure_images/06669_true-dog_pred-bird.png,deer,0.9900816082954407,False,/home/tariq/Desktop/Awais-Tariq/base-KD/reports/cifar10_full_audit/mamba_scratch/failure_images/06669_true-dog_pred-deer.png,deer,0.907192051410675,False,/home/tariq/Desktop/Awais-Tariq/base-KD/reports/cifar10_full_audit/vit_pretrained_finetuned/failure_images/06669_true-dog_pred-deer.png,bird,0.9997320771217346,False,/home/tariq/Desktop/Awais-Tariq/base-KD/reports/cifar10_full_audit/mamba_kd_from_scratch_vit/failure_images/06669_true-dog_pred-bird.png,bird,0.9977570176124573,False,/home/tariq/Desktop/Awais-Tariq/base-KD/reports/cifar10_full_audit/mamba_kd_from_pretrained_vit/failure_images/06669_true-dog_pred-bird.png,5,vit_scratch;mamba_scratch;vit_pretrained_finetuned;mamba_kd_from_scratch_vit;mamba_kd_from_pretrained_vit,True,True,False,False,False,False
6706,cifar10_test_06706,/home/tariq/Desktop/Awais-Tariq/base-KD/data/cifar-10-batches-py/test_batch,6706,frog,cat,0.9997208714485168,False,/home/tariq/Desktop/Awais-Tariq/base-KD/reports/cifar10_full_audit/vit_scratch/failure_images/06706_true-frog_pred-cat.png,cat,0.8053808212280273,False,/home/tariq/Desktop/Awais-Tariq/base-KD/reports/cifar10_full_audit/mamba_scratch/failure_images/06706_true-frog_pred-cat.png,frog,0.9999854564666748,True,,cat,0.9976894855499268,False,/home/tariq/Desktop/Awais-Tariq/base-KD/reports/cifar10_full_audit/mamba_kd_from_scratch_vit/failure_images/06706_true-frog_pred-cat.png,cat,0.9932657480239868,False,/home/tariq/Desktop/Awais-Tariq/base-KD/reports/cifar10_full_audit/mamba_kd_from_pretrained_vit/failure_images/06706_true-frog_pred-cat.png,4,vit_scratch;mamba_scratch;mamba_kd_from_scratch_vit;mamba_kd_from_pretrained_vit,True,False,False,False,False,True
6723,cifar10_test_06723,/home/tariq/Desktop/Awais-Tariq/base-KD/data/cifar-10-batches-py/test_batch,6723,dog,horse,0.995100200176239,False,/home/tariq/Desktop/Awais-Tariq/base-KD/reports/cifar10_full_audit/vit_scratch/failure_images/06723_true-dog_pred-horse.png,horse,0.6878182291984558,False,/home/tariq/Desktop/Awais-Tariq/base-KD/reports/cifar10_full_audit/mamba_scratch/failure_images/06723_true-dog_pred-horse.png,dog,0.9999997615814209,True,,horse,0.9575769901275635,False,/home/tariq/Desktop/Awais-Tariq/base-KD/reports/cifar10_full_audit/mamba_kd_from_scratch_vit/failure_images/06723_true-dog_pred-horse.png,dog,0.9999892711639404,True,,3,vit_scratch;mamba_scratch;mamba_kd_from_scratch_vit,True,False,False,False,False,False
6726,cifar10_test_06726,/home/tariq/Desktop/Awais-Tariq/base-KD/data/cifar-10-batches-py/test_batch,6726,cat,cat,0.44221416115760803,True,,deer,0.4710770845413208,False,/home/tariq/Desktop/Awais-Tariq/base-KD/reports/cifar10_full_audit/mamba_scratch/failure_images/06726_true-cat_pred-deer.png,cat,0.9999980926513672,True,,deer,0.547970175743103,False,/home/tariq/Desktop/Awais-Tariq/base-KD/reports/cifar10_full_audit/mamba_kd_from_scratch_vit/failure_images/06726_true-cat_pred-deer.png,deer,0.9185923933982849,False,/home/tariq/Desktop/Awais-Tariq/base-KD/reports/cifar10_full_audit/mamba_kd_from_pretrained_vit/failure_images/06726_true-cat_pred-deer.png,3,mamba_scratch;mamba_kd_from_scratch_vit;mamba_kd_from_pretrained_vit,True,False,False,True,False,True
6729,cifar10_test_06729,/home/tariq/Desktop/Awais-Tariq/base-KD/data/cifar-10-batches-py/test_batch,6729,airplane,automobile,0.9980396628379822,False,/home/tariq/Desktop/Awais-Tariq/base-KD/reports/cifar10_full_audit/vit_scratch/failure_images/06729_true-airplane_pred-automobile.png,airplane,0.7433971166610718,True,,airplane,0.9999998807907104,True,,automobile,0.9729635715484619,False,/home/tariq/Desktop/Awais-Tariq/base-KD/reports/cifar10_full_audit/mamba_kd_from_scratch_vit/failure_images/06729_true-airplane_pred-automobile.png,frog,0.984489917755127,False,/home/tariq/Desktop/Awais-Tariq/base-KD/reports/cifar10_full_audit/mamba_kd_from_pretrained_vit/failure_images/06729_true-airplane_pred-frog.png,3,vit_scratch;mamba_kd_from_scratch_vit;mamba_kd_from_pretrained_vit,True,False,False,False,False,True
6732,cifar10_test_06732,/home/tariq/Desktop/Awais-Tariq/base-KD/data/cifar-10-batches-py/test_batch,6732,cat,cat,0.5271931290626526,True,,horse,0.4885864853858948,False,/home/tariq/Desktop/Awais-Tariq/base-KD/reports/cifar10_full_audit/mamba_scratch/failure_images/06732_true-cat_pred-horse.png,cat,0.9999972581863403,True,,deer,0.9146144986152649,False,/home/tariq/Desktop/Awais-Tariq/base-KD/reports/cifar10_full_audit/mamba_kd_from_scratch_vit/failure_images/06732_true-cat_pred-deer.png,deer,0.7859407663345337,False,/home/tariq/Desktop/Awais-Tariq/base-KD/reports/cifar10_full_audit/mamba_kd_from_pretrained_vit/failure_images/06732_true-cat_pred-deer.png,3,mamba_scratch;mamba_kd_from_scratch_vit;mamba_kd_from_pretrained_vit,True,False,False,True,False,True
6741,cifar10_test_06741,/home/tariq/Desktop/Awais-Tariq/base-KD/data/cifar-10-batches-py/test_batch,6741,truck,truck,0.9858216643333435,True,,airplane,0.9999949932098389,False,/home/tariq/Desktop/Awais-Tariq/base-KD/reports/cifar10_full_audit/mamba_scratch/failure_images/06741_true-truck_pred-airplane.png,truck,0.9999995231628418,True,,airplane,0.9893085956573486,False,/home/tariq/Desktop/Awais-Tariq/base-KD/reports/cifar10_full_audit/mamba_kd_from_scratch_vit/failure_images/06741_true-truck_pred-airplane.png,airplane,0.8914938569068909,False,/home/tariq/Desktop/Awais-Tariq/base-KD/reports/cifar10_full_audit/mamba_kd_from_pretrained_vit/failure_images/06741_true-truck_pred-airplane.png,3,mamba_scratch;mamba_kd_from_scratch_vit;mamba_kd_from_pretrained_vit,True,False,False,True,False,True
6748,cifar10_test_06748,/home/tariq/Desktop/Awais-Tariq/base-KD/data/cifar-10-batches-py/test_batch,6748,airplane,frog,0.9290806651115417,False,/home/tariq/Desktop/Awais-Tariq/base-KD/reports/cifar10_full_audit/vit_scratch/failure_images/06748_true-airplane_pred-frog.png,bird,0.492278516292572,False,/home/tariq/Desktop/Awais-Tariq/base-KD/reports/cifar10_full_audit/mamba_scratch/failure_images/06748_true-airplane_pred-bird.png,airplane,1.0,True,,bird,0.8703053593635559,False,/home/tariq/Desktop/Awais-Tariq/base-KD/reports/cifar10_full_audit/mamba_kd_from_scratch_vit/failure_images/06748_true-airplane_pred-bird.png,bird,0.9983166456222534,False,/home/tariq/Desktop/Awais-Tariq/base-KD/reports/cifar10_full_audit/mamba_kd_from_pretrained_vit/failure_images/06748_true-airplane_pred-bird.png,4,vit_scratch;mamba_scratch;mamba_kd_from_scratch_vit;mamba_kd_from_pretrained_vit,True,False,False,False,False,True
6750,cifar10_test_06750,/home/tariq/Desktop/Awais-Tariq/base-KD/data/cifar-10-batches-py/test_batch,6750,deer,frog,0.9428654313087463,False,/home/tariq/Desktop/Awais-Tariq/base-KD/reports/cifar10_full_audit/vit_scratch/failure_images/06750_true-deer_pred-frog.png,cat,0.9962399005889893,False,/home/tariq/Desktop/Awais-Tariq/base-KD/reports/cifar10_full_audit/mamba_scratch/failure_images/06750_true-deer_pred-cat.png,cat,0.99991774559021,False,/home/tariq/Desktop/Awais-Tariq/base-KD/reports/cifar10_full_audit/vit_pretrained_finetuned/failure_images/06750_true-deer_pred-cat.png,deer,0.6349842548370361,True,,deer,0.5783396363258362,True,,3,vit_scratch;mamba_scratch;vit_pretrained_finetuned,True,False,True,False,True,False
6753,cifar10_test_06753,/home/tariq/Desktop/Awais-Tariq/base-KD/data/cifar-10-batches-py/test_batch,6753,deer,frog,0.9914343357086182,False,/home/tariq/Desktop/Awais-Tariq/base-KD/reports/cifar10_full_audit/vit_scratch/failure_images/06753_true-deer_pred-frog.png,bird,0.9555181860923767,False,/home/tariq/Desktop/Awais-Tariq/base-KD/reports/cifar10_full_audit/mamba_scratch/failure_images/06753_true-deer_pred-bird.png,deer,0.9999871253967285,True,,frog,0.5460225939750671,False,/home/tariq/Desktop/Awais-Tariq/base-KD/reports/cifar10_full_audit/mamba_kd_from_scratch_vit/failure_images/06753_true-deer_pred-frog.png,bird,0.91019606590271,False,/home/tariq/Desktop/Awais-Tariq/base-KD/reports/cifar10_full_audit/mamba_kd_from_pretrained_vit/failure_images/06753_true-deer_pred-bird.png,4,vit_scratch;mamba_scratch;mamba_kd_from_scratch_vit;mamba_kd_from_pretrained_vit,True,False,False,False,False,True
6756,cifar10_test_06756,/home/tariq/Desktop/Awais-Tariq/base-KD/data/cifar-10-batches-py/test_batch,6756,dog,horse,0.8490632176399231,False,/home/tariq/Desktop/Awais-Tariq/base-KD/reports/cifar10_full_audit/vit_scratch/failure_images/06756_true-dog_pred-horse.png,dog,0.6568191051483154,True,,dog,0.9999402761459351,True,,cat,0.5523998737335205,False,/home/tariq/Desktop/Awais-Tariq/base-KD/reports/cifar10_full_audit/mamba_kd_from_scratch_vit/failure_images/06756_true-dog_pred-cat.png,horse,0.8514208793640137,False,/home/tariq/Desktop/Awais-Tariq/base-KD/reports/cifar10_full_audit/mamba_kd_from_pretrained_vit/failure_images/06756_true-dog_pred-horse.png,3,vit_scratch;mamba_kd_from_scratch_vit;mamba_kd_from_pretrained_vit,True,False,False,False,False,True
6759,cifar10_test_06759,/home/tariq/Desktop/Awais-Tariq/base-KD/data/cifar-10-batches-py/test_batch,6759,automobile,truck,0.7019047737121582,False,/home/tariq/Desktop/Awais-Tariq/base-KD/reports/cifar10_full_audit/vit_scratch/failure_images/06759_true-automobile_pred-truck.png,truck,0.9937703013420105,False,/home/tariq/Desktop/Awais-Tariq/base-KD/reports/cifar10_full_audit/mamba_scratch/failure_images/06759_true-automobile_pred-truck.png,automobile,0.9999325275421143,True,,truck,0.9899914264678955,False,/home/tariq/Desktop/Awais-Tariq/base-KD/reports/cifar10_full_audit/mamba_kd_from_scratch_vit/failure_images/06759_true-automobile_pred-truck.png,truck,0.999983549118042,False,/home/tariq/Desktop/Awais-Tariq/base-KD/reports/cifar10_full_audit/mamba_kd_from_pretrained_vit/failure_images/06759_true-automobile_pred-truck.png,4,vit_scratch;mamba_scratch;mamba_kd_from_scratch_vit;mamba_kd_from_pretrained_vit,True,False,False,False,False,True
6783,cifar10_test_06783,/home/tariq/Desktop/Awais-Tariq/base-KD/data/cifar-10-batches-py/test_batch,6783,cat,frog,0.8953685164451599,False,/home/tariq/Desktop/Awais-Tariq/base-KD/reports/cifar10_full_audit/vit_scratch/failure_images/06783_true-cat_pred-frog.png,frog,0.9850863218307495,False,/home/tariq/Desktop/Awais-Tariq/base-KD/reports/cifar10_full_audit/mamba_scratch/failure_images/06783_true-cat_pred-frog.png,cat,0.9999725818634033,True,,frog,0.9971531629562378,False,/home/tariq/Desktop/Awais-Tariq/base-KD/reports/cifar10_full_audit/mamba_kd_from_scratch_vit/failure_images/06783_true-cat_pred-frog.png,frog,0.9999994039535522,False,/home/tariq/Desktop/Awais-Tariq/base-KD/reports/cifar10_full_audit/mamba_kd_from_pretrained_vit/failure_images/06783_true-cat_pred-frog.png,4,vit_scratch;mamba_scratch;mamba_kd_from_scratch_vit;mamba_kd_from_pretrained_vit,True,False,False,False,False,True
6786,cifar10_test_06786,/home/tariq/Desktop/Awais-Tariq/base-KD/data/cifar-10-batches-py/test_batch,6786,cat,dog,0.9938634634017944,False,/home/tariq/Desktop/Awais-Tariq/base-KD/reports/cifar10_full_audit/vit_scratch/failure_images/06786_true-cat_pred-dog.png,dog,0.465710312128067,False,/home/tariq/Desktop/Awais-Tariq/base-KD/reports/cifar10_full_audit/mamba_scratch/failure_images/06786_true-cat_pred-dog.png,cat,0.9999717473983765,True,,dog,0.87733393907547,False,/home/tariq/Desktop/Awais-Tariq/base-KD/reports/cifar10_full_audit/mamba_kd_from_scratch_vit/failure_images/06786_true-cat_pred-dog.png,bird,0.9996525049209595,False,/home/tariq/Desktop/Awais-Tariq/base-KD/reports/cifar10_full_audit/mamba_kd_from_pretrained_vit/failure_images/06786_true-cat_pred-bird.png,4,vit_scratch;mamba_scratch;mamba_kd_from_scratch_vit;mamba_kd_from_pretrained_vit,True,False,False,False,False,True
6792,cifar10_test_06792,/home/tariq/Desktop/Awais-Tariq/base-KD/data/cifar-10-batches-py/test_batch,6792,cat,horse,0.501079797744751,False,/home/tariq/Desktop/Awais-Tariq/base-KD/reports/cifar10_full_audit/vit_scratch/failure_images/06792_true-cat_pred-horse.png,deer,0.5129975080490112,False,/home/tariq/Desktop/Awais-Tariq/base-KD/reports/cifar10_full_audit/mamba_scratch/failure_images/06792_true-cat_pred-deer.png,cat,0.9999781847000122,True,,ship,0.3789394795894623,False,/home/tariq/Desktop/Awais-Tariq/base-KD/reports/cifar10_full_audit/mamba_kd_from_scratch_vit/failure_images/06792_true-cat_pred-ship.png,ship,0.9958742260932922,False,/home/tariq/Desktop/Awais-Tariq/base-KD/reports/cifar10_full_audit/mamba_kd_from_pretrained_vit/failure_images/06792_true-cat_pred-ship.png,4,vit_scratch;mamba_scratch;mamba_kd_from_scratch_vit;mamba_kd_from_pretrained_vit,True,False,False,False,False,True
6812,cifar10_test_06812,/home/tariq/Desktop/Awais-Tariq/base-KD/data/cifar-10-batches-py/test_batch,6812,airplane,airplane,0.823324978351593,True,,truck,0.8867866396903992,False,/home/tariq/Desktop/Awais-Tariq/base-KD/reports/cifar10_full_audit/mamba_scratch/failure_images/06812_true-airplane_pred-truck.png,airplane,1.0,True,,truck,0.7390943169593811,False,/home/tariq/Desktop/Awais-Tariq/base-KD/reports/cifar10_full_audit/mamba_kd_from_scratch_vit/failure_images/06812_true-airplane_pred-truck.png,truck,0.5874302387237549,False,/home/tariq/Desktop/Awais-Tariq/base-KD/reports/cifar10_full_audit/mamba_kd_from_pretrained_vit/failure_images/06812_true-airplane_pred-truck.png,3,mamba_scratch;mamba_kd_from_scratch_vit;mamba_kd_from_pretrained_vit,True,False,False,True,False,True
6833,cifar10_test_06833,/home/tariq/Desktop/Awais-Tariq/base-KD/data/cifar-10-batches-py/test_batch,6833,cat,frog,0.9666769504547119,False,/home/tariq/Desktop/Awais-Tariq/base-KD/reports/cifar10_full_audit/vit_scratch/failure_images/06833_true-cat_pred-frog.png,frog,0.9706034064292908,False,/home/tariq/Desktop/Awais-Tariq/base-KD/reports/cifar10_full_audit/mamba_scratch/failure_images/06833_true-cat_pred-frog.png,cat,0.9999994039535522,True,,frog,0.9996180534362793,False,/home/tariq/Desktop/Awais-Tariq/base-KD/reports/cifar10_full_audit/mamba_kd_from_scratch_vit/failure_images/06833_true-cat_pred-frog.png,frog,0.9999943971633911,False,/home/tariq/Desktop/Awais-Tariq/base-KD/reports/cifar10_full_audit/mamba_kd_from_pretrained_vit/failure_images/06833_true-cat_pred-frog.png,4,vit_scratch;mamba_scratch;mamba_kd_from_scratch_vit;mamba_kd_from_pretrained_vit,True,False,False,False,False,True
6859,cifar10_test_06859,/home/tariq/Desktop/Awais-Tariq/base-KD/data/cifar-10-batches-py/test_batch,6859,cat,automobile,0.33227354288101196,False,/home/tariq/Desktop/Awais-Tariq/base-KD/reports/cifar10_full_audit/vit_scratch/failure_images/06859_true-cat_pred-automobile.png,automobile,0.9395408630371094,False,/home/tariq/Desktop/Awais-Tariq/base-KD/reports/cifar10_full_audit/mamba_scratch/failure_images/06859_true-cat_pred-automobile.png,automobile,0.9999983310699463,False,/home/tariq/Desktop/Awais-Tariq/base-KD/reports/cifar10_full_audit/vit_pretrained_finetuned/failure_images/06859_true-cat_pred-automobile.png,automobile,0.9002624750137329,False,/home/tariq/Desktop/Awais-Tariq/base-KD/reports/cifar10_full_audit/mamba_kd_from_scratch_vit/failure_images/06859_true-cat_pred-automobile.png,dog,0.877346396446228,False,/home/tariq/Desktop/Awais-Tariq/base-KD/reports/cifar10_full_audit/mamba_kd_from_pretrained_vit/failure_images/06859_true-cat_pred-dog.png,5,vit_scratch;mamba_scratch;vit_pretrained_finetuned;mamba_kd_from_scratch_vit;mamba_kd_from_pretrained_vit,True,True,False,False,False,False
6866,cifar10_test_06866,/home/tariq/Desktop/Awais-Tariq/base-KD/data/cifar-10-batches-py/test_batch,6866,deer,frog,0.8314236402511597,False,/home/tariq/Desktop/Awais-Tariq/base-KD/reports/cifar10_full_audit/vit_scratch/failure_images/06866_true-deer_pred-frog.png,frog,0.9327926635742188,False,/home/tariq/Desktop/Awais-Tariq/base-KD/reports/cifar10_full_audit/mamba_scratch/failure_images/06866_true-deer_pred-frog.png,deer,0.9999983310699463,True,,frog,0.6827677488327026,False,/home/tariq/Desktop/Awais-Tariq/base-KD/reports/cifar10_full_audit/mamba_kd_from_scratch_vit/failure_images/06866_true-deer_pred-frog.png,horse,0.9515033960342407,False,/home/tariq/Desktop/Awais-Tariq/base-KD/reports/cifar10_full_audit/mamba_kd_from_pretrained_vit/failure_images/06866_true-deer_pred-horse.png,4,vit_scratch;mamba_scratch;mamba_kd_from_scratch_vit;mamba_kd_from_pretrained_vit,True,False,False,False,False,True
6869,cifar10_test_06869,/home/tariq/Desktop/Awais-Tariq/base-KD/data/cifar-10-batches-py/test_batch,6869,dog,dog,0.5754660964012146,True,,cat,0.9955592155456543,False,/home/tariq/Desktop/Awais-Tariq/base-KD/reports/cifar10_full_audit/mamba_scratch/failure_images/06869_true-dog_pred-cat.png,dog,0.9999562501907349,True,,cat,0.6538426876068115,False,/home/tariq/Desktop/Awais-Tariq/base-KD/reports/cifar10_full_audit/mamba_kd_from_scratch_vit/failure_images/06869_true-dog_pred-cat.png,cat,0.9896155595779419,False,/home/tariq/Desktop/Awais-Tariq/base-KD/reports/cifar10_full_audit/mamba_kd_from_pretrained_vit/failure_images/06869_true-dog_pred-cat.png,3,mamba_scratch;mamba_kd_from_scratch_vit;mamba_kd_from_pretrained_vit,True,False,False,True,False,True
6877,cifar10_test_06877,/home/tariq/Desktop/Awais-Tariq/base-KD/data/cifar-10-batches-py/test_batch,6877,airplane,ship,0.9994977712631226,False,/home/tariq/Desktop/Awais-Tariq/base-KD/reports/cifar10_full_audit/vit_scratch/failure_images/06877_true-airplane_pred-ship.png,airplane,0.99241042137146,True,,airplane,0.9999825954437256,True,,ship,0.9901008605957031,False,/home/tariq/Desktop/Awais-Tariq/base-KD/reports/cifar10_full_audit/mamba_kd_from_scratch_vit/failure_images/06877_true-airplane_pred-ship.png,ship,0.8494539856910706,False,/home/tariq/Desktop/Awais-Tariq/base-KD/reports/cifar10_full_audit/mamba_kd_from_pretrained_vit/failure_images/06877_true-airplane_pred-ship.png,3,vit_scratch;mamba_kd_from_scratch_vit;mamba_kd_from_pretrained_vit,True,False,False,False,False,True
6901,cifar10_test_06901,/home/tariq/Desktop/Awais-Tariq/base-KD/data/cifar-10-batches-py/test_batch,6901,bird,deer,0.9512269496917725,False,/home/tariq/Desktop/Awais-Tariq/base-KD/reports/cifar10_full_audit/vit_scratch/failure_images/06901_true-bird_pred-deer.png,cat,0.7434976100921631,False,/home/tariq/Desktop/Awais-Tariq/base-KD/reports/cifar10_full_audit/mamba_scratch/failure_images/06901_true-bird_pred-cat.png,bird,0.9999998807907104,True,,bird,0.8258659839630127,True,,cat,0.8084692358970642,False,/home/tariq/Desktop/Awais-Tariq/base-KD/reports/cifar10_full_audit/mamba_kd_from_pretrained_vit/failure_images/06901_true-bird_pred-cat.png,3,vit_scratch;mamba_scratch;mamba_kd_from_pretrained_vit,True,False,True,False,False,True
6912,cifar10_test_06912,/home/tariq/Desktop/Awais-Tariq/base-KD/data/cifar-10-batches-py/test_batch,6912,cat,horse,0.9861025810241699,False,/home/tariq/Desktop/Awais-Tariq/base-KD/reports/cifar10_full_audit/vit_scratch/failure_images/06912_true-cat_pred-horse.png,cat,0.8495848774909973,True,,cat,0.9999836683273315,True,,truck,0.6331021189689636,False,/home/tariq/Desktop/Awais-Tariq/base-KD/reports/cifar10_full_audit/mamba_kd_from_scratch_vit/failure_images/06912_true-cat_pred-truck.png,horse,0.7039353251457214,False,/home/tariq/Desktop/Awais-Tariq/base-KD/reports/cifar10_full_audit/mamba_kd_from_pretrained_vit/failure_images/06912_true-cat_pred-horse.png,3,vit_scratch;mamba_kd_from_scratch_vit;mamba_kd_from_pretrained_vit,True,False,False,False,False,True
6933,cifar10_test_06933,/home/tariq/Desktop/Awais-Tariq/base-KD/data/cifar-10-batches-py/test_batch,6933,airplane,bird,0.9466241002082825,False,/home/tariq/Desktop/Awais-Tariq/base-KD/reports/cifar10_full_audit/vit_scratch/failure_images/06933_true-airplane_pred-bird.png,cat,0.9939826130867004,False,/home/tariq/Desktop/Awais-Tariq/base-KD/reports/cifar10_full_audit/mamba_scratch/failure_images/06933_true-airplane_pred-cat.png,airplane,0.9892286062240601,True,,horse,0.8011200428009033,False,/home/tariq/Desktop/Awais-Tariq/base-KD/reports/cifar10_full_audit/mamba_kd_from_scratch_vit/failure_images/06933_true-airplane_pred-horse.png,airplane,0.9988256096839905,True,,3,vit_scratch;mamba_scratch;mamba_kd_from_scratch_vit,True,False,False,False,False,False
6942,cifar10_test_06942,/home/tariq/Desktop/Awais-Tariq/base-KD/data/cifar-10-batches-py/test_batch,6942,cat,bird,0.8034331202507019,False,/home/tariq/Desktop/Awais-Tariq/base-KD/reports/cifar10_full_audit/vit_scratch/failure_images/06942_true-cat_pred-bird.png,cat,0.8202310800552368,True,,cat,0.9999815225601196,True,,bird,0.5951441526412964,False,/home/tariq/Desktop/Awais-Tariq/base-KD/reports/cifar10_full_audit/mamba_kd_from_scratch_vit/failure_images/06942_true-cat_pred-bird.png,bird,0.896737277507782,False,/home/tariq/Desktop/Awais-Tariq/base-KD/reports/cifar10_full_audit/mamba_kd_from_pretrained_vit/failure_images/06942_true-cat_pred-bird.png,3,vit_scratch;mamba_kd_from_scratch_vit;mamba_kd_from_pretrained_vit,True,False,False,False,False,True
6966,cifar10_test_06966,/home/tariq/Desktop/Awais-Tariq/base-KD/data/cifar-10-batches-py/test_batch,6966,airplane,airplane,0.9936196208000183,True,,ship,0.8770052790641785,False,/home/tariq/Desktop/Awais-Tariq/base-KD/reports/cifar10_full_audit/mamba_scratch/failure_images/06966_true-airplane_pred-ship.png,ship,0.8040655255317688,False,/home/tariq/Desktop/Awais-Tariq/base-KD/reports/cifar10_full_audit/vit_pretrained_finetuned/failure_images/06966_true-airplane_pred-ship.png,ship,0.5159568786621094,False,/home/tariq/Desktop/Awais-Tariq/base-KD/reports/cifar10_full_audit/mamba_kd_from_scratch_vit/failure_images/06966_true-airplane_pred-ship.png,ship,0.35689082741737366,False,/home/tariq/Desktop/Awais-Tariq/base-KD/reports/cifar10_full_audit/mamba_kd_from_pretrained_vit/failure_images/06966_true-airplane_pred-ship.png,4,mamba_scratch;vit_pretrained_finetuned;mamba_kd_from_scratch_vit;mamba_kd_from_pretrained_vit,True,False,False,True,False,False
6969,cifar10_test_06969,/home/tariq/Desktop/Awais-Tariq/base-KD/data/cifar-10-batches-py/test_batch,6969,bird,deer,0.977194607257843,False,/home/tariq/Desktop/Awais-Tariq/base-KD/reports/cifar10_full_audit/vit_scratch/failure_images/06969_true-bird_pred-deer.png,deer,0.9995850920677185,False,/home/tariq/Desktop/Awais-Tariq/base-KD/reports/cifar10_full_audit/mamba_scratch/failure_images/06969_true-bird_pred-deer.png,bird,0.9999986886978149,True,,deer,0.9965043067932129,False,/home/tariq/Desktop/Awais-Tariq/base-KD/reports/cifar10_full_audit/mamba_kd_from_scratch_vit/failure_images/06969_true-bird_pred-deer.png,airplane,0.6406063437461853,False,/home/tariq/Desktop/Awais-Tariq/base-KD/reports/cifar10_full_audit/mamba_kd_from_pretrained_vit/failure_images/06969_true-bird_pred-airplane.png,4,vit_scratch;mamba_scratch;mamba_kd_from_scratch_vit;mamba_kd_from_pretrained_vit,True,False,False,False,False,True
6970,cifar10_test_06970,/home/tariq/Desktop/Awais-Tariq/base-KD/data/cifar-10-batches-py/test_batch,6970,airplane,bird,0.9968570470809937,False,/home/tariq/Desktop/Awais-Tariq/base-KD/reports/cifar10_full_audit/vit_scratch/failure_images/06970_true-airplane_pred-bird.png,bird,0.9994115829467773,False,/home/tariq/Desktop/Awais-Tariq/base-KD/reports/cifar10_full_audit/mamba_scratch/failure_images/06970_true-airplane_pred-bird.png,cat,0.9746082425117493,False,/home/tariq/Desktop/Awais-Tariq/base-KD/reports/cifar10_full_audit/vit_pretrained_finetuned/failure_images/06970_true-airplane_pred-cat.png,bird,0.8999738693237305,False,/home/tariq/Desktop/Awais-Tariq/base-KD/reports/cifar10_full_audit/mamba_kd_from_scratch_vit/failure_images/06970_true-airplane_pred-bird.png,bird,0.9496895670890808,False,/home/tariq/Desktop/Awais-Tariq/base-KD/reports/cifar10_full_audit/mamba_kd_from_pretrained_vit/failure_images/06970_true-airplane_pred-bird.png,5,vit_scratch;mamba_scratch;vit_pretrained_finetuned;mamba_kd_from_scratch_vit;mamba_kd_from_pretrained_vit,True,True,False,False,False,False
6983,cifar10_test_06983,/home/tariq/Desktop/Awais-Tariq/base-KD/data/cifar-10-batches-py/test_batch,6983,truck,automobile,0.9923926591873169,False,/home/tariq/Desktop/Awais-Tariq/base-KD/reports/cifar10_full_audit/vit_scratch/failure_images/06983_true-truck_pred-automobile.png,truck,0.9770276546478271,True,,truck,0.9999754428863525,True,,automobile,0.9316188097000122,False,/home/tariq/Desktop/Awais-Tariq/base-KD/reports/cifar10_full_audit/mamba_kd_from_scratch_vit/failure_images/06983_true-truck_pred-automobile.png,automobile,0.8603753447532654,False,/home/tariq/Desktop/Awais-Tariq/base-KD/reports/cifar10_full_audit/mamba_kd_from_pretrained_vit/failure_images/06983_true-truck_pred-automobile.png,3,vit_scratch;mamba_kd_from_scratch_vit;mamba_kd_from_pretrained_vit,True,False,False,False,False,True
6994,cifar10_test_06994,/home/tariq/Desktop/Awais-Tariq/base-KD/data/cifar-10-batches-py/test_batch,6994,cat,deer,0.8294322490692139,False,/home/tariq/Desktop/Awais-Tariq/base-KD/reports/cifar10_full_audit/vit_scratch/failure_images/06994_true-cat_pred-deer.png,deer,0.6555033922195435,False,/home/tariq/Desktop/Awais-Tariq/base-KD/reports/cifar10_full_audit/mamba_scratch/failure_images/06994_true-cat_pred-deer.png,cat,0.9989774227142334,True,,deer,0.945992648601532,False,/home/tariq/Desktop/Awais-Tariq/base-KD/reports/cifar10_full_audit/mamba_kd_from_scratch_vit/failure_images/06994_true-cat_pred-deer.png,deer,0.9999922513961792,False,/home/tariq/Desktop/Awais-Tariq/base-KD/reports/cifar10_full_audit/mamba_kd_from_pretrained_vit/failure_images/06994_true-cat_pred-deer.png,4,vit_scratch;mamba_scratch;mamba_kd_from_scratch_vit;mamba_kd_from_pretrained_vit,True,False,False,False,False,True
7000,cifar10_test_07000,/home/tariq/Desktop/Awais-Tariq/base-KD/data/cifar-10-batches-py/test_batch,7000,bird,ship,0.9931871891021729,False,/home/tariq/Desktop/Awais-Tariq/base-KD/reports/cifar10_full_audit/vit_scratch/failure_images/07000_true-bird_pred-ship.png,bird,0.9829409718513489,True,,ship,0.9999979734420776,False,/home/tariq/Desktop/Awais-Tariq/base-KD/reports/cifar10_full_audit/vit_pretrained_finetuned/failure_images/07000_true-bird_pred-ship.png,bird,0.9588749408721924,True,,ship,0.9993327260017395,False,/home/tariq/Desktop/Awais-Tariq/base-KD/reports/cifar10_full_audit/mamba_kd_from_pretrained_vit/failure_images/07000_true-bird_pred-ship.png,3,vit_scratch;vit_pretrained_finetuned;mamba_kd_from_pretrained_vit,True,False,True,False,False,False
7002,cifar10_test_07002,/home/tariq/Desktop/Awais-Tariq/base-KD/data/cifar-10-batches-py/test_batch,7002,cat,deer,0.7558973431587219,False,/home/tariq/Desktop/Awais-Tariq/base-KD/reports/cifar10_full_audit/vit_scratch/failure_images/07002_true-cat_pred-deer.png,frog,0.5039317607879639,False,/home/tariq/Desktop/Awais-Tariq/base-KD/reports/cifar10_full_audit/mamba_scratch/failure_images/07002_true-cat_pred-frog.png,dog,0.9989456534385681,False,/home/tariq/Desktop/Awais-Tariq/base-KD/reports/cifar10_full_audit/vit_pretrained_finetuned/failure_images/07002_true-cat_pred-dog.png,deer,0.7125406265258789,False,/home/tariq/Desktop/Awais-Tariq/base-KD/reports/cifar10_full_audit/mamba_kd_from_scratch_vit/failure_images/07002_true-cat_pred-deer.png,frog,0.9999847412109375,False,/home/tariq/Desktop/Awais-Tariq/base-KD/reports/cifar10_full_audit/mamba_kd_from_pretrained_vit/failure_images/07002_true-cat_pred-frog.png,5,vit_scratch;mamba_scratch;vit_pretrained_finetuned;mamba_kd_from_scratch_vit;mamba_kd_from_pretrained_vit,True,True,False,False,False,False
7005,cifar10_test_07005,/home/tariq/Desktop/Awais-Tariq/base-KD/data/cifar-10-batches-py/test_batch,7005,automobile,truck,0.9498894810676575,False,/home/tariq/Desktop/Awais-Tariq/base-KD/reports/cifar10_full_audit/vit_scratch/failure_images/07005_true-automobile_pred-truck.png,truck,0.9676904082298279,False,/home/tariq/Desktop/Awais-Tariq/base-KD/reports/cifar10_full_audit/mamba_scratch/failure_images/07005_true-automobile_pred-truck.png,automobile,0.9999860525131226,True,,truck,0.6509242057800293,False,/home/tariq/Desktop/Awais-Tariq/base-KD/reports/cifar10_full_audit/mamba_kd_from_scratch_vit/failure_images/07005_true-automobile_pred-truck.png,ship,0.9371461868286133,False,/home/tariq/Desktop/Awais-Tariq/base-KD/reports/cifar10_full_audit/mamba_kd_from_pretrained_vit/failure_images/07005_true-automobile_pred-ship.png,4,vit_scratch;mamba_scratch;mamba_kd_from_scratch_vit;mamba_kd_from_pretrained_vit,True,False,False,False,False,True
7035,cifar10_test_07035,/home/tariq/Desktop/Awais-Tariq/base-KD/data/cifar-10-batches-py/test_batch,7035,automobile,truck,0.9866634607315063,False,/home/tariq/Desktop/Awais-Tariq/base-KD/reports/cifar10_full_audit/vit_scratch/failure_images/07035_true-automobile_pred-truck.png,truck,0.657364010810852,False,/home/tariq/Desktop/Awais-Tariq/base-KD/reports/cifar10_full_audit/mamba_scratch/failure_images/07035_true-automobile_pred-truck.png,automobile,0.9999996423721313,True,,truck,0.9712406992912292,False,/home/tariq/Desktop/Awais-Tariq/base-KD/reports/cifar10_full_audit/mamba_kd_from_scratch_vit/failure_images/07035_true-automobile_pred-truck.png,automobile,0.9663857221603394,True,,3,vit_scratch;mamba_scratch;mamba_kd_from_scratch_vit,True,False,False,False,False,False
7040,cifar10_test_07040,/home/tariq/Desktop/Awais-Tariq/base-KD/data/cifar-10-batches-py/test_batch,7040,horse,horse,0.7160071730613708,True,,airplane,0.9999880790710449,False,/home/tariq/Desktop/Awais-Tariq/base-KD/reports/cifar10_full_audit/mamba_scratch/failure_images/07040_true-horse_pred-airplane.png,horse,0.9847856760025024,True,,airplane,0.9590415358543396,False,/home/tariq/Desktop/Awais-Tariq/base-KD/reports/cifar10_full_audit/mamba_kd_from_scratch_vit/failure_images/07040_true-horse_pred-airplane.png,airplane,0.9999704360961914,False,/home/tariq/Desktop/Awais-Tariq/base-KD/reports/cifar10_full_audit/mamba_kd_from_pretrained_vit/failure_images/07040_true-horse_pred-airplane.png,3,mamba_scratch;mamba_kd_from_scratch_vit;mamba_kd_from_pretrained_vit,True,False,False,True,False,True
7059,cifar10_test_07059,/home/tariq/Desktop/Awais-Tariq/base-KD/data/cifar-10-batches-py/test_batch,7059,deer,frog,0.9999809265136719,False,/home/tariq/Desktop/Awais-Tariq/base-KD/reports/cifar10_full_audit/vit_scratch/failure_images/07059_true-deer_pred-frog.png,frog,0.6823441982269287,False,/home/tariq/Desktop/Awais-Tariq/base-KD/reports/cifar10_full_audit/mamba_scratch/failure_images/07059_true-deer_pred-frog.png,deer,0.9956964254379272,True,,frog,0.9412743449211121,False,/home/tariq/Desktop/Awais-Tariq/base-KD/reports/cifar10_full_audit/mamba_kd_from_scratch_vit/failure_images/07059_true-deer_pred-frog.png,frog,0.997113823890686,False,/home/tariq/Desktop/Awais-Tariq/base-KD/reports/cifar10_full_audit/mamba_kd_from_pretrained_vit/failure_images/07059_true-deer_pred-frog.png,4,vit_scratch;mamba_scratch;mamba_kd_from_scratch_vit;mamba_kd_from_pretrained_vit,True,False,False,False,False,True
7062,cifar10_test_07062,/home/tariq/Desktop/Awais-Tariq/base-KD/data/cifar-10-batches-py/test_batch,7062,deer,frog,0.9946534633636475,False,/home/tariq/Desktop/Awais-Tariq/base-KD/reports/cifar10_full_audit/vit_scratch/failure_images/07062_true-deer_pred-frog.png,frog,0.9999842643737793,False,/home/tariq/Desktop/Awais-Tariq/base-KD/reports/cifar10_full_audit/mamba_scratch/failure_images/07062_true-deer_pred-frog.png,deer,0.9998836517333984,True,,frog,0.9533089995384216,False,/home/tariq/Desktop/Awais-Tariq/base-KD/reports/cifar10_full_audit/mamba_kd_from_scratch_vit/failure_images/07062_true-deer_pred-frog.png,frog,0.9999769926071167,False,/home/tariq/Desktop/Awais-Tariq/base-KD/reports/cifar10_full_audit/mamba_kd_from_pretrained_vit/failure_images/07062_true-deer_pred-frog.png,4,vit_scratch;mamba_scratch;mamba_kd_from_scratch_vit;mamba_kd_from_pretrained_vit,True,False,False,False,False,True
7080,cifar10_test_07080,/home/tariq/Desktop/Awais-Tariq/base-KD/data/cifar-10-batches-py/test_batch,7080,dog,dog,0.5040963888168335,True,,cat,0.9861490726470947,False,/home/tariq/Desktop/Awais-Tariq/base-KD/reports/cifar10_full_audit/mamba_scratch/failure_images/07080_true-dog_pred-cat.png,dog,0.9999363422393799,True,,cat,0.9778406023979187,False,/home/tariq/Desktop/Awais-Tariq/base-KD/reports/cifar10_full_audit/mamba_kd_from_scratch_vit/failure_images/07080_true-dog_pred-cat.png,bird,0.42693132162094116,False,/home/tariq/Desktop/Awais-Tariq/base-KD/reports/cifar10_full_audit/mamba_kd_from_pretrained_vit/failure_images/07080_true-dog_pred-bird.png,3,mamba_scratch;mamba_kd_from_scratch_vit;mamba_kd_from_pretrained_vit,True,False,False,True,False,True
7099,cifar10_test_07099,/home/tariq/Desktop/Awais-Tariq/base-KD/data/cifar-10-batches-py/test_batch,7099,cat,dog,0.9106228947639465,False,/home/tariq/Desktop/Awais-Tariq/base-KD/reports/cifar10_full_audit/vit_scratch/failure_images/07099_true-cat_pred-dog.png,dog,0.9158092141151428,False,/home/tariq/Desktop/Awais-Tariq/base-KD/reports/cifar10_full_audit/mamba_scratch/failure_images/07099_true-cat_pred-dog.png,dog,0.999998927116394,False,/home/tariq/Desktop/Awais-Tariq/base-KD/reports/cifar10_full_audit/vit_pretrained_finetuned/failure_images/07099_true-cat_pred-dog.png,dog,0.970149040222168,False,/home/tariq/Desktop/Awais-Tariq/base-KD/reports/cifar10_full_audit/mamba_kd_from_scratch_vit/failure_images/07099_true-cat_pred-dog.png,dog,0.9999991655349731,False,/home/tariq/Desktop/Awais-Tariq/base-KD/reports/cifar10_full_audit/mamba_kd_from_pretrained_vit/failure_images/07099_true-cat_pred-dog.png,5,vit_scratch;mamba_scratch;vit_pretrained_finetuned;mamba_kd_from_scratch_vit;mamba_kd_from_pretrained_vit,True,True,False,False,False,False
7107,cifar10_test_07107,/home/tariq/Desktop/Awais-Tariq/base-KD/data/cifar-10-batches-py/test_batch,7107,bird,deer,0.8794257044792175,False,/home/tariq/Desktop/Awais-Tariq/base-KD/reports/cifar10_full_audit/vit_scratch/failure_images/07107_true-bird_pred-deer.png,frog,0.9971948862075806,False,/home/tariq/Desktop/Awais-Tariq/base-KD/reports/cifar10_full_audit/mamba_scratch/failure_images/07107_true-bird_pred-frog.png,bird,0.9999997615814209,True,,frog,0.9917171597480774,False,/home/tariq/Desktop/Awais-Tariq/base-KD/reports/cifar10_full_audit/mamba_kd_from_scratch_vit/failure_images/07107_true-bird_pred-frog.png,cat,0.9794197678565979,False,/home/tariq/Desktop/Awais-Tariq/base-KD/reports/cifar10_full_audit/mamba_kd_from_pretrained_vit/failure_images/07107_true-bird_pred-cat.png,4,vit_scratch;mamba_scratch;mamba_kd_from_scratch_vit;mamba_kd_from_pretrained_vit,True,False,False,False,False,True
7119,cifar10_test_07119,/home/tariq/Desktop/Awais-Tariq/base-KD/data/cifar-10-batches-py/test_batch,7119,dog,horse,0.8982653617858887,False,/home/tariq/Desktop/Awais-Tariq/base-KD/reports/cifar10_full_audit/vit_scratch/failure_images/07119_true-dog_pred-horse.png,dog,0.571800172328949,True,,dog,0.9999978542327881,True,,truck,0.8917867541313171,False,/home/tariq/Desktop/Awais-Tariq/base-KD/reports/cifar10_full_audit/mamba_kd_from_scratch_vit/failure_images/07119_true-dog_pred-truck.png,truck,0.9905954599380493,False,/home/tariq/Desktop/Awais-Tariq/base-KD/reports/cifar10_full_audit/mamba_kd_from_pretrained_vit/failure_images/07119_true-dog_pred-truck.png,3,vit_scratch;mamba_kd_from_scratch_vit;mamba_kd_from_pretrained_vit,True,False,False,False,False,True
7143,cifar10_test_07143,/home/tariq/Desktop/Awais-Tariq/base-KD/data/cifar-10-batches-py/test_batch,7143,deer,cat,0.9700661301612854,False,/home/tariq/Desktop/Awais-Tariq/base-KD/reports/cifar10_full_audit/vit_scratch/failure_images/07143_true-deer_pred-cat.png,bird,0.9872369766235352,False,/home/tariq/Desktop/Awais-Tariq/base-KD/reports/cifar10_full_audit/mamba_scratch/failure_images/07143_true-deer_pred-bird.png,cat,0.9298375248908997,False,/home/tariq/Desktop/Awais-Tariq/base-KD/reports/cifar10_full_audit/vit_pretrained_finetuned/failure_images/07143_true-deer_pred-cat.png,deer,0.9583408832550049,True,,deer,0.9943321943283081,True,,3,vit_scratch;mamba_scratch;vit_pretrained_finetuned,True,False,True,False,True,False
7145,cifar10_test_07145,/home/tariq/Desktop/Awais-Tariq/base-KD/data/cifar-10-batches-py/test_batch,7145,cat,dog,0.999268114566803,False,/home/tariq/Desktop/Awais-Tariq/base-KD/reports/cifar10_full_audit/vit_scratch/failure_images/07145_true-cat_pred-dog.png,dog,0.9952670335769653,False,/home/tariq/Desktop/Awais-Tariq/base-KD/reports/cifar10_full_audit/mamba_scratch/failure_images/07145_true-cat_pred-dog.png,cat,0.9999974966049194,True,,dog,0.9607434868812561,False,/home/tariq/Desktop/Awais-Tariq/base-KD/reports/cifar10_full_audit/mamba_kd_from_scratch_vit/failure_images/07145_true-cat_pred-dog.png,dog,0.9630852937698364,False,/home/tariq/Desktop/Awais-Tariq/base-KD/reports/cifar10_full_audit/mamba_kd_from_pretrained_vit/failure_images/07145_true-cat_pred-dog.png,4,vit_scratch;mamba_scratch;mamba_kd_from_scratch_vit;mamba_kd_from_pretrained_vit,True,False,False,False,False,True
7150,cifar10_test_07150,/home/tariq/Desktop/Awais-Tariq/base-KD/data/cifar-10-batches-py/test_batch,7150,cat,frog,0.7320658564567566,False,/home/tariq/Desktop/Awais-Tariq/base-KD/reports/cifar10_full_audit/vit_scratch/failure_images/07150_true-cat_pred-frog.png,horse,0.997239351272583,False,/home/tariq/Desktop/Awais-Tariq/base-KD/reports/cifar10_full_audit/mamba_scratch/failure_images/07150_true-cat_pred-horse.png,horse,0.9999262094497681,False,/home/tariq/Desktop/Awais-Tariq/base-KD/reports/cifar10_full_audit/vit_pretrained_finetuned/failure_images/07150_true-cat_pred-horse.png,airplane,0.6655683517456055,False,/home/tariq/Desktop/Awais-Tariq/base-KD/reports/cifar10_full_audit/mamba_kd_from_scratch_vit/failure_images/07150_true-cat_pred-airplane.png,horse,0.9726888537406921,False,/home/tariq/Desktop/Awais-Tariq/base-KD/reports/cifar10_full_audit/mamba_kd_from_pretrained_vit/failure_images/07150_true-cat_pred-horse.png,5,vit_scratch;mamba_scratch;vit_pretrained_finetuned;mamba_kd_from_scratch_vit;mamba_kd_from_pretrained_vit,True,True,False,False,False,False
7168,cifar10_test_07168,/home/tariq/Desktop/Awais-Tariq/base-KD/data/cifar-10-batches-py/test_batch,7168,dog,cat,0.9422246217727661,False,/home/tariq/Desktop/Awais-Tariq/base-KD/reports/cifar10_full_audit/vit_scratch/failure_images/07168_true-dog_pred-cat.png,cat,0.9999994039535522,False,/home/tariq/Desktop/Awais-Tariq/base-KD/reports/cifar10_full_audit/mamba_scratch/failure_images/07168_true-dog_pred-cat.png,dog,0.9999837875366211,True,,cat,0.9904390573501587,False,/home/tariq/Desktop/Awais-Tariq/base-KD/reports/cifar10_full_audit/mamba_kd_from_scratch_vit/failure_images/07168_true-dog_pred-cat.png,cat,0.9999996423721313,False,/home/tariq/Desktop/Awais-Tariq/base-KD/reports/cifar10_full_audit/mamba_kd_from_pretrained_vit/failure_images/07168_true-dog_pred-cat.png,4,vit_scratch;mamba_scratch;mamba_kd_from_scratch_vit;mamba_kd_from_pretrained_vit,True,False,False,False,False,True
7183,cifar10_test_07183,/home/tariq/Desktop/Awais-Tariq/base-KD/data/cifar-10-batches-py/test_batch,7183,frog,dog,0.34692904353141785,False,/home/tariq/Desktop/Awais-Tariq/base-KD/reports/cifar10_full_audit/vit_scratch/failure_images/07183_true-frog_pred-dog.png,deer,0.5644352436065674,False,/home/tariq/Desktop/Awais-Tariq/base-KD/reports/cifar10_full_audit/mamba_scratch/failure_images/07183_true-frog_pred-deer.png,frog,0.9999980926513672,True,,deer,0.3922632038593292,False,/home/tariq/Desktop/Awais-Tariq/base-KD/reports/cifar10_full_audit/mamba_kd_from_scratch_vit/failure_images/07183_true-frog_pred-deer.png,frog,0.911143958568573,True,,3,vit_scratch;mamba_scratch;mamba_kd_from_scratch_vit,True,False,False,False,False,False
7202,cifar10_test_07202,/home/tariq/Desktop/Awais-Tariq/base-KD/data/cifar-10-batches-py/test_batch,7202,cat,dog,0.9592560529708862,False,/home/tariq/Desktop/Awais-Tariq/base-KD/reports/cifar10_full_audit/vit_scratch/failure_images/07202_true-cat_pred-dog.png,dog,0.981793999671936,False,/home/tariq/Desktop/Awais-Tariq/base-KD/reports/cifar10_full_audit/mamba_scratch/failure_images/07202_true-cat_pred-dog.png,dog,0.857473611831665,False,/home/tariq/Desktop/Awais-Tariq/base-KD/reports/cifar10_full_audit/vit_pretrained_finetuned/failure_images/07202_true-cat_pred-dog.png,dog,0.4826522469520569,False,/home/tariq/Desktop/Awais-Tariq/base-KD/reports/cifar10_full_audit/mamba_kd_from_scratch_vit/failure_images/07202_true-cat_pred-dog.png,dog,0.9150571227073669,False,/home/tariq/Desktop/Awais-Tariq/base-KD/reports/cifar10_full_audit/mamba_kd_from_pretrained_vit/failure_images/07202_true-cat_pred-dog.png,5,vit_scratch;mamba_scratch;vit_pretrained_finetuned;mamba_kd_from_scratch_vit;mamba_kd_from_pretrained_vit,True,True,False,False,False,False
7214,cifar10_test_07214,/home/tariq/Desktop/Awais-Tariq/base-KD/data/cifar-10-batches-py/test_batch,7214,cat,dog,0.9618423581123352,False,/home/tariq/Desktop/Awais-Tariq/base-KD/reports/cifar10_full_audit/vit_scratch/failure_images/07214_true-cat_pred-dog.png,dog,0.999994158744812,False,/home/tariq/Desktop/Awais-Tariq/base-KD/reports/cifar10_full_audit/mamba_scratch/failure_images/07214_true-cat_pred-dog.png,cat,0.9999674558639526,True,,dog,0.9468566179275513,False,/home/tariq/Desktop/Awais-Tariq/base-KD/reports/cifar10_full_audit/mamba_kd_from_scratch_vit/failure_images/07214_true-cat_pred-dog.png,dog,0.9999442100524902,False,/home/tariq/Desktop/Awais-Tariq/base-KD/reports/cifar10_full_audit/mamba_kd_from_pretrained_vit/failure_images/07214_true-cat_pred-dog.png,4,vit_scratch;mamba_scratch;mamba_kd_from_scratch_vit;mamba_kd_from_pretrained_vit,True,False,False,False,False,True
7218,cifar10_test_07218,/home/tariq/Desktop/Awais-Tariq/base-KD/data/cifar-10-batches-py/test_batch,7218,truck,airplane,0.7749074101448059,False,/home/tariq/Desktop/Awais-Tariq/base-KD/reports/cifar10_full_audit/vit_scratch/failure_images/07218_true-truck_pred-airplane.png,airplane,0.998913049697876,False,/home/tariq/Desktop/Awais-Tariq/base-KD/reports/cifar10_full_audit/mamba_scratch/failure_images/07218_true-truck_pred-airplane.png,truck,0.9999996423721313,True,,airplane,0.9322644472122192,False,/home/tariq/Desktop/Awais-Tariq/base-KD/reports/cifar10_full_audit/mamba_kd_from_scratch_vit/failure_images/07218_true-truck_pred-airplane.png,truck,0.9998394250869751,True,,3,vit_scratch;mamba_scratch;mamba_kd_from_scratch_vit,True,False,False,False,False,False
7219,cifar10_test_07219,/home/tariq/Desktop/Awais-Tariq/base-KD/data/cifar-10-batches-py/test_batch,7219,horse,deer,0.6682348847389221,False,/home/tariq/Desktop/Awais-Tariq/base-KD/reports/cifar10_full_audit/vit_scratch/failure_images/07219_true-horse_pred-deer.png,airplane,0.9339432120323181,False,/home/tariq/Desktop/Awais-Tariq/base-KD/reports/cifar10_full_audit/mamba_scratch/failure_images/07219_true-horse_pred-airplane.png,horse,0.9999995231628418,True,,deer,0.4823613464832306,False,/home/tariq/Desktop/Awais-Tariq/base-KD/reports/cifar10_full_audit/mamba_kd_from_scratch_vit/failure_images/07219_true-horse_pred-deer.png,horse,0.9999874830245972,True,,3,vit_scratch;mamba_scratch;mamba_kd_from_scratch_vit,True,False,False,False,False,False
7229,cifar10_test_07229,/home/tariq/Desktop/Awais-Tariq/base-KD/data/cifar-10-batches-py/test_batch,7229,bird,cat,0.8152482509613037,False,/home/tariq/Desktop/Awais-Tariq/base-KD/reports/cifar10_full_audit/vit_scratch/failure_images/07229_true-bird_pred-cat.png,bird,0.9509994983673096,True,,bird,0.9999994039535522,True,,cat,0.970481276512146,False,/home/tariq/Desktop/Awais-Tariq/base-KD/reports/cifar10_full_audit/mamba_kd_from_scratch_vit/failure_images/07229_true-bird_pred-cat.png,cat,0.8136806488037109,False,/home/tariq/Desktop/Awais-Tariq/base-KD/reports/cifar10_full_audit/mamba_kd_from_pretrained_vit/failure_images/07229_true-bird_pred-cat.png,3,vit_scratch;mamba_kd_from_scratch_vit;mamba_kd_from_pretrained_vit,True,False,False,False,False,True
7267,cifar10_test_07267,/home/tariq/Desktop/Awais-Tariq/base-KD/data/cifar-10-batches-py/test_batch,7267,dog,frog,0.9998581409454346,False,/home/tariq/Desktop/Awais-Tariq/base-KD/reports/cifar10_full_audit/vit_scratch/failure_images/07267_true-dog_pred-frog.png,frog,0.9762812852859497,False,/home/tariq/Desktop/Awais-Tariq/base-KD/reports/cifar10_full_audit/mamba_scratch/failure_images/07267_true-dog_pred-frog.png,dog,0.9999994039535522,True,,frog,0.9932956099510193,False,/home/tariq/Desktop/Awais-Tariq/base-KD/reports/cifar10_full_audit/mamba_kd_from_scratch_vit/failure_images/07267_true-dog_pred-frog.png,dog,0.8914890289306641,True,,3,vit_scratch;mamba_scratch;mamba_kd_from_scratch_vit,True,False,False,False,False,False
7274,cifar10_test_07274,/home/tariq/Desktop/Awais-Tariq/base-KD/data/cifar-10-batches-py/test_batch,7274,automobile,truck,0.9956954717636108,False,/home/tariq/Desktop/Awais-Tariq/base-KD/reports/cifar10_full_audit/vit_scratch/failure_images/07274_true-automobile_pred-truck.png,truck,0.9999943971633911,False,/home/tariq/Desktop/Awais-Tariq/base-KD/reports/cifar10_full_audit/mamba_scratch/failure_images/07274_true-automobile_pred-truck.png,automobile,0.9999997615814209,True,,truck,0.9968175888061523,False,/home/tariq/Desktop/Awais-Tariq/base-KD/reports/cifar10_full_audit/mamba_kd_from_scratch_vit/failure_images/07274_true-automobile_pred-truck.png,truck,0.9999686479568481,False,/home/tariq/Desktop/Awais-Tariq/base-KD/reports/cifar10_full_audit/mamba_kd_from_pretrained_vit/failure_images/07274_true-automobile_pred-truck.png,4,vit_scratch;mamba_scratch;mamba_kd_from_scratch_vit;mamba_kd_from_pretrained_vit,True,False,False,False,False,True
7300,cifar10_test_07300,/home/tariq/Desktop/Awais-Tariq/base-KD/data/cifar-10-batches-py/test_batch,7300,cat,dog,0.9988154172897339,False,/home/tariq/Desktop/Awais-Tariq/base-KD/reports/cifar10_full_audit/vit_scratch/failure_images/07300_true-cat_pred-dog.png,dog,0.9972774386405945,False,/home/tariq/Desktop/Awais-Tariq/base-KD/reports/cifar10_full_audit/mamba_scratch/failure_images/07300_true-cat_pred-dog.png,cat,0.9999991655349731,True,,dog,0.8042376637458801,False,/home/tariq/Desktop/Awais-Tariq/base-KD/reports/cifar10_full_audit/mamba_kd_from_scratch_vit/failure_images/07300_true-cat_pred-dog.png,cat,0.9591245651245117,True,,3,vit_scratch;mamba_scratch;mamba_kd_from_scratch_vit,True,False,False,False,False,False
7311,cifar10_test_07311,/home/tariq/Desktop/Awais-Tariq/base-KD/data/cifar-10-batches-py/test_batch,7311,automobile,truck,0.8362852931022644,False,/home/tariq/Desktop/Awais-Tariq/base-KD/reports/cifar10_full_audit/vit_scratch/failure_images/07311_true-automobile_pred-truck.png,truck,0.9997488856315613,False,/home/tariq/Desktop/Awais-Tariq/base-KD/reports/cifar10_full_audit/mamba_scratch/failure_images/07311_true-automobile_pred-truck.png,truck,0.9997729659080505,False,/home/tariq/Desktop/Awais-Tariq/base-KD/reports/cifar10_full_audit/vit_pretrained_finetuned/failure_images/07311_true-automobile_pred-truck.png,truck,0.9538716673851013,False,/home/tariq/Desktop/Awais-Tariq/base-KD/reports/cifar10_full_audit/mamba_kd_from_scratch_vit/failure_images/07311_true-automobile_pred-truck.png,truck,0.999947190284729,False,/home/tariq/Desktop/Awais-Tariq/base-KD/reports/cifar10_full_audit/mamba_kd_from_pretrained_vit/failure_images/07311_true-automobile_pred-truck.png,5,vit_scratch;mamba_scratch;vit_pretrained_finetuned;mamba_kd_from_scratch_vit;mamba_kd_from_pretrained_vit,True,True,False,False,False,False
7370,cifar10_test_07370,/home/tariq/Desktop/Awais-Tariq/base-KD/data/cifar-10-batches-py/test_batch,7370,cat,ship,0.7987105846405029,False,/home/tariq/Desktop/Awais-Tariq/base-KD/reports/cifar10_full_audit/vit_scratch/failure_images/07370_true-cat_pred-ship.png,bird,0.9371956586837769,False,/home/tariq/Desktop/Awais-Tariq/base-KD/reports/cifar10_full_audit/mamba_scratch/failure_images/07370_true-cat_pred-bird.png,cat,0.9999979734420776,True,,ship,0.8290493488311768,False,/home/tariq/Desktop/Awais-Tariq/base-KD/reports/cifar10_full_audit/mamba_kd_from_scratch_vit/failure_images/07370_true-cat_pred-ship.png,dog,0.6164389252662659,False,/home/tariq/Desktop/Awais-Tariq/base-KD/reports/cifar10_full_audit/mamba_kd_from_pretrained_vit/failure_images/07370_true-cat_pred-dog.png,4,vit_scratch;mamba_scratch;mamba_kd_from_scratch_vit;mamba_kd_from_pretrained_vit,True,False,False,False,False,True
7378,cifar10_test_07378,/home/tariq/Desktop/Awais-Tariq/base-KD/data/cifar-10-batches-py/test_batch,7378,cat,dog,0.89438796043396,False,/home/tariq/Desktop/Awais-Tariq/base-KD/reports/cifar10_full_audit/vit_scratch/failure_images/07378_true-cat_pred-dog.png,dog,0.9599674344062805,False,/home/tariq/Desktop/Awais-Tariq/base-KD/reports/cifar10_full_audit/mamba_scratch/failure_images/07378_true-cat_pred-dog.png,cat,0.9999843835830688,True,,cat,0.5989386439323425,True,,dog,0.9805354475975037,False,/home/tariq/Desktop/Awais-Tariq/base-KD/reports/cifar10_full_audit/mamba_kd_from_pretrained_vit/failure_images/07378_true-cat_pred-dog.png,3,vit_scratch;mamba_scratch;mamba_kd_from_pretrained_vit,True,False,True,False,False,True
7384,cifar10_test_07384,/home/tariq/Desktop/Awais-Tariq/base-KD/data/cifar-10-batches-py/test_batch,7384,cat,dog,0.9475619792938232,False,/home/tariq/Desktop/Awais-Tariq/base-KD/reports/cifar10_full_audit/vit_scratch/failure_images/07384_true-cat_pred-dog.png,dog,0.9984911680221558,False,/home/tariq/Desktop/Awais-Tariq/base-KD/reports/cifar10_full_audit/mamba_scratch/failure_images/07384_true-cat_pred-dog.png,cat,0.9999892711639404,True,,dog,0.8576850891113281,False,/home/tariq/Desktop/Awais-Tariq/base-KD/reports/cifar10_full_audit/mamba_kd_from_scratch_vit/failure_images/07384_true-cat_pred-dog.png,dog,0.9999932050704956,False,/home/tariq/Desktop/Awais-Tariq/base-KD/reports/cifar10_full_audit/mamba_kd_from_pretrained_vit/failure_images/07384_true-cat_pred-dog.png,4,vit_scratch;mamba_scratch;mamba_kd_from_scratch_vit;mamba_kd_from_pretrained_vit,True,False,False,False,False,True
7398,cifar10_test_07398,/home/tariq/Desktop/Awais-Tariq/base-KD/data/cifar-10-batches-py/test_batch,7398,dog,bird,0.9535099864006042,False,/home/tariq/Desktop/Awais-Tariq/base-KD/reports/cifar10_full_audit/vit_scratch/failure_images/07398_true-dog_pred-bird.png,dog,0.5014383792877197,True,,dog,0.9993876218795776,True,,cat,0.5641220211982727,False,/home/tariq/Desktop/Awais-Tariq/base-KD/reports/cifar10_full_audit/mamba_kd_from_scratch_vit/failure_images/07398_true-dog_pred-cat.png,cat,0.9970755577087402,False,/home/tariq/Desktop/Awais-Tariq/base-KD/reports/cifar10_full_audit/mamba_kd_from_pretrained_vit/failure_images/07398_true-dog_pred-cat.png,3,vit_scratch;mamba_kd_from_scratch_vit;mamba_kd_from_pretrained_vit,True,False,False,False,False,True
7399,cifar10_test_07399,/home/tariq/Desktop/Awais-Tariq/base-KD/data/cifar-10-batches-py/test_batch,7399,cat,dog,0.9763159155845642,False,/home/tariq/Desktop/Awais-Tariq/base-KD/reports/cifar10_full_audit/vit_scratch/failure_images/07399_true-cat_pred-dog.png,dog,0.9985174536705017,False,/home/tariq/Desktop/Awais-Tariq/base-KD/reports/cifar10_full_audit/mamba_scratch/failure_images/07399_true-cat_pred-dog.png,cat,0.9999998807907104,True,,dog,0.6793054342269897,False,/home/tariq/Desktop/Awais-Tariq/base-KD/reports/cifar10_full_audit/mamba_kd_from_scratch_vit/failure_images/07399_true-cat_pred-dog.png,cat,0.9996960163116455,True,,3,vit_scratch;mamba_scratch;mamba_kd_from_scratch_vit,True,False,False,False,False,False
7402,cifar10_test_07402,/home/tariq/Desktop/Awais-Tariq/base-KD/data/cifar-10-batches-py/test_batch,7402,airplane,truck,0.8751347661018372,False,/home/tariq/Desktop/Awais-Tariq/base-KD/reports/cifar10_full_audit/vit_scratch/failure_images/07402_true-airplane_pred-truck.png,truck,0.9986876845359802,False,/home/tariq/Desktop/Awais-Tariq/base-KD/reports/cifar10_full_audit/mamba_scratch/failure_images/07402_true-airplane_pred-truck.png,airplane,0.9999995231628418,True,,airplane,0.654453694820404,True,,truck,0.9999974966049194,False,/home/tariq/Desktop/Awais-Tariq/base-KD/reports/cifar10_full_audit/mamba_kd_from_pretrained_vit/failure_images/07402_true-airplane_pred-truck.png,3,vit_scratch;mamba_scratch;mamba_kd_from_pretrained_vit,True,False,True,False,False,True
7406,cifar10_test_07406,/home/tariq/Desktop/Awais-Tariq/base-KD/data/cifar-10-batches-py/test_batch,7406,horse,bird,0.999462902545929,False,/home/tariq/Desktop/Awais-Tariq/base-KD/reports/cifar10_full_audit/vit_scratch/failure_images/07406_true-horse_pred-bird.png,bird,0.999363124370575,False,/home/tariq/Desktop/Awais-Tariq/base-KD/reports/cifar10_full_audit/mamba_scratch/failure_images/07406_true-horse_pred-bird.png,horse,1.0,True,,bird,0.9853796362876892,False,/home/tariq/Desktop/Awais-Tariq/base-KD/reports/cifar10_full_audit/mamba_kd_from_scratch_vit/failure_images/07406_true-horse_pred-bird.png,bird,0.9969016313552856,False,/home/tariq/Desktop/Awais-Tariq/base-KD/reports/cifar10_full_audit/mamba_kd_from_pretrained_vit/failure_images/07406_true-horse_pred-bird.png,4,vit_scratch;mamba_scratch;mamba_kd_from_scratch_vit;mamba_kd_from_pretrained_vit,True,False,False,False,False,True
7408,cifar10_test_07408,/home/tariq/Desktop/Awais-Tariq/base-KD/data/cifar-10-batches-py/test_batch,7408,deer,dog,0.7357581853866577,False,/home/tariq/Desktop/Awais-Tariq/base-KD/reports/cifar10_full_audit/vit_scratch/failure_images/07408_true-deer_pred-dog.png,cat,0.9189369678497314,False,/home/tariq/Desktop/Awais-Tariq/base-KD/reports/cifar10_full_audit/mamba_scratch/failure_images/07408_true-deer_pred-cat.png,deer,0.9989812970161438,True,,frog,0.9969877600669861,False,/home/tariq/Desktop/Awais-Tariq/base-KD/reports/cifar10_full_audit/mamba_kd_from_scratch_vit/failure_images/07408_true-deer_pred-frog.png,cat,0.9965379238128662,False,/home/tariq/Desktop/Awais-Tariq/base-KD/reports/cifar10_full_audit/mamba_kd_from_pretrained_vit/failure_images/07408_true-deer_pred-cat.png,4,vit_scratch;mamba_scratch;mamba_kd_from_scratch_vit;mamba_kd_from_pretrained_vit,True,False,False,False,False,True
7414,cifar10_test_07414,/home/tariq/Desktop/Awais-Tariq/base-KD/data/cifar-10-batches-py/test_batch,7414,ship,airplane,0.9995015859603882,False,/home/tariq/Desktop/Awais-Tariq/base-KD/reports/cifar10_full_audit/vit_scratch/failure_images/07414_true-ship_pred-airplane.png,airplane,0.9971110820770264,False,/home/tariq/Desktop/Awais-Tariq/base-KD/reports/cifar10_full_audit/mamba_scratch/failure_images/07414_true-ship_pred-airplane.png,ship,0.9999994039535522,True,,airplane,0.9979991316795349,False,/home/tariq/Desktop/Awais-Tariq/base-KD/reports/cifar10_full_audit/mamba_kd_from_scratch_vit/failure_images/07414_true-ship_pred-airplane.png,airplane,0.5402514338493347,False,/home/tariq/Desktop/Awais-Tariq/base-KD/reports/cifar10_full_audit/mamba_kd_from_pretrained_vit/failure_images/07414_true-ship_pred-airplane.png,4,vit_scratch;mamba_scratch;mamba_kd_from_scratch_vit;mamba_kd_from_pretrained_vit,True,False,False,False,False,True
7420,cifar10_test_07420,/home/tariq/Desktop/Awais-Tariq/base-KD/data/cifar-10-batches-py/test_batch,7420,cat,deer,0.8158923983573914,False,/home/tariq/Desktop/Awais-Tariq/base-KD/reports/cifar10_full_audit/vit_scratch/failure_images/07420_true-cat_pred-deer.png,dog,0.9986222982406616,False,/home/tariq/Desktop/Awais-Tariq/base-KD/reports/cifar10_full_audit/mamba_scratch/failure_images/07420_true-cat_pred-dog.png,cat,0.9999897480010986,True,,deer,0.7633876204490662,False,/home/tariq/Desktop/Awais-Tariq/base-KD/reports/cifar10_full_audit/mamba_kd_from_scratch_vit/failure_images/07420_true-cat_pred-deer.png,deer,0.5055283904075623,False,/home/tariq/Desktop/Awais-Tariq/base-KD/reports/cifar10_full_audit/mamba_kd_from_pretrained_vit/failure_images/07420_true-cat_pred-deer.png,4,vit_scratch;mamba_scratch;mamba_kd_from_scratch_vit;mamba_kd_from_pretrained_vit,True,False,False,False,False,True
7429,cifar10_test_07429,/home/tariq/Desktop/Awais-Tariq/base-KD/data/cifar-10-batches-py/test_batch,7429,dog,dog,0.9990631937980652,True,,cat,0.9912729859352112,False,/home/tariq/Desktop/Awais-Tariq/base-KD/reports/cifar10_full_audit/mamba_scratch/failure_images/07429_true-dog_pred-cat.png,cat,0.8153176307678223,False,/home/tariq/Desktop/Awais-Tariq/base-KD/reports/cifar10_full_audit/vit_pretrained_finetuned/failure_images/07429_true-dog_pred-cat.png,cat,0.5764895677566528,False,/home/tariq/Desktop/Awais-Tariq/base-KD/reports/cifar10_full_audit/mamba_kd_from_scratch_vit/failure_images/07429_true-dog_pred-cat.png,cat,0.9836763739585876,False,/home/tariq/Desktop/Awais-Tariq/base-KD/reports/cifar10_full_audit/mamba_kd_from_pretrained_vit/failure_images/07429_true-dog_pred-cat.png,4,mamba_scratch;vit_pretrained_finetuned;mamba_kd_from_scratch_vit;mamba_kd_from_pretrained_vit,True,False,False,True,False,False
7439,cifar10_test_07439,/home/tariq/Desktop/Awais-Tariq/base-KD/data/cifar-10-batches-py/test_batch,7439,dog,truck,0.5913394689559937,False,/home/tariq/Desktop/Awais-Tariq/base-KD/reports/cifar10_full_audit/vit_scratch/failure_images/07439_true-dog_pred-truck.png,airplane,0.3302372992038727,False,/home/tariq/Desktop/Awais-Tariq/base-KD/reports/cifar10_full_audit/mamba_scratch/failure_images/07439_true-dog_pred-airplane.png,cat,0.9999967813491821,False,/home/tariq/Desktop/Awais-Tariq/base-KD/reports/cifar10_full_audit/vit_pretrained_finetuned/failure_images/07439_true-dog_pred-cat.png,cat,0.9049209356307983,False,/home/tariq/Desktop/Awais-Tariq/base-KD/reports/cifar10_full_audit/mamba_kd_from_scratch_vit/failure_images/07439_true-dog_pred-cat.png,dog,0.7523163557052612,True,,4,vit_scratch;mamba_scratch;vit_pretrained_finetuned;mamba_kd_from_scratch_vit,True,False,False,False,True,False
7443,cifar10_test_07443,/home/tariq/Desktop/Awais-Tariq/base-KD/data/cifar-10-batches-py/test_batch,7443,horse,dog,0.8297864198684692,False,/home/tariq/Desktop/Awais-Tariq/base-KD/reports/cifar10_full_audit/vit_scratch/failure_images/07443_true-horse_pred-dog.png,cat,0.9119063019752502,False,/home/tariq/Desktop/Awais-Tariq/base-KD/reports/cifar10_full_audit/mamba_scratch/failure_images/07443_true-horse_pred-cat.png,horse,0.9999998807907104,True,,cat,0.7868008613586426,False,/home/tariq/Desktop/Awais-Tariq/base-KD/reports/cifar10_full_audit/mamba_kd_from_scratch_vit/failure_images/07443_true-horse_pred-cat.png,cat,0.984683096408844,False,/home/tariq/Desktop/Awais-Tariq/base-KD/reports/cifar10_full_audit/mamba_kd_from_pretrained_vit/failure_images/07443_true-horse_pred-cat.png,4,vit_scratch;mamba_scratch;mamba_kd_from_scratch_vit;mamba_kd_from_pretrained_vit,True,False,False,False,False,True
7444,cifar10_test_07444,/home/tariq/Desktop/Awais-Tariq/base-KD/data/cifar-10-batches-py/test_batch,7444,truck,automobile,0.9511820673942566,False,/home/tariq/Desktop/Awais-Tariq/base-KD/reports/cifar10_full_audit/vit_scratch/failure_images/07444_true-truck_pred-automobile.png,automobile,0.9956284761428833,False,/home/tariq/Desktop/Awais-Tariq/base-KD/reports/cifar10_full_audit/mamba_scratch/failure_images/07444_true-truck_pred-automobile.png,automobile,0.9999793767929077,False,/home/tariq/Desktop/Awais-Tariq/base-KD/reports/cifar10_full_audit/vit_pretrained_finetuned/failure_images/07444_true-truck_pred-automobile.png,automobile,0.9525728225708008,False,/home/tariq/Desktop/Awais-Tariq/base-KD/reports/cifar10_full_audit/mamba_kd_from_scratch_vit/failure_images/07444_true-truck_pred-automobile.png,automobile,0.5538854598999023,False,/home/tariq/Desktop/Awais-Tariq/base-KD/reports/cifar10_full_audit/mamba_kd_from_pretrained_vit/failure_images/07444_true-truck_pred-automobile.png,5,vit_scratch;mamba_scratch;vit_pretrained_finetuned;mamba_kd_from_scratch_vit;mamba_kd_from_pretrained_vit,True,True,False,False,False,False
7446,cifar10_test_07446,/home/tariq/Desktop/Awais-Tariq/base-KD/data/cifar-10-batches-py/test_batch,7446,dog,frog,0.9989826083183289,False,/home/tariq/Desktop/Awais-Tariq/base-KD/reports/cifar10_full_audit/vit_scratch/failure_images/07446_true-dog_pred-frog.png,frog,0.9357995390892029,False,/home/tariq/Desktop/Awais-Tariq/base-KD/reports/cifar10_full_audit/mamba_scratch/failure_images/07446_true-dog_pred-frog.png,dog,0.9999984502792358,True,,frog,0.963356077671051,False,/home/tariq/Desktop/Awais-Tariq/base-KD/reports/cifar10_full_audit/mamba_kd_from_scratch_vit/failure_images/07446_true-dog_pred-frog.png,dog,0.9937644004821777,True,,3,vit_scratch;mamba_scratch;mamba_kd_from_scratch_vit,True,False,False,False,False,False
7455,cifar10_test_07455,/home/tariq/Desktop/Awais-Tariq/base-KD/data/cifar-10-batches-py/test_batch,7455,automobile,truck,0.9629484415054321,False,/home/tariq/Desktop/Awais-Tariq/base-KD/reports/cifar10_full_audit/vit_scratch/failure_images/07455_true-automobile_pred-truck.png,truck,0.9999649524688721,False,/home/tariq/Desktop/Awais-Tariq/base-KD/reports/cifar10_full_audit/mamba_scratch/failure_images/07455_true-automobile_pred-truck.png,automobile,0.9999957084655762,True,,truck,0.8463627696037292,False,/home/tariq/Desktop/Awais-Tariq/base-KD/reports/cifar10_full_audit/mamba_kd_from_scratch_vit/failure_images/07455_true-automobile_pred-truck.png,truck,0.9866930842399597,False,/home/tariq/Desktop/Awais-Tariq/base-KD/reports/cifar10_full_audit/mamba_kd_from_pretrained_vit/failure_images/07455_true-automobile_pred-truck.png,4,vit_scratch;mamba_scratch;mamba_kd_from_scratch_vit;mamba_kd_from_pretrained_vit,True,False,False,False,False,True
7458,cifar10_test_07458,/home/tariq/Desktop/Awais-Tariq/base-KD/data/cifar-10-batches-py/test_batch,7458,bird,dog,0.893290102481842,False,/home/tariq/Desktop/Awais-Tariq/base-KD/reports/cifar10_full_audit/vit_scratch/failure_images/07458_true-bird_pred-dog.png,horse,0.9830799102783203,False,/home/tariq/Desktop/Awais-Tariq/base-KD/reports/cifar10_full_audit/mamba_scratch/failure_images/07458_true-bird_pred-horse.png,bird,1.0,True,,cat,0.5657832622528076,False,/home/tariq/Desktop/Awais-Tariq/base-KD/reports/cifar10_full_audit/mamba_kd_from_scratch_vit/failure_images/07458_true-bird_pred-cat.png,dog,0.9403871893882751,False,/home/tariq/Desktop/Awais-Tariq/base-KD/reports/cifar10_full_audit/mamba_kd_from_pretrained_vit/failure_images/07458_true-bird_pred-dog.png,4,vit_scratch;mamba_scratch;mamba_kd_from_scratch_vit;mamba_kd_from_pretrained_vit,True,False,False,False,False,True
7496,cifar10_test_07496,/home/tariq/Desktop/Awais-Tariq/base-KD/data/cifar-10-batches-py/test_batch,7496,cat,bird,0.5252255201339722,False,/home/tariq/Desktop/Awais-Tariq/base-KD/reports/cifar10_full_audit/vit_scratch/failure_images/07496_true-cat_pred-bird.png,deer,0.9095816612243652,False,/home/tariq/Desktop/Awais-Tariq/base-KD/reports/cifar10_full_audit/mamba_scratch/failure_images/07496_true-cat_pred-deer.png,cat,0.9999972581863403,True,,cat,0.42748114466667175,True,,deer,0.9981426000595093,False,/home/tariq/Desktop/Awais-Tariq/base-KD/reports/cifar10_full_audit/mamba_kd_from_pretrained_vit/failure_images/07496_true-cat_pred-deer.png,3,vit_scratch;mamba_scratch;mamba_kd_from_pretrained_vit,True,False,True,False,False,True
7509,cifar10_test_07509,/home/tariq/Desktop/Awais-Tariq/base-KD/data/cifar-10-batches-py/test_batch,7509,cat,automobile,0.9583123326301575,False,/home/tariq/Desktop/Awais-Tariq/base-KD/reports/cifar10_full_audit/vit_scratch/failure_images/07509_true-cat_pred-automobile.png,automobile,0.8493003249168396,False,/home/tariq/Desktop/Awais-Tariq/base-KD/reports/cifar10_full_audit/mamba_scratch/failure_images/07509_true-cat_pred-automobile.png,cat,0.9990639090538025,True,,dog,0.6316415667533875,False,/home/tariq/Desktop/Awais-Tariq/base-KD/reports/cifar10_full_audit/mamba_kd_from_scratch_vit/failure_images/07509_true-cat_pred-dog.png,dog,0.8123486638069153,False,/home/tariq/Desktop/Awais-Tariq/base-KD/reports/cifar10_full_audit/mamba_kd_from_pretrained_vit/failure_images/07509_true-cat_pred-dog.png,4,vit_scratch;mamba_scratch;mamba_kd_from_scratch_vit;mamba_kd_from_pretrained_vit,True,False,False,False,False,True
7524,cifar10_test_07524,/home/tariq/Desktop/Awais-Tariq/base-KD/data/cifar-10-batches-py/test_batch,7524,cat,truck,0.9764634370803833,False,/home/tariq/Desktop/Awais-Tariq/base-KD/reports/cifar10_full_audit/vit_scratch/failure_images/07524_true-cat_pred-truck.png,ship,0.9919547438621521,False,/home/tariq/Desktop/Awais-Tariq/base-KD/reports/cifar10_full_audit/mamba_scratch/failure_images/07524_true-cat_pred-ship.png,ship,0.9789496660232544,False,/home/tariq/Desktop/Awais-Tariq/base-KD/reports/cifar10_full_audit/vit_pretrained_finetuned/failure_images/07524_true-cat_pred-ship.png,ship,0.8665775656700134,False,/home/tariq/Desktop/Awais-Tariq/base-KD/reports/cifar10_full_audit/mamba_kd_from_scratch_vit/failure_images/07524_true-cat_pred-ship.png,ship,0.9999865293502808,False,/home/tariq/Desktop/Awais-Tariq/base-KD/reports/cifar10_full_audit/mamba_kd_from_pretrained_vit/failure_images/07524_true-cat_pred-ship.png,5,vit_scratch;mamba_scratch;vit_pretrained_finetuned;mamba_kd_from_scratch_vit;mamba_kd_from_pretrained_vit,True,True,False,False,False,False
7536,cifar10_test_07536,/home/tariq/Desktop/Awais-Tariq/base-KD/data/cifar-10-batches-py/test_batch,7536,ship,automobile,0.7732998132705688,False,/home/tariq/Desktop/Awais-Tariq/base-KD/reports/cifar10_full_audit/vit_scratch/failure_images/07536_true-ship_pred-automobile.png,automobile,0.9973631501197815,False,/home/tariq/Desktop/Awais-Tariq/base-KD/reports/cifar10_full_audit/mamba_scratch/failure_images/07536_true-ship_pred-automobile.png,ship,0.9999998807907104,True,,automobile,0.5633698105812073,False,/home/tariq/Desktop/Awais-Tariq/base-KD/reports/cifar10_full_audit/mamba_kd_from_scratch_vit/failure_images/07536_true-ship_pred-automobile.png,automobile,0.9302070140838623,False,/home/tariq/Desktop/Awais-Tariq/base-KD/reports/cifar10_full_audit/mamba_kd_from_pretrained_vit/failure_images/07536_true-ship_pred-automobile.png,4,vit_scratch;mamba_scratch;mamba_kd_from_scratch_vit;mamba_kd_from_pretrained_vit,True,False,False,False,False,True
7549,cifar10_test_07549,/home/tariq/Desktop/Awais-Tariq/base-KD/data/cifar-10-batches-py/test_batch,7549,cat,cat,0.9868061542510986,True,,dog,0.9542304277420044,False,/home/tariq/Desktop/Awais-Tariq/base-KD/reports/cifar10_full_audit/mamba_scratch/failure_images/07549_true-cat_pred-dog.png,cat,0.9999412298202515,True,,dog,0.9980146884918213,False,/home/tariq/Desktop/Awais-Tariq/base-KD/reports/cifar10_full_audit/mamba_kd_from_scratch_vit/failure_images/07549_true-cat_pred-dog.png,dog,0.9000595211982727,False,/home/tariq/Desktop/Awais-Tariq/base-KD/reports/cifar10_full_audit/mamba_kd_from_pretrained_vit/failure_images/07549_true-cat_pred-dog.png,3,mamba_scratch;mamba_kd_from_scratch_vit;mamba_kd_from_pretrained_vit,True,False,False,True,False,True
7559,cifar10_test_07559,/home/tariq/Desktop/Awais-Tariq/base-KD/data/cifar-10-batches-py/test_batch,7559,ship,automobile,0.9862985014915466,False,/home/tariq/Desktop/Awais-Tariq/base-KD/reports/cifar10_full_audit/vit_scratch/failure_images/07559_true-ship_pred-automobile.png,automobile,0.9994176626205444,False,/home/tariq/Desktop/Awais-Tariq/base-KD/reports/cifar10_full_audit/mamba_scratch/failure_images/07559_true-ship_pred-automobile.png,ship,0.9999990463256836,True,,automobile,0.9854737520217896,False,/home/tariq/Desktop/Awais-Tariq/base-KD/reports/cifar10_full_audit/mamba_kd_from_scratch_vit/failure_images/07559_true-ship_pred-automobile.png,automobile,0.6568297743797302,False,/home/tariq/Desktop/Awais-Tariq/base-KD/reports/cifar10_full_audit/mamba_kd_from_pretrained_vit/failure_images/07559_true-ship_pred-automobile.png,4,vit_scratch;mamba_scratch;mamba_kd_from_scratch_vit;mamba_kd_from_pretrained_vit,True,False,False,False,False,True
7562,cifar10_test_07562,/home/tariq/Desktop/Awais-Tariq/base-KD/data/cifar-10-batches-py/test_batch,7562,bird,cat,0.6400780081748962,False,/home/tariq/Desktop/Awais-Tariq/base-KD/reports/cifar10_full_audit/vit_scratch/failure_images/07562_true-bird_pred-cat.png,cat,0.7818459868431091,False,/home/tariq/Desktop/Awais-Tariq/base-KD/reports/cifar10_full_audit/mamba_scratch/failure_images/07562_true-bird_pred-cat.png,bird,0.9999998807907104,True,,frog,0.49991366267204285,False,/home/tariq/Desktop/Awais-Tariq/base-KD/reports/cifar10_full_audit/mamba_kd_from_scratch_vit/failure_images/07562_true-bird_pred-frog.png,cat,0.7865015268325806,False,/home/tariq/Desktop/Awais-Tariq/base-KD/reports/cifar10_full_audit/mamba_kd_from_pretrained_vit/failure_images/07562_true-bird_pred-cat.png,4,vit_scratch;mamba_scratch;mamba_kd_from_scratch_vit;mamba_kd_from_pretrained_vit,True,False,False,False,False,True
7571,cifar10_test_07571,/home/tariq/Desktop/Awais-Tariq/base-KD/data/cifar-10-batches-py/test_batch,7571,deer,frog,0.9987542629241943,False,/home/tariq/Desktop/Awais-Tariq/base-KD/reports/cifar10_full_audit/vit_scratch/failure_images/07571_true-deer_pred-frog.png,frog,1.0,False,/home/tariq/Desktop/Awais-Tariq/base-KD/reports/cifar10_full_audit/mamba_scratch/failure_images/07571_true-deer_pred-frog.png,deer,0.9999958276748657,True,,frog,0.9968210458755493,False,/home/tariq/Desktop/Awais-Tariq/base-KD/reports/cifar10_full_audit/mamba_kd_from_scratch_vit/failure_images/07571_true-deer_pred-frog.png,frog,0.8894494771957397,False,/home/tariq/Desktop/Awais-Tariq/base-KD/reports/cifar10_full_audit/mamba_kd_from_pretrained_vit/failure_images/07571_true-deer_pred-frog.png,4,vit_scratch;mamba_scratch;mamba_kd_from_scratch_vit;mamba_kd_from_pretrained_vit,True,False,False,False,False,True
7590,cifar10_test_07590,/home/tariq/Desktop/Awais-Tariq/base-KD/data/cifar-10-batches-py/test_batch,7590,bird,deer,0.623682975769043,False,/home/tariq/Desktop/Awais-Tariq/base-KD/reports/cifar10_full_audit/vit_scratch/failure_images/07590_true-bird_pred-deer.png,deer,0.9999569654464722,False,/home/tariq/Desktop/Awais-Tariq/base-KD/reports/cifar10_full_audit/mamba_scratch/failure_images/07590_true-bird_pred-deer.png,bird,0.9999610185623169,True,,deer,0.9871788024902344,False,/home/tariq/Desktop/Awais-Tariq/base-KD/reports/cifar10_full_audit/mamba_kd_from_scratch_vit/failure_images/07590_true-bird_pred-deer.png,deer,0.9975205063819885,False,/home/tariq/Desktop/Awais-Tariq/base-KD/reports/cifar10_full_audit/mamba_kd_from_pretrained_vit/failure_images/07590_true-bird_pred-deer.png,4,vit_scratch;mamba_scratch;mamba_kd_from_scratch_vit;mamba_kd_from_pretrained_vit,True,False,False,False,False,True
7596,cifar10_test_07596,/home/tariq/Desktop/Awais-Tariq/base-KD/data/cifar-10-batches-py/test_batch,7596,cat,dog,0.8821761608123779,False,/home/tariq/Desktop/Awais-Tariq/base-KD/reports/cifar10_full_audit/vit_scratch/failure_images/07596_true-cat_pred-dog.png,dog,0.9521849751472473,False,/home/tariq/Desktop/Awais-Tariq/base-KD/reports/cifar10_full_audit/mamba_scratch/failure_images/07596_true-cat_pred-dog.png,cat,0.9999792575836182,True,,dog,0.8315879106521606,False,/home/tariq/Desktop/Awais-Tariq/base-KD/reports/cifar10_full_audit/mamba_kd_from_scratch_vit/failure_images/07596_true-cat_pred-dog.png,dog,0.6054256558418274,False,/home/tariq/Desktop/Awais-Tariq/base-KD/reports/cifar10_full_audit/mamba_kd_from_pretrained_vit/failure_images/07596_true-cat_pred-dog.png,4,vit_scratch;mamba_scratch;mamba_kd_from_scratch_vit;mamba_kd_from_pretrained_vit,True,False,False,False,False,True
7600,cifar10_test_07600,/home/tariq/Desktop/Awais-Tariq/base-KD/data/cifar-10-batches-py/test_batch,7600,ship,truck,0.5610131621360779,False,/home/tariq/Desktop/Awais-Tariq/base-KD/reports/cifar10_full_audit/vit_scratch/failure_images/07600_true-ship_pred-truck.png,truck,0.7973162531852722,False,/home/tariq/Desktop/Awais-Tariq/base-KD/reports/cifar10_full_audit/mamba_scratch/failure_images/07600_true-ship_pred-truck.png,ship,0.9999996423721313,True,,truck,0.8181230425834656,False,/home/tariq/Desktop/Awais-Tariq/base-KD/reports/cifar10_full_audit/mamba_kd_from_scratch_vit/failure_images/07600_true-ship_pred-truck.png,automobile,0.8982579112052917,False,/home/tariq/Desktop/Awais-Tariq/base-KD/reports/cifar10_full_audit/mamba_kd_from_pretrained_vit/failure_images/07600_true-ship_pred-automobile.png,4,vit_scratch;mamba_scratch;mamba_kd_from_scratch_vit;mamba_kd_from_pretrained_vit,True,False,False,False,False,True
7605,cifar10_test_07605,/home/tariq/Desktop/Awais-Tariq/base-KD/data/cifar-10-batches-py/test_batch,7605,bird,frog,0.9999731779098511,False,/home/tariq/Desktop/Awais-Tariq/base-KD/reports/cifar10_full_audit/vit_scratch/failure_images/07605_true-bird_pred-frog.png,bird,0.8296230435371399,True,,bird,0.9999997615814209,True,,frog,0.9864425659179688,False,/home/tariq/Desktop/Awais-Tariq/base-KD/reports/cifar10_full_audit/mamba_kd_from_scratch_vit/failure_images/07605_true-bird_pred-frog.png,frog,0.7094943523406982,False,/home/tariq/Desktop/Awais-Tariq/base-KD/reports/cifar10_full_audit/mamba_kd_from_pretrained_vit/failure_images/07605_true-bird_pred-frog.png,3,vit_scratch;mamba_kd_from_scratch_vit;mamba_kd_from_pretrained_vit,True,False,False,False,False,True
7609,cifar10_test_07609,/home/tariq/Desktop/Awais-Tariq/base-KD/data/cifar-10-batches-py/test_batch,7609,airplane,automobile,0.9944509863853455,False,/home/tariq/Desktop/Awais-Tariq/base-KD/reports/cifar10_full_audit/vit_scratch/failure_images/07609_true-airplane_pred-automobile.png,ship,0.36037614941596985,False,/home/tariq/Desktop/Awais-Tariq/base-KD/reports/cifar10_full_audit/mamba_scratch/failure_images/07609_true-airplane_pred-ship.png,airplane,0.9999998807907104,True,,ship,0.5988843441009521,False,/home/tariq/Desktop/Awais-Tariq/base-KD/reports/cifar10_full_audit/mamba_kd_from_scratch_vit/failure_images/07609_true-airplane_pred-ship.png,airplane,0.983022153377533,True,,3,vit_scratch;mamba_scratch;mamba_kd_from_scratch_vit,True,False,False,False,False,False
7611,cifar10_test_07611,/home/tariq/Desktop/Awais-Tariq/base-KD/data/cifar-10-batches-py/test_batch,7611,horse,deer,0.9802008867263794,False,/home/tariq/Desktop/Awais-Tariq/base-KD/reports/cifar10_full_audit/vit_scratch/failure_images/07611_true-horse_pred-deer.png,deer,0.6255497336387634,False,/home/tariq/Desktop/Awais-Tariq/base-KD/reports/cifar10_full_audit/mamba_scratch/failure_images/07611_true-horse_pred-deer.png,horse,0.9999902248382568,True,,bird,0.962580144405365,False,/home/tariq/Desktop/Awais-Tariq/base-KD/reports/cifar10_full_audit/mamba_kd_from_scratch_vit/failure_images/07611_true-horse_pred-bird.png,bird,0.9997521042823792,False,/home/tariq/Desktop/Awais-Tariq/base-KD/reports/cifar10_full_audit/mamba_kd_from_pretrained_vit/failure_images/07611_true-horse_pred-bird.png,4,vit_scratch;mamba_scratch;mamba_kd_from_scratch_vit;mamba_kd_from_pretrained_vit,True,False,False,False,False,True
7617,cifar10_test_07617,/home/tariq/Desktop/Awais-Tariq/base-KD/data/cifar-10-batches-py/test_batch,7617,bird,airplane,0.8668419122695923,False,/home/tariq/Desktop/Awais-Tariq/base-KD/reports/cifar10_full_audit/vit_scratch/failure_images/07617_true-bird_pred-airplane.png,ship,0.6392400860786438,False,/home/tariq/Desktop/Awais-Tariq/base-KD/reports/cifar10_full_audit/mamba_scratch/failure_images/07617_true-bird_pred-ship.png,airplane,0.8939356207847595,False,/home/tariq/Desktop/Awais-Tariq/base-KD/reports/cifar10_full_audit/vit_pretrained_finetuned/failure_images/07617_true-bird_pred-airplane.png,airplane,0.8153261542320251,False,/home/tariq/Desktop/Awais-Tariq/base-KD/reports/cifar10_full_audit/mamba_kd_from_scratch_vit/failure_images/07617_true-bird_pred-airplane.png,bird,0.6945730447769165,True,,4,vit_scratch;mamba_scratch;vit_pretrained_finetuned;mamba_kd_from_scratch_vit,True,False,False,False,True,False
7641,cifar10_test_07641,/home/tariq/Desktop/Awais-Tariq/base-KD/data/cifar-10-batches-py/test_batch,7641,horse,dog,0.9874687194824219,False,/home/tariq/Desktop/Awais-Tariq/base-KD/reports/cifar10_full_audit/vit_scratch/failure_images/07641_true-horse_pred-dog.png,frog,0.9870004057884216,False,/home/tariq/Desktop/Awais-Tariq/base-KD/reports/cifar10_full_audit/mamba_scratch/failure_images/07641_true-horse_pred-frog.png,horse,0.9999997615814209,True,,horse,0.6785979866981506,True,,dog,0.5653155446052551,False,/home/tariq/Desktop/Awais-Tariq/base-KD/reports/cifar10_full_audit/mamba_kd_from_pretrained_vit/failure_images/07641_true-horse_pred-dog.png,3,vit_scratch;mamba_scratch;mamba_kd_from_pretrained_vit,True,False,True,False,False,True
7657,cifar10_test_07657,/home/tariq/Desktop/Awais-Tariq/base-KD/data/cifar-10-batches-py/test_batch,7657,bird,horse,0.8974756598472595,False,/home/tariq/Desktop/Awais-Tariq/base-KD/reports/cifar10_full_audit/vit_scratch/failure_images/07657_true-bird_pred-horse.png,dog,0.9548250436782837,False,/home/tariq/Desktop/Awais-Tariq/base-KD/reports/cifar10_full_audit/mamba_scratch/failure_images/07657_true-bird_pred-dog.png,horse,0.9999562501907349,False,/home/tariq/Desktop/Awais-Tariq/base-KD/reports/cifar10_full_audit/vit_pretrained_finetuned/failure_images/07657_true-bird_pred-horse.png,horse,0.9034535884857178,False,/home/tariq/Desktop/Awais-Tariq/base-KD/reports/cifar10_full_audit/mamba_kd_from_scratch_vit/failure_images/07657_true-bird_pred-horse.png,dog,0.5348554253578186,False,/home/tariq/Desktop/Awais-Tariq/base-KD/reports/cifar10_full_audit/mamba_kd_from_pretrained_vit/failure_images/07657_true-bird_pred-dog.png,5,vit_scratch;mamba_scratch;vit_pretrained_finetuned;mamba_kd_from_scratch_vit;mamba_kd_from_pretrained_vit,True,True,False,False,False,False
7666,cifar10_test_07666,/home/tariq/Desktop/Awais-Tariq/base-KD/data/cifar-10-batches-py/test_batch,7666,bird,horse,0.9999656677246094,False,/home/tariq/Desktop/Awais-Tariq/base-KD/reports/cifar10_full_audit/vit_scratch/failure_images/07666_true-bird_pred-horse.png,deer,0.9950218200683594,False,/home/tariq/Desktop/Awais-Tariq/base-KD/reports/cifar10_full_audit/mamba_scratch/failure_images/07666_true-bird_pred-deer.png,bird,0.9999998807907104,True,,horse,0.8815633058547974,False,/home/tariq/Desktop/Awais-Tariq/base-KD/reports/cifar10_full_audit/mamba_kd_from_scratch_vit/failure_images/07666_true-bird_pred-horse.png,deer,0.8360335230827332,False,/home/tariq/Desktop/Awais-Tariq/base-KD/reports/cifar10_full_audit/mamba_kd_from_pretrained_vit/failure_images/07666_true-bird_pred-deer.png,4,vit_scratch;mamba_scratch;mamba_kd_from_scratch_vit;mamba_kd_from_pretrained_vit,True,False,False,False,False,True
7730,cifar10_test_07730,/home/tariq/Desktop/Awais-Tariq/base-KD/data/cifar-10-batches-py/test_batch,7730,deer,deer,0.998286783695221,True,,cat,0.9849029183387756,False,/home/tariq/Desktop/Awais-Tariq/base-KD/reports/cifar10_full_audit/mamba_scratch/failure_images/07730_true-deer_pred-cat.png,cat,0.9926949739456177,False,/home/tariq/Desktop/Awais-Tariq/base-KD/reports/cifar10_full_audit/vit_pretrained_finetuned/failure_images/07730_true-deer_pred-cat.png,deer,0.9123390316963196,True,,dog,0.6393540501594543,False,/home/tariq/Desktop/Awais-Tariq/base-KD/reports/cifar10_full_audit/mamba_kd_from_pretrained_vit/failure_images/07730_true-deer_pred-dog.png,3,mamba_scratch;vit_pretrained_finetuned;mamba_kd_from_pretrained_vit,True,False,False,False,False,False
7744,cifar10_test_07744,/home/tariq/Desktop/Awais-Tariq/base-KD/data/cifar-10-batches-py/test_batch,7744,deer,cat,0.9983929991722107,False,/home/tariq/Desktop/Awais-Tariq/base-KD/reports/cifar10_full_audit/vit_scratch/failure_images/07744_true-deer_pred-cat.png,cat,0.9950639605522156,False,/home/tariq/Desktop/Awais-Tariq/base-KD/reports/cifar10_full_audit/mamba_scratch/failure_images/07744_true-deer_pred-cat.png,deer,0.9999984502792358,True,,cat,0.8118605613708496,False,/home/tariq/Desktop/Awais-Tariq/base-KD/reports/cifar10_full_audit/mamba_kd_from_scratch_vit/failure_images/07744_true-deer_pred-cat.png,cat,0.9999804496765137,False,/home/tariq/Desktop/Awais-Tariq/base-KD/reports/cifar10_full_audit/mamba_kd_from_pretrained_vit/failure_images/07744_true-deer_pred-cat.png,4,vit_scratch;mamba_scratch;mamba_kd_from_scratch_vit;mamba_kd_from_pretrained_vit,True,False,False,False,False,True
7750,cifar10_test_07750,/home/tariq/Desktop/Awais-Tariq/base-KD/data/cifar-10-batches-py/test_batch,7750,cat,bird,0.8957647085189819,False,/home/tariq/Desktop/Awais-Tariq/base-KD/reports/cifar10_full_audit/vit_scratch/failure_images/07750_true-cat_pred-bird.png,deer,0.983558714389801,False,/home/tariq/Desktop/Awais-Tariq/base-KD/reports/cifar10_full_audit/mamba_scratch/failure_images/07750_true-cat_pred-deer.png,cat,0.9999960660934448,True,,deer,0.9663137197494507,False,/home/tariq/Desktop/Awais-Tariq/base-KD/reports/cifar10_full_audit/mamba_kd_from_scratch_vit/failure_images/07750_true-cat_pred-deer.png,deer,0.9181690216064453,False,/home/tariq/Desktop/Awais-Tariq/base-KD/reports/cifar10_full_audit/mamba_kd_from_pretrained_vit/failure_images/07750_true-cat_pred-deer.png,4,vit_scratch;mamba_scratch;mamba_kd_from_scratch_vit;mamba_kd_from_pretrained_vit,True,False,False,False,False,True
7760,cifar10_test_07760,/home/tariq/Desktop/Awais-Tariq/base-KD/data/cifar-10-batches-py/test_batch,7760,bird,airplane,0.8617733120918274,False,/home/tariq/Desktop/Awais-Tariq/base-KD/reports/cifar10_full_audit/vit_scratch/failure_images/07760_true-bird_pred-airplane.png,airplane,0.7797858119010925,False,/home/tariq/Desktop/Awais-Tariq/base-KD/reports/cifar10_full_audit/mamba_scratch/failure_images/07760_true-bird_pred-airplane.png,bird,0.9999998807907104,True,,bird,0.4624210298061371,True,,airplane,0.8172903060913086,False,/home/tariq/Desktop/Awais-Tariq/base-KD/reports/cifar10_full_audit/mamba_kd_from_pretrained_vit/failure_images/07760_true-bird_pred-airplane.png,3,vit_scratch;mamba_scratch;mamba_kd_from_pretrained_vit,True,False,True,False,False,True
7761,cifar10_test_07761,/home/tariq/Desktop/Awais-Tariq/base-KD/data/cifar-10-batches-py/test_batch,7761,bird,dog,0.9911624193191528,False,/home/tariq/Desktop/Awais-Tariq/base-KD/reports/cifar10_full_audit/vit_scratch/failure_images/07761_true-bird_pred-dog.png,cat,0.9998766183853149,False,/home/tariq/Desktop/Awais-Tariq/base-KD/reports/cifar10_full_audit/mamba_scratch/failure_images/07761_true-bird_pred-cat.png,cat,0.9988425374031067,False,/home/tariq/Desktop/Awais-Tariq/base-KD/reports/cifar10_full_audit/vit_pretrained_finetuned/failure_images/07761_true-bird_pred-cat.png,cat,0.6634491086006165,False,/home/tariq/Desktop/Awais-Tariq/base-KD/reports/cifar10_full_audit/mamba_kd_from_scratch_vit/failure_images/07761_true-bird_pred-cat.png,cat,0.9999967813491821,False,/home/tariq/Desktop/Awais-Tariq/base-KD/reports/cifar10_full_audit/mamba_kd_from_pretrained_vit/failure_images/07761_true-bird_pred-cat.png,5,vit_scratch;mamba_scratch;vit_pretrained_finetuned;mamba_kd_from_scratch_vit;mamba_kd_from_pretrained_vit,True,True,False,False,False,False
7763,cifar10_test_07763,/home/tariq/Desktop/Awais-Tariq/base-KD/data/cifar-10-batches-py/test_batch,7763,deer,cat,0.9864700436592102,False,/home/tariq/Desktop/Awais-Tariq/base-KD/reports/cifar10_full_audit/vit_scratch/failure_images/07763_true-deer_pred-cat.png,bird,0.8760908246040344,False,/home/tariq/Desktop/Awais-Tariq/base-KD/reports/cifar10_full_audit/mamba_scratch/failure_images/07763_true-deer_pred-bird.png,deer,0.9999980926513672,True,,cat,0.9817008376121521,False,/home/tariq/Desktop/Awais-Tariq/base-KD/reports/cifar10_full_audit/mamba_kd_from_scratch_vit/failure_images/07763_true-deer_pred-cat.png,deer,0.9596234560012817,True,,3,vit_scratch;mamba_scratch;mamba_kd_from_scratch_vit,True,False,False,False,False,False
7769,cifar10_test_07769,/home/tariq/Desktop/Awais-Tariq/base-KD/data/cifar-10-batches-py/test_batch,7769,deer,deer,0.7505955696105957,True,,horse,0.6531661748886108,False,/home/tariq/Desktop/Awais-Tariq/base-KD/reports/cifar10_full_audit/mamba_scratch/failure_images/07769_true-deer_pred-horse.png,deer,0.9999978542327881,True,,horse,0.9864413142204285,False,/home/tariq/Desktop/Awais-Tariq/base-KD/reports/cifar10_full_audit/mamba_kd_from_scratch_vit/failure_images/07769_true-deer_pred-horse.png,horse,0.9999678134918213,False,/home/tariq/Desktop/Awais-Tariq/base-KD/reports/cifar10_full_audit/mamba_kd_from_pretrained_vit/failure_images/07769_true-deer_pred-horse.png,3,mamba_scratch;mamba_kd_from_scratch_vit;mamba_kd_from_pretrained_vit,True,False,False,True,False,True
7778,cifar10_test_07778,/home/tariq/Desktop/Awais-Tariq/base-KD/data/cifar-10-batches-py/test_batch,7778,airplane,frog,0.9999779462814331,False,/home/tariq/Desktop/Awais-Tariq/base-KD/reports/cifar10_full_audit/vit_scratch/failure_images/07778_true-airplane_pred-frog.png,frog,0.9999779462814331,False,/home/tariq/Desktop/Awais-Tariq/base-KD/reports/cifar10_full_audit/mamba_scratch/failure_images/07778_true-airplane_pred-frog.png,airplane,1.0,True,,frog,0.9505695700645447,False,/home/tariq/Desktop/Awais-Tariq/base-KD/reports/cifar10_full_audit/mamba_kd_from_scratch_vit/failure_images/07778_true-airplane_pred-frog.png,airplane,0.8135563731193542,True,,3,vit_scratch;mamba_scratch;mamba_kd_from_scratch_vit,True,False,False,False,False,False
7784,cifar10_test_07784,/home/tariq/Desktop/Awais-Tariq/base-KD/data/cifar-10-batches-py/test_batch,7784,horse,bird,0.996239185333252,False,/home/tariq/Desktop/Awais-Tariq/base-KD/reports/cifar10_full_audit/vit_scratch/failure_images/07784_true-horse_pred-bird.png,frog,0.4336608946323395,False,/home/tariq/Desktop/Awais-Tariq/base-KD/reports/cifar10_full_audit/mamba_scratch/failure_images/07784_true-horse_pred-frog.png,deer,0.9991748929023743,False,/home/tariq/Desktop/Awais-Tariq/base-KD/reports/cifar10_full_audit/vit_pretrained_finetuned/failure_images/07784_true-horse_pred-deer.png,horse,0.9357529878616333,True,,horse,0.9636845588684082,True,,3,vit_scratch;mamba_scratch;vit_pretrained_finetuned,True,False,True,False,True,False
7785,cifar10_test_07785,/home/tariq/Desktop/Awais-Tariq/base-KD/data/cifar-10-batches-py/test_batch,7785,deer,frog,0.7959973216056824,False,/home/tariq/Desktop/Awais-Tariq/base-KD/reports/cifar10_full_audit/vit_scratch/failure_images/07785_true-deer_pred-frog.png,bird,0.9706619381904602,False,/home/tariq/Desktop/Awais-Tariq/base-KD/reports/cifar10_full_audit/mamba_scratch/failure_images/07785_true-deer_pred-bird.png,deer,0.9999990463256836,True,,bird,0.6927925944328308,False,/home/tariq/Desktop/Awais-Tariq/base-KD/reports/cifar10_full_audit/mamba_kd_from_scratch_vit/failure_images/07785_true-deer_pred-bird.png,bird,0.9912461638450623,False,/home/tariq/Desktop/Awais-Tariq/base-KD/reports/cifar10_full_audit/mamba_kd_from_pretrained_vit/failure_images/07785_true-deer_pred-bird.png,4,vit_scratch;mamba_scratch;mamba_kd_from_scratch_vit;mamba_kd_from_pretrained_vit,True,False,False,False,False,True
7792,cifar10_test_07792,/home/tariq/Desktop/Awais-Tariq/base-KD/data/cifar-10-batches-py/test_batch,7792,truck,automobile,0.7806607484817505,False,/home/tariq/Desktop/Awais-Tariq/base-KD/reports/cifar10_full_audit/vit_scratch/failure_images/07792_true-truck_pred-automobile.png,automobile,0.9999618530273438,False,/home/tariq/Desktop/Awais-Tariq/base-KD/reports/cifar10_full_audit/mamba_scratch/failure_images/07792_true-truck_pred-automobile.png,truck,0.9997844099998474,True,,automobile,0.8935307860374451,False,/home/tariq/Desktop/Awais-Tariq/base-KD/reports/cifar10_full_audit/mamba_kd_from_scratch_vit/failure_images/07792_true-truck_pred-automobile.png,automobile,0.9968644976615906,False,/home/tariq/Desktop/Awais-Tariq/base-KD/reports/cifar10_full_audit/mamba_kd_from_pretrained_vit/failure_images/07792_true-truck_pred-automobile.png,4,vit_scratch;mamba_scratch;mamba_kd_from_scratch_vit;mamba_kd_from_pretrained_vit,True,False,False,False,False,True
7797,cifar10_test_07797,/home/tariq/Desktop/Awais-Tariq/base-KD/data/cifar-10-batches-py/test_batch,7797,cat,frog,0.9988960027694702,False,/home/tariq/Desktop/Awais-Tariq/base-KD/reports/cifar10_full_audit/vit_scratch/failure_images/07797_true-cat_pred-frog.png,frog,0.9470953345298767,False,/home/tariq/Desktop/Awais-Tariq/base-KD/reports/cifar10_full_audit/mamba_scratch/failure_images/07797_true-cat_pred-frog.png,cat,0.9999799728393555,True,,frog,0.9963977336883545,False,/home/tariq/Desktop/Awais-Tariq/base-KD/reports/cifar10_full_audit/mamba_kd_from_scratch_vit/failure_images/07797_true-cat_pred-frog.png,frog,0.9999982118606567,False,/home/tariq/Desktop/Awais-Tariq/base-KD/reports/cifar10_full_audit/mamba_kd_from_pretrained_vit/failure_images/07797_true-cat_pred-frog.png,4,vit_scratch;mamba_scratch;mamba_kd_from_scratch_vit;mamba_kd_from_pretrained_vit,True,False,False,False,False,True
7798,cifar10_test_07798,/home/tariq/Desktop/Awais-Tariq/base-KD/data/cifar-10-batches-py/test_batch,7798,dog,dog,0.9990917444229126,True,,cat,0.6365420818328857,False,/home/tariq/Desktop/Awais-Tariq/base-KD/reports/cifar10_full_audit/mamba_scratch/failure_images/07798_true-dog_pred-cat.png,dog,0.9999996423721313,True,,cat,0.9009178280830383,False,/home/tariq/Desktop/Awais-Tariq/base-KD/reports/cifar10_full_audit/mamba_kd_from_scratch_vit/failure_images/07798_true-dog_pred-cat.png,cat,0.6771568059921265,False,/home/tariq/Desktop/Awais-Tariq/base-KD/reports/cifar10_full_audit/mamba_kd_from_pretrained_vit/failure_images/07798_true-dog_pred-cat.png,3,mamba_scratch;mamba_kd_from_scratch_vit;mamba_kd_from_pretrained_vit,True,False,False,True,False,True
7806,cifar10_test_07806,/home/tariq/Desktop/Awais-Tariq/base-KD/data/cifar-10-batches-py/test_batch,7806,truck,truck,0.9264686107635498,True,,automobile,0.9722393155097961,False,/home/tariq/Desktop/Awais-Tariq/base-KD/reports/cifar10_full_audit/mamba_scratch/failure_images/07806_true-truck_pred-automobile.png,automobile,0.9900941252708435,False,/home/tariq/Desktop/Awais-Tariq/base-KD/reports/cifar10_full_audit/vit_pretrained_finetuned/failure_images/07806_true-truck_pred-automobile.png,truck,0.781180202960968,True,,automobile,0.9075165390968323,False,/home/tariq/Desktop/Awais-Tariq/base-KD/reports/cifar10_full_audit/mamba_kd_from_pretrained_vit/failure_images/07806_true-truck_pred-automobile.png,3,mamba_scratch;vit_pretrained_finetuned;mamba_kd_from_pretrained_vit,True,False,False,False,False,False
7816,cifar10_test_07816,/home/tariq/Desktop/Awais-Tariq/base-KD/data/cifar-10-batches-py/test_batch,7816,airplane,horse,0.9274609684944153,False,/home/tariq/Desktop/Awais-Tariq/base-KD/reports/cifar10_full_audit/vit_scratch/failure_images/07816_true-airplane_pred-horse.png,airplane,0.8649008274078369,True,,airplane,0.9999983310699463,True,,horse,0.9083003401756287,False,/home/tariq/Desktop/Awais-Tariq/base-KD/reports/cifar10_full_audit/mamba_kd_from_scratch_vit/failure_images/07816_true-airplane_pred-horse.png,cat,0.9475077390670776,False,/home/tariq/Desktop/Awais-Tariq/base-KD/reports/cifar10_full_audit/mamba_kd_from_pretrained_vit/failure_images/07816_true-airplane_pred-cat.png,3,vit_scratch;mamba_kd_from_scratch_vit;mamba_kd_from_pretrained_vit,True,False,False,False,False,True
7839,cifar10_test_07839,/home/tariq/Desktop/Awais-Tariq/base-KD/data/cifar-10-batches-py/test_batch,7839,cat,cat,0.8787472248077393,True,,deer,0.9502363801002502,False,/home/tariq/Desktop/Awais-Tariq/base-KD/reports/cifar10_full_audit/mamba_scratch/failure_images/07839_true-cat_pred-deer.png,cat,0.9998365640640259,True,,deer,0.9430226683616638,False,/home/tariq/Desktop/Awais-Tariq/base-KD/reports/cifar10_full_audit/mamba_kd_from_scratch_vit/failure_images/07839_true-cat_pred-deer.png,deer,0.9973432421684265,False,/home/tariq/Desktop/Awais-Tariq/base-KD/reports/cifar10_full_audit/mamba_kd_from_pretrained_vit/failure_images/07839_true-cat_pred-deer.png,3,mamba_scratch;mamba_kd_from_scratch_vit;mamba_kd_from_pretrained_vit,True,False,False,True,False,True
7842,cifar10_test_07842,/home/tariq/Desktop/Awais-Tariq/base-KD/data/cifar-10-batches-py/test_batch,7842,dog,deer,0.9680849313735962,False,/home/tariq/Desktop/Awais-Tariq/base-KD/reports/cifar10_full_audit/vit_scratch/failure_images/07842_true-dog_pred-deer.png,dog,0.9963807463645935,True,,dog,0.9999903440475464,True,,deer,0.5050948858261108,False,/home/tariq/Desktop/Awais-Tariq/base-KD/reports/cifar10_full_audit/mamba_kd_from_scratch_vit/failure_images/07842_true-dog_pred-deer.png,deer,0.9763078689575195,False,/home/tariq/Desktop/Awais-Tariq/base-KD/reports/cifar10_full_audit/mamba_kd_from_pretrained_vit/failure_images/07842_true-dog_pred-deer.png,3,vit_scratch;mamba_kd_from_scratch_vit;mamba_kd_from_pretrained_vit,True,False,False,False,False,True
7852,cifar10_test_07852,/home/tariq/Desktop/Awais-Tariq/base-KD/data/cifar-10-batches-py/test_batch,7852,dog,dog,0.9945435523986816,True,,horse,0.9879774451255798,False,/home/tariq/Desktop/Awais-Tariq/base-KD/reports/cifar10_full_audit/mamba_scratch/failure_images/07852_true-dog_pred-horse.png,dog,0.9985237717628479,True,,horse,0.9797983169555664,False,/home/tariq/Desktop/Awais-Tariq/base-KD/reports/cifar10_full_audit/mamba_kd_from_scratch_vit/failure_images/07852_true-dog_pred-horse.png,horse,0.845203697681427,False,/home/tariq/Desktop/Awais-Tariq/base-KD/reports/cifar10_full_audit/mamba_kd_from_pretrained_vit/failure_images/07852_true-dog_pred-horse.png,3,mamba_scratch;mamba_kd_from_scratch_vit;mamba_kd_from_pretrained_vit,True,False,False,True,False,True
7853,cifar10_test_07853,/home/tariq/Desktop/Awais-Tariq/base-KD/data/cifar-10-batches-py/test_batch,7853,cat,dog,0.6421991586685181,False,/home/tariq/Desktop/Awais-Tariq/base-KD/reports/cifar10_full_audit/vit_scratch/failure_images/07853_true-cat_pred-dog.png,bird,0.8474553823471069,False,/home/tariq/Desktop/Awais-Tariq/base-KD/reports/cifar10_full_audit/mamba_scratch/failure_images/07853_true-cat_pred-bird.png,deer,0.9992319345474243,False,/home/tariq/Desktop/Awais-Tariq/base-KD/reports/cifar10_full_audit/vit_pretrained_finetuned/failure_images/07853_true-cat_pred-deer.png,dog,0.6590061783790588,False,/home/tariq/Desktop/Awais-Tariq/base-KD/reports/cifar10_full_audit/mamba_kd_from_scratch_vit/failure_images/07853_true-cat_pred-dog.png,deer,0.7943710684776306,False,/home/tariq/Desktop/Awais-Tariq/base-KD/reports/cifar10_full_audit/mamba_kd_from_pretrained_vit/failure_images/07853_true-cat_pred-deer.png,5,vit_scratch;mamba_scratch;vit_pretrained_finetuned;mamba_kd_from_scratch_vit;mamba_kd_from_pretrained_vit,True,True,False,False,False,False
7861,cifar10_test_07861,/home/tariq/Desktop/Awais-Tariq/base-KD/data/cifar-10-batches-py/test_batch,7861,airplane,horse,0.9502866864204407,False,/home/tariq/Desktop/Awais-Tariq/base-KD/reports/cifar10_full_audit/vit_scratch/failure_images/07861_true-airplane_pred-horse.png,frog,0.9646351337432861,False,/home/tariq/Desktop/Awais-Tariq/base-KD/reports/cifar10_full_audit/mamba_scratch/failure_images/07861_true-airplane_pred-frog.png,airplane,1.0,True,,airplane,0.6975663900375366,True,,truck,0.4398040473461151,False,/home/tariq/Desktop/Awais-Tariq/base-KD/reports/cifar10_full_audit/mamba_kd_from_pretrained_vit/failure_images/07861_true-airplane_pred-truck.png,3,vit_scratch;mamba_scratch;mamba_kd_from_pretrained_vit,True,False,True,False,False,True
7875,cifar10_test_07875,/home/tariq/Desktop/Awais-Tariq/base-KD/data/cifar-10-batches-py/test_batch,7875,bird,dog,0.9450249075889587,False,/home/tariq/Desktop/Awais-Tariq/base-KD/reports/cifar10_full_audit/vit_scratch/failure_images/07875_true-bird_pred-dog.png,dog,0.8385403156280518,False,/home/tariq/Desktop/Awais-Tariq/base-KD/reports/cifar10_full_audit/mamba_scratch/failure_images/07875_true-bird_pred-dog.png,bird,0.9999998807907104,True,,dog,0.8505575656890869,False,/home/tariq/Desktop/Awais-Tariq/base-KD/reports/cifar10_full_audit/mamba_kd_from_scratch_vit/failure_images/07875_true-bird_pred-dog.png,dog,0.9848617315292358,False,/home/tariq/Desktop/Awais-Tariq/base-KD/reports/cifar10_full_audit/mamba_kd_from_pretrained_vit/failure_images/07875_true-bird_pred-dog.png,4,vit_scratch;mamba_scratch;mamba_kd_from_scratch_vit;mamba_kd_from_pretrained_vit,True,False,False,False,False,True
7892,cifar10_test_07892,/home/tariq/Desktop/Awais-Tariq/base-KD/data/cifar-10-batches-py/test_batch,7892,automobile,truck,0.9996540546417236,False,/home/tariq/Desktop/Awais-Tariq/base-KD/reports/cifar10_full_audit/vit_scratch/failure_images/07892_true-automobile_pred-truck.png,truck,0.9985276460647583,False,/home/tariq/Desktop/Awais-Tariq/base-KD/reports/cifar10_full_audit/mamba_scratch/failure_images/07892_true-automobile_pred-truck.png,truck,0.9995633959770203,False,/home/tariq/Desktop/Awais-Tariq/base-KD/reports/cifar10_full_audit/vit_pretrained_finetuned/failure_images/07892_true-automobile_pred-truck.png,truck,0.9924502372741699,False,/home/tariq/Desktop/Awais-Tariq/base-KD/reports/cifar10_full_audit/mamba_kd_from_scratch_vit/failure_images/07892_true-automobile_pred-truck.png,truck,0.9999747276306152,False,/home/tariq/Desktop/Awais-Tariq/base-KD/reports/cifar10_full_audit/mamba_kd_from_pretrained_vit/failure_images/07892_true-automobile_pred-truck.png,5,vit_scratch;mamba_scratch;vit_pretrained_finetuned;mamba_kd_from_scratch_vit;mamba_kd_from_pretrained_vit,True,True,False,False,False,False
7906,cifar10_test_07906,/home/tariq/Desktop/Awais-Tariq/base-KD/data/cifar-10-batches-py/test_batch,7906,bird,bird,0.7159091234207153,True,,deer,0.9934718608856201,False,/home/tariq/Desktop/Awais-Tariq/base-KD/reports/cifar10_full_audit/mamba_scratch/failure_images/07906_true-bird_pred-deer.png,bird,0.9999886751174927,True,,deer,0.9172865152359009,False,/home/tariq/Desktop/Awais-Tariq/base-KD/reports/cifar10_full_audit/mamba_kd_from_scratch_vit/failure_images/07906_true-bird_pred-deer.png,deer,0.7700632214546204,False,/home/tariq/Desktop/Awais-Tariq/base-KD/reports/cifar10_full_audit/mamba_kd_from_pretrained_vit/failure_images/07906_true-bird_pred-deer.png,3,mamba_scratch;mamba_kd_from_scratch_vit;mamba_kd_from_pretrained_vit,True,False,False,True,False,True
7909,cifar10_test_07909,/home/tariq/Desktop/Awais-Tariq/base-KD/data/cifar-10-batches-py/test_batch,7909,automobile,truck,0.9736724495887756,False,/home/tariq/Desktop/Awais-Tariq/base-KD/reports/cifar10_full_audit/vit_scratch/failure_images/07909_true-automobile_pred-truck.png,truck,0.9971224665641785,False,/home/tariq/Desktop/Awais-Tariq/base-KD/reports/cifar10_full_audit/mamba_scratch/failure_images/07909_true-automobile_pred-truck.png,automobile,0.9999687671661377,True,,truck,0.525668203830719,False,/home/tariq/Desktop/Awais-Tariq/base-KD/reports/cifar10_full_audit/mamba_kd_from_scratch_vit/failure_images/07909_true-automobile_pred-truck.png,ship,0.9933533668518066,False,/home/tariq/Desktop/Awais-Tariq/base-KD/reports/cifar10_full_audit/mamba_kd_from_pretrained_vit/failure_images/07909_true-automobile_pred-ship.png,4,vit_scratch;mamba_scratch;mamba_kd_from_scratch_vit;mamba_kd_from_pretrained_vit,True,False,False,False,False,True
7931,cifar10_test_07931,/home/tariq/Desktop/Awais-Tariq/base-KD/data/cifar-10-batches-py/test_batch,7931,truck,automobile,0.7456789016723633,False,/home/tariq/Desktop/Awais-Tariq/base-KD/reports/cifar10_full_audit/vit_scratch/failure_images/07931_true-truck_pred-automobile.png,deer,0.6365843415260315,False,/home/tariq/Desktop/Awais-Tariq/base-KD/reports/cifar10_full_audit/mamba_scratch/failure_images/07931_true-truck_pred-deer.png,truck,0.9999921321868896,True,,airplane,0.2973517179489136,False,/home/tariq/Desktop/Awais-Tariq/base-KD/reports/cifar10_full_audit/mamba_kd_from_scratch_vit/failure_images/07931_true-truck_pred-airplane.png,ship,0.984463095664978,False,/home/tariq/Desktop/Awais-Tariq/base-KD/reports/cifar10_full_audit/mamba_kd_from_pretrained_vit/failure_images/07931_true-truck_pred-ship.png,4,vit_scratch;mamba_scratch;mamba_kd_from_scratch_vit;mamba_kd_from_pretrained_vit,True,False,False,False,False,True
7941,cifar10_test_07941,/home/tariq/Desktop/Awais-Tariq/base-KD/data/cifar-10-batches-py/test_batch,7941,dog,dog,0.9938369393348694,True,,frog,0.598567545413971,False,/home/tariq/Desktop/Awais-Tariq/base-KD/reports/cifar10_full_audit/mamba_scratch/failure_images/07941_true-dog_pred-frog.png,deer,0.5191331505775452,False,/home/tariq/Desktop/Awais-Tariq/base-KD/reports/cifar10_full_audit/vit_pretrained_finetuned/failure_images/07941_true-dog_pred-deer.png,dog,0.9307546615600586,True,,frog,0.9949004054069519,False,/home/tariq/Desktop/Awais-Tariq/base-KD/reports/cifar10_full_audit/mamba_kd_from_pretrained_vit/failure_images/07941_true-dog_pred-frog.png,3,mamba_scratch;vit_pretrained_finetuned;mamba_kd_from_pretrained_vit,True,False,False,False,False,False
7956,cifar10_test_07956,/home/tariq/Desktop/Awais-Tariq/base-KD/data/cifar-10-batches-py/test_batch,7956,deer,frog,0.8881441950798035,False,/home/tariq/Desktop/Awais-Tariq/base-KD/reports/cifar10_full_audit/vit_scratch/failure_images/07956_true-deer_pred-frog.png,cat,0.9985755681991577,False,/home/tariq/Desktop/Awais-Tariq/base-KD/reports/cifar10_full_audit/mamba_scratch/failure_images/07956_true-deer_pred-cat.png,deer,0.9999996423721313,True,,cat,0.47760796546936035,False,/home/tariq/Desktop/Awais-Tariq/base-KD/reports/cifar10_full_audit/mamba_kd_from_scratch_vit/failure_images/07956_true-deer_pred-cat.png,horse,0.956825315952301,False,/home/tariq/Desktop/Awais-Tariq/base-KD/reports/cifar10_full_audit/mamba_kd_from_pretrained_vit/failure_images/07956_true-deer_pred-horse.png,4,vit_scratch;mamba_scratch;mamba_kd_from_scratch_vit;mamba_kd_from_pretrained_vit,True,False,False,False,False,True
7967,cifar10_test_07967,/home/tariq/Desktop/Awais-Tariq/base-KD/data/cifar-10-batches-py/test_batch,7967,truck,horse,0.8219157457351685,False,/home/tariq/Desktop/Awais-Tariq/base-KD/reports/cifar10_full_audit/vit_scratch/failure_images/07967_true-truck_pred-horse.png,horse,0.9710871577262878,False,/home/tariq/Desktop/Awais-Tariq/base-KD/reports/cifar10_full_audit/mamba_scratch/failure_images/07967_true-truck_pred-horse.png,automobile,0.9999452829360962,False,/home/tariq/Desktop/Awais-Tariq/base-KD/reports/cifar10_full_audit/vit_pretrained_finetuned/failure_images/07967_true-truck_pred-automobile.png,automobile,0.8778568506240845,False,/home/tariq/Desktop/Awais-Tariq/base-KD/reports/cifar10_full_audit/mamba_kd_from_scratch_vit/failure_images/07967_true-truck_pred-automobile.png,automobile,0.8046642541885376,False,/home/tariq/Desktop/Awais-Tariq/base-KD/reports/cifar10_full_audit/mamba_kd_from_pretrained_vit/failure_images/07967_true-truck_pred-automobile.png,5,vit_scratch;mamba_scratch;vit_pretrained_finetuned;mamba_kd_from_scratch_vit;mamba_kd_from_pretrained_vit,True,True,False,False,False,False
7989,cifar10_test_07989,/home/tariq/Desktop/Awais-Tariq/base-KD/data/cifar-10-batches-py/test_batch,7989,horse,cat,0.9835863709449768,False,/home/tariq/Desktop/Awais-Tariq/base-KD/reports/cifar10_full_audit/vit_scratch/failure_images/07989_true-horse_pred-cat.png,horse,0.9555400609970093,True,,horse,0.9999880790710449,True,,bird,0.8780873417854309,False,/home/tariq/Desktop/Awais-Tariq/base-KD/reports/cifar10_full_audit/mamba_kd_from_scratch_vit/failure_images/07989_true-horse_pred-bird.png,cat,0.7299218773841858,False,/home/tariq/Desktop/Awais-Tariq/base-KD/reports/cifar10_full_audit/mamba_kd_from_pretrained_vit/failure_images/07989_true-horse_pred-cat.png,3,vit_scratch;mamba_kd_from_scratch_vit;mamba_kd_from_pretrained_vit,True,False,False,False,False,True
8022,cifar10_test_08022,/home/tariq/Desktop/Awais-Tariq/base-KD/data/cifar-10-batches-py/test_batch,8022,bird,dog,0.8778284192085266,False,/home/tariq/Desktop/Awais-Tariq/base-KD/reports/cifar10_full_audit/vit_scratch/failure_images/08022_true-bird_pred-dog.png,dog,0.5645036697387695,False,/home/tariq/Desktop/Awais-Tariq/base-KD/reports/cifar10_full_audit/mamba_scratch/failure_images/08022_true-bird_pred-dog.png,bird,0.9999977350234985,True,,cat,0.8833826780319214,False,/home/tariq/Desktop/Awais-Tariq/base-KD/reports/cifar10_full_audit/mamba_kd_from_scratch_vit/failure_images/08022_true-bird_pred-cat.png,bird,0.45767614245414734,True,,3,vit_scratch;mamba_scratch;mamba_kd_from_scratch_vit,True,False,False,False,False,False
8041,cifar10_test_08041,/home/tariq/Desktop/Awais-Tariq/base-KD/data/cifar-10-batches-py/test_batch,8041,ship,cat,0.9582095146179199,False,/home/tariq/Desktop/Awais-Tariq/base-KD/reports/cifar10_full_audit/vit_scratch/failure_images/08041_true-ship_pred-cat.png,cat,0.9960554838180542,False,/home/tariq/Desktop/Awais-Tariq/base-KD/reports/cifar10_full_audit/mamba_scratch/failure_images/08041_true-ship_pred-cat.png,ship,0.9999603033065796,True,,cat,0.4149368703365326,False,/home/tariq/Desktop/Awais-Tariq/base-KD/reports/cifar10_full_audit/mamba_kd_from_scratch_vit/failure_images/08041_true-ship_pred-cat.png,ship,0.9963300824165344,True,,3,vit_scratch;mamba_scratch;mamba_kd_from_scratch_vit,True,False,False,False,False,False
8046,cifar10_test_08046,/home/tariq/Desktop/Awais-Tariq/base-KD/data/cifar-10-batches-py/test_batch,8046,ship,cat,0.3341923654079437,False,/home/tariq/Desktop/Awais-Tariq/base-KD/reports/cifar10_full_audit/vit_scratch/failure_images/08046_true-ship_pred-cat.png,airplane,0.5675272345542908,False,/home/tariq/Desktop/Awais-Tariq/base-KD/reports/cifar10_full_audit/mamba_scratch/failure_images/08046_true-ship_pred-airplane.png,ship,0.9999992847442627,True,,airplane,0.7810845375061035,False,/home/tariq/Desktop/Awais-Tariq/base-KD/reports/cifar10_full_audit/mamba_kd_from_scratch_vit/failure_images/08046_true-ship_pred-airplane.png,airplane,0.9999247789382935,False,/home/tariq/Desktop/Awais-Tariq/base-KD/reports/cifar10_full_audit/mamba_kd_from_pretrained_vit/failure_images/08046_true-ship_pred-airplane.png,4,vit_scratch;mamba_scratch;mamba_kd_from_scratch_vit;mamba_kd_from_pretrained_vit,True,False,False,False,False,True
8066,cifar10_test_08066,/home/tariq/Desktop/Awais-Tariq/base-KD/data/cifar-10-batches-py/test_batch,8066,truck,cat,0.6636915802955627,False,/home/tariq/Desktop/Awais-Tariq/base-KD/reports/cifar10_full_audit/vit_scratch/failure_images/08066_true-truck_pred-cat.png,cat,0.9958634376525879,False,/home/tariq/Desktop/Awais-Tariq/base-KD/reports/cifar10_full_audit/mamba_scratch/failure_images/08066_true-truck_pred-cat.png,truck,0.9999995231628418,True,,truck,0.8826848864555359,True,,cat,0.8085679411888123,False,/home/tariq/Desktop/Awais-Tariq/base-KD/reports/cifar10_full_audit/mamba_kd_from_pretrained_vit/failure_images/08066_true-truck_pred-cat.png,3,vit_scratch;mamba_scratch;mamba_kd_from_pretrained_vit,True,False,True,False,False,True
8069,cifar10_test_08069,/home/tariq/Desktop/Awais-Tariq/base-KD/data/cifar-10-batches-py/test_batch,8069,deer,bird,0.6906365156173706,False,/home/tariq/Desktop/Awais-Tariq/base-KD/reports/cifar10_full_audit/vit_scratch/failure_images/08069_true-deer_pred-bird.png,bird,0.9899696707725525,False,/home/tariq/Desktop/Awais-Tariq/base-KD/reports/cifar10_full_audit/mamba_scratch/failure_images/08069_true-deer_pred-bird.png,deer,0.9999995231628418,True,,bird,0.9870277643203735,False,/home/tariq/Desktop/Awais-Tariq/base-KD/reports/cifar10_full_audit/mamba_kd_from_scratch_vit/failure_images/08069_true-deer_pred-bird.png,deer,0.9998549222946167,True,,3,vit_scratch;mamba_scratch;mamba_kd_from_scratch_vit,True,False,False,False,False,False
8071,cifar10_test_08071,/home/tariq/Desktop/Awais-Tariq/base-KD/data/cifar-10-batches-py/test_batch,8071,deer,frog,0.7004192471504211,False,/home/tariq/Desktop/Awais-Tariq/base-KD/reports/cifar10_full_audit/vit_scratch/failure_images/08071_true-deer_pred-frog.png,cat,0.9940774440765381,False,/home/tariq/Desktop/Awais-Tariq/base-KD/reports/cifar10_full_audit/mamba_scratch/failure_images/08071_true-deer_pred-cat.png,deer,0.9999988079071045,True,,cat,0.626190721988678,False,/home/tariq/Desktop/Awais-Tariq/base-KD/reports/cifar10_full_audit/mamba_kd_from_scratch_vit/failure_images/08071_true-deer_pred-cat.png,cat,0.8994830846786499,False,/home/tariq/Desktop/Awais-Tariq/base-KD/reports/cifar10_full_audit/mamba_kd_from_pretrained_vit/failure_images/08071_true-deer_pred-cat.png,4,vit_scratch;mamba_scratch;mamba_kd_from_scratch_vit;mamba_kd_from_pretrained_vit,True,False,False,False,False,True
8079,cifar10_test_08079,/home/tariq/Desktop/Awais-Tariq/base-KD/data/cifar-10-batches-py/test_batch,8079,dog,cat,0.46849772334098816,False,/home/tariq/Desktop/Awais-Tariq/base-KD/reports/cifar10_full_audit/vit_scratch/failure_images/08079_true-dog_pred-cat.png,cat,0.9979032278060913,False,/home/tariq/Desktop/Awais-Tariq/base-KD/reports/cifar10_full_audit/mamba_scratch/failure_images/08079_true-dog_pred-cat.png,dog,0.9999998807907104,True,,cat,0.6652374267578125,False,/home/tariq/Desktop/Awais-Tariq/base-KD/reports/cifar10_full_audit/mamba_kd_from_scratch_vit/failure_images/08079_true-dog_pred-cat.png,dog,0.9993867874145508,True,,3,vit_scratch;mamba_scratch;mamba_kd_from_scratch_vit,True,False,False,False,False,False
8086,cifar10_test_08086,/home/tariq/Desktop/Awais-Tariq/base-KD/data/cifar-10-batches-py/test_batch,8086,deer,airplane,0.99849534034729,False,/home/tariq/Desktop/Awais-Tariq/base-KD/reports/cifar10_full_audit/vit_scratch/failure_images/08086_true-deer_pred-airplane.png,airplane,0.48800426721572876,False,/home/tariq/Desktop/Awais-Tariq/base-KD/reports/cifar10_full_audit/mamba_scratch/failure_images/08086_true-deer_pred-airplane.png,deer,0.9999998807907104,True,,airplane,0.698207676410675,False,/home/tariq/Desktop/Awais-Tariq/base-KD/reports/cifar10_full_audit/mamba_kd_from_scratch_vit/failure_images/08086_true-deer_pred-airplane.png,deer,0.9688073992729187,True,,3,vit_scratch;mamba_scratch;mamba_kd_from_scratch_vit,True,False,False,False,False,False
8110,cifar10_test_08110,/home/tariq/Desktop/Awais-Tariq/base-KD/data/cifar-10-batches-py/test_batch,8110,dog,cat,0.4750821888446808,False,/home/tariq/Desktop/Awais-Tariq/base-KD/reports/cifar10_full_audit/vit_scratch/failure_images/08110_true-dog_pred-cat.png,cat,0.5668118596076965,False,/home/tariq/Desktop/Awais-Tariq/base-KD/reports/cifar10_full_audit/mamba_scratch/failure_images/08110_true-dog_pred-cat.png,dog,0.9999954700469971,True,,cat,0.5105268359184265,False,/home/tariq/Desktop/Awais-Tariq/base-KD/reports/cifar10_full_audit/mamba_kd_from_scratch_vit/failure_images/08110_true-dog_pred-cat.png,dog,0.8652117848396301,True,,3,vit_scratch;mamba_scratch;mamba_kd_from_scratch_vit,True,False,False,False,False,False
8131,cifar10_test_08131,/home/tariq/Desktop/Awais-Tariq/base-KD/data/cifar-10-batches-py/test_batch,8131,cat,frog,0.9947108030319214,False,/home/tariq/Desktop/Awais-Tariq/base-KD/reports/cifar10_full_audit/vit_scratch/failure_images/08131_true-cat_pred-frog.png,frog,0.9998155236244202,False,/home/tariq/Desktop/Awais-Tariq/base-KD/reports/cifar10_full_audit/mamba_scratch/failure_images/08131_true-cat_pred-frog.png,cat,0.9999996423721313,True,,frog,0.9886090755462646,False,/home/tariq/Desktop/Awais-Tariq/base-KD/reports/cifar10_full_audit/mamba_kd_from_scratch_vit/failure_images/08131_true-cat_pred-frog.png,cat,0.9794111847877502,True,,3,vit_scratch;mamba_scratch;mamba_kd_from_scratch_vit,True,False,False,False,False,False
8166,cifar10_test_08166,/home/tariq/Desktop/Awais-Tariq/base-KD/data/cifar-10-batches-py/test_batch,8166,bird,dog,0.9970064759254456,False,/home/tariq/Desktop/Awais-Tariq/base-KD/reports/cifar10_full_audit/vit_scratch/failure_images/08166_true-bird_pred-dog.png,dog,0.834728479385376,False,/home/tariq/Desktop/Awais-Tariq/base-KD/reports/cifar10_full_audit/mamba_scratch/failure_images/08166_true-bird_pred-dog.png,bird,0.9999994039535522,True,,dog,0.5024435520172119,False,/home/tariq/Desktop/Awais-Tariq/base-KD/reports/cifar10_full_audit/mamba_kd_from_scratch_vit/failure_images/08166_true-bird_pred-dog.png,dog,0.9737253785133362,False,/home/tariq/Desktop/Awais-Tariq/base-KD/reports/cifar10_full_audit/mamba_kd_from_pretrained_vit/failure_images/08166_true-bird_pred-dog.png,4,vit_scratch;mamba_scratch;mamba_kd_from_scratch_vit;mamba_kd_from_pretrained_vit,True,False,False,False,False,True
8172,cifar10_test_08172,/home/tariq/Desktop/Awais-Tariq/base-KD/data/cifar-10-batches-py/test_batch,8172,dog,bird,0.9509122967720032,False,/home/tariq/Desktop/Awais-Tariq/base-KD/reports/cifar10_full_audit/vit_scratch/failure_images/08172_true-dog_pred-bird.png,dog,0.9909524917602539,True,,cat,0.9980812072753906,False,/home/tariq/Desktop/Awais-Tariq/base-KD/reports/cifar10_full_audit/vit_pretrained_finetuned/failure_images/08172_true-dog_pred-cat.png,bird,0.43522584438323975,False,/home/tariq/Desktop/Awais-Tariq/base-KD/reports/cifar10_full_audit/mamba_kd_from_scratch_vit/failure_images/08172_true-dog_pred-bird.png,cat,0.9970346689224243,False,/home/tariq/Desktop/Awais-Tariq/base-KD/reports/cifar10_full_audit/mamba_kd_from_pretrained_vit/failure_images/08172_true-dog_pred-cat.png,4,vit_scratch;vit_pretrained_finetuned;mamba_kd_from_scratch_vit;mamba_kd_from_pretrained_vit,True,False,False,False,False,False
8173,cifar10_test_08173,/home/tariq/Desktop/Awais-Tariq/base-KD/data/cifar-10-batches-py/test_batch,8173,dog,cat,0.8986456394195557,False,/home/tariq/Desktop/Awais-Tariq/base-KD/reports/cifar10_full_audit/vit_scratch/failure_images/08173_true-dog_pred-cat.png,cat,0.9968420267105103,False,/home/tariq/Desktop/Awais-Tariq/base-KD/reports/cifar10_full_audit/mamba_scratch/failure_images/08173_true-dog_pred-cat.png,dog,0.7966578602790833,True,,cat,0.7357569336891174,False,/home/tariq/Desktop/Awais-Tariq/base-KD/reports/cifar10_full_audit/mamba_kd_from_scratch_vit/failure_images/08173_true-dog_pred-cat.png,cat,0.9404861330986023,False,/home/tariq/Desktop/Awais-Tariq/base-KD/reports/cifar10_full_audit/mamba_kd_from_pretrained_vit/failure_images/08173_true-dog_pred-cat.png,4,vit_scratch;mamba_scratch;mamba_kd_from_scratch_vit;mamba_kd_from_pretrained_vit,True,False,False,False,False,True
8200,cifar10_test_08200,/home/tariq/Desktop/Awais-Tariq/base-KD/data/cifar-10-batches-py/test_batch,8200,cat,frog,0.9961812496185303,False,/home/tariq/Desktop/Awais-Tariq/base-KD/reports/cifar10_full_audit/vit_scratch/failure_images/08200_true-cat_pred-frog.png,dog,0.6210700273513794,False,/home/tariq/Desktop/Awais-Tariq/base-KD/reports/cifar10_full_audit/mamba_scratch/failure_images/08200_true-cat_pred-dog.png,cat,0.9999871253967285,True,,frog,0.7647104263305664,False,/home/tariq/Desktop/Awais-Tariq/base-KD/reports/cifar10_full_audit/mamba_kd_from_scratch_vit/failure_images/08200_true-cat_pred-frog.png,cat,0.999724805355072,True,,3,vit_scratch;mamba_scratch;mamba_kd_from_scratch_vit,True,False,False,False,False,False
8222,cifar10_test_08222,/home/tariq/Desktop/Awais-Tariq/base-KD/data/cifar-10-batches-py/test_batch,8222,automobile,ship,0.9923350214958191,False,/home/tariq/Desktop/Awais-Tariq/base-KD/reports/cifar10_full_audit/vit_scratch/failure_images/08222_true-automobile_pred-ship.png,ship,0.991472065448761,False,/home/tariq/Desktop/Awais-Tariq/base-KD/reports/cifar10_full_audit/mamba_scratch/failure_images/08222_true-automobile_pred-ship.png,automobile,0.9999990463256836,True,,ship,0.7851383090019226,False,/home/tariq/Desktop/Awais-Tariq/base-KD/reports/cifar10_full_audit/mamba_kd_from_scratch_vit/failure_images/08222_true-automobile_pred-ship.png,ship,0.9995887875556946,False,/home/tariq/Desktop/Awais-Tariq/base-KD/reports/cifar10_full_audit/mamba_kd_from_pretrained_vit/failure_images/08222_true-automobile_pred-ship.png,4,vit_scratch;mamba_scratch;mamba_kd_from_scratch_vit;mamba_kd_from_pretrained_vit,True,False,False,False,False,True
8236,cifar10_test_08236,/home/tariq/Desktop/Awais-Tariq/base-KD/data/cifar-10-batches-py/test_batch,8236,dog,frog,0.8213671445846558,False,/home/tariq/Desktop/Awais-Tariq/base-KD/reports/cifar10_full_audit/vit_scratch/failure_images/08236_true-dog_pred-frog.png,cat,0.899275004863739,False,/home/tariq/Desktop/Awais-Tariq/base-KD/reports/cifar10_full_audit/mamba_scratch/failure_images/08236_true-dog_pred-cat.png,dog,0.9999642372131348,True,,cat,0.4961470365524292,False,/home/tariq/Desktop/Awais-Tariq/base-KD/reports/cifar10_full_audit/mamba_kd_from_scratch_vit/failure_images/08236_true-dog_pred-cat.png,dog,0.47127413749694824,True,,3,vit_scratch;mamba_scratch;mamba_kd_from_scratch_vit,True,False,False,False,False,False
8268,cifar10_test_08268,/home/tariq/Desktop/Awais-Tariq/base-KD/data/cifar-10-batches-py/test_batch,8268,dog,deer,0.8076140284538269,False,/home/tariq/Desktop/Awais-Tariq/base-KD/reports/cifar10_full_audit/vit_scratch/failure_images/08268_true-dog_pred-deer.png,bird,0.9699516296386719,False,/home/tariq/Desktop/Awais-Tariq/base-KD/reports/cifar10_full_audit/mamba_scratch/failure_images/08268_true-dog_pred-bird.png,cat,0.5362474918365479,False,/home/tariq/Desktop/Awais-Tariq/base-KD/reports/cifar10_full_audit/vit_pretrained_finetuned/failure_images/08268_true-dog_pred-cat.png,cat,0.6605251431465149,False,/home/tariq/Desktop/Awais-Tariq/base-KD/reports/cifar10_full_audit/mamba_kd_from_scratch_vit/failure_images/08268_true-dog_pred-cat.png,cat,0.960921585559845,False,/home/tariq/Desktop/Awais-Tariq/base-KD/reports/cifar10_full_audit/mamba_kd_from_pretrained_vit/failure_images/08268_true-dog_pred-cat.png,5,vit_scratch;mamba_scratch;vit_pretrained_finetuned;mamba_kd_from_scratch_vit;mamba_kd_from_pretrained_vit,True,True,False,False,False,False
8269,cifar10_test_08269,/home/tariq/Desktop/Awais-Tariq/base-KD/data/cifar-10-batches-py/test_batch,8269,ship,airplane,0.9940499067306519,False,/home/tariq/Desktop/Awais-Tariq/base-KD/reports/cifar10_full_audit/vit_scratch/failure_images/08269_true-ship_pred-airplane.png,airplane,0.9996185302734375,False,/home/tariq/Desktop/Awais-Tariq/base-KD/reports/cifar10_full_audit/mamba_scratch/failure_images/08269_true-ship_pred-airplane.png,ship,0.9999861717224121,True,,airplane,0.8163098096847534,False,/home/tariq/Desktop/Awais-Tariq/base-KD/reports/cifar10_full_audit/mamba_kd_from_scratch_vit/failure_images/08269_true-ship_pred-airplane.png,airplane,0.9997895359992981,False,/home/tariq/Desktop/Awais-Tariq/base-KD/reports/cifar10_full_audit/mamba_kd_from_pretrained_vit/failure_images/08269_true-ship_pred-airplane.png,4,vit_scratch;mamba_scratch;mamba_kd_from_scratch_vit;mamba_kd_from_pretrained_vit,True,False,False,False,False,True
8272,cifar10_test_08272,/home/tariq/Desktop/Awais-Tariq/base-KD/data/cifar-10-batches-py/test_batch,8272,truck,ship,0.5385071635246277,False,/home/tariq/Desktop/Awais-Tariq/base-KD/reports/cifar10_full_audit/vit_scratch/failure_images/08272_true-truck_pred-ship.png,automobile,0.9842211008071899,False,/home/tariq/Desktop/Awais-Tariq/base-KD/reports/cifar10_full_audit/mamba_scratch/failure_images/08272_true-truck_pred-automobile.png,truck,0.9999902248382568,True,,truck,0.8629674315452576,True,,automobile,0.9793343544006348,False,/home/tariq/Desktop/Awais-Tariq/base-KD/reports/cifar10_full_audit/mamba_kd_from_pretrained_vit/failure_images/08272_true-truck_pred-automobile.png,3,vit_scratch;mamba_scratch;mamba_kd_from_pretrained_vit,True,False,True,False,False,True
8275,cifar10_test_08275,/home/tariq/Desktop/Awais-Tariq/base-KD/data/cifar-10-batches-py/test_batch,8275,cat,dog,0.4486767649650574,False,/home/tariq/Desktop/Awais-Tariq/base-KD/reports/cifar10_full_audit/vit_scratch/failure_images/08275_true-cat_pred-dog.png,dog,0.7261776924133301,False,/home/tariq/Desktop/Awais-Tariq/base-KD/reports/cifar10_full_audit/mamba_scratch/failure_images/08275_true-cat_pred-dog.png,cat,0.9999974966049194,True,,dog,0.9851131439208984,False,/home/tariq/Desktop/Awais-Tariq/base-KD/reports/cifar10_full_audit/mamba_kd_from_scratch_vit/failure_images/08275_true-cat_pred-dog.png,cat,0.903590977191925,True,,3,vit_scratch;mamba_scratch;mamba_kd_from_scratch_vit,True,False,False,False,False,False
8281,cifar10_test_08281,/home/tariq/Desktop/Awais-Tariq/base-KD/data/cifar-10-batches-py/test_batch,8281,cat,dog,0.6504703164100647,False,/home/tariq/Desktop/Awais-Tariq/base-KD/reports/cifar10_full_audit/vit_scratch/failure_images/08281_true-cat_pred-dog.png,dog,0.999976396560669,False,/home/tariq/Desktop/Awais-Tariq/base-KD/reports/cifar10_full_audit/mamba_scratch/failure_images/08281_true-cat_pred-dog.png,cat,0.9995073080062866,True,,cat,0.8894927501678467,True,,dog,0.9995133876800537,False,/home/tariq/Desktop/Awais-Tariq/base-KD/reports/cifar10_full_audit/mamba_kd_from_pretrained_vit/failure_images/08281_true-cat_pred-dog.png,3,vit_scratch;mamba_scratch;mamba_kd_from_pretrained_vit,True,False,True,False,False,True
8295,cifar10_test_08295,/home/tariq/Desktop/Awais-Tariq/base-KD/data/cifar-10-batches-py/test_batch,8295,cat,airplane,0.5822594165802002,False,/home/tariq/Desktop/Awais-Tariq/base-KD/reports/cifar10_full_audit/vit_scratch/failure_images/08295_true-cat_pred-airplane.png,airplane,0.9997509121894836,False,/home/tariq/Desktop/Awais-Tariq/base-KD/reports/cifar10_full_audit/mamba_scratch/failure_images/08295_true-cat_pred-airplane.png,cat,0.9999545812606812,True,,airplane,0.8561905026435852,False,/home/tariq/Desktop/Awais-Tariq/base-KD/reports/cifar10_full_audit/mamba_kd_from_scratch_vit/failure_images/08295_true-cat_pred-airplane.png,airplane,0.9999985694885254,False,/home/tariq/Desktop/Awais-Tariq/base-KD/reports/cifar10_full_audit/mamba_kd_from_pretrained_vit/failure_images/08295_true-cat_pred-airplane.png,4,vit_scratch;mamba_scratch;mamba_kd_from_scratch_vit;mamba_kd_from_pretrained_vit,True,False,False,False,False,True
8296,cifar10_test_08296,/home/tariq/Desktop/Awais-Tariq/base-KD/data/cifar-10-batches-py/test_batch,8296,dog,cat,0.9997963309288025,False,/home/tariq/Desktop/Awais-Tariq/base-KD/reports/cifar10_full_audit/vit_scratch/failure_images/08296_true-dog_pred-cat.png,cat,0.9888767600059509,False,/home/tariq/Desktop/Awais-Tariq/base-KD/reports/cifar10_full_audit/mamba_scratch/failure_images/08296_true-dog_pred-cat.png,cat,0.9997907280921936,False,/home/tariq/Desktop/Awais-Tariq/base-KD/reports/cifar10_full_audit/vit_pretrained_finetuned/failure_images/08296_true-dog_pred-cat.png,cat,0.8648564219474792,False,/home/tariq/Desktop/Awais-Tariq/base-KD/reports/cifar10_full_audit/mamba_kd_from_scratch_vit/failure_images/08296_true-dog_pred-cat.png,frog,0.7957426905632019,False,/home/tariq/Desktop/Awais-Tariq/base-KD/reports/cifar10_full_audit/mamba_kd_from_pretrained_vit/failure_images/08296_true-dog_pred-frog.png,5,vit_scratch;mamba_scratch;vit_pretrained_finetuned;mamba_kd_from_scratch_vit;mamba_kd_from_pretrained_vit,True,True,False,False,False,False
8298,cifar10_test_08298,/home/tariq/Desktop/Awais-Tariq/base-KD/data/cifar-10-batches-py/test_batch,8298,cat,airplane,0.7809160351753235,False,/home/tariq/Desktop/Awais-Tariq/base-KD/reports/cifar10_full_audit/vit_scratch/failure_images/08298_true-cat_pred-airplane.png,cat,0.9754047989845276,True,,cat,0.5091282725334167,True,,airplane,0.4363185465335846,False,/home/tariq/Desktop/Awais-Tariq/base-KD/reports/cifar10_full_audit/mamba_kd_from_scratch_vit/failure_images/08298_true-cat_pred-airplane.png,bird,0.6090667247772217,False,/home/tariq/Desktop/Awais-Tariq/base-KD/reports/cifar10_full_audit/mamba_kd_from_pretrained_vit/failure_images/08298_true-cat_pred-bird.png,3,vit_scratch;mamba_kd_from_scratch_vit;mamba_kd_from_pretrained_vit,True,False,False,False,False,True
8304,cifar10_test_08304,/home/tariq/Desktop/Awais-Tariq/base-KD/data/cifar-10-batches-py/test_batch,8304,automobile,truck,0.9991080164909363,False,/home/tariq/Desktop/Awais-Tariq/base-KD/reports/cifar10_full_audit/vit_scratch/failure_images/08304_true-automobile_pred-truck.png,truck,0.9857447743415833,False,/home/tariq/Desktop/Awais-Tariq/base-KD/reports/cifar10_full_audit/mamba_scratch/failure_images/08304_true-automobile_pred-truck.png,automobile,0.9998754262924194,True,,truck,0.9681951403617859,False,/home/tariq/Desktop/Awais-Tariq/base-KD/reports/cifar10_full_audit/mamba_kd_from_scratch_vit/failure_images/08304_true-automobile_pred-truck.png,truck,0.5709033012390137,False,/home/tariq/Desktop/Awais-Tariq/base-KD/reports/cifar10_full_audit/mamba_kd_from_pretrained_vit/failure_images/08304_true-automobile_pred-truck.png,4,vit_scratch;mamba_scratch;mamba_kd_from_scratch_vit;mamba_kd_from_pretrained_vit,True,False,False,False,False,True
8324,cifar10_test_08324,/home/tariq/Desktop/Awais-Tariq/base-KD/data/cifar-10-batches-py/test_batch,8324,cat,dog,0.998134970664978,False,/home/tariq/Desktop/Awais-Tariq/base-KD/reports/cifar10_full_audit/vit_scratch/failure_images/08324_true-cat_pred-dog.png,dog,0.7534066438674927,False,/home/tariq/Desktop/Awais-Tariq/base-KD/reports/cifar10_full_audit/mamba_scratch/failure_images/08324_true-cat_pred-dog.png,cat,0.9999961853027344,True,,dog,0.9678953886032104,False,/home/tariq/Desktop/Awais-Tariq/base-KD/reports/cifar10_full_audit/mamba_kd_from_scratch_vit/failure_images/08324_true-cat_pred-dog.png,cat,0.9999850988388062,True,,3,vit_scratch;mamba_scratch;mamba_kd_from_scratch_vit,True,False,False,False,False,False
8326,cifar10_test_08326,/home/tariq/Desktop/Awais-Tariq/base-KD/data/cifar-10-batches-py/test_batch,8326,cat,dog,0.8083457350730896,False,/home/tariq/Desktop/Awais-Tariq/base-KD/reports/cifar10_full_audit/vit_scratch/failure_images/08326_true-cat_pred-dog.png,cat,0.5304536819458008,True,,cat,0.9999958276748657,True,,deer,0.794110894203186,False,/home/tariq/Desktop/Awais-Tariq/base-KD/reports/cifar10_full_audit/mamba_kd_from_scratch_vit/failure_images/08326_true-cat_pred-deer.png,dog,0.8600087761878967,False,/home/tariq/Desktop/Awais-Tariq/base-KD/reports/cifar10_full_audit/mamba_kd_from_pretrained_vit/failure_images/08326_true-cat_pred-dog.png,3,vit_scratch;mamba_kd_from_scratch_vit;mamba_kd_from_pretrained_vit,True,False,False,False,False,True
8335,cifar10_test_08335,/home/tariq/Desktop/Awais-Tariq/base-KD/data/cifar-10-batches-py/test_batch,8335,horse,cat,0.9787927269935608,False,/home/tariq/Desktop/Awais-Tariq/base-KD/reports/cifar10_full_audit/vit_scratch/failure_images/08335_true-horse_pred-cat.png,horse,0.7425703406333923,True,,horse,0.9999858140945435,True,,cat,0.9804186224937439,False,/home/tariq/Desktop/Awais-Tariq/base-KD/reports/cifar10_full_audit/mamba_kd_from_scratch_vit/failure_images/08335_true-horse_pred-cat.png,cat,0.9986773133277893,False,/home/tariq/Desktop/Awais-Tariq/base-KD/reports/cifar10_full_audit/mamba_kd_from_pretrained_vit/failure_images/08335_true-horse_pred-cat.png,3,vit_scratch;mamba_kd_from_scratch_vit;mamba_kd_from_pretrained_vit,True,False,False,False,False,True
8361,cifar10_test_08361,/home/tariq/Desktop/Awais-Tariq/base-KD/data/cifar-10-batches-py/test_batch,8361,ship,automobile,0.801737904548645,False,/home/tariq/Desktop/Awais-Tariq/base-KD/reports/cifar10_full_audit/vit_scratch/failure_images/08361_true-ship_pred-automobile.png,ship,0.9999942779541016,True,,ship,0.9999985694885254,True,,automobile,0.8355753421783447,False,/home/tariq/Desktop/Awais-Tariq/base-KD/reports/cifar10_full_audit/mamba_kd_from_scratch_vit/failure_images/08361_true-ship_pred-automobile.png,automobile,0.9830728769302368,False,/home/tariq/Desktop/Awais-Tariq/base-KD/reports/cifar10_full_audit/mamba_kd_from_pretrained_vit/failure_images/08361_true-ship_pred-automobile.png,3,vit_scratch;mamba_kd_from_scratch_vit;mamba_kd_from_pretrained_vit,True,False,False,False,False,True
8364,cifar10_test_08364,/home/tariq/Desktop/Awais-Tariq/base-KD/data/cifar-10-batches-py/test_batch,8364,horse,ship,0.8663648366928101,False,/home/tariq/Desktop/Awais-Tariq/base-KD/reports/cifar10_full_audit/vit_scratch/failure_images/08364_true-horse_pred-ship.png,truck,0.9841673970222473,False,/home/tariq/Desktop/Awais-Tariq/base-KD/reports/cifar10_full_audit/mamba_scratch/failure_images/08364_true-horse_pred-truck.png,horse,0.9999994039535522,True,,ship,0.754160463809967,False,/home/tariq/Desktop/Awais-Tariq/base-KD/reports/cifar10_full_audit/mamba_kd_from_scratch_vit/failure_images/08364_true-horse_pred-ship.png,ship,0.6091522574424744,False,/home/tariq/Desktop/Awais-Tariq/base-KD/reports/cifar10_full_audit/mamba_kd_from_pretrained_vit/failure_images/08364_true-horse_pred-ship.png,4,vit_scratch;mamba_scratch;mamba_kd_from_scratch_vit;mamba_kd_from_pretrained_vit,True,False,False,False,False,True
8384,cifar10_test_08384,/home/tariq/Desktop/Awais-Tariq/base-KD/data/cifar-10-batches-py/test_batch,8384,bird,cat,0.8847347497940063,False,/home/tariq/Desktop/Awais-Tariq/base-KD/reports/cifar10_full_audit/vit_scratch/failure_images/08384_true-bird_pred-cat.png,cat,0.6510029435157776,False,/home/tariq/Desktop/Awais-Tariq/base-KD/reports/cifar10_full_audit/mamba_scratch/failure_images/08384_true-bird_pred-cat.png,bird,0.6364951729774475,True,,cat,0.6079608798027039,False,/home/tariq/Desktop/Awais-Tariq/base-KD/reports/cifar10_full_audit/mamba_kd_from_scratch_vit/failure_images/08384_true-bird_pred-cat.png,cat,0.9316221475601196,False,/home/tariq/Desktop/Awais-Tariq/base-KD/reports/cifar10_full_audit/mamba_kd_from_pretrained_vit/failure_images/08384_true-bird_pred-cat.png,4,vit_scratch;mamba_scratch;mamba_kd_from_scratch_vit;mamba_kd_from_pretrained_vit,True,False,False,False,False,True
8387,cifar10_test_08387,/home/tariq/Desktop/Awais-Tariq/base-KD/data/cifar-10-batches-py/test_batch,8387,airplane,ship,0.9999943971633911,False,/home/tariq/Desktop/Awais-Tariq/base-KD/reports/cifar10_full_audit/vit_scratch/failure_images/08387_true-airplane_pred-ship.png,ship,0.5330824851989746,False,/home/tariq/Desktop/Awais-Tariq/base-KD/reports/cifar10_full_audit/mamba_scratch/failure_images/08387_true-airplane_pred-ship.png,airplane,0.9999920129776001,True,,ship,0.9269986152648926,False,/home/tariq/Desktop/Awais-Tariq/base-KD/reports/cifar10_full_audit/mamba_kd_from_scratch_vit/failure_images/08387_true-airplane_pred-ship.png,airplane,0.9789343476295471,True,,3,vit_scratch;mamba_scratch;mamba_kd_from_scratch_vit,True,False,False,False,False,False
8420,cifar10_test_08420,/home/tariq/Desktop/Awais-Tariq/base-KD/data/cifar-10-batches-py/test_batch,8420,cat,frog,0.9509894847869873,False,/home/tariq/Desktop/Awais-Tariq/base-KD/reports/cifar10_full_audit/vit_scratch/failure_images/08420_true-cat_pred-frog.png,frog,0.9016851782798767,False,/home/tariq/Desktop/Awais-Tariq/base-KD/reports/cifar10_full_audit/mamba_scratch/failure_images/08420_true-cat_pred-frog.png,cat,0.9999985694885254,True,,frog,0.9865021109580994,False,/home/tariq/Desktop/Awais-Tariq/base-KD/reports/cifar10_full_audit/mamba_kd_from_scratch_vit/failure_images/08420_true-cat_pred-frog.png,cat,0.652128279209137,True,,3,vit_scratch;mamba_scratch;mamba_kd_from_scratch_vit,True,False,False,False,False,False
8428,cifar10_test_08428,/home/tariq/Desktop/Awais-Tariq/base-KD/data/cifar-10-batches-py/test_batch,8428,dog,deer,0.9701321125030518,False,/home/tariq/Desktop/Awais-Tariq/base-KD/reports/cifar10_full_audit/vit_scratch/failure_images/08428_true-dog_pred-deer.png,cat,0.43068617582321167,False,/home/tariq/Desktop/Awais-Tariq/base-KD/reports/cifar10_full_audit/mamba_scratch/failure_images/08428_true-dog_pred-cat.png,dog,0.870312511920929,True,,cat,0.6054894924163818,False,/home/tariq/Desktop/Awais-Tariq/base-KD/reports/cifar10_full_audit/mamba_kd_from_scratch_vit/failure_images/08428_true-dog_pred-cat.png,deer,0.972028374671936,False,/home/tariq/Desktop/Awais-Tariq/base-KD/reports/cifar10_full_audit/mamba_kd_from_pretrained_vit/failure_images/08428_true-dog_pred-deer.png,4,vit_scratch;mamba_scratch;mamba_kd_from_scratch_vit;mamba_kd_from_pretrained_vit,True,False,False,False,False,True
8440,cifar10_test_08440,/home/tariq/Desktop/Awais-Tariq/base-KD/data/cifar-10-batches-py/test_batch,8440,dog,bird,0.9688398838043213,False,/home/tariq/Desktop/Awais-Tariq/base-KD/reports/cifar10_full_audit/vit_scratch/failure_images/08440_true-dog_pred-bird.png,cat,0.9919261336326599,False,/home/tariq/Desktop/Awais-Tariq/base-KD/reports/cifar10_full_audit/mamba_scratch/failure_images/08440_true-dog_pred-cat.png,dog,0.9999978542327881,True,,cat,0.4571673274040222,False,/home/tariq/Desktop/Awais-Tariq/base-KD/reports/cifar10_full_audit/mamba_kd_from_scratch_vit/failure_images/08440_true-dog_pred-cat.png,bird,0.9945021867752075,False,/home/tariq/Desktop/Awais-Tariq/base-KD/reports/cifar10_full_audit/mamba_kd_from_pretrained_vit/failure_images/08440_true-dog_pred-bird.png,4,vit_scratch;mamba_scratch;mamba_kd_from_scratch_vit;mamba_kd_from_pretrained_vit,True,False,False,False,False,True
8451,cifar10_test_08451,/home/tariq/Desktop/Awais-Tariq/base-KD/data/cifar-10-batches-py/test_batch,8451,dog,horse,0.7735503911972046,False,/home/tariq/Desktop/Awais-Tariq/base-KD/reports/cifar10_full_audit/vit_scratch/failure_images/08451_true-dog_pred-horse.png,horse,0.9775405526161194,False,/home/tariq/Desktop/Awais-Tariq/base-KD/reports/cifar10_full_audit/mamba_scratch/failure_images/08451_true-dog_pred-horse.png,dog,0.9999922513961792,True,,horse,0.7289634346961975,False,/home/tariq/Desktop/Awais-Tariq/base-KD/reports/cifar10_full_audit/mamba_kd_from_scratch_vit/failure_images/08451_true-dog_pred-horse.png,horse,0.9628672003746033,False,/home/tariq/Desktop/Awais-Tariq/base-KD/reports/cifar10_full_audit/mamba_kd_from_pretrained_vit/failure_images/08451_true-dog_pred-horse.png,4,vit_scratch;mamba_scratch;mamba_kd_from_scratch_vit;mamba_kd_from_pretrained_vit,True,False,False,False,False,True
8457,cifar10_test_08457,/home/tariq/Desktop/Awais-Tariq/base-KD/data/cifar-10-batches-py/test_batch,8457,bird,deer,0.8260204792022705,False,/home/tariq/Desktop/Awais-Tariq/base-KD/reports/cifar10_full_audit/vit_scratch/failure_images/08457_true-bird_pred-deer.png,deer,0.9990487694740295,False,/home/tariq/Desktop/Awais-Tariq/base-KD/reports/cifar10_full_audit/mamba_scratch/failure_images/08457_true-bird_pred-deer.png,bird,0.9999992847442627,True,,deer,0.8707751631736755,False,/home/tariq/Desktop/Awais-Tariq/base-KD/reports/cifar10_full_audit/mamba_kd_from_scratch_vit/failure_images/08457_true-bird_pred-deer.png,deer,0.9817171096801758,False,/home/tariq/Desktop/Awais-Tariq/base-KD/reports/cifar10_full_audit/mamba_kd_from_pretrained_vit/failure_images/08457_true-bird_pred-deer.png,4,vit_scratch;mamba_scratch;mamba_kd_from_scratch_vit;mamba_kd_from_pretrained_vit,True,False,False,False,False,True
8469,cifar10_test_08469,/home/tariq/Desktop/Awais-Tariq/base-KD/data/cifar-10-batches-py/test_batch,8469,dog,automobile,0.5746408104896545,False,/home/tariq/Desktop/Awais-Tariq/base-KD/reports/cifar10_full_audit/vit_scratch/failure_images/08469_true-dog_pred-automobile.png,cat,0.9946447610855103,False,/home/tariq/Desktop/Awais-Tariq/base-KD/reports/cifar10_full_audit/mamba_scratch/failure_images/08469_true-dog_pred-cat.png,dog,0.9994385838508606,True,,cat,0.9530556201934814,False,/home/tariq/Desktop/Awais-Tariq/base-KD/reports/cifar10_full_audit/mamba_kd_from_scratch_vit/failure_images/08469_true-dog_pred-cat.png,cat,0.999997615814209,False,/home/tariq/Desktop/Awais-Tariq/base-KD/reports/cifar10_full_audit/mamba_kd_from_pretrained_vit/failure_images/08469_true-dog_pred-cat.png,4,vit_scratch;mamba_scratch;mamba_kd_from_scratch_vit;mamba_kd_from_pretrained_vit,True,False,False,False,False,True
8484,cifar10_test_08484,/home/tariq/Desktop/Awais-Tariq/base-KD/data/cifar-10-batches-py/test_batch,8484,cat,frog,0.9215008020401001,False,/home/tariq/Desktop/Awais-Tariq/base-KD/reports/cifar10_full_audit/vit_scratch/failure_images/08484_true-cat_pred-frog.png,cat,0.9630225300788879,True,,cat,0.9999566078186035,True,,frog,0.7903424501419067,False,/home/tariq/Desktop/Awais-Tariq/base-KD/reports/cifar10_full_audit/mamba_kd_from_scratch_vit/failure_images/08484_true-cat_pred-frog.png,airplane,0.5528398156166077,False,/home/tariq/Desktop/Awais-Tariq/base-KD/reports/cifar10_full_audit/mamba_kd_from_pretrained_vit/failure_images/08484_true-cat_pred-airplane.png,3,vit_scratch;mamba_kd_from_scratch_vit;mamba_kd_from_pretrained_vit,True,False,False,False,False,True
8487,cifar10_test_08487,/home/tariq/Desktop/Awais-Tariq/base-KD/data/cifar-10-batches-py/test_batch,8487,deer,bird,0.9958279728889465,False,/home/tariq/Desktop/Awais-Tariq/base-KD/reports/cifar10_full_audit/vit_scratch/failure_images/08487_true-deer_pred-bird.png,deer,0.9991674423217773,True,,deer,0.9999867677688599,True,,bird,0.924373984336853,False,/home/tariq/Desktop/Awais-Tariq/base-KD/reports/cifar10_full_audit/mamba_kd_from_scratch_vit/failure_images/08487_true-deer_pred-bird.png,bird,0.5324490666389465,False,/home/tariq/Desktop/Awais-Tariq/base-KD/reports/cifar10_full_audit/mamba_kd_from_pretrained_vit/failure_images/08487_true-deer_pred-bird.png,3,vit_scratch;mamba_kd_from_scratch_vit;mamba_kd_from_pretrained_vit,True,False,False,False,False,True
8488,cifar10_test_08488,/home/tariq/Desktop/Awais-Tariq/base-KD/data/cifar-10-batches-py/test_batch,8488,truck,truck,0.9857236742973328,True,,automobile,0.4578265845775604,False,/home/tariq/Desktop/Awais-Tariq/base-KD/reports/cifar10_full_audit/mamba_scratch/failure_images/08488_true-truck_pred-automobile.png,truck,0.9999940395355225,True,,horse,0.979263961315155,False,/home/tariq/Desktop/Awais-Tariq/base-KD/reports/cifar10_full_audit/mamba_kd_from_scratch_vit/failure_images/08488_true-truck_pred-horse.png,automobile,0.9386159777641296,False,/home/tariq/Desktop/Awais-Tariq/base-KD/reports/cifar10_full_audit/mamba_kd_from_pretrained_vit/failure_images/08488_true-truck_pred-automobile.png,3,mamba_scratch;mamba_kd_from_scratch_vit;mamba_kd_from_pretrained_vit,True,False,False,True,False,True
8521,cifar10_test_08521,/home/tariq/Desktop/Awais-Tariq/base-KD/data/cifar-10-batches-py/test_batch,8521,truck,ship,0.9053918719291687,False,/home/tariq/Desktop/Awais-Tariq/base-KD/reports/cifar10_full_audit/vit_scratch/failure_images/08521_true-truck_pred-ship.png,ship,0.9991887211799622,False,/home/tariq/Desktop/Awais-Tariq/base-KD/reports/cifar10_full_audit/mamba_scratch/failure_images/08521_true-truck_pred-ship.png,truck,0.999594509601593,True,,ship,0.9998608827590942,False,/home/tariq/Desktop/Awais-Tariq/base-KD/reports/cifar10_full_audit/mamba_kd_from_scratch_vit/failure_images/08521_true-truck_pred-ship.png,ship,0.9992465972900391,False,/home/tariq/Desktop/Awais-Tariq/base-KD/reports/cifar10_full_audit/mamba_kd_from_pretrained_vit/failure_images/08521_true-truck_pred-ship.png,4,vit_scratch;mamba_scratch;mamba_kd_from_scratch_vit;mamba_kd_from_pretrained_vit,True,False,False,False,False,True
8532,cifar10_test_08532,/home/tariq/Desktop/Awais-Tariq/base-KD/data/cifar-10-batches-py/test_batch,8532,cat,bird,0.5804271697998047,False,/home/tariq/Desktop/Awais-Tariq/base-KD/reports/cifar10_full_audit/vit_scratch/failure_images/08532_true-cat_pred-bird.png,frog,0.977141797542572,False,/home/tariq/Desktop/Awais-Tariq/base-KD/reports/cifar10_full_audit/mamba_scratch/failure_images/08532_true-cat_pred-frog.png,cat,0.9999970197677612,True,,frog,0.7687362432479858,False,/home/tariq/Desktop/Awais-Tariq/base-KD/reports/cifar10_full_audit/mamba_kd_from_scratch_vit/failure_images/08532_true-cat_pred-frog.png,cat,0.9985129237174988,True,,3,vit_scratch;mamba_scratch;mamba_kd_from_scratch_vit,True,False,False,False,False,False
8541,cifar10_test_08541,/home/tariq/Desktop/Awais-Tariq/base-KD/data/cifar-10-batches-py/test_batch,8541,ship,automobile,0.9960225820541382,False,/home/tariq/Desktop/Awais-Tariq/base-KD/reports/cifar10_full_audit/vit_scratch/failure_images/08541_true-ship_pred-automobile.png,automobile,0.7831510305404663,False,/home/tariq/Desktop/Awais-Tariq/base-KD/reports/cifar10_full_audit/mamba_scratch/failure_images/08541_true-ship_pred-automobile.png,ship,1.0,True,,automobile,0.9630300402641296,False,/home/tariq/Desktop/Awais-Tariq/base-KD/reports/cifar10_full_audit/mamba_kd_from_scratch_vit/failure_images/08541_true-ship_pred-automobile.png,ship,0.9945974349975586,True,,3,vit_scratch;mamba_scratch;mamba_kd_from_scratch_vit,True,False,False,False,False,False
8573,cifar10_test_08573,/home/tariq/Desktop/Awais-Tariq/base-KD/data/cifar-10-batches-py/test_batch,8573,frog,bird,0.44856294989585876,False,/home/tariq/Desktop/Awais-Tariq/base-KD/reports/cifar10_full_audit/vit_scratch/failure_images/08573_true-frog_pred-bird.png,airplane,0.9872937798500061,False,/home/tariq/Desktop/Awais-Tariq/base-KD/reports/cifar10_full_audit/mamba_scratch/failure_images/08573_true-frog_pred-airplane.png,frog,1.0,True,,airplane,0.7481771111488342,False,/home/tariq/Desktop/Awais-Tariq/base-KD/reports/cifar10_full_audit/mamba_kd_from_scratch_vit/failure_images/08573_true-frog_pred-airplane.png,airplane,0.7920368313789368,False,/home/tariq/Desktop/Awais-Tariq/base-KD/reports/cifar10_full_audit/mamba_kd_from_pretrained_vit/failure_images/08573_true-frog_pred-airplane.png,4,vit_scratch;mamba_scratch;mamba_kd_from_scratch_vit;mamba_kd_from_pretrained_vit,True,False,False,False,False,True
8576,cifar10_test_08576,/home/tariq/Desktop/Awais-Tariq/base-KD/data/cifar-10-batches-py/test_batch,8576,bird,ship,0.5003895163536072,False,/home/tariq/Desktop/Awais-Tariq/base-KD/reports/cifar10_full_audit/vit_scratch/failure_images/08576_true-bird_pred-ship.png,airplane,0.9985876083374023,False,/home/tariq/Desktop/Awais-Tariq/base-KD/reports/cifar10_full_audit/mamba_scratch/failure_images/08576_true-bird_pred-airplane.png,airplane,0.9969213008880615,False,/home/tariq/Desktop/Awais-Tariq/base-KD/reports/cifar10_full_audit/vit_pretrained_finetuned/failure_images/08576_true-bird_pred-airplane.png,airplane,0.9941816926002502,False,/home/tariq/Desktop/Awais-Tariq/base-KD/reports/cifar10_full_audit/mamba_kd_from_scratch_vit/failure_images/08576_true-bird_pred-airplane.png,airplane,0.9997990727424622,False,/home/tariq/Desktop/Awais-Tariq/base-KD/reports/cifar10_full_audit/mamba_kd_from_pretrained_vit/failure_images/08576_true-bird_pred-airplane.png,5,vit_scratch;mamba_scratch;vit_pretrained_finetuned;mamba_kd_from_scratch_vit;mamba_kd_from_pretrained_vit,True,True,False,False,False,False
8577,cifar10_test_08577,/home/tariq/Desktop/Awais-Tariq/base-KD/data/cifar-10-batches-py/test_batch,8577,cat,frog,0.6844539642333984,False,/home/tariq/Desktop/Awais-Tariq/base-KD/reports/cifar10_full_audit/vit_scratch/failure_images/08577_true-cat_pred-frog.png,dog,0.7580722570419312,False,/home/tariq/Desktop/Awais-Tariq/base-KD/reports/cifar10_full_audit/mamba_scratch/failure_images/08577_true-cat_pred-dog.png,cat,0.9999908208847046,True,,cat,0.8395390510559082,True,,dog,0.9872273206710815,False,/home/tariq/Desktop/Awais-Tariq/base-KD/reports/cifar10_full_audit/mamba_kd_from_pretrained_vit/failure_images/08577_true-cat_pred-dog.png,3,vit_scratch;mamba_scratch;mamba_kd_from_pretrained_vit,True,False,True,False,False,True
8580,cifar10_test_08580,/home/tariq/Desktop/Awais-Tariq/base-KD/data/cifar-10-batches-py/test_batch,8580,cat,bird,0.7035622596740723,False,/home/tariq/Desktop/Awais-Tariq/base-KD/reports/cifar10_full_audit/vit_scratch/failure_images/08580_true-cat_pred-bird.png,dog,0.5478487610816956,False,/home/tariq/Desktop/Awais-Tariq/base-KD/reports/cifar10_full_audit/mamba_scratch/failure_images/08580_true-cat_pred-dog.png,cat,0.8214944005012512,True,,bird,0.4579947590827942,False,/home/tariq/Desktop/Awais-Tariq/base-KD/reports/cifar10_full_audit/mamba_kd_from_scratch_vit/failure_images/08580_true-cat_pred-bird.png,dog,0.923111617565155,False,/home/tariq/Desktop/Awais-Tariq/base-KD/reports/cifar10_full_audit/mamba_kd_from_pretrained_vit/failure_images/08580_true-cat_pred-dog.png,4,vit_scratch;mamba_scratch;mamba_kd_from_scratch_vit;mamba_kd_from_pretrained_vit,True,False,False,False,False,True
8589,cifar10_test_08589,/home/tariq/Desktop/Awais-Tariq/base-KD/data/cifar-10-batches-py/test_batch,8589,dog,cat,0.9856032133102417,False,/home/tariq/Desktop/Awais-Tariq/base-KD/reports/cifar10_full_audit/vit_scratch/failure_images/08589_true-dog_pred-cat.png,cat,0.9816790223121643,False,/home/tariq/Desktop/Awais-Tariq/base-KD/reports/cifar10_full_audit/mamba_scratch/failure_images/08589_true-dog_pred-cat.png,cat,0.9995001554489136,False,/home/tariq/Desktop/Awais-Tariq/base-KD/reports/cifar10_full_audit/vit_pretrained_finetuned/failure_images/08589_true-dog_pred-cat.png,cat,0.9530667662620544,False,/home/tariq/Desktop/Awais-Tariq/base-KD/reports/cifar10_full_audit/mamba_kd_from_scratch_vit/failure_images/08589_true-dog_pred-cat.png,cat,0.9987775683403015,False,/home/tariq/Desktop/Awais-Tariq/base-KD/reports/cifar10_full_audit/mamba_kd_from_pretrained_vit/failure_images/08589_true-dog_pred-cat.png,5,vit_scratch;mamba_scratch;vit_pretrained_finetuned;mamba_kd_from_scratch_vit;mamba_kd_from_pretrained_vit,True,True,False,False,False,False
8616,cifar10_test_08616,/home/tariq/Desktop/Awais-Tariq/base-KD/data/cifar-10-batches-py/test_batch,8616,cat,deer,0.4045222997665405,False,/home/tariq/Desktop/Awais-Tariq/base-KD/reports/cifar10_full_audit/vit_scratch/failure_images/08616_true-cat_pred-deer.png,frog,0.9829959273338318,False,/home/tariq/Desktop/Awais-Tariq/base-KD/reports/cifar10_full_audit/mamba_scratch/failure_images/08616_true-cat_pred-frog.png,cat,0.9995906949043274,True,,frog,0.5026348829269409,False,/home/tariq/Desktop/Awais-Tariq/base-KD/reports/cifar10_full_audit/mamba_kd_from_scratch_vit/failure_images/08616_true-cat_pred-frog.png,cat,0.9997628331184387,True,,3,vit_scratch;mamba_scratch;mamba_kd_from_scratch_vit,True,False,False,False,False,False
8633,cifar10_test_08633,/home/tariq/Desktop/Awais-Tariq/base-KD/data/cifar-10-batches-py/test_batch,8633,cat,bird,0.9998705387115479,False,/home/tariq/Desktop/Awais-Tariq/base-KD/reports/cifar10_full_audit/vit_scratch/failure_images/08633_true-cat_pred-bird.png,cat,0.9999638795852661,True,,cat,0.9999932050704956,True,,bird,0.9640122652053833,False,/home/tariq/Desktop/Awais-Tariq/base-KD/reports/cifar10_full_audit/mamba_kd_from_scratch_vit/failure_images/08633_true-cat_pred-bird.png,frog,0.4725198447704315,False,/home/tariq/Desktop/Awais-Tariq/base-KD/reports/cifar10_full_audit/mamba_kd_from_pretrained_vit/failure_images/08633_true-cat_pred-frog.png,3,vit_scratch;mamba_kd_from_scratch_vit;mamba_kd_from_pretrained_vit,True,False,False,False,False,True
8669,cifar10_test_08669,/home/tariq/Desktop/Awais-Tariq/base-KD/data/cifar-10-batches-py/test_batch,8669,deer,horse,0.5315123796463013,False,/home/tariq/Desktop/Awais-Tariq/base-KD/reports/cifar10_full_audit/vit_scratch/failure_images/08669_true-deer_pred-horse.png,horse,0.9902576208114624,False,/home/tariq/Desktop/Awais-Tariq/base-KD/reports/cifar10_full_audit/mamba_scratch/failure_images/08669_true-deer_pred-horse.png,deer,0.9999996423721313,True,,horse,0.6590785980224609,False,/home/tariq/Desktop/Awais-Tariq/base-KD/reports/cifar10_full_audit/mamba_kd_from_scratch_vit/failure_images/08669_true-deer_pred-horse.png,horse,0.8756746053695679,False,/home/tariq/Desktop/Awais-Tariq/base-KD/reports/cifar10_full_audit/mamba_kd_from_pretrained_vit/failure_images/08669_true-deer_pred-horse.png,4,vit_scratch;mamba_scratch;mamba_kd_from_scratch_vit;mamba_kd_from_pretrained_vit,True,False,False,False,False,True
8690,cifar10_test_08690,/home/tariq/Desktop/Awais-Tariq/base-KD/data/cifar-10-batches-py/test_batch,8690,ship,airplane,0.5352322459220886,False,/home/tariq/Desktop/Awais-Tariq/base-KD/reports/cifar10_full_audit/vit_scratch/failure_images/08690_true-ship_pred-airplane.png,airplane,0.9971737861633301,False,/home/tariq/Desktop/Awais-Tariq/base-KD/reports/cifar10_full_audit/mamba_scratch/failure_images/08690_true-ship_pred-airplane.png,ship,0.9999804496765137,True,,airplane,0.9164660573005676,False,/home/tariq/Desktop/Awais-Tariq/base-KD/reports/cifar10_full_audit/mamba_kd_from_scratch_vit/failure_images/08690_true-ship_pred-airplane.png,ship,0.9932606816291809,True,,3,vit_scratch;mamba_scratch;mamba_kd_from_scratch_vit,True,False,False,False,False,False
8699,cifar10_test_08699,/home/tariq/Desktop/Awais-Tariq/base-KD/data/cifar-10-batches-py/test_batch,8699,deer,dog,0.9892297387123108,False,/home/tariq/Desktop/Awais-Tariq/base-KD/reports/cifar10_full_audit/vit_scratch/failure_images/08699_true-deer_pred-dog.png,cat,0.9840875267982483,False,/home/tariq/Desktop/Awais-Tariq/base-KD/reports/cifar10_full_audit/mamba_scratch/failure_images/08699_true-deer_pred-cat.png,deer,0.9999505281448364,True,,dog,0.7459949851036072,False,/home/tariq/Desktop/Awais-Tariq/base-KD/reports/cifar10_full_audit/mamba_kd_from_scratch_vit/failure_images/08699_true-deer_pred-dog.png,dog,0.7165348529815674,False,/home/tariq/Desktop/Awais-Tariq/base-KD/reports/cifar10_full_audit/mamba_kd_from_pretrained_vit/failure_images/08699_true-deer_pred-dog.png,4,vit_scratch;mamba_scratch;mamba_kd_from_scratch_vit;mamba_kd_from_pretrained_vit,True,False,False,False,False,True
8723,cifar10_test_08723,/home/tariq/Desktop/Awais-Tariq/base-KD/data/cifar-10-batches-py/test_batch,8723,dog,deer,0.6415226459503174,False,/home/tariq/Desktop/Awais-Tariq/base-KD/reports/cifar10_full_audit/vit_scratch/failure_images/08723_true-dog_pred-deer.png,horse,0.9999728202819824,False,/home/tariq/Desktop/Awais-Tariq/base-KD/reports/cifar10_full_audit/mamba_scratch/failure_images/08723_true-dog_pred-horse.png,dog,0.9997404217720032,True,,horse,0.9887153506278992,False,/home/tariq/Desktop/Awais-Tariq/base-KD/reports/cifar10_full_audit/mamba_kd_from_scratch_vit/failure_images/08723_true-dog_pred-horse.png,horse,0.9997443556785583,False,/home/tariq/Desktop/Awais-Tariq/base-KD/reports/cifar10_full_audit/mamba_kd_from_pretrained_vit/failure_images/08723_true-dog_pred-horse.png,4,vit_scratch;mamba_scratch;mamba_kd_from_scratch_vit;mamba_kd_from_pretrained_vit,True,False,False,False,False,True
8749,cifar10_test_08749,/home/tariq/Desktop/Awais-Tariq/base-KD/data/cifar-10-batches-py/test_batch,8749,dog,truck,0.9985070824623108,False,/home/tariq/Desktop/Awais-Tariq/base-KD/reports/cifar10_full_audit/vit_scratch/failure_images/08749_true-dog_pred-truck.png,cat,0.6247465014457703,False,/home/tariq/Desktop/Awais-Tariq/base-KD/reports/cifar10_full_audit/mamba_scratch/failure_images/08749_true-dog_pred-cat.png,dog,0.9999966621398926,True,,truck,0.9224299192428589,False,/home/tariq/Desktop/Awais-Tariq/base-KD/reports/cifar10_full_audit/mamba_kd_from_scratch_vit/failure_images/08749_true-dog_pred-truck.png,cat,0.9688670635223389,False,/home/tariq/Desktop/Awais-Tariq/base-KD/reports/cifar10_full_audit/mamba_kd_from_pretrained_vit/failure_images/08749_true-dog_pred-cat.png,4,vit_scratch;mamba_scratch;mamba_kd_from_scratch_vit;mamba_kd_from_pretrained_vit,True,False,False,False,False,True
8752,cifar10_test_08752,/home/tariq/Desktop/Awais-Tariq/base-KD/data/cifar-10-batches-py/test_batch,8752,dog,cat,0.9896813035011292,False,/home/tariq/Desktop/Awais-Tariq/base-KD/reports/cifar10_full_audit/vit_scratch/failure_images/08752_true-dog_pred-cat.png,cat,0.9978565573692322,False,/home/tariq/Desktop/Awais-Tariq/base-KD/reports/cifar10_full_audit/mamba_scratch/failure_images/08752_true-dog_pred-cat.png,dog,0.9999376535415649,True,,cat,0.9683239459991455,False,/home/tariq/Desktop/Awais-Tariq/base-KD/reports/cifar10_full_audit/mamba_kd_from_scratch_vit/failure_images/08752_true-dog_pred-cat.png,dog,0.61550372838974,True,,3,vit_scratch;mamba_scratch;mamba_kd_from_scratch_vit,True,False,False,False,False,False
8774,cifar10_test_08774,/home/tariq/Desktop/Awais-Tariq/base-KD/data/cifar-10-batches-py/test_batch,8774,cat,horse,0.9876113533973694,False,/home/tariq/Desktop/Awais-Tariq/base-KD/reports/cifar10_full_audit/vit_scratch/failure_images/08774_true-cat_pred-horse.png,horse,0.9950777292251587,False,/home/tariq/Desktop/Awais-Tariq/base-KD/reports/cifar10_full_audit/mamba_scratch/failure_images/08774_true-cat_pred-horse.png,cat,0.9999569654464722,True,,horse,0.9753005504608154,False,/home/tariq/Desktop/Awais-Tariq/base-KD/reports/cifar10_full_audit/mamba_kd_from_scratch_vit/failure_images/08774_true-cat_pred-horse.png,horse,0.9995030164718628,False,/home/tariq/Desktop/Awais-Tariq/base-KD/reports/cifar10_full_audit/mamba_kd_from_pretrained_vit/failure_images/08774_true-cat_pred-horse.png,4,vit_scratch;mamba_scratch;mamba_kd_from_scratch_vit;mamba_kd_from_pretrained_vit,True,False,False,False,False,True
8778,cifar10_test_08778,/home/tariq/Desktop/Awais-Tariq/base-KD/data/cifar-10-batches-py/test_batch,8778,cat,deer,0.9978581070899963,False,/home/tariq/Desktop/Awais-Tariq/base-KD/reports/cifar10_full_audit/vit_scratch/failure_images/08778_true-cat_pred-deer.png,airplane,0.8248570561408997,False,/home/tariq/Desktop/Awais-Tariq/base-KD/reports/cifar10_full_audit/mamba_scratch/failure_images/08778_true-cat_pred-airplane.png,airplane,0.9861088395118713,False,/home/tariq/Desktop/Awais-Tariq/base-KD/reports/cifar10_full_audit/vit_pretrained_finetuned/failure_images/08778_true-cat_pred-airplane.png,deer,0.5068635940551758,False,/home/tariq/Desktop/Awais-Tariq/base-KD/reports/cifar10_full_audit/mamba_kd_from_scratch_vit/failure_images/08778_true-cat_pred-deer.png,cat,0.8147261142730713,True,,4,vit_scratch;mamba_scratch;vit_pretrained_finetuned;mamba_kd_from_scratch_vit,True,False,False,False,True,False
8788,cifar10_test_08788,/home/tariq/Desktop/Awais-Tariq/base-KD/data/cifar-10-batches-py/test_batch,8788,dog,cat,0.9963439106941223,False,/home/tariq/Desktop/Awais-Tariq/base-KD/reports/cifar10_full_audit/vit_scratch/failure_images/08788_true-dog_pred-cat.png,dog,0.9994800686836243,True,,dog,0.9999996423721313,True,,cat,0.5644553303718567,False,/home/tariq/Desktop/Awais-Tariq/base-KD/reports/cifar10_full_audit/mamba_kd_from_scratch_vit/failure_images/08788_true-dog_pred-cat.png,cat,0.9161372780799866,False,/home/tariq/Desktop/Awais-Tariq/base-KD/reports/cifar10_full_audit/mamba_kd_from_pretrained_vit/failure_images/08788_true-dog_pred-cat.png,3,vit_scratch;mamba_kd_from_scratch_vit;mamba_kd_from_pretrained_vit,True,False,False,False,False,True
8794,cifar10_test_08794,/home/tariq/Desktop/Awais-Tariq/base-KD/data/cifar-10-batches-py/test_batch,8794,dog,cat,0.6748862266540527,False,/home/tariq/Desktop/Awais-Tariq/base-KD/reports/cifar10_full_audit/vit_scratch/failure_images/08794_true-dog_pred-cat.png,cat,0.8482518196105957,False,/home/tariq/Desktop/Awais-Tariq/base-KD/reports/cifar10_full_audit/mamba_scratch/failure_images/08794_true-dog_pred-cat.png,dog,0.9999829530715942,True,,dog,0.525292158126831,True,,cat,0.7587063312530518,False,/home/tariq/Desktop/Awais-Tariq/base-KD/reports/cifar10_full_audit/mamba_kd_from_pretrained_vit/failure_images/08794_true-dog_pred-cat.png,3,vit_scratch;mamba_scratch;mamba_kd_from_pretrained_vit,True,False,True,False,False,True
8806,cifar10_test_08806,/home/tariq/Desktop/Awais-Tariq/base-KD/data/cifar-10-batches-py/test_batch,8806,cat,bird,0.5321796536445618,False,/home/tariq/Desktop/Awais-Tariq/base-KD/reports/cifar10_full_audit/vit_scratch/failure_images/08806_true-cat_pred-bird.png,bird,0.7902936935424805,False,/home/tariq/Desktop/Awais-Tariq/base-KD/reports/cifar10_full_audit/mamba_scratch/failure_images/08806_true-cat_pred-bird.png,cat,0.9999890327453613,True,,frog,0.5318613648414612,False,/home/tariq/Desktop/Awais-Tariq/base-KD/reports/cifar10_full_audit/mamba_kd_from_scratch_vit/failure_images/08806_true-cat_pred-frog.png,cat,0.9924471378326416,True,,3,vit_scratch;mamba_scratch;mamba_kd_from_scratch_vit,True,False,False,False,False,False
8809,cifar10_test_08809,/home/tariq/Desktop/Awais-Tariq/base-KD/data/cifar-10-batches-py/test_batch,8809,ship,airplane,0.8200315833091736,False,/home/tariq/Desktop/Awais-Tariq/base-KD/reports/cifar10_full_audit/vit_scratch/failure_images/08809_true-ship_pred-airplane.png,bird,0.99625563621521,False,/home/tariq/Desktop/Awais-Tariq/base-KD/reports/cifar10_full_audit/mamba_scratch/failure_images/08809_true-ship_pred-bird.png,ship,1.0,True,,bird,0.9991455078125,False,/home/tariq/Desktop/Awais-Tariq/base-KD/reports/cifar10_full_audit/mamba_kd_from_scratch_vit/failure_images/08809_true-ship_pred-bird.png,bird,0.9983524084091187,False,/home/tariq/Desktop/Awais-Tariq/base-KD/reports/cifar10_full_audit/mamba_kd_from_pretrained_vit/failure_images/08809_true-ship_pred-bird.png,4,vit_scratch;mamba_scratch;mamba_kd_from_scratch_vit;mamba_kd_from_pretrained_vit,True,False,False,False,False,True
8811,cifar10_test_08811,/home/tariq/Desktop/Awais-Tariq/base-KD/data/cifar-10-batches-py/test_batch,8811,automobile,airplane,0.8120957612991333,False,/home/tariq/Desktop/Awais-Tariq/base-KD/reports/cifar10_full_audit/vit_scratch/failure_images/08811_true-automobile_pred-airplane.png,automobile,0.7957192659378052,True,,automobile,0.999998927116394,True,,horse,0.6835223436355591,False,/home/tariq/Desktop/Awais-Tariq/base-KD/reports/cifar10_full_audit/mamba_kd_from_scratch_vit/failure_images/08811_true-automobile_pred-horse.png,horse,0.7328440546989441,False,/home/tariq/Desktop/Awais-Tariq/base-KD/reports/cifar10_full_audit/mamba_kd_from_pretrained_vit/failure_images/08811_true-automobile_pred-horse.png,3,vit_scratch;mamba_kd_from_scratch_vit;mamba_kd_from_pretrained_vit,True,False,False,False,False,True
8815,cifar10_test_08815,/home/tariq/Desktop/Awais-Tariq/base-KD/data/cifar-10-batches-py/test_batch,8815,cat,automobile,0.9466139674186707,False,/home/tariq/Desktop/Awais-Tariq/base-KD/reports/cifar10_full_audit/vit_scratch/failure_images/08815_true-cat_pred-automobile.png,bird,0.9961068034172058,False,/home/tariq/Desktop/Awais-Tariq/base-KD/reports/cifar10_full_audit/mamba_scratch/failure_images/08815_true-cat_pred-bird.png,cat,0.9999955892562866,True,,dog,0.677366316318512,False,/home/tariq/Desktop/Awais-Tariq/base-KD/reports/cifar10_full_audit/mamba_kd_from_scratch_vit/failure_images/08815_true-cat_pred-dog.png,cat,0.9745668172836304,True,,3,vit_scratch;mamba_scratch;mamba_kd_from_scratch_vit,True,False,False,False,False,False
8847,cifar10_test_08847,/home/tariq/Desktop/Awais-Tariq/base-KD/data/cifar-10-batches-py/test_batch,8847,dog,deer,0.999850869178772,False,/home/tariq/Desktop/Awais-Tariq/base-KD/reports/cifar10_full_audit/vit_scratch/failure_images/08847_true-dog_pred-deer.png,cat,0.7696225047111511,False,/home/tariq/Desktop/Awais-Tariq/base-KD/reports/cifar10_full_audit/mamba_scratch/failure_images/08847_true-dog_pred-cat.png,dog,0.9974642992019653,True,,deer,0.984619677066803,False,/home/tariq/Desktop/Awais-Tariq/base-KD/reports/cifar10_full_audit/mamba_kd_from_scratch_vit/failure_images/08847_true-dog_pred-deer.png,dog,0.9889539480209351,True,,3,vit_scratch;mamba_scratch;mamba_kd_from_scratch_vit,True,False,False,False,False,False
8850,cifar10_test_08850,/home/tariq/Desktop/Awais-Tariq/base-KD/data/cifar-10-batches-py/test_batch,8850,automobile,truck,0.944390058517456,False,/home/tariq/Desktop/Awais-Tariq/base-KD/reports/cifar10_full_audit/vit_scratch/failure_images/08850_true-automobile_pred-truck.png,automobile,0.9985674619674683,True,,automobile,0.9999964237213135,True,,truck,0.7419478297233582,False,/home/tariq/Desktop/Awais-Tariq/base-KD/reports/cifar10_full_audit/mamba_kd_from_scratch_vit/failure_images/08850_true-automobile_pred-truck.png,truck,0.5456172227859497,False,/home/tariq/Desktop/Awais-Tariq/base-KD/reports/cifar10_full_audit/mamba_kd_from_pretrained_vit/failure_images/08850_true-automobile_pred-truck.png,3,vit_scratch;mamba_kd_from_scratch_vit;mamba_kd_from_pretrained_vit,True,False,False,False,False,True
8861,cifar10_test_08861,/home/tariq/Desktop/Awais-Tariq/base-KD/data/cifar-10-batches-py/test_batch,8861,deer,cat,0.7211324572563171,False,/home/tariq/Desktop/Awais-Tariq/base-KD/reports/cifar10_full_audit/vit_scratch/failure_images/08861_true-deer_pred-cat.png,deer,0.6672812700271606,True,,deer,0.9999966621398926,True,,cat,0.6444682478904724,False,/home/tariq/Desktop/Awais-Tariq/base-KD/reports/cifar10_full_audit/mamba_kd_from_scratch_vit/failure_images/08861_true-deer_pred-cat.png,cat,0.8404763340950012,False,/home/tariq/Desktop/Awais-Tariq/base-KD/reports/cifar10_full_audit/mamba_kd_from_pretrained_vit/failure_images/08861_true-deer_pred-cat.png,3,vit_scratch;mamba_kd_from_scratch_vit;mamba_kd_from_pretrained_vit,True,False,False,False,False,True
8868,cifar10_test_08868,/home/tariq/Desktop/Awais-Tariq/base-KD/data/cifar-10-batches-py/test_batch,8868,deer,horse,0.7819623947143555,False,/home/tariq/Desktop/Awais-Tariq/base-KD/reports/cifar10_full_audit/vit_scratch/failure_images/08868_true-deer_pred-horse.png,horse,0.6346438527107239,False,/home/tariq/Desktop/Awais-Tariq/base-KD/reports/cifar10_full_audit/mamba_scratch/failure_images/08868_true-deer_pred-horse.png,deer,0.9999966621398926,True,,horse,0.9336946606636047,False,/home/tariq/Desktop/Awais-Tariq/base-KD/reports/cifar10_full_audit/mamba_kd_from_scratch_vit/failure_images/08868_true-deer_pred-horse.png,deer,0.9481307864189148,True,,3,vit_scratch;mamba_scratch;mamba_kd_from_scratch_vit,True,False,False,False,False,False
8876,cifar10_test_08876,/home/tariq/Desktop/Awais-Tariq/base-KD/data/cifar-10-batches-py/test_batch,8876,airplane,truck,0.9608801603317261,False,/home/tariq/Desktop/Awais-Tariq/base-KD/reports/cifar10_full_audit/vit_scratch/failure_images/08876_true-airplane_pred-truck.png,airplane,0.9841087460517883,True,,airplane,0.9999998807907104,True,,truck,0.9338502883911133,False,/home/tariq/Desktop/Awais-Tariq/base-KD/reports/cifar10_full_audit/mamba_kd_from_scratch_vit/failure_images/08876_true-airplane_pred-truck.png,truck,0.8440804481506348,False,/home/tariq/Desktop/Awais-Tariq/base-KD/reports/cifar10_full_audit/mamba_kd_from_pretrained_vit/failure_images/08876_true-airplane_pred-truck.png,3,vit_scratch;mamba_kd_from_scratch_vit;mamba_kd_from_pretrained_vit,True,False,False,False,False,True
8877,cifar10_test_08877,/home/tariq/Desktop/Awais-Tariq/base-KD/data/cifar-10-batches-py/test_batch,8877,truck,automobile,0.6501368284225464,False,/home/tariq/Desktop/Awais-Tariq/base-KD/reports/cifar10_full_audit/vit_scratch/failure_images/08877_true-truck_pred-automobile.png,automobile,0.619891345500946,False,/home/tariq/Desktop/Awais-Tariq/base-KD/reports/cifar10_full_audit/mamba_scratch/failure_images/08877_true-truck_pred-automobile.png,automobile,0.9988929629325867,False,/home/tariq/Desktop/Awais-Tariq/base-KD/reports/cifar10_full_audit/vit_pretrained_finetuned/failure_images/08877_true-truck_pred-automobile.png,automobile,0.9198417067527771,False,/home/tariq/Desktop/Awais-Tariq/base-KD/reports/cifar10_full_audit/mamba_kd_from_scratch_vit/failure_images/08877_true-truck_pred-automobile.png,truck,0.9918919801712036,True,,4,vit_scratch;mamba_scratch;vit_pretrained_finetuned;mamba_kd_from_scratch_vit,True,False,False,False,True,False
8886,cifar10_test_08886,/home/tariq/Desktop/Awais-Tariq/base-KD/data/cifar-10-batches-py/test_batch,8886,deer,horse,0.7815691828727722,False,/home/tariq/Desktop/Awais-Tariq/base-KD/reports/cifar10_full_audit/vit_scratch/failure_images/08886_true-deer_pred-horse.png,horse,0.9844332933425903,False,/home/tariq/Desktop/Awais-Tariq/base-KD/reports/cifar10_full_audit/mamba_scratch/failure_images/08886_true-deer_pred-horse.png,deer,0.9999979734420776,True,,horse,0.7790837287902832,False,/home/tariq/Desktop/Awais-Tariq/base-KD/reports/cifar10_full_audit/mamba_kd_from_scratch_vit/failure_images/08886_true-deer_pred-horse.png,deer,0.9999980926513672,True,,3,vit_scratch;mamba_scratch;mamba_kd_from_scratch_vit,True,False,False,False,False,False
8923,cifar10_test_08923,/home/tariq/Desktop/Awais-Tariq/base-KD/data/cifar-10-batches-py/test_batch,8923,frog,bird,0.9689891934394836,False,/home/tariq/Desktop/Awais-Tariq/base-KD/reports/cifar10_full_audit/vit_scratch/failure_images/08923_true-frog_pred-bird.png,bird,0.9991987347602844,False,/home/tariq/Desktop/Awais-Tariq/base-KD/reports/cifar10_full_audit/mamba_scratch/failure_images/08923_true-frog_pred-bird.png,frog,0.9999995231628418,True,,bird,0.9289940595626831,False,/home/tariq/Desktop/Awais-Tariq/base-KD/reports/cifar10_full_audit/mamba_kd_from_scratch_vit/failure_images/08923_true-frog_pred-bird.png,bird,0.9999492168426514,False,/home/tariq/Desktop/Awais-Tariq/base-KD/reports/cifar10_full_audit/mamba_kd_from_pretrained_vit/failure_images/08923_true-frog_pred-bird.png,4,vit_scratch;mamba_scratch;mamba_kd_from_scratch_vit;mamba_kd_from_pretrained_vit,True,False,False,False,False,True
8928,cifar10_test_08928,/home/tariq/Desktop/Awais-Tariq/base-KD/data/cifar-10-batches-py/test_batch,8928,deer,bird,0.9999873638153076,False,/home/tariq/Desktop/Awais-Tariq/base-KD/reports/cifar10_full_audit/vit_scratch/failure_images/08928_true-deer_pred-bird.png,deer,0.9998868703842163,True,,deer,0.9999979734420776,True,,bird,0.7313145399093628,False,/home/tariq/Desktop/Awais-Tariq/base-KD/reports/cifar10_full_audit/mamba_kd_from_scratch_vit/failure_images/08928_true-deer_pred-bird.png,bird,0.9998145699501038,False,/home/tariq/Desktop/Awais-Tariq/base-KD/reports/cifar10_full_audit/mamba_kd_from_pretrained_vit/failure_images/08928_true-deer_pred-bird.png,3,vit_scratch;mamba_kd_from_scratch_vit;mamba_kd_from_pretrained_vit,True,False,False,False,False,True
8943,cifar10_test_08943,/home/tariq/Desktop/Awais-Tariq/base-KD/data/cifar-10-batches-py/test_batch,8943,horse,deer,0.9242105484008789,False,/home/tariq/Desktop/Awais-Tariq/base-KD/reports/cifar10_full_audit/vit_scratch/failure_images/08943_true-horse_pred-deer.png,deer,0.995686411857605,False,/home/tariq/Desktop/Awais-Tariq/base-KD/reports/cifar10_full_audit/mamba_scratch/failure_images/08943_true-horse_pred-deer.png,horse,0.7358105182647705,True,,deer,0.998153030872345,False,/home/tariq/Desktop/Awais-Tariq/base-KD/reports/cifar10_full_audit/mamba_kd_from_scratch_vit/failure_images/08943_true-horse_pred-deer.png,deer,0.9646503329277039,False,/home/tariq/Desktop/Awais-Tariq/base-KD/reports/cifar10_full_audit/mamba_kd_from_pretrained_vit/failure_images/08943_true-horse_pred-deer.png,4,vit_scratch;mamba_scratch;mamba_kd_from_scratch_vit;mamba_kd_from_pretrained_vit,True,False,False,False,False,True
8983,cifar10_test_08983,/home/tariq/Desktop/Awais-Tariq/base-KD/data/cifar-10-batches-py/test_batch,8983,cat,cat,0.9882516264915466,True,,dog,0.39508211612701416,False,/home/tariq/Desktop/Awais-Tariq/base-KD/reports/cifar10_full_audit/mamba_scratch/failure_images/08983_true-cat_pred-dog.png,cat,0.9999866485595703,True,,dog,0.5267996788024902,False,/home/tariq/Desktop/Awais-Tariq/base-KD/reports/cifar10_full_audit/mamba_kd_from_scratch_vit/failure_images/08983_true-cat_pred-dog.png,dog,0.9967567324638367,False,/home/tariq/Desktop/Awais-Tariq/base-KD/reports/cifar10_full_audit/mamba_kd_from_pretrained_vit/failure_images/08983_true-cat_pred-dog.png,3,mamba_scratch;mamba_kd_from_scratch_vit;mamba_kd_from_pretrained_vit,True,False,False,True,False,True
8985,cifar10_test_08985,/home/tariq/Desktop/Awais-Tariq/base-KD/data/cifar-10-batches-py/test_batch,8985,truck,airplane,0.9998905658721924,False,/home/tariq/Desktop/Awais-Tariq/base-KD/reports/cifar10_full_audit/vit_scratch/failure_images/08985_true-truck_pred-airplane.png,airplane,0.4356080889701843,False,/home/tariq/Desktop/Awais-Tariq/base-KD/reports/cifar10_full_audit/mamba_scratch/failure_images/08985_true-truck_pred-airplane.png,truck,0.9999948740005493,True,,airplane,0.9718790650367737,False,/home/tariq/Desktop/Awais-Tariq/base-KD/reports/cifar10_full_audit/mamba_kd_from_scratch_vit/failure_images/08985_true-truck_pred-airplane.png,truck,0.9998194575309753,True,,3,vit_scratch;mamba_scratch;mamba_kd_from_scratch_vit,True,False,False,False,False,False
8993,cifar10_test_08993,/home/tariq/Desktop/Awais-Tariq/base-KD/data/cifar-10-batches-py/test_batch,8993,airplane,truck,0.9942783117294312,False,/home/tariq/Desktop/Awais-Tariq/base-KD/reports/cifar10_full_audit/vit_scratch/failure_images/08993_true-airplane_pred-truck.png,airplane,0.9999433755874634,True,,airplane,1.0,True,,truck,0.8346286416053772,False,/home/tariq/Desktop/Awais-Tariq/base-KD/reports/cifar10_full_audit/mamba_kd_from_scratch_vit/failure_images/08993_true-airplane_pred-truck.png,truck,0.999581515789032,False,/home/tariq/Desktop/Awais-Tariq/base-KD/reports/cifar10_full_audit/mamba_kd_from_pretrained_vit/failure_images/08993_true-airplane_pred-truck.png,3,vit_scratch;mamba_kd_from_scratch_vit;mamba_kd_from_pretrained_vit,True,False,False,False,False,True
8996,cifar10_test_08996,/home/tariq/Desktop/Awais-Tariq/base-KD/data/cifar-10-batches-py/test_batch,8996,cat,deer,0.6115090847015381,False,/home/tariq/Desktop/Awais-Tariq/base-KD/reports/cifar10_full_audit/vit_scratch/failure_images/08996_true-cat_pred-deer.png,horse,0.5779505372047424,False,/home/tariq/Desktop/Awais-Tariq/base-KD/reports/cifar10_full_audit/mamba_scratch/failure_images/08996_true-cat_pred-horse.png,cat,0.9999995231628418,True,,cat,0.601967990398407,True,,horse,0.8122642636299133,False,/home/tariq/Desktop/Awais-Tariq/base-KD/reports/cifar10_full_audit/mamba_kd_from_pretrained_vit/failure_images/08996_true-cat_pred-horse.png,3,vit_scratch;mamba_scratch;mamba_kd_from_pretrained_vit,True,False,True,False,False,True
9035,cifar10_test_09035,/home/tariq/Desktop/Awais-Tariq/base-KD/data/cifar-10-batches-py/test_batch,9035,deer,horse,0.999114453792572,False,/home/tariq/Desktop/Awais-Tariq/base-KD/reports/cifar10_full_audit/vit_scratch/failure_images/09035_true-deer_pred-horse.png,horse,0.5977761745452881,False,/home/tariq/Desktop/Awais-Tariq/base-KD/reports/cifar10_full_audit/mamba_scratch/failure_images/09035_true-deer_pred-horse.png,deer,0.999998927116394,True,,horse,0.9464960694313049,False,/home/tariq/Desktop/Awais-Tariq/base-KD/reports/cifar10_full_audit/mamba_kd_from_scratch_vit/failure_images/09035_true-deer_pred-horse.png,deer,0.9999969005584717,True,,3,vit_scratch;mamba_scratch;mamba_kd_from_scratch_vit,True,False,False,False,False,False
9036,cifar10_test_09036,/home/tariq/Desktop/Awais-Tariq/base-KD/data/cifar-10-batches-py/test_batch,9036,deer,horse,0.9985111355781555,False,/home/tariq/Desktop/Awais-Tariq/base-KD/reports/cifar10_full_audit/vit_scratch/failure_images/09036_true-deer_pred-horse.png,dog,0.62187659740448,False,/home/tariq/Desktop/Awais-Tariq/base-KD/reports/cifar10_full_audit/mamba_scratch/failure_images/09036_true-deer_pred-dog.png,deer,0.9998353719711304,True,,horse,0.9433146119117737,False,/home/tariq/Desktop/Awais-Tariq/base-KD/reports/cifar10_full_audit/mamba_kd_from_scratch_vit/failure_images/09036_true-deer_pred-horse.png,horse,0.9999955892562866,False,/home/tariq/Desktop/Awais-Tariq/base-KD/reports/cifar10_full_audit/mamba_kd_from_pretrained_vit/failure_images/09036_true-deer_pred-horse.png,4,vit_scratch;mamba_scratch;mamba_kd_from_scratch_vit;mamba_kd_from_pretrained_vit,True,False,False,False,False,True
9039,cifar10_test_09039,/home/tariq/Desktop/Awais-Tariq/base-KD/data/cifar-10-batches-py/test_batch,9039,bird,frog,0.9960689544677734,False,/home/tariq/Desktop/Awais-Tariq/base-KD/reports/cifar10_full_audit/vit_scratch/failure_images/09039_true-bird_pred-frog.png,frog,0.9952301979064941,False,/home/tariq/Desktop/Awais-Tariq/base-KD/reports/cifar10_full_audit/mamba_scratch/failure_images/09039_true-bird_pred-frog.png,bird,0.8569214344024658,True,,frog,0.981105625629425,False,/home/tariq/Desktop/Awais-Tariq/base-KD/reports/cifar10_full_audit/mamba_kd_from_scratch_vit/failure_images/09039_true-bird_pred-frog.png,frog,0.9966630339622498,False,/home/tariq/Desktop/Awais-Tariq/base-KD/reports/cifar10_full_audit/mamba_kd_from_pretrained_vit/failure_images/09039_true-bird_pred-frog.png,4,vit_scratch;mamba_scratch;mamba_kd_from_scratch_vit;mamba_kd_from_pretrained_vit,True,False,False,False,False,True
9080,cifar10_test_09080,/home/tariq/Desktop/Awais-Tariq/base-KD/data/cifar-10-batches-py/test_batch,9080,cat,dog,0.9385395050048828,False,/home/tariq/Desktop/Awais-Tariq/base-KD/reports/cifar10_full_audit/vit_scratch/failure_images/09080_true-cat_pred-dog.png,dog,0.9993873834609985,False,/home/tariq/Desktop/Awais-Tariq/base-KD/reports/cifar10_full_audit/mamba_scratch/failure_images/09080_true-cat_pred-dog.png,cat,0.9999291896820068,True,,dog,0.9613590836524963,False,/home/tariq/Desktop/Awais-Tariq/base-KD/reports/cifar10_full_audit/mamba_kd_from_scratch_vit/failure_images/09080_true-cat_pred-dog.png,dog,0.9756520986557007,False,/home/tariq/Desktop/Awais-Tariq/base-KD/reports/cifar10_full_audit/mamba_kd_from_pretrained_vit/failure_images/09080_true-cat_pred-dog.png,4,vit_scratch;mamba_scratch;mamba_kd_from_scratch_vit;mamba_kd_from_pretrained_vit,True,False,False,False,False,True
9103,cifar10_test_09103,/home/tariq/Desktop/Awais-Tariq/base-KD/data/cifar-10-batches-py/test_batch,9103,horse,deer,0.9985097050666809,False,/home/tariq/Desktop/Awais-Tariq/base-KD/reports/cifar10_full_audit/vit_scratch/failure_images/09103_true-horse_pred-deer.png,deer,0.7148463726043701,False,/home/tariq/Desktop/Awais-Tariq/base-KD/reports/cifar10_full_audit/mamba_scratch/failure_images/09103_true-horse_pred-deer.png,dog,0.987024188041687,False,/home/tariq/Desktop/Awais-Tariq/base-KD/reports/cifar10_full_audit/vit_pretrained_finetuned/failure_images/09103_true-horse_pred-dog.png,horse,0.830808699131012,True,,horse,0.9847683310508728,True,,3,vit_scratch;mamba_scratch;vit_pretrained_finetuned,True,False,True,False,True,False
9107,cifar10_test_09107,/home/tariq/Desktop/Awais-Tariq/base-KD/data/cifar-10-batches-py/test_batch,9107,dog,horse,0.971912145614624,False,/home/tariq/Desktop/Awais-Tariq/base-KD/reports/cifar10_full_audit/vit_scratch/failure_images/09107_true-dog_pred-horse.png,dog,0.9242063760757446,True,,dog,0.9999992847442627,True,,horse,0.7387738823890686,False,/home/tariq/Desktop/Awais-Tariq/base-KD/reports/cifar10_full_audit/mamba_kd_from_scratch_vit/failure_images/09107_true-dog_pred-horse.png,bird,0.9916525483131409,False,/home/tariq/Desktop/Awais-Tariq/base-KD/reports/cifar10_full_audit/mamba_kd_from_pretrained_vit/failure_images/09107_true-dog_pred-bird.png,3,vit_scratch;mamba_kd_from_scratch_vit;mamba_kd_from_pretrained_vit,True,False,False,False,False,True
9127,cifar10_test_09127,/home/tariq/Desktop/Awais-Tariq/base-KD/data/cifar-10-batches-py/test_batch,9127,ship,truck,0.6559766530990601,False,/home/tariq/Desktop/Awais-Tariq/base-KD/reports/cifar10_full_audit/vit_scratch/failure_images/09127_true-ship_pred-truck.png,truck,0.801200807094574,False,/home/tariq/Desktop/Awais-Tariq/base-KD/reports/cifar10_full_audit/mamba_scratch/failure_images/09127_true-ship_pred-truck.png,ship,0.9999997615814209,True,,truck,0.6372569799423218,False,/home/tariq/Desktop/Awais-Tariq/base-KD/reports/cifar10_full_audit/mamba_kd_from_scratch_vit/failure_images/09127_true-ship_pred-truck.png,ship,0.9999996423721313,True,,3,vit_scratch;mamba_scratch;mamba_kd_from_scratch_vit,True,False,False,False,False,False
9128,cifar10_test_09128,/home/tariq/Desktop/Awais-Tariq/base-KD/data/cifar-10-batches-py/test_batch,9128,deer,cat,0.992572009563446,False,/home/tariq/Desktop/Awais-Tariq/base-KD/reports/cifar10_full_audit/vit_scratch/failure_images/09128_true-deer_pred-cat.png,cat,0.885312557220459,False,/home/tariq/Desktop/Awais-Tariq/base-KD/reports/cifar10_full_audit/mamba_scratch/failure_images/09128_true-deer_pred-cat.png,deer,0.9999998807907104,True,,cat,0.9910517334938049,False,/home/tariq/Desktop/Awais-Tariq/base-KD/reports/cifar10_full_audit/mamba_kd_from_scratch_vit/failure_images/09128_true-deer_pred-cat.png,deer,0.9956395626068115,True,,3,vit_scratch;mamba_scratch;mamba_kd_from_scratch_vit,True,False,False,False,False,False
9132,cifar10_test_09132,/home/tariq/Desktop/Awais-Tariq/base-KD/data/cifar-10-batches-py/test_batch,9132,bird,dog,0.8872097134590149,False,/home/tariq/Desktop/Awais-Tariq/base-KD/reports/cifar10_full_audit/vit_scratch/failure_images/09132_true-bird_pred-dog.png,bird,0.7574429512023926,True,,frog,0.9999736547470093,False,/home/tariq/Desktop/Awais-Tariq/base-KD/reports/cifar10_full_audit/vit_pretrained_finetuned/failure_images/09132_true-bird_pred-frog.png,dog,0.3348119556903839,False,/home/tariq/Desktop/Awais-Tariq/base-KD/reports/cifar10_full_audit/mamba_kd_from_scratch_vit/failure_images/09132_true-bird_pred-dog.png,frog,0.7421947121620178,False,/home/tariq/Desktop/Awais-Tariq/base-KD/reports/cifar10_full_audit/mamba_kd_from_pretrained_vit/failure_images/09132_true-bird_pred-frog.png,4,vit_scratch;vit_pretrained_finetuned;mamba_kd_from_scratch_vit;mamba_kd_from_pretrained_vit,True,False,False,False,False,False
9137,cifar10_test_09137,/home/tariq/Desktop/Awais-Tariq/base-KD/data/cifar-10-batches-py/test_batch,9137,bird,cat,0.9970076680183411,False,/home/tariq/Desktop/Awais-Tariq/base-KD/reports/cifar10_full_audit/vit_scratch/failure_images/09137_true-bird_pred-cat.png,frog,0.40128880739212036,False,/home/tariq/Desktop/Awais-Tariq/base-KD/reports/cifar10_full_audit/mamba_scratch/failure_images/09137_true-bird_pred-frog.png,bird,0.9999992847442627,True,,frog,0.7815859317779541,False,/home/tariq/Desktop/Awais-Tariq/base-KD/reports/cifar10_full_audit/mamba_kd_from_scratch_vit/failure_images/09137_true-bird_pred-frog.png,bird,0.999031662940979,True,,3,vit_scratch;mamba_scratch;mamba_kd_from_scratch_vit,True,False,False,False,False,False
9160,cifar10_test_09160,/home/tariq/Desktop/Awais-Tariq/base-KD/data/cifar-10-batches-py/test_batch,9160,dog,deer,0.5429672598838806,False,/home/tariq/Desktop/Awais-Tariq/base-KD/reports/cifar10_full_audit/vit_scratch/failure_images/09160_true-dog_pred-deer.png,dog,0.9789463877677917,True,,dog,0.9997521042823792,True,,cat,0.8475889563560486,False,/home/tariq/Desktop/Awais-Tariq/base-KD/reports/cifar10_full_audit/mamba_kd_from_scratch_vit/failure_images/09160_true-dog_pred-cat.png,deer,0.690229594707489,False,/home/tariq/Desktop/Awais-Tariq/base-KD/reports/cifar10_full_audit/mamba_kd_from_pretrained_vit/failure_images/09160_true-dog_pred-deer.png,3,vit_scratch;mamba_kd_from_scratch_vit;mamba_kd_from_pretrained_vit,True,False,False,False,False,True
9216,cifar10_test_09216,/home/tariq/Desktop/Awais-Tariq/base-KD/data/cifar-10-batches-py/test_batch,9216,frog,cat,0.9751395583152771,False,/home/tariq/Desktop/Awais-Tariq/base-KD/reports/cifar10_full_audit/vit_scratch/failure_images/09216_true-frog_pred-cat.png,bird,0.9551393985748291,False,/home/tariq/Desktop/Awais-Tariq/base-KD/reports/cifar10_full_audit/mamba_scratch/failure_images/09216_true-frog_pred-bird.png,frog,0.9999942779541016,True,,cat,0.5308607816696167,False,/home/tariq/Desktop/Awais-Tariq/base-KD/reports/cifar10_full_audit/mamba_kd_from_scratch_vit/failure_images/09216_true-frog_pred-cat.png,bird,0.9766270518302917,False,/home/tariq/Desktop/Awais-Tariq/base-KD/reports/cifar10_full_audit/mamba_kd_from_pretrained_vit/failure_images/09216_true-frog_pred-bird.png,4,vit_scratch;mamba_scratch;mamba_kd_from_scratch_vit;mamba_kd_from_pretrained_vit,True,False,False,False,False,True
9225,cifar10_test_09225,/home/tariq/Desktop/Awais-Tariq/base-KD/data/cifar-10-batches-py/test_batch,9225,dog,dog,0.8947869539260864,True,,bird,0.4029844105243683,False,/home/tariq/Desktop/Awais-Tariq/base-KD/reports/cifar10_full_audit/mamba_scratch/failure_images/09225_true-dog_pred-bird.png,dog,0.9894501566886902,True,,airplane,0.6765539646148682,False,/home/tariq/Desktop/Awais-Tariq/base-KD/reports/cifar10_full_audit/mamba_kd_from_scratch_vit/failure_images/09225_true-dog_pred-airplane.png,bird,0.7343814969062805,False,/home/tariq/Desktop/Awais-Tariq/base-KD/reports/cifar10_full_audit/mamba_kd_from_pretrained_vit/failure_images/09225_true-dog_pred-bird.png,3,mamba_scratch;mamba_kd_from_scratch_vit;mamba_kd_from_pretrained_vit,True,False,False,True,False,True
9227,cifar10_test_09227,/home/tariq/Desktop/Awais-Tariq/base-KD/data/cifar-10-batches-py/test_batch,9227,automobile,truck,0.9990406632423401,False,/home/tariq/Desktop/Awais-Tariq/base-KD/reports/cifar10_full_audit/vit_scratch/failure_images/09227_true-automobile_pred-truck.png,truck,0.9995458722114563,False,/home/tariq/Desktop/Awais-Tariq/base-KD/reports/cifar10_full_audit/mamba_scratch/failure_images/09227_true-automobile_pred-truck.png,truck,0.9999990463256836,False,/home/tariq/Desktop/Awais-Tariq/base-KD/reports/cifar10_full_audit/vit_pretrained_finetuned/failure_images/09227_true-automobile_pred-truck.png,truck,0.9964633584022522,False,/home/tariq/Desktop/Awais-Tariq/base-KD/reports/cifar10_full_audit/mamba_kd_from_scratch_vit/failure_images/09227_true-automobile_pred-truck.png,truck,0.9999984502792358,False,/home/tariq/Desktop/Awais-Tariq/base-KD/reports/cifar10_full_audit/mamba_kd_from_pretrained_vit/failure_images/09227_true-automobile_pred-truck.png,5,vit_scratch;mamba_scratch;vit_pretrained_finetuned;mamba_kd_from_scratch_vit;mamba_kd_from_pretrained_vit,True,True,False,False,False,False
9230,cifar10_test_09230,/home/tariq/Desktop/Awais-Tariq/base-KD/data/cifar-10-batches-py/test_batch,9230,bird,deer,0.8803638815879822,False,/home/tariq/Desktop/Awais-Tariq/base-KD/reports/cifar10_full_audit/vit_scratch/failure_images/09230_true-bird_pred-deer.png,deer,0.6920375823974609,False,/home/tariq/Desktop/Awais-Tariq/base-KD/reports/cifar10_full_audit/mamba_scratch/failure_images/09230_true-bird_pred-deer.png,bird,0.9999990463256836,True,,cat,0.5259702801704407,False,/home/tariq/Desktop/Awais-Tariq/base-KD/reports/cifar10_full_audit/mamba_kd_from_scratch_vit/failure_images/09230_true-bird_pred-cat.png,deer,0.9878398776054382,False,/home/tariq/Desktop/Awais-Tariq/base-KD/reports/cifar10_full_audit/mamba_kd_from_pretrained_vit/failure_images/09230_true-bird_pred-deer.png,4,vit_scratch;mamba_scratch;mamba_kd_from_scratch_vit;mamba_kd_from_pretrained_vit,True,False,False,False,False,True
9248,cifar10_test_09248,/home/tariq/Desktop/Awais-Tariq/base-KD/data/cifar-10-batches-py/test_batch,9248,airplane,ship,0.7163594365119934,False,/home/tariq/Desktop/Awais-Tariq/base-KD/reports/cifar10_full_audit/vit_scratch/failure_images/09248_true-airplane_pred-ship.png,truck,0.9355751276016235,False,/home/tariq/Desktop/Awais-Tariq/base-KD/reports/cifar10_full_audit/mamba_scratch/failure_images/09248_true-airplane_pred-truck.png,airplane,0.9999994039535522,True,,truck,0.5942438840866089,False,/home/tariq/Desktop/Awais-Tariq/base-KD/reports/cifar10_full_audit/mamba_kd_from_scratch_vit/failure_images/09248_true-airplane_pred-truck.png,airplane,0.5099916458129883,True,,3,vit_scratch;mamba_scratch;mamba_kd_from_scratch_vit,True,False,False,False,False,False
9250,cifar10_test_09250,/home/tariq/Desktop/Awais-Tariq/base-KD/data/cifar-10-batches-py/test_batch,9250,cat,dog,0.992708146572113,False,/home/tariq/Desktop/Awais-Tariq/base-KD/reports/cifar10_full_audit/vit_scratch/failure_images/09250_true-cat_pred-dog.png,dog,0.9988517761230469,False,/home/tariq/Desktop/Awais-Tariq/base-KD/reports/cifar10_full_audit/mamba_scratch/failure_images/09250_true-cat_pred-dog.png,cat,0.9999982118606567,True,,dog,0.9281739592552185,False,/home/tariq/Desktop/Awais-Tariq/base-KD/reports/cifar10_full_audit/mamba_kd_from_scratch_vit/failure_images/09250_true-cat_pred-dog.png,cat,0.9988686442375183,True,,3,vit_scratch;mamba_scratch;mamba_kd_from_scratch_vit,True,False,False,False,False,False
9254,cifar10_test_09254,/home/tariq/Desktop/Awais-Tariq/base-KD/data/cifar-10-batches-py/test_batch,9254,horse,horse,0.9978185892105103,True,,bird,0.9968917965888977,False,/home/tariq/Desktop/Awais-Tariq/base-KD/reports/cifar10_full_audit/mamba_scratch/failure_images/09254_true-horse_pred-bird.png,dog,0.9997513890266418,False,/home/tariq/Desktop/Awais-Tariq/base-KD/reports/cifar10_full_audit/vit_pretrained_finetuned/failure_images/09254_true-horse_pred-dog.png,horse,0.5302534699440002,True,,dog,0.8456940054893494,False,/home/tariq/Desktop/Awais-Tariq/base-KD/reports/cifar10_full_audit/mamba_kd_from_pretrained_vit/failure_images/09254_true-horse_pred-dog.png,3,mamba_scratch;vit_pretrained_finetuned;mamba_kd_from_pretrained_vit,True,False,False,False,False,False
9260,cifar10_test_09260,/home/tariq/Desktop/Awais-Tariq/base-KD/data/cifar-10-batches-py/test_batch,9260,dog,dog,0.9995167255401611,True,,cat,0.9710519313812256,False,/home/tariq/Desktop/Awais-Tariq/base-KD/reports/cifar10_full_audit/mamba_scratch/failure_images/09260_true-dog_pred-cat.png,cat,0.9996167421340942,False,/home/tariq/Desktop/Awais-Tariq/base-KD/reports/cifar10_full_audit/vit_pretrained_finetuned/failure_images/09260_true-dog_pred-cat.png,dog,0.6958985924720764,True,,cat,0.7988015413284302,False,/home/tariq/Desktop/Awais-Tariq/base-KD/reports/cifar10_full_audit/mamba_kd_from_pretrained_vit/failure_images/09260_true-dog_pred-cat.png,3,mamba_scratch;vit_pretrained_finetuned;mamba_kd_from_pretrained_vit,True,False,False,False,False,False
9267,cifar10_test_09267,/home/tariq/Desktop/Awais-Tariq/base-KD/data/cifar-10-batches-py/test_batch,9267,bird,frog,0.4929518401622772,False,/home/tariq/Desktop/Awais-Tariq/base-KD/reports/cifar10_full_audit/vit_scratch/failure_images/09267_true-bird_pred-frog.png,frog,0.37243035435676575,False,/home/tariq/Desktop/Awais-Tariq/base-KD/reports/cifar10_full_audit/mamba_scratch/failure_images/09267_true-bird_pred-frog.png,bird,0.999997615814209,True,,frog,0.5426634550094604,False,/home/tariq/Desktop/Awais-Tariq/base-KD/reports/cifar10_full_audit/mamba_kd_from_scratch_vit/failure_images/09267_true-bird_pred-frog.png,bird,0.9957948923110962,True,,3,vit_scratch;mamba_scratch;mamba_kd_from_scratch_vit,True,False,False,False,False,False
9269,cifar10_test_09269,/home/tariq/Desktop/Awais-Tariq/base-KD/data/cifar-10-batches-py/test_batch,9269,dog,cat,0.9909667372703552,False,/home/tariq/Desktop/Awais-Tariq/base-KD/reports/cifar10_full_audit/vit_scratch/failure_images/09269_true-dog_pred-cat.png,cat,0.7894840836524963,False,/home/tariq/Desktop/Awais-Tariq/base-KD/reports/cifar10_full_audit/mamba_scratch/failure_images/09269_true-dog_pred-cat.png,dog,0.9999942779541016,True,,dog,0.6929102540016174,True,,cat,0.7588552832603455,False,/home/tariq/Desktop/Awais-Tariq/base-KD/reports/cifar10_full_audit/mamba_kd_from_pretrained_vit/failure_images/09269_true-dog_pred-cat.png,3,vit_scratch;mamba_scratch;mamba_kd_from_pretrained_vit,True,False,True,False,False,True
9300,cifar10_test_09300,/home/tariq/Desktop/Awais-Tariq/base-KD/data/cifar-10-batches-py/test_batch,9300,dog,cat,0.9999353885650635,False,/home/tariq/Desktop/Awais-Tariq/base-KD/reports/cifar10_full_audit/vit_scratch/failure_images/09300_true-dog_pred-cat.png,cat,0.9988577365875244,False,/home/tariq/Desktop/Awais-Tariq/base-KD/reports/cifar10_full_audit/mamba_scratch/failure_images/09300_true-dog_pred-cat.png,dog,0.6969345808029175,True,,cat,0.9870030283927917,False,/home/tariq/Desktop/Awais-Tariq/base-KD/reports/cifar10_full_audit/mamba_kd_from_scratch_vit/failure_images/09300_true-dog_pred-cat.png,cat,0.9999977350234985,False,/home/tariq/Desktop/Awais-Tariq/base-KD/reports/cifar10_full_audit/mamba_kd_from_pretrained_vit/failure_images/09300_true-dog_pred-cat.png,4,vit_scratch;mamba_scratch;mamba_kd_from_scratch_vit;mamba_kd_from_pretrained_vit,True,False,False,False,False,True
9301,cifar10_test_09301,/home/tariq/Desktop/Awais-Tariq/base-KD/data/cifar-10-batches-py/test_batch,9301,horse,cat,0.7300565838813782,False,/home/tariq/Desktop/Awais-Tariq/base-KD/reports/cifar10_full_audit/vit_scratch/failure_images/09301_true-horse_pred-cat.png,horse,0.8247686624526978,True,,horse,0.9999979734420776,True,,dog,0.7622514367103577,False,/home/tariq/Desktop/Awais-Tariq/base-KD/reports/cifar10_full_audit/mamba_kd_from_scratch_vit/failure_images/09301_true-horse_pred-dog.png,dog,0.9924618601799011,False,/home/tariq/Desktop/Awais-Tariq/base-KD/reports/cifar10_full_audit/mamba_kd_from_pretrained_vit/failure_images/09301_true-horse_pred-dog.png,3,vit_scratch;mamba_kd_from_scratch_vit;mamba_kd_from_pretrained_vit,True,False,False,False,False,True
9302,cifar10_test_09302,/home/tariq/Desktop/Awais-Tariq/base-KD/data/cifar-10-batches-py/test_batch,9302,cat,truck,0.9898090362548828,False,/home/tariq/Desktop/Awais-Tariq/base-KD/reports/cifar10_full_audit/vit_scratch/failure_images/09302_true-cat_pred-truck.png,truck,0.6044785380363464,False,/home/tariq/Desktop/Awais-Tariq/base-KD/reports/cifar10_full_audit/mamba_scratch/failure_images/09302_true-cat_pred-truck.png,cat,0.9999974966049194,True,,truck,0.6598488092422485,False,/home/tariq/Desktop/Awais-Tariq/base-KD/reports/cifar10_full_audit/mamba_kd_from_scratch_vit/failure_images/09302_true-cat_pred-truck.png,cat,0.7297171354293823,True,,3,vit_scratch;mamba_scratch;mamba_kd_from_scratch_vit,True,False,False,False,False,False
9305,cifar10_test_09305,/home/tariq/Desktop/Awais-Tariq/base-KD/data/cifar-10-batches-py/test_batch,9305,dog,horse,0.7606282234191895,False,/home/tariq/Desktop/Awais-Tariq/base-KD/reports/cifar10_full_audit/vit_scratch/failure_images/09305_true-dog_pred-horse.png,dog,0.9998260140419006,True,,dog,0.9999967813491821,True,,horse,0.9298542141914368,False,/home/tariq/Desktop/Awais-Tariq/base-KD/reports/cifar10_full_audit/mamba_kd_from_scratch_vit/failure_images/09305_true-dog_pred-horse.png,horse,0.8984385132789612,False,/home/tariq/Desktop/Awais-Tariq/base-KD/reports/cifar10_full_audit/mamba_kd_from_pretrained_vit/failure_images/09305_true-dog_pred-horse.png,3,vit_scratch;mamba_kd_from_scratch_vit;mamba_kd_from_pretrained_vit,True,False,False,False,False,True
9336,cifar10_test_09336,/home/tariq/Desktop/Awais-Tariq/base-KD/data/cifar-10-batches-py/test_batch,9336,cat,dog,0.9845012426376343,False,/home/tariq/Desktop/Awais-Tariq/base-KD/reports/cifar10_full_audit/vit_scratch/failure_images/09336_true-cat_pred-dog.png,cat,0.9779558777809143,True,,dog,0.973554253578186,False,/home/tariq/Desktop/Awais-Tariq/base-KD/reports/cifar10_full_audit/vit_pretrained_finetuned/failure_images/09336_true-cat_pred-dog.png,cat,0.7484971880912781,True,,dog,0.967312753200531,False,/home/tariq/Desktop/Awais-Tariq/base-KD/reports/cifar10_full_audit/mamba_kd_from_pretrained_vit/failure_images/09336_true-cat_pred-dog.png,3,vit_scratch;vit_pretrained_finetuned;mamba_kd_from_pretrained_vit,True,False,True,False,False,False
9341,cifar10_test_09341,/home/tariq/Desktop/Awais-Tariq/base-KD/data/cifar-10-batches-py/test_batch,9341,bird,cat,0.8899774551391602,False,/home/tariq/Desktop/Awais-Tariq/base-KD/reports/cifar10_full_audit/vit_scratch/failure_images/09341_true-bird_pred-cat.png,cat,0.5619717240333557,False,/home/tariq/Desktop/Awais-Tariq/base-KD/reports/cifar10_full_audit/mamba_scratch/failure_images/09341_true-bird_pred-cat.png,bird,0.9999998807907104,True,,cat,0.9976468682289124,False,/home/tariq/Desktop/Awais-Tariq/base-KD/reports/cifar10_full_audit/mamba_kd_from_scratch_vit/failure_images/09341_true-bird_pred-cat.png,bird,0.9913769960403442,True,,3,vit_scratch;mamba_scratch;mamba_kd_from_scratch_vit,True,False,False,False,False,False
9346,cifar10_test_09346,/home/tariq/Desktop/Awais-Tariq/base-KD/data/cifar-10-batches-py/test_batch,9346,horse,dog,0.9333620071411133,False,/home/tariq/Desktop/Awais-Tariq/base-KD/reports/cifar10_full_audit/vit_scratch/failure_images/09346_true-horse_pred-dog.png,dog,0.6788597106933594,False,/home/tariq/Desktop/Awais-Tariq/base-KD/reports/cifar10_full_audit/mamba_scratch/failure_images/09346_true-horse_pred-dog.png,horse,0.999997615814209,True,,dog,0.6861223578453064,False,/home/tariq/Desktop/Awais-Tariq/base-KD/reports/cifar10_full_audit/mamba_kd_from_scratch_vit/failure_images/09346_true-horse_pred-dog.png,frog,0.7675805687904358,False,/home/tariq/Desktop/Awais-Tariq/base-KD/reports/cifar10_full_audit/mamba_kd_from_pretrained_vit/failure_images/09346_true-horse_pred-frog.png,4,vit_scratch;mamba_scratch;mamba_kd_from_scratch_vit;mamba_kd_from_pretrained_vit,True,False,False,False,False,True
9360,cifar10_test_09360,/home/tariq/Desktop/Awais-Tariq/base-KD/data/cifar-10-batches-py/test_batch,9360,dog,cat,0.8644503355026245,False,/home/tariq/Desktop/Awais-Tariq/base-KD/reports/cifar10_full_audit/vit_scratch/failure_images/09360_true-dog_pred-cat.png,airplane,0.9843777418136597,False,/home/tariq/Desktop/Awais-Tariq/base-KD/reports/cifar10_full_audit/mamba_scratch/failure_images/09360_true-dog_pred-airplane.png,dog,0.9998944997787476,True,,airplane,0.638235330581665,False,/home/tariq/Desktop/Awais-Tariq/base-KD/reports/cifar10_full_audit/mamba_kd_from_scratch_vit/failure_images/09360_true-dog_pred-airplane.png,dog,0.9943646192550659,True,,3,vit_scratch;mamba_scratch;mamba_kd_from_scratch_vit,True,False,False,False,False,False
9363,cifar10_test_09363,/home/tariq/Desktop/Awais-Tariq/base-KD/data/cifar-10-batches-py/test_batch,9363,dog,cat,0.9992747902870178,False,/home/tariq/Desktop/Awais-Tariq/base-KD/reports/cifar10_full_audit/vit_scratch/failure_images/09363_true-dog_pred-cat.png,cat,0.9999946355819702,False,/home/tariq/Desktop/Awais-Tariq/base-KD/reports/cifar10_full_audit/mamba_scratch/failure_images/09363_true-dog_pred-cat.png,dog,0.9999995231628418,True,,cat,0.8143740296363831,False,/home/tariq/Desktop/Awais-Tariq/base-KD/reports/cifar10_full_audit/mamba_kd_from_scratch_vit/failure_images/09363_true-dog_pred-cat.png,cat,0.9067183136940002,False,/home/tariq/Desktop/Awais-Tariq/base-KD/reports/cifar10_full_audit/mamba_kd_from_pretrained_vit/failure_images/09363_true-dog_pred-cat.png,4,vit_scratch;mamba_scratch;mamba_kd_from_scratch_vit;mamba_kd_from_pretrained_vit,True,False,False,False,False,True
9369,cifar10_test_09369,/home/tariq/Desktop/Awais-Tariq/base-KD/data/cifar-10-batches-py/test_batch,9369,dog,frog,0.982018232345581,False,/home/tariq/Desktop/Awais-Tariq/base-KD/reports/cifar10_full_audit/vit_scratch/failure_images/09369_true-dog_pred-frog.png,deer,0.9722470641136169,False,/home/tariq/Desktop/Awais-Tariq/base-KD/reports/cifar10_full_audit/mamba_scratch/failure_images/09369_true-dog_pred-deer.png,dog,0.9999397993087769,True,,deer,0.47730571031570435,False,/home/tariq/Desktop/Awais-Tariq/base-KD/reports/cifar10_full_audit/mamba_kd_from_scratch_vit/failure_images/09369_true-dog_pred-deer.png,deer,0.33797553181648254,False,/home/tariq/Desktop/Awais-Tariq/base-KD/reports/cifar10_full_audit/mamba_kd_from_pretrained_vit/failure_images/09369_true-dog_pred-deer.png,4,vit_scratch;mamba_scratch;mamba_kd_from_scratch_vit;mamba_kd_from_pretrained_vit,True,False,False,False,False,True
9370,cifar10_test_09370,/home/tariq/Desktop/Awais-Tariq/base-KD/data/cifar-10-batches-py/test_batch,9370,ship,horse,0.8936269879341125,False,/home/tariq/Desktop/Awais-Tariq/base-KD/reports/cifar10_full_audit/vit_scratch/failure_images/09370_true-ship_pred-horse.png,truck,0.5184422731399536,False,/home/tariq/Desktop/Awais-Tariq/base-KD/reports/cifar10_full_audit/mamba_scratch/failure_images/09370_true-ship_pred-truck.png,ship,0.9999982118606567,True,,automobile,0.5877543091773987,False,/home/tariq/Desktop/Awais-Tariq/base-KD/reports/cifar10_full_audit/mamba_kd_from_scratch_vit/failure_images/09370_true-ship_pred-automobile.png,automobile,0.881817102432251,False,/home/tariq/Desktop/Awais-Tariq/base-KD/reports/cifar10_full_audit/mamba_kd_from_pretrained_vit/failure_images/09370_true-ship_pred-automobile.png,4,vit_scratch;mamba_scratch;mamba_kd_from_scratch_vit;mamba_kd_from_pretrained_vit,True,False,False,False,False,True
9375,cifar10_test_09375,/home/tariq/Desktop/Awais-Tariq/base-KD/data/cifar-10-batches-py/test_batch,9375,cat,truck,0.6562426686286926,False,/home/tariq/Desktop/Awais-Tariq/base-KD/reports/cifar10_full_audit/vit_scratch/failure_images/09375_true-cat_pred-truck.png,dog,0.8944427967071533,False,/home/tariq/Desktop/Awais-Tariq/base-KD/reports/cifar10_full_audit/mamba_scratch/failure_images/09375_true-cat_pred-dog.png,cat,0.9999022483825684,True,,dog,0.5976746082305908,False,/home/tariq/Desktop/Awais-Tariq/base-KD/reports/cifar10_full_audit/mamba_kd_from_scratch_vit/failure_images/09375_true-cat_pred-dog.png,cat,0.9996504783630371,True,,3,vit_scratch;mamba_scratch;mamba_kd_from_scratch_vit,True,False,False,False,False,False
9386,cifar10_test_09386,/home/tariq/Desktop/Awais-Tariq/base-KD/data/cifar-10-batches-py/test_batch,9386,deer,deer,0.919535219669342,True,,bird,0.9954734444618225,False,/home/tariq/Desktop/Awais-Tariq/base-KD/reports/cifar10_full_audit/mamba_scratch/failure_images/09386_true-deer_pred-bird.png,deer,0.999265730381012,True,,bird,0.9887498617172241,False,/home/tariq/Desktop/Awais-Tariq/base-KD/reports/cifar10_full_audit/mamba_kd_from_scratch_vit/failure_images/09386_true-deer_pred-bird.png,bird,0.999244213104248,False,/home/tariq/Desktop/Awais-Tariq/base-KD/reports/cifar10_full_audit/mamba_kd_from_pretrained_vit/failure_images/09386_true-deer_pred-bird.png,3,mamba_scratch;mamba_kd_from_scratch_vit;mamba_kd_from_pretrained_vit,True,False,False,True,False,True
9398,cifar10_test_09398,/home/tariq/Desktop/Awais-Tariq/base-KD/data/cifar-10-batches-py/test_batch,9398,ship,truck,0.6565290093421936,False,/home/tariq/Desktop/Awais-Tariq/base-KD/reports/cifar10_full_audit/vit_scratch/failure_images/09398_true-ship_pred-truck.png,truck,0.7173668742179871,False,/home/tariq/Desktop/Awais-Tariq/base-KD/reports/cifar10_full_audit/mamba_scratch/failure_images/09398_true-ship_pred-truck.png,ship,0.9999997615814209,True,,automobile,0.8463319540023804,False,/home/tariq/Desktop/Awais-Tariq/base-KD/reports/cifar10_full_audit/mamba_kd_from_scratch_vit/failure_images/09398_true-ship_pred-automobile.png,ship,0.9998637437820435,True,,3,vit_scratch;mamba_scratch;mamba_kd_from_scratch_vit,True,False,False,False,False,False
9414,cifar10_test_09414,/home/tariq/Desktop/Awais-Tariq/base-KD/data/cifar-10-batches-py/test_batch,9414,dog,cat,0.7209815382957458,False,/home/tariq/Desktop/Awais-Tariq/base-KD/reports/cifar10_full_audit/vit_scratch/failure_images/09414_true-dog_pred-cat.png,dog,0.7648727893829346,True,,cat,0.9999603033065796,False,/home/tariq/Desktop/Awais-Tariq/base-KD/reports/cifar10_full_audit/vit_pretrained_finetuned/failure_images/09414_true-dog_pred-cat.png,cat,0.561189591884613,False,/home/tariq/Desktop/Awais-Tariq/base-KD/reports/cifar10_full_audit/mamba_kd_from_scratch_vit/failure_images/09414_true-dog_pred-cat.png,cat,0.999929666519165,False,/home/tariq/Desktop/Awais-Tariq/base-KD/reports/cifar10_full_audit/mamba_kd_from_pretrained_vit/failure_images/09414_true-dog_pred-cat.png,4,vit_scratch;vit_pretrained_finetuned;mamba_kd_from_scratch_vit;mamba_kd_from_pretrained_vit,True,False,False,False,False,False
9415,cifar10_test_09415,/home/tariq/Desktop/Awais-Tariq/base-KD/data/cifar-10-batches-py/test_batch,9415,airplane,automobile,0.9723933339118958,False,/home/tariq/Desktop/Awais-Tariq/base-KD/reports/cifar10_full_audit/vit_scratch/failure_images/09415_true-airplane_pred-automobile.png,frog,0.9139882326126099,False,/home/tariq/Desktop/Awais-Tariq/base-KD/reports/cifar10_full_audit/mamba_scratch/failure_images/09415_true-airplane_pred-frog.png,airplane,0.9999998807907104,True,,automobile,0.8465970158576965,False,/home/tariq/Desktop/Awais-Tariq/base-KD/reports/cifar10_full_audit/mamba_kd_from_scratch_vit/failure_images/09415_true-airplane_pred-automobile.png,airplane,0.9999808073043823,True,,3,vit_scratch;mamba_scratch;mamba_kd_from_scratch_vit,True,False,False,False,False,False
9421,cifar10_test_09421,/home/tariq/Desktop/Awais-Tariq/base-KD/data/cifar-10-batches-py/test_batch,9421,automobile,automobile,0.971276044845581,True,,truck,0.973280668258667,False,/home/tariq/Desktop/Awais-Tariq/base-KD/reports/cifar10_full_audit/mamba_scratch/failure_images/09421_true-automobile_pred-truck.png,automobile,0.9999760389328003,True,,truck,0.9618299007415771,False,/home/tariq/Desktop/Awais-Tariq/base-KD/reports/cifar10_full_audit/mamba_kd_from_scratch_vit/failure_images/09421_true-automobile_pred-truck.png,truck,0.9901727437973022,False,/home/tariq/Desktop/Awais-Tariq/base-KD/reports/cifar10_full_audit/mamba_kd_from_pretrained_vit/failure_images/09421_true-automobile_pred-truck.png,3,mamba_scratch;mamba_kd_from_scratch_vit;mamba_kd_from_pretrained_vit,True,False,False,True,False,True
9428,cifar10_test_09428,/home/tariq/Desktop/Awais-Tariq/base-KD/data/cifar-10-batches-py/test_batch,9428,horse,dog,0.9579833745956421,False,/home/tariq/Desktop/Awais-Tariq/base-KD/reports/cifar10_full_audit/vit_scratch/failure_images/09428_true-horse_pred-dog.png,airplane,0.5650724768638611,False,/home/tariq/Desktop/Awais-Tariq/base-KD/reports/cifar10_full_audit/mamba_scratch/failure_images/09428_true-horse_pred-airplane.png,horse,0.9999997615814209,True,,cat,0.4325619339942932,False,/home/tariq/Desktop/Awais-Tariq/base-KD/reports/cifar10_full_audit/mamba_kd_from_scratch_vit/failure_images/09428_true-horse_pred-cat.png,horse,0.9924702644348145,True,,3,vit_scratch;mamba_scratch;mamba_kd_from_scratch_vit,True,False,False,False,False,False
9429,cifar10_test_09429,/home/tariq/Desktop/Awais-Tariq/base-KD/data/cifar-10-batches-py/test_batch,9429,deer,bird,0.5660846829414368,False,/home/tariq/Desktop/Awais-Tariq/base-KD/reports/cifar10_full_audit/vit_scratch/failure_images/09429_true-deer_pred-bird.png,horse,0.8830664157867432,False,/home/tariq/Desktop/Awais-Tariq/base-KD/reports/cifar10_full_audit/mamba_scratch/failure_images/09429_true-deer_pred-horse.png,deer,0.9999995231628418,True,,bird,0.8149338364601135,False,/home/tariq/Desktop/Awais-Tariq/base-KD/reports/cifar10_full_audit/mamba_kd_from_scratch_vit/failure_images/09429_true-deer_pred-bird.png,bird,0.8415358662605286,False,/home/tariq/Desktop/Awais-Tariq/base-KD/reports/cifar10_full_audit/mamba_kd_from_pretrained_vit/failure_images/09429_true-deer_pred-bird.png,4,vit_scratch;mamba_scratch;mamba_kd_from_scratch_vit;mamba_kd_from_pretrained_vit,True,False,False,False,False,True
9431,cifar10_test_09431,/home/tariq/Desktop/Awais-Tariq/base-KD/data/cifar-10-batches-py/test_batch,9431,cat,dog,0.9992157220840454,False,/home/tariq/Desktop/Awais-Tariq/base-KD/reports/cifar10_full_audit/vit_scratch/failure_images/09431_true-cat_pred-dog.png,dog,0.680254340171814,False,/home/tariq/Desktop/Awais-Tariq/base-KD/reports/cifar10_full_audit/mamba_scratch/failure_images/09431_true-cat_pred-dog.png,cat,0.9999396800994873,True,,dog,0.8102162480354309,False,/home/tariq/Desktop/Awais-Tariq/base-KD/reports/cifar10_full_audit/mamba_kd_from_scratch_vit/failure_images/09431_true-cat_pred-dog.png,dog,0.9996353387832642,False,/home/tariq/Desktop/Awais-Tariq/base-KD/reports/cifar10_full_audit/mamba_kd_from_pretrained_vit/failure_images/09431_true-cat_pred-dog.png,4,vit_scratch;mamba_scratch;mamba_kd_from_scratch_vit;mamba_kd_from_pretrained_vit,True,False,False,False,False,True
9467,cifar10_test_09467,/home/tariq/Desktop/Awais-Tariq/base-KD/data/cifar-10-batches-py/test_batch,9467,bird,horse,0.9995964169502258,False,/home/tariq/Desktop/Awais-Tariq/base-KD/reports/cifar10_full_audit/vit_scratch/failure_images/09467_true-bird_pred-horse.png,bird,0.9682654142379761,True,,bird,0.9999994039535522,True,,horse,0.8637278079986572,False,/home/tariq/Desktop/Awais-Tariq/base-KD/reports/cifar10_full_audit/mamba_kd_from_scratch_vit/failure_images/09467_true-bird_pred-horse.png,horse,0.9938030242919922,False,/home/tariq/Desktop/Awais-Tariq/base-KD/reports/cifar10_full_audit/mamba_kd_from_pretrained_vit/failure_images/09467_true-bird_pred-horse.png,3,vit_scratch;mamba_kd_from_scratch_vit;mamba_kd_from_pretrained_vit,True,False,False,False,False,True
9497,cifar10_test_09497,/home/tariq/Desktop/Awais-Tariq/base-KD/data/cifar-10-batches-py/test_batch,9497,cat,frog,0.9992977380752563,False,/home/tariq/Desktop/Awais-Tariq/base-KD/reports/cifar10_full_audit/vit_scratch/failure_images/09497_true-cat_pred-frog.png,bird,0.967560350894928,False,/home/tariq/Desktop/Awais-Tariq/base-KD/reports/cifar10_full_audit/mamba_scratch/failure_images/09497_true-cat_pred-bird.png,cat,0.9999960660934448,True,,bird,0.6498377919197083,False,/home/tariq/Desktop/Awais-Tariq/base-KD/reports/cifar10_full_audit/mamba_kd_from_scratch_vit/failure_images/09497_true-cat_pred-bird.png,airplane,0.5668448209762573,False,/home/tariq/Desktop/Awais-Tariq/base-KD/reports/cifar10_full_audit/mamba_kd_from_pretrained_vit/failure_images/09497_true-cat_pred-airplane.png,4,vit_scratch;mamba_scratch;mamba_kd_from_scratch_vit;mamba_kd_from_pretrained_vit,True,False,False,False,False,True
9501,cifar10_test_09501,/home/tariq/Desktop/Awais-Tariq/base-KD/data/cifar-10-batches-py/test_batch,9501,frog,frog,0.8820371627807617,True,,bird,0.9679023027420044,False,/home/tariq/Desktop/Awais-Tariq/base-KD/reports/cifar10_full_audit/mamba_scratch/failure_images/09501_true-frog_pred-bird.png,frog,0.9999996423721313,True,,bird,0.9072193503379822,False,/home/tariq/Desktop/Awais-Tariq/base-KD/reports/cifar10_full_audit/mamba_kd_from_scratch_vit/failure_images/09501_true-frog_pred-bird.png,bird,0.9956320524215698,False,/home/tariq/Desktop/Awais-Tariq/base-KD/reports/cifar10_full_audit/mamba_kd_from_pretrained_vit/failure_images/09501_true-frog_pred-bird.png,3,mamba_scratch;mamba_kd_from_scratch_vit;mamba_kd_from_pretrained_vit,True,False,False,True,False,True
9506,cifar10_test_09506,/home/tariq/Desktop/Awais-Tariq/base-KD/data/cifar-10-batches-py/test_batch,9506,deer,automobile,0.6126286387443542,False,/home/tariq/Desktop/Awais-Tariq/base-KD/reports/cifar10_full_audit/vit_scratch/failure_images/09506_true-deer_pred-automobile.png,dog,0.5241164565086365,False,/home/tariq/Desktop/Awais-Tariq/base-KD/reports/cifar10_full_audit/mamba_scratch/failure_images/09506_true-deer_pred-dog.png,deer,0.999995231628418,True,,automobile,0.7505860924720764,False,/home/tariq/Desktop/Awais-Tariq/base-KD/reports/cifar10_full_audit/mamba_kd_from_scratch_vit/failure_images/09506_true-deer_pred-automobile.png,automobile,0.9878582954406738,False,/home/tariq/Desktop/Awais-Tariq/base-KD/reports/cifar10_full_audit/mamba_kd_from_pretrained_vit/failure_images/09506_true-deer_pred-automobile.png,4,vit_scratch;mamba_scratch;mamba_kd_from_scratch_vit;mamba_kd_from_pretrained_vit,True,False,False,False,False,True
9507,cifar10_test_09507,/home/tariq/Desktop/Awais-Tariq/base-KD/data/cifar-10-batches-py/test_batch,9507,airplane,airplane,0.5690174102783203,True,,ship,0.9998610019683838,False,/home/tariq/Desktop/Awais-Tariq/base-KD/reports/cifar10_full_audit/mamba_scratch/failure_images/09507_true-airplane_pred-ship.png,airplane,0.9999994039535522,True,,ship,0.996993899345398,False,/home/tariq/Desktop/Awais-Tariq/base-KD/reports/cifar10_full_audit/mamba_kd_from_scratch_vit/failure_images/09507_true-airplane_pred-ship.png,ship,1.0,False,/home/tariq/Desktop/Awais-Tariq/base-KD/reports/cifar10_full_audit/mamba_kd_from_pretrained_vit/failure_images/09507_true-airplane_pred-ship.png,3,mamba_scratch;mamba_kd_from_scratch_vit;mamba_kd_from_pretrained_vit,True,False,False,True,False,True
9518,cifar10_test_09518,/home/tariq/Desktop/Awais-Tariq/base-KD/data/cifar-10-batches-py/test_batch,9518,truck,truck,0.9564222097396851,True,,automobile,0.9354636073112488,False,/home/tariq/Desktop/Awais-Tariq/base-KD/reports/cifar10_full_audit/mamba_scratch/failure_images/09518_true-truck_pred-automobile.png,automobile,0.9999724626541138,False,/home/tariq/Desktop/Awais-Tariq/base-KD/reports/cifar10_full_audit/vit_pretrained_finetuned/failure_images/09518_true-truck_pred-automobile.png,truck,0.737958550453186,True,,automobile,0.9999427795410156,False,/home/tariq/Desktop/Awais-Tariq/base-KD/reports/cifar10_full_audit/mamba_kd_from_pretrained_vit/failure_images/09518_true-truck_pred-automobile.png,3,mamba_scratch;vit_pretrained_finetuned;mamba_kd_from_pretrained_vit,True,False,False,False,False,False
9522,cifar10_test_09522,/home/tariq/Desktop/Awais-Tariq/base-KD/data/cifar-10-batches-py/test_batch,9522,cat,deer,0.9547748565673828,False,/home/tariq/Desktop/Awais-Tariq/base-KD/reports/cifar10_full_audit/vit_scratch/failure_images/09522_true-cat_pred-deer.png,deer,0.8390886783599854,False,/home/tariq/Desktop/Awais-Tariq/base-KD/reports/cifar10_full_audit/mamba_scratch/failure_images/09522_true-cat_pred-deer.png,cat,0.9998599290847778,True,,deer,0.587600827217102,False,/home/tariq/Desktop/Awais-Tariq/base-KD/reports/cifar10_full_audit/mamba_kd_from_scratch_vit/failure_images/09522_true-cat_pred-deer.png,cat,0.969663143157959,True,,3,vit_scratch;mamba_scratch;mamba_kd_from_scratch_vit,True,False,False,False,False,False
9535,cifar10_test_09535,/home/tariq/Desktop/Awais-Tariq/base-KD/data/cifar-10-batches-py/test_batch,9535,automobile,truck,0.9997839331626892,False,/home/tariq/Desktop/Awais-Tariq/base-KD/reports/cifar10_full_audit/vit_scratch/failure_images/09535_true-automobile_pred-truck.png,truck,0.6467934250831604,False,/home/tariq/Desktop/Awais-Tariq/base-KD/reports/cifar10_full_audit/mamba_scratch/failure_images/09535_true-automobile_pred-truck.png,truck,0.9999675750732422,False,/home/tariq/Desktop/Awais-Tariq/base-KD/reports/cifar10_full_audit/vit_pretrained_finetuned/failure_images/09535_true-automobile_pred-truck.png,truck,0.9911760091781616,False,/home/tariq/Desktop/Awais-Tariq/base-KD/reports/cifar10_full_audit/mamba_kd_from_scratch_vit/failure_images/09535_true-automobile_pred-truck.png,cat,0.6916565299034119,False,/home/tariq/Desktop/Awais-Tariq/base-KD/reports/cifar10_full_audit/mamba_kd_from_pretrained_vit/failure_images/09535_true-automobile_pred-cat.png,5,vit_scratch;mamba_scratch;vit_pretrained_finetuned;mamba_kd_from_scratch_vit;mamba_kd_from_pretrained_vit,True,True,False,False,False,False
9563,cifar10_test_09563,/home/tariq/Desktop/Awais-Tariq/base-KD/data/cifar-10-batches-py/test_batch,9563,automobile,truck,0.9965043067932129,False,/home/tariq/Desktop/Awais-Tariq/base-KD/reports/cifar10_full_audit/vit_scratch/failure_images/09563_true-automobile_pred-truck.png,automobile,0.9815294146537781,True,,automobile,0.9999992847442627,True,,truck,0.9241675734519958,False,/home/tariq/Desktop/Awais-Tariq/base-KD/reports/cifar10_full_audit/mamba_kd_from_scratch_vit/failure_images/09563_true-automobile_pred-truck.png,cat,0.8418931365013123,False,/home/tariq/Desktop/Awais-Tariq/base-KD/reports/cifar10_full_audit/mamba_kd_from_pretrained_vit/failure_images/09563_true-automobile_pred-cat.png,3,vit_scratch;mamba_kd_from_scratch_vit;mamba_kd_from_pretrained_vit,True,False,False,False,False,True
9587,cifar10_test_09587,/home/tariq/Desktop/Awais-Tariq/base-KD/data/cifar-10-batches-py/test_batch,9587,horse,cat,0.9678689241409302,False,/home/tariq/Desktop/Awais-Tariq/base-KD/reports/cifar10_full_audit/vit_scratch/failure_images/09587_true-horse_pred-cat.png,dog,0.9966421127319336,False,/home/tariq/Desktop/Awais-Tariq/base-KD/reports/cifar10_full_audit/mamba_scratch/failure_images/09587_true-horse_pred-dog.png,dog,0.9995926022529602,False,/home/tariq/Desktop/Awais-Tariq/base-KD/reports/cifar10_full_audit/vit_pretrained_finetuned/failure_images/09587_true-horse_pred-dog.png,horse,0.5958900451660156,True,,dog,0.9964700937271118,False,/home/tariq/Desktop/Awais-Tariq/base-KD/reports/cifar10_full_audit/mamba_kd_from_pretrained_vit/failure_images/09587_true-horse_pred-dog.png,4,vit_scratch;mamba_scratch;vit_pretrained_finetuned;mamba_kd_from_pretrained_vit,True,False,True,False,False,False
9622,cifar10_test_09622,/home/tariq/Desktop/Awais-Tariq/base-KD/data/cifar-10-batches-py/test_batch,9622,dog,dog,0.8645050525665283,True,,cat,0.9995482563972473,False,/home/tariq/Desktop/Awais-Tariq/base-KD/reports/cifar10_full_audit/mamba_scratch/failure_images/09622_true-dog_pred-cat.png,dog,0.9999990463256836,True,,horse,0.9815459847450256,False,/home/tariq/Desktop/Awais-Tariq/base-KD/reports/cifar10_full_audit/mamba_kd_from_scratch_vit/failure_images/09622_true-dog_pred-horse.png,cat,0.6823245882987976,False,/home/tariq/Desktop/Awais-Tariq/base-KD/reports/cifar10_full_audit/mamba_kd_from_pretrained_vit/failure_images/09622_true-dog_pred-cat.png,3,mamba_scratch;mamba_kd_from_scratch_vit;mamba_kd_from_pretrained_vit,True,False,False,True,False,True
9641,cifar10_test_09641,/home/tariq/Desktop/Awais-Tariq/base-KD/data/cifar-10-batches-py/test_batch,9641,frog,cat,0.9983863830566406,False,/home/tariq/Desktop/Awais-Tariq/base-KD/reports/cifar10_full_audit/vit_scratch/failure_images/09641_true-frog_pred-cat.png,cat,0.9999988079071045,False,/home/tariq/Desktop/Awais-Tariq/base-KD/reports/cifar10_full_audit/mamba_scratch/failure_images/09641_true-frog_pred-cat.png,frog,0.9999988079071045,True,,cat,0.9607656002044678,False,/home/tariq/Desktop/Awais-Tariq/base-KD/reports/cifar10_full_audit/mamba_kd_from_scratch_vit/failure_images/09641_true-frog_pred-cat.png,cat,0.9999855756759644,False,/home/tariq/Desktop/Awais-Tariq/base-KD/reports/cifar10_full_audit/mamba_kd_from_pretrained_vit/failure_images/09641_true-frog_pred-cat.png,4,vit_scratch;mamba_scratch;mamba_kd_from_scratch_vit;mamba_kd_from_pretrained_vit,True,False,False,False,False,True
9643,cifar10_test_09643,/home/tariq/Desktop/Awais-Tariq/base-KD/data/cifar-10-batches-py/test_batch,9643,truck,truck,0.9695994853973389,True,,airplane,0.9972161054611206,False,/home/tariq/Desktop/Awais-Tariq/base-KD/reports/cifar10_full_audit/mamba_scratch/failure_images/09643_true-truck_pred-airplane.png,truck,0.9067028164863586,True,,airplane,0.614031195640564,False,/home/tariq/Desktop/Awais-Tariq/base-KD/reports/cifar10_full_audit/mamba_kd_from_scratch_vit/failure_images/09643_true-truck_pred-airplane.png,airplane,0.9976186156272888,False,/home/tariq/Desktop/Awais-Tariq/base-KD/reports/cifar10_full_audit/mamba_kd_from_pretrained_vit/failure_images/09643_true-truck_pred-airplane.png,3,mamba_scratch;mamba_kd_from_scratch_vit;mamba_kd_from_pretrained_vit,True,False,False,True,False,True
9646,cifar10_test_09646,/home/tariq/Desktop/Awais-Tariq/base-KD/data/cifar-10-batches-py/test_batch,9646,dog,horse,0.7060254812240601,False,/home/tariq/Desktop/Awais-Tariq/base-KD/reports/cifar10_full_audit/vit_scratch/failure_images/09646_true-dog_pred-horse.png,horse,0.623568594455719,False,/home/tariq/Desktop/Awais-Tariq/base-KD/reports/cifar10_full_audit/mamba_scratch/failure_images/09646_true-dog_pred-horse.png,dog,0.9999998807907104,True,,horse,0.9940962791442871,False,/home/tariq/Desktop/Awais-Tariq/base-KD/reports/cifar10_full_audit/mamba_kd_from_scratch_vit/failure_images/09646_true-dog_pred-horse.png,cat,0.5995544791221619,False,/home/tariq/Desktop/Awais-Tariq/base-KD/reports/cifar10_full_audit/mamba_kd_from_pretrained_vit/failure_images/09646_true-dog_pred-cat.png,4,vit_scratch;mamba_scratch;mamba_kd_from_scratch_vit;mamba_kd_from_pretrained_vit,True,False,False,False,False,True
9665,cifar10_test_09665,/home/tariq/Desktop/Awais-Tariq/base-KD/data/cifar-10-batches-py/test_batch,9665,cat,cat,0.9970412850379944,True,,dog,0.8681049346923828,False,/home/tariq/Desktop/Awais-Tariq/base-KD/reports/cifar10_full_audit/mamba_scratch/failure_images/09665_true-cat_pred-dog.png,cat,0.9999802112579346,True,,dog,0.9358740448951721,False,/home/tariq/Desktop/Awais-Tariq/base-KD/reports/cifar10_full_audit/mamba_kd_from_scratch_vit/failure_images/09665_true-cat_pred-dog.png,dog,0.9999996423721313,False,/home/tariq/Desktop/Awais-Tariq/base-KD/reports/cifar10_full_audit/mamba_kd_from_pretrained_vit/failure_images/09665_true-cat_pred-dog.png,3,mamba_scratch;mamba_kd_from_scratch_vit;mamba_kd_from_pretrained_vit,True,False,False,True,False,True
9694,cifar10_test_09694,/home/tariq/Desktop/Awais-Tariq/base-KD/data/cifar-10-batches-py/test_batch,9694,automobile,frog,0.9991841912269592,False,/home/tariq/Desktop/Awais-Tariq/base-KD/reports/cifar10_full_audit/vit_scratch/failure_images/09694_true-automobile_pred-frog.png,frog,0.9994408488273621,False,/home/tariq/Desktop/Awais-Tariq/base-KD/reports/cifar10_full_audit/mamba_scratch/failure_images/09694_true-automobile_pred-frog.png,automobile,0.9999991655349731,True,,frog,0.57146155834198,False,/home/tariq/Desktop/Awais-Tariq/base-KD/reports/cifar10_full_audit/mamba_kd_from_scratch_vit/failure_images/09694_true-automobile_pred-frog.png,automobile,0.9999983310699463,True,,3,vit_scratch;mamba_scratch;mamba_kd_from_scratch_vit,True,False,False,False,False,False
9699,cifar10_test_09699,/home/tariq/Desktop/Awais-Tariq/base-KD/data/cifar-10-batches-py/test_batch,9699,airplane,truck,0.9932284951210022,False,/home/tariq/Desktop/Awais-Tariq/base-KD/reports/cifar10_full_audit/vit_scratch/failure_images/09699_true-airplane_pred-truck.png,truck,0.9747806191444397,False,/home/tariq/Desktop/Awais-Tariq/base-KD/reports/cifar10_full_audit/mamba_scratch/failure_images/09699_true-airplane_pred-truck.png,airplane,1.0,True,,truck,0.9744675159454346,False,/home/tariq/Desktop/Awais-Tariq/base-KD/reports/cifar10_full_audit/mamba_kd_from_scratch_vit/failure_images/09699_true-airplane_pred-truck.png,airplane,0.9998821020126343,True,,3,vit_scratch;mamba_scratch;mamba_kd_from_scratch_vit,True,False,False,False,False,False
9704,cifar10_test_09704,/home/tariq/Desktop/Awais-Tariq/base-KD/data/cifar-10-batches-py/test_batch,9704,bird,bird,0.9922715425491333,True,,cat,0.7950789928436279,False,/home/tariq/Desktop/Awais-Tariq/base-KD/reports/cifar10_full_audit/mamba_scratch/failure_images/09704_true-bird_pred-cat.png,deer,0.43905696272850037,False,/home/tariq/Desktop/Awais-Tariq/base-KD/reports/cifar10_full_audit/vit_pretrained_finetuned/failure_images/09704_true-bird_pred-deer.png,bird,0.3612804412841797,True,,cat,0.6434512138366699,False,/home/tariq/Desktop/Awais-Tariq/base-KD/reports/cifar10_full_audit/mamba_kd_from_pretrained_vit/failure_images/09704_true-bird_pred-cat.png,3,mamba_scratch;vit_pretrained_finetuned;mamba_kd_from_pretrained_vit,True,False,False,False,False,False
9746,cifar10_test_09746,/home/tariq/Desktop/Awais-Tariq/base-KD/data/cifar-10-batches-py/test_batch,9746,bird,airplane,0.8059888482093811,False,/home/tariq/Desktop/Awais-Tariq/base-KD/reports/cifar10_full_audit/vit_scratch/failure_images/09746_true-bird_pred-airplane.png,cat,0.510852038860321,False,/home/tariq/Desktop/Awais-Tariq/base-KD/reports/cifar10_full_audit/mamba_scratch/failure_images/09746_true-bird_pred-cat.png,bird,0.9999992847442627,True,,airplane,0.9330361485481262,False,/home/tariq/Desktop/Awais-Tariq/base-KD/reports/cifar10_full_audit/mamba_kd_from_scratch_vit/failure_images/09746_true-bird_pred-airplane.png,airplane,0.7604911923408508,False,/home/tariq/Desktop/Awais-Tariq/base-KD/reports/cifar10_full_audit/mamba_kd_from_pretrained_vit/failure_images/09746_true-bird_pred-airplane.png,4,vit_scratch;mamba_scratch;mamba_kd_from_scratch_vit;mamba_kd_from_pretrained_vit,True,False,False,False,False,True
9750,cifar10_test_09750,/home/tariq/Desktop/Awais-Tariq/base-KD/data/cifar-10-batches-py/test_batch,9750,bird,cat,0.9373486042022705,False,/home/tariq/Desktop/Awais-Tariq/base-KD/reports/cifar10_full_audit/vit_scratch/failure_images/09750_true-bird_pred-cat.png,cat,0.8299432396888733,False,/home/tariq/Desktop/Awais-Tariq/base-KD/reports/cifar10_full_audit/mamba_scratch/failure_images/09750_true-bird_pred-cat.png,bird,0.9999998807907104,True,,cat,0.8099263310432434,False,/home/tariq/Desktop/Awais-Tariq/base-KD/reports/cifar10_full_audit/mamba_kd_from_scratch_vit/failure_images/09750_true-bird_pred-cat.png,frog,0.5374624729156494,False,/home/tariq/Desktop/Awais-Tariq/base-KD/reports/cifar10_full_audit/mamba_kd_from_pretrained_vit/failure_images/09750_true-bird_pred-frog.png,4,vit_scratch;mamba_scratch;mamba_kd_from_scratch_vit;mamba_kd_from_pretrained_vit,True,False,False,False,False,True
9753,cifar10_test_09753,/home/tariq/Desktop/Awais-Tariq/base-KD/data/cifar-10-batches-py/test_batch,9753,cat,cat,0.99565190076828,True,,dog,0.960103452205658,False,/home/tariq/Desktop/Awais-Tariq/base-KD/reports/cifar10_full_audit/mamba_scratch/failure_images/09753_true-cat_pred-dog.png,cat,0.9993371367454529,True,,dog,0.934524416923523,False,/home/tariq/Desktop/Awais-Tariq/base-KD/reports/cifar10_full_audit/mamba_kd_from_scratch_vit/failure_images/09753_true-cat_pred-dog.png,dog,0.9949265718460083,False,/home/tariq/Desktop/Awais-Tariq/base-KD/reports/cifar10_full_audit/mamba_kd_from_pretrained_vit/failure_images/09753_true-cat_pred-dog.png,3,mamba_scratch;mamba_kd_from_scratch_vit;mamba_kd_from_pretrained_vit,True,False,False,True,False,True
9791,cifar10_test_09791,/home/tariq/Desktop/Awais-Tariq/base-KD/data/cifar-10-batches-py/test_batch,9791,truck,airplane,0.9674047827720642,False,/home/tariq/Desktop/Awais-Tariq/base-KD/reports/cifar10_full_audit/vit_scratch/failure_images/09791_true-truck_pred-airplane.png,frog,0.9984093308448792,False,/home/tariq/Desktop/Awais-Tariq/base-KD/reports/cifar10_full_audit/mamba_scratch/failure_images/09791_true-truck_pred-frog.png,truck,0.9999998807907104,True,,frog,0.5998844504356384,False,/home/tariq/Desktop/Awais-Tariq/base-KD/reports/cifar10_full_audit/mamba_kd_from_scratch_vit/failure_images/09791_true-truck_pred-frog.png,frog,0.9984075427055359,False,/home/tariq/Desktop/Awais-Tariq/base-KD/reports/cifar10_full_audit/mamba_kd_from_pretrained_vit/failure_images/09791_true-truck_pred-frog.png,4,vit_scratch;mamba_scratch;mamba_kd_from_scratch_vit;mamba_kd_from_pretrained_vit,True,False,False,False,False,True
9793,cifar10_test_09793,/home/tariq/Desktop/Awais-Tariq/base-KD/data/cifar-10-batches-py/test_batch,9793,bird,dog,0.6903109550476074,False,/home/tariq/Desktop/Awais-Tariq/base-KD/reports/cifar10_full_audit/vit_scratch/failure_images/09793_true-bird_pred-dog.png,truck,0.5150719881057739,False,/home/tariq/Desktop/Awais-Tariq/base-KD/reports/cifar10_full_audit/mamba_scratch/failure_images/09793_true-bird_pred-truck.png,bird,0.9999908208847046,True,,dog,0.7573109269142151,False,/home/tariq/Desktop/Awais-Tariq/base-KD/reports/cifar10_full_audit/mamba_kd_from_scratch_vit/failure_images/09793_true-bird_pred-dog.png,dog,0.9708707928657532,False,/home/tariq/Desktop/Awais-Tariq/base-KD/reports/cifar10_full_audit/mamba_kd_from_pretrained_vit/failure_images/09793_true-bird_pred-dog.png,4,vit_scratch;mamba_scratch;mamba_kd_from_scratch_vit;mamba_kd_from_pretrained_vit,True,False,False,False,False,True
9817,cifar10_test_09817,/home/tariq/Desktop/Awais-Tariq/base-KD/data/cifar-10-batches-py/test_batch,9817,truck,automobile,0.7032405734062195,False,/home/tariq/Desktop/Awais-Tariq/base-KD/reports/cifar10_full_audit/vit_scratch/failure_images/09817_true-truck_pred-automobile.png,automobile,0.798163890838623,False,/home/tariq/Desktop/Awais-Tariq/base-KD/reports/cifar10_full_audit/mamba_scratch/failure_images/09817_true-truck_pred-automobile.png,truck,0.999997615814209,True,,automobile,0.9635746479034424,False,/home/tariq/Desktop/Awais-Tariq/base-KD/reports/cifar10_full_audit/mamba_kd_from_scratch_vit/failure_images/09817_true-truck_pred-automobile.png,automobile,0.9642283320426941,False,/home/tariq/Desktop/Awais-Tariq/base-KD/reports/cifar10_full_audit/mamba_kd_from_pretrained_vit/failure_images/09817_true-truck_pred-automobile.png,4,vit_scratch;mamba_scratch;mamba_kd_from_scratch_vit;mamba_kd_from_pretrained_vit,True,False,False,False,False,True
9819,cifar10_test_09819,/home/tariq/Desktop/Awais-Tariq/base-KD/data/cifar-10-batches-py/test_batch,9819,cat,dog,0.9990307092666626,False,/home/tariq/Desktop/Awais-Tariq/base-KD/reports/cifar10_full_audit/vit_scratch/failure_images/09819_true-cat_pred-dog.png,dog,0.9999946355819702,False,/home/tariq/Desktop/Awais-Tariq/base-KD/reports/cifar10_full_audit/mamba_scratch/failure_images/09819_true-cat_pred-dog.png,dog,0.99993896484375,False,/home/tariq/Desktop/Awais-Tariq/base-KD/reports/cifar10_full_audit/vit_pretrained_finetuned/failure_images/09819_true-cat_pred-dog.png,dog,0.9962536096572876,False,/home/tariq/Desktop/Awais-Tariq/base-KD/reports/cifar10_full_audit/mamba_kd_from_scratch_vit/failure_images/09819_true-cat_pred-dog.png,dog,0.9991756081581116,False,/home/tariq/Desktop/Awais-Tariq/base-KD/reports/cifar10_full_audit/mamba_kd_from_pretrained_vit/failure_images/09819_true-cat_pred-dog.png,5,vit_scratch;mamba_scratch;vit_pretrained_finetuned;mamba_kd_from_scratch_vit;mamba_kd_from_pretrained_vit,True,True,False,False,False,False
9832,cifar10_test_09832,/home/tariq/Desktop/Awais-Tariq/base-KD/data/cifar-10-batches-py/test_batch,9832,bird,frog,0.9964216947555542,False,/home/tariq/Desktop/Awais-Tariq/base-KD/reports/cifar10_full_audit/vit_scratch/failure_images/09832_true-bird_pred-frog.png,deer,0.9571310877799988,False,/home/tariq/Desktop/Awais-Tariq/base-KD/reports/cifar10_full_audit/mamba_scratch/failure_images/09832_true-bird_pred-deer.png,bird,0.9999990463256836,True,,frog,0.7013718485832214,False,/home/tariq/Desktop/Awais-Tariq/base-KD/reports/cifar10_full_audit/mamba_kd_from_scratch_vit/failure_images/09832_true-bird_pred-frog.png,frog,0.9862513542175293,False,/home/tariq/Desktop/Awais-Tariq/base-KD/reports/cifar10_full_audit/mamba_kd_from_pretrained_vit/failure_images/09832_true-bird_pred-frog.png,4,vit_scratch;mamba_scratch;mamba_kd_from_scratch_vit;mamba_kd_from_pretrained_vit,True,False,False,False,False,True
9840,cifar10_test_09840,/home/tariq/Desktop/Awais-Tariq/base-KD/data/cifar-10-batches-py/test_batch,9840,deer,deer,0.9316977858543396,True,,horse,0.9999352693557739,False,/home/tariq/Desktop/Awais-Tariq/base-KD/reports/cifar10_full_audit/mamba_scratch/failure_images/09840_true-deer_pred-horse.png,horse,0.9138978719711304,False,/home/tariq/Desktop/Awais-Tariq/base-KD/reports/cifar10_full_audit/vit_pretrained_finetuned/failure_images/09840_true-deer_pred-horse.png,deer,0.7359992265701294,True,,horse,0.9572567939758301,False,/home/tariq/Desktop/Awais-Tariq/base-KD/reports/cifar10_full_audit/mamba_kd_from_pretrained_vit/failure_images/09840_true-deer_pred-horse.png,3,mamba_scratch;vit_pretrained_finetuned;mamba_kd_from_pretrained_vit,True,False,False,False,False,False
9853,cifar10_test_09853,/home/tariq/Desktop/Awais-Tariq/base-KD/data/cifar-10-batches-py/test_batch,9853,dog,frog,0.9743480682373047,False,/home/tariq/Desktop/Awais-Tariq/base-KD/reports/cifar10_full_audit/vit_scratch/failure_images/09853_true-dog_pred-frog.png,cat,0.8362388610839844,False,/home/tariq/Desktop/Awais-Tariq/base-KD/reports/cifar10_full_audit/mamba_scratch/failure_images/09853_true-dog_pred-cat.png,frog,0.5825903415679932,False,/home/tariq/Desktop/Awais-Tariq/base-KD/reports/cifar10_full_audit/vit_pretrained_finetuned/failure_images/09853_true-dog_pred-frog.png,frog,0.31425368785858154,False,/home/tariq/Desktop/Awais-Tariq/base-KD/reports/cifar10_full_audit/mamba_kd_from_scratch_vit/failure_images/09853_true-dog_pred-frog.png,cat,0.9952713847160339,False,/home/tariq/Desktop/Awais-Tariq/base-KD/reports/cifar10_full_audit/mamba_kd_from_pretrained_vit/failure_images/09853_true-dog_pred-cat.png,5,vit_scratch;mamba_scratch;vit_pretrained_finetuned;mamba_kd_from_scratch_vit;mamba_kd_from_pretrained_vit,True,True,False,False,False,False
9857,cifar10_test_09857,/home/tariq/Desktop/Awais-Tariq/base-KD/data/cifar-10-batches-py/test_batch,9857,airplane,automobile,0.9591570496559143,False,/home/tariq/Desktop/Awais-Tariq/base-KD/reports/cifar10_full_audit/vit_scratch/failure_images/09857_true-airplane_pred-automobile.png,airplane,0.7944498062133789,True,,airplane,1.0,True,,automobile,0.9221693873405457,False,/home/tariq/Desktop/Awais-Tariq/base-KD/reports/cifar10_full_audit/mamba_kd_from_scratch_vit/failure_images/09857_true-airplane_pred-automobile.png,automobile,0.9274252653121948,False,/home/tariq/Desktop/Awais-Tariq/base-KD/reports/cifar10_full_audit/mamba_kd_from_pretrained_vit/failure_images/09857_true-airplane_pred-automobile.png,3,vit_scratch;mamba_kd_from_scratch_vit;mamba_kd_from_pretrained_vit,True,False,False,False,False,True
9873,cifar10_test_09873,/home/tariq/Desktop/Awais-Tariq/base-KD/data/cifar-10-batches-py/test_batch,9873,bird,frog,0.41743892431259155,False,/home/tariq/Desktop/Awais-Tariq/base-KD/reports/cifar10_full_audit/vit_scratch/failure_images/09873_true-bird_pred-frog.png,cat,0.7650075554847717,False,/home/tariq/Desktop/Awais-Tariq/base-KD/reports/cifar10_full_audit/mamba_scratch/failure_images/09873_true-bird_pred-cat.png,bird,1.0,True,,truck,0.46252405643463135,False,/home/tariq/Desktop/Awais-Tariq/base-KD/reports/cifar10_full_audit/mamba_kd_from_scratch_vit/failure_images/09873_true-bird_pred-truck.png,bird,0.9999978542327881,True,,3,vit_scratch;mamba_scratch;mamba_kd_from_scratch_vit,True,False,False,False,False,False
9883,cifar10_test_09883,/home/tariq/Desktop/Awais-Tariq/base-KD/data/cifar-10-batches-py/test_batch,9883,horse,airplane,0.4898977279663086,False,/home/tariq/Desktop/Awais-Tariq/base-KD/reports/cifar10_full_audit/vit_scratch/failure_images/09883_true-horse_pred-airplane.png,automobile,0.6896123290061951,False,/home/tariq/Desktop/Awais-Tariq/base-KD/reports/cifar10_full_audit/mamba_scratch/failure_images/09883_true-horse_pred-automobile.png,horse,1.0,True,,airplane,0.48918232321739197,False,/home/tariq/Desktop/Awais-Tariq/base-KD/reports/cifar10_full_audit/mamba_kd_from_scratch_vit/failure_images/09883_true-horse_pred-airplane.png,horse,0.9999481439590454,True,,3,vit_scratch;mamba_scratch;mamba_kd_from_scratch_vit,True,False,False,False,False,False
9901,cifar10_test_09901,/home/tariq/Desktop/Awais-Tariq/base-KD/data/cifar-10-batches-py/test_batch,9901,cat,dog,0.9000227451324463,False,/home/tariq/Desktop/Awais-Tariq/base-KD/reports/cifar10_full_audit/vit_scratch/failure_images/09901_true-cat_pred-dog.png,ship,0.9916850328445435,False,/home/tariq/Desktop/Awais-Tariq/base-KD/reports/cifar10_full_audit/mamba_scratch/failure_images/09901_true-cat_pred-ship.png,cat,0.9999995231628418,True,,dog,0.4838443100452423,False,/home/tariq/Desktop/Awais-Tariq/base-KD/reports/cifar10_full_audit/mamba_kd_from_scratch_vit/failure_images/09901_true-cat_pred-dog.png,dog,0.9914003610610962,False,/home/tariq/Desktop/Awais-Tariq/base-KD/reports/cifar10_full_audit/mamba_kd_from_pretrained_vit/failure_images/09901_true-cat_pred-dog.png,4,vit_scratch;mamba_scratch;mamba_kd_from_scratch_vit;mamba_kd_from_pretrained_vit,True,False,False,False,False,True
9910,cifar10_test_09910,/home/tariq/Desktop/Awais-Tariq/base-KD/data/cifar-10-batches-py/test_batch,9910,deer,horse,0.9996789693832397,False,/home/tariq/Desktop/Awais-Tariq/base-KD/reports/cifar10_full_audit/vit_scratch/failure_images/09910_true-deer_pred-horse.png,deer,0.9968013763427734,True,,deer,0.9999979734420776,True,,horse,0.9706968665122986,False,/home/tariq/Desktop/Awais-Tariq/base-KD/reports/cifar10_full_audit/mamba_kd_from_scratch_vit/failure_images/09910_true-deer_pred-horse.png,horse,0.9980816841125488,False,/home/tariq/Desktop/Awais-Tariq/base-KD/reports/cifar10_full_audit/mamba_kd_from_pretrained_vit/failure_images/09910_true-deer_pred-horse.png,3,vit_scratch;mamba_kd_from_scratch_vit;mamba_kd_from_pretrained_vit,True,False,False,False,False,True
9911,cifar10_test_09911,/home/tariq/Desktop/Awais-Tariq/base-KD/data/cifar-10-batches-py/test_batch,9911,deer,horse,0.8608302474021912,False,/home/tariq/Desktop/Awais-Tariq/base-KD/reports/cifar10_full_audit/vit_scratch/failure_images/09911_true-deer_pred-horse.png,bird,0.5290948152542114,False,/home/tariq/Desktop/Awais-Tariq/base-KD/reports/cifar10_full_audit/mamba_scratch/failure_images/09911_true-deer_pred-bird.png,deer,0.9999996423721313,True,,horse,0.7628207802772522,False,/home/tariq/Desktop/Awais-Tariq/base-KD/reports/cifar10_full_audit/mamba_kd_from_scratch_vit/failure_images/09911_true-deer_pred-horse.png,deer,0.926897406578064,True,,3,vit_scratch;mamba_scratch;mamba_kd_from_scratch_vit,True,False,False,False,False,False
9918,cifar10_test_09918,/home/tariq/Desktop/Awais-Tariq/base-KD/data/cifar-10-batches-py/test_batch,9918,dog,truck,0.696192741394043,False,/home/tariq/Desktop/Awais-Tariq/base-KD/reports/cifar10_full_audit/vit_scratch/failure_images/09918_true-dog_pred-truck.png,horse,0.7274053692817688,False,/home/tariq/Desktop/Awais-Tariq/base-KD/reports/cifar10_full_audit/mamba_scratch/failure_images/09918_true-dog_pred-horse.png,dog,0.9999967813491821,True,,ship,0.2398088127374649,False,/home/tariq/Desktop/Awais-Tariq/base-KD/reports/cifar10_full_audit/mamba_kd_from_scratch_vit/failure_images/09918_true-dog_pred-ship.png,truck,0.9970621466636658,False,/home/tariq/Desktop/Awais-Tariq/base-KD/reports/cifar10_full_audit/mamba_kd_from_pretrained_vit/failure_images/09918_true-dog_pred-truck.png,4,vit_scratch;mamba_scratch;mamba_kd_from_scratch_vit;mamba_kd_from_pretrained_vit,True,False,False,False,False,True
9923,cifar10_test_09923,/home/tariq/Desktop/Awais-Tariq/base-KD/data/cifar-10-batches-py/test_batch,9923,horse,airplane,0.9666919708251953,False,/home/tariq/Desktop/Awais-Tariq/base-KD/reports/cifar10_full_audit/vit_scratch/failure_images/09923_true-horse_pred-airplane.png,frog,0.5676947236061096,False,/home/tariq/Desktop/Awais-Tariq/base-KD/reports/cifar10_full_audit/mamba_scratch/failure_images/09923_true-horse_pred-frog.png,horse,1.0,True,,airplane,0.85478675365448,False,/home/tariq/Desktop/Awais-Tariq/base-KD/reports/cifar10_full_audit/mamba_kd_from_scratch_vit/failure_images/09923_true-horse_pred-airplane.png,horse,0.9999866485595703,True,,3,vit_scratch;mamba_scratch;mamba_kd_from_scratch_vit,True,False,False,False,False,False
9926,cifar10_test_09926,/home/tariq/Desktop/Awais-Tariq/base-KD/data/cifar-10-batches-py/test_batch,9926,cat,frog,0.9894105792045593,False,/home/tariq/Desktop/Awais-Tariq/base-KD/reports/cifar10_full_audit/vit_scratch/failure_images/09926_true-cat_pred-frog.png,bird,0.46196162700653076,False,/home/tariq/Desktop/Awais-Tariq/base-KD/reports/cifar10_full_audit/mamba_scratch/failure_images/09926_true-cat_pred-bird.png,cat,0.9999793767929077,True,,frog,0.8966111540794373,False,/home/tariq/Desktop/Awais-Tariq/base-KD/reports/cifar10_full_audit/mamba_kd_from_scratch_vit/failure_images/09926_true-cat_pred-frog.png,airplane,0.9607326984405518,False,/home/tariq/Desktop/Awais-Tariq/base-KD/reports/cifar10_full_audit/mamba_kd_from_pretrained_vit/failure_images/09926_true-cat_pred-airplane.png,4,vit_scratch;mamba_scratch;mamba_kd_from_scratch_vit;mamba_kd_from_pretrained_vit,True,False,False,False,False,True
9960,cifar10_test_09960,/home/tariq/Desktop/Awais-Tariq/base-KD/data/cifar-10-batches-py/test_batch,9960,bird,bird,0.8676472306251526,True,,airplane,0.9999626874923706,False,/home/tariq/Desktop/Awais-Tariq/base-KD/reports/cifar10_full_audit/mamba_scratch/failure_images/09960_true-bird_pred-airplane.png,bird,0.9999986886978149,True,,airplane,0.9393897652626038,False,/home/tariq/Desktop/Awais-Tariq/base-KD/reports/cifar10_full_audit/mamba_kd_from_scratch_vit/failure_images/09960_true-bird_pred-airplane.png,airplane,0.9627487659454346,False,/home/tariq/Desktop/Awais-Tariq/base-KD/reports/cifar10_full_audit/mamba_kd_from_pretrained_vit/failure_images/09960_true-bird_pred-airplane.png,3,mamba_scratch;mamba_kd_from_scratch_vit;mamba_kd_from_pretrained_vit,True,False,False,True,False,True
9968,cifar10_test_09968,/home/tariq/Desktop/Awais-Tariq/base-KD/data/cifar-10-batches-py/test_batch,9968,cat,cat,0.9994553923606873,True,,dog,0.9999388456344604,False,/home/tariq/Desktop/Awais-Tariq/base-KD/reports/cifar10_full_audit/mamba_scratch/failure_images/09968_true-cat_pred-dog.png,cat,0.999893307685852,True,,dog,0.8827075362205505,False,/home/tariq/Desktop/Awais-Tariq/base-KD/reports/cifar10_full_audit/mamba_kd_from_scratch_vit/failure_images/09968_true-cat_pred-dog.png,dog,0.9882780909538269,False,/home/tariq/Desktop/Awais-Tariq/base-KD/reports/cifar10_full_audit/mamba_kd_from_pretrained_vit/failure_images/09968_true-cat_pred-dog.png,3,mamba_scratch;mamba_kd_from_scratch_vit;mamba_kd_from_pretrained_vit,True,False,False,True,False,True
9982,cifar10_test_09982,/home/tariq/Desktop/Awais-Tariq/base-KD/data/cifar-10-batches-py/test_batch,9982,bird,frog,0.9942223429679871,False,/home/tariq/Desktop/Awais-Tariq/base-KD/reports/cifar10_full_audit/vit_scratch/failure_images/09982_true-bird_pred-frog.png,frog,0.9957659244537354,False,/home/tariq/Desktop/Awais-Tariq/base-KD/reports/cifar10_full_audit/mamba_scratch/failure_images/09982_true-bird_pred-frog.png,bird,0.9999949932098389,True,,frog,0.9890166521072388,False,/home/tariq/Desktop/Awais-Tariq/base-KD/reports/cifar10_full_audit/mamba_kd_from_scratch_vit/failure_images/09982_true-bird_pred-frog.png,bird,0.9568945169448853,True,,3,vit_scratch;mamba_scratch;mamba_kd_from_scratch_vit,True,False,False,False,False,False
9989,cifar10_test_09989,/home/tariq/Desktop/Awais-Tariq/base-KD/data/cifar-10-batches-py/test_batch,9989,bird,bird,0.6620305180549622,True,,deer,0.9998183846473694,False,/home/tariq/Desktop/Awais-Tariq/base-KD/reports/cifar10_full_audit/mamba_scratch/failure_images/09989_true-bird_pred-deer.png,bird,1.0,True,,deer,0.870658278465271,False,/home/tariq/Desktop/Awais-Tariq/base-KD/reports/cifar10_full_audit/mamba_kd_from_scratch_vit/failure_images/09989_true-bird_pred-deer.png,deer,0.9998840093612671,False,/home/tariq/Desktop/Awais-Tariq/base-KD/reports/cifar10_full_audit/mamba_kd_from_pretrained_vit/failure_images/09989_true-bird_pred-deer.png,3,mamba_scratch;mamba_kd_from_scratch_vit;mamba_kd_from_pretrained_vit,True,False,False,True,False,True
